price_id,sku_id,mrp,selling_price,discount_pct,effective_date
3555db24-1583-4982-89e2-31fd710602b8,SKU000000,10112,6324.76,37.45,2026-09-20
32d505bc-7584-4d8d-8327-918f2a6d832c,SKU000001,10647,6761.54,36.49,2026-09-20
84a9cc55-bccc-41dd-9e1c-e686b69c90b0,SKU000002,9273,5458.97,41.13,2026-09-20
733d5238-059a-41fb-be71-8e01ba2acf26,SKU000003,6270,5009.09,20.11,2026-09-20
2b4a66c3-04d0-4504-9fbb-a606a950500d,SKU000004,11739,6868.75,41.49,2026-09-20
2157d4f0-58c2-4c57-ab59-de5adfc2e73d,SKU000005,14864,9899.73,33.4,2026-09-20
84ac6349-8281-4248-b5c7-6cb9efbf38de,SKU000006,2976,1646.44,44.68,2026-09-20
1bcc0ab2-df48-4df5-8676-826e04b00a99,SKU000007,13036,9790.57,24.9,2026-09-20
811e7af0-de5f-4af5-b7ac-da1859dd9144,SKU000008,8403,7663.41,8.8,2026-09-20
22afbabe-086e-43c2-ac1e-73bcbdc4dc81,SKU000009,10560,6427.03,39.14,2026-09-20
5db5de17-10c3-47ad-8444-3040e95f5668,SKU000010,11121,7945.85,28.55,2026-09-20
6574f1d3-fb2b-4fd9-83da-32ef0c429e53,SKU000011,14626,9383.48,35.84,2026-09-20
7c60a199-87ef-4277-9287-9e249fba4c49,SKU000012,7068,6574.34,6.98,2026-09-20
7f660629-104c-4150-851e-20d201217953,SKU000013,11654,5873.05,49.6,2026-09-20
a9f37b59-0171-44f5-b58c-570b8e0f69b1,SKU000014,13266,7771.77,41.42,2026-09-20
cedc2499-1d24-4e2c-8b8d-67cb65a0928b,SKU000015,12482,6800.84,45.51,2026-09-20
0d582471-5e64-4694-ac15-f21bdda33e42,SKU000016,10926,9896.2,9.43,2026-09-20
75fe9f6f-674a-429b-8c06-653f3ea1aac6,SKU000017,815,543.66,33.29,2026-09-20
76b69676-4920-4943-b5ea-4fff077209d7,SKU000018,14815,12540.88,15.35,2026-09-20
1968f68f-2928-4d22-a381-9610779b16ce,SKU000019,11544,7812.18,32.33,2026-09-20
b06c8c37-d8f3-4a0a-9ea0-feedb3a0e1d1,SKU000020,7008,6745.45,3.75,2026-09-20
96aa2a26-78dd-48a0-8d50-45c4f2be184d,SKU000021,4945,2942.54,40.49,2026-09-20
6eb007ba-37bd-49d1-bae0-895ac05270d1,SKU000022,2860,2004.77,29.9,2026-09-20
9b003478-7f2a-4a78-96f1-db025af8f989,SKU000023,10406,5336.8,48.71,2026-09-20
9b50cad7-9935-46b5-8273-520680ea304a,SKU000024,13802,9820.13,28.85,2026-09-20
5dac9d20-120a-4aec-a1c9-bd8bf114fa07,SKU000025,11351,5692.66,49.85,2026-09-20
5015cc9e-3abd-498f-a50d-b13b9de699a3,SKU000026,1611,1331.19,17.37,2026-09-20
f0ad0f8a-7169-4369-a118-6cfb37c83fda,SKU000027,2414,1284.62,46.78,2026-09-20
c36787a2-974d-455c-a065-c8b10372003b,SKU000028,12198,12121.7,0.63,2026-09-20
54eb387d-8248-4379-a6fe-62be7038768c,SKU000029,10194,7348.91,27.91,2026-09-20
16c98a81-f534-4635-867b-0982fcee317a,SKU000030,11701,11136.24,4.83,2026-09-20
53072f9c-2d78-410a-97b2-b8700cbf84f2,SKU000031,2351,2322.85,1.2,2026-09-20
d306fac4-fd9e-4173-a2d6-bfdfb3916539,SKU000032,11744,11658.18,0.73,2026-09-20
6ab40eea-081a-483f-8ff8-fcc4f42ee7b5,SKU000033,10230,5650.69,44.76,2026-09-20
8683da00-1e06-414a-b874-bca5647c0404,SKU000034,10575,7621.36,27.93,2026-09-20
4480d336-ee15-4872-b26a-657e449b9235,SKU000035,3325,2040.54,38.63,2026-09-20
fa7dd1f4-a917-4f69-81f6-3207bad893b9,SKU000036,7993,5046.74,36.86,2026-09-20
3a0d5ce0-3225-4bcf-8021-26d9090c5f26,SKU000037,11739,7428.73,36.72,2026-09-20
e166b06e-39ac-4cbf-baf9-ede5579d134e,SKU000038,1779,1259.03,29.23,2026-09-20
d930034b-af80-423f-931b-26656852d233,SKU000039,12368,8622.26,30.29,2026-09-20
50a2b215-bab0-4006-9813-b02432d7a3a1,SKU000040,3903,3083.66,20.99,2026-09-20
1bf3fe1b-1399-46f4-a173-604f006b0ca5,SKU000041,11177,10688.66,4.37,2026-09-20
e5a9327b-bde8-444f-9778-7beb4dc1b010,SKU000042,7175,5321.88,25.83,2026-09-20
0dfa9705-639a-489b-942d-aab56e77f713,SKU000043,8908,8500.95,4.57,2026-09-20
f8ec60a8-d4d4-4211-993b-a640fd6297d1,SKU000044,3837,2888.91,24.71,2026-09-20
c6f5f8cd-c00f-443c-924a-40d30aaec53b,SKU000045,13290,7587.93,42.9,2026-09-20
51277764-3019-49aa-a50e-f76aecdd1b80,SKU000046,14048,12694.26,9.64,2026-09-20
085c1332-dcbc-4a3d-997d-6f3f0e6aff2d,SKU000047,11784,7740.19,34.32,2026-09-20
6f00bdd8-de38-4051-9a96-d22588db9598,SKU000048,11883,7486.66,37.0,2026-09-20
6af84e7b-459a-4fb6-a003-af8862de3502,SKU000049,13202,11060.92,16.22,2026-09-20
e652ec01-0f13-43e9-954b-037a5e900e63,SKU000050,9330,9153.28,1.89,2026-09-20
a8703f92-d4ea-44af-ba6a-57e26702fd92,SKU000051,3114,2849.17,8.5,2026-09-20
59b610e3-cc14-4652-bdb7-c61464573495,SKU000052,13523,10271.56,24.04,2026-09-20
3122f887-50ac-414c-b198-12c61c1332f6,SKU000053,9004,7826.89,13.07,2026-09-20
f145c93e-d983-4e07-94e1-64920f753218,SKU000054,4538,3432.23,24.37,2026-09-20
6c1a3d00-4219-4a3d-b96a-9fa69657fa52,SKU000055,8399,6894.6,17.91,2026-09-20
d2578805-2137-4610-9f02-71fe71088b84,SKU000056,11732,6276.92,46.5,2026-09-20
330dee6f-7d26-4a34-8874-8e135dfc4629,SKU000057,12044,11388.86,5.44,2026-09-20
81e93a6f-647d-47c2-acd4-6c5c1e16c185,SKU000058,9639,5798.98,39.84,2026-09-20
6af201e7-1df6-4803-97af-b38d95786545,SKU000059,5043,2544.98,49.53,2026-09-20
bf8f1485-2702-46df-a8bf-8738440aa29f,SKU000060,4656,3565.72,23.42,2026-09-20
96957d27-f637-426e-a5f0-4407cd60c2d0,SKU000061,2038,1967.48,3.46,2026-09-20
bcd7f46e-47b4-4bd6-9264-fb15e9b05768,SKU000062,8358,4222.7,49.48,2026-09-20
42171898-c9cb-4804-8118-b06c64c5efd4,SKU000063,4917,3713.89,24.47,2026-09-20
3a4e4530-3dd6-41eb-95c7-6464518e9105,SKU000064,10373,5215.09,49.72,2026-09-20
f63edc2d-8644-4f23-b533-d4c6c38a5772,SKU000065,10182,5493.58,46.05,2026-09-20
d26dfb12-bb23-43c7-96fc-5f569357fe30,SKU000066,1357,913.96,32.65,2026-09-20
422bca6c-09d1-467d-8427-c6d1de31d41c,SKU000067,5142,3676.52,28.5,2026-09-20
313f1ac4-9383-4c90-8ae2-09e0920b7fcb,SKU000068,4757,4050.41,14.85,2026-09-20
0b41cc65-c71a-4d0d-b470-7a2008fc4021,SKU000069,11495,10775.87,6.26,2026-09-20
28ff9c14-2137-4544-8ed5-171e48a05d92,SKU000070,11812,8502.3,28.02,2026-09-20
51d52167-484a-416c-9964-97ead6ef95eb,SKU000071,8823,6093.4,30.94,2026-09-20
4301d25a-af98-4a39-baa8-e1ea75f8ea7a,SKU000072,10603,10021.24,5.49,2026-09-20
0009a927-8d45-4330-a235-bdf5dae2df5a,SKU000073,14205,12585.74,11.4,2026-09-20
836b1ff5-e376-4393-9503-51256a964f4b,SKU000074,13600,10120.89,25.58,2026-09-20
fd49f639-2d6c-4941-b10f-1d8516c19016,SKU000075,10829,6934.45,35.96,2026-09-20
a601ad82-7a78-4d89-959a-b1f3ee5e87de,SKU000076,14768,9567.23,35.22,2026-09-20
b00618f9-3895-4e4d-997c-6647816a26ac,SKU000077,5580,3000.92,46.22,2026-09-20
73beec7f-8b32-4cfe-aec7-331d2fb58dee,SKU000078,14507,10963.53,24.43,2026-09-20
78501b4b-4cd4-4e06-b94d-70c06dfc2e2a,SKU000079,13769,8977.81,34.8,2026-09-20
02a8d367-d474-44d8-9d6f-1cecc16efaf4,SKU000080,14149,9044.18,36.08,2026-09-20
de1fce1e-1c3a-48b1-a099-954e2f327804,SKU000081,8670,8320.67,4.03,2026-09-20
4be4131a-10e4-4be2-92c5-a97976ea20a4,SKU000082,9631,7437.6,22.77,2026-09-20
175694fb-4a87-484a-be9f-c98d88ce17f2,SKU000083,12943,10616.9,17.97,2026-09-20
e349da60-e35c-4446-91b6-bb3cc1925964,SKU000084,9585,5069.49,47.11,2026-09-20
d1a809c5-f346-40cf-a420-6fd6e306ea3d,SKU000085,14458,9329.14,35.47,2026-09-20
682d2136-6be6-4737-916c-e26ea6cf48fb,SKU000086,8290,6293.93,24.08,2026-09-20
fc78b7ef-edf4-431b-9b8a-cbb00b3657b6,SKU000087,3458,3242.42,6.23,2026-09-20
c5fe9b1a-7426-479c-9616-fadbf92ce356,SKU000088,13423,9880.96,26.39,2026-09-20
02ef13ee-b870-45ad-9318-1f5345ebdf6b,SKU000089,13334,9139.06,31.46,2026-09-20
1c8ca72d-3ee0-448a-9eaf-14781550a0e3,SKU000090,11807,9643.35,18.33,2026-09-20
6927a078-ce44-455f-a0b5-41618400b20a,SKU000091,14183,13901.16,1.99,2026-09-20
81087382-ccd0-478b-8bf3-96c744050457,SKU000092,1160,604.88,47.86,2026-09-20
2383186b-f177-4cb6-a8df-66faffeb0c86,SKU000093,5384,2939.06,45.41,2026-09-20
516bf804-1924-4e58-ad20-cc5cd6b03efa,SKU000094,4475,4112.53,8.1,2026-09-20
f571b6cd-d9bc-4088-a7ba-371b4e9cf61f,SKU000095,13857,9158.09,33.91,2026-09-20
a87f969b-820f-4ac4-b971-8784b22e9707,SKU000096,8290,4413.16,46.77,2026-09-20
358edde4-9c79-4962-b005-a22b484b6b38,SKU000097,2718,2517.2,7.39,2026-09-20
c3174109-b2b1-4287-9a17-914f4f0a6db4,SKU000098,12054,9080.78,24.67,2026-09-20
a8be8639-ec1c-4d5d-9985-dbc5bff85082,SKU000099,2373,1602.5,32.47,2026-09-20
c4da7846-81d0-4de8-a25d-c1bfb1e959e3,SKU000100,13412,8131.12,39.37,2026-09-20
0b76b785-a491-4010-ba1a-2f0b3a35a31d,SKU000101,5320,4929.94,7.33,2026-09-20
18716af8-bb4a-4e9a-9fe0-d1337dacd7fe,SKU000102,11437,11010.91,3.73,2026-09-20
bf6b8a63-558b-43a9-ad2f-21d61b36574f,SKU000103,13413,7231.28,46.09,2026-09-20
bd9cda4d-8ccf-4e99-af85-d9d8b35fb7a1,SKU000104,11303,7207.31,36.24,2026-09-20
01f1ca88-8d03-41e2-87cf-bedd0c1ca0d4,SKU000105,13623,11220.67,17.63,2026-09-20
6c7893b8-008d-4ddf-bd33-435399005c1b,SKU000106,627,498.92,20.43,2026-09-20
75528f40-8199-40b1-9f98-2b4bbf4146df,SKU000107,10680,6691.22,37.35,2026-09-20
20f7edb3-bfdb-4431-b99f-0d3181341247,SKU000108,7631,5145.24,32.57,2026-09-20
7cd4f70c-53e2-4215-8a5c-65f3841c4c9e,SKU000109,14165,9865.41,30.35,2026-09-20
ab59aa51-0cbd-40de-a25a-2a836e5a1945,SKU000110,3352,2911.22,13.15,2026-09-20
cd24308c-b929-4a56-8920-24480174fe9d,SKU000111,2349,2327.12,0.93,2026-09-20
f256aed1-4790-4643-b9bc-57d37163ca4b,SKU000112,4830,2421.66,49.86,2026-09-20
a300a12d-3d7c-43f5-ac4d-979966632435,SKU000113,9628,8639.91,10.26,2026-09-20
059c7f41-43fa-47c5-b24a-0525561c378d,SKU000114,5849,4128.31,29.42,2026-09-20
28f6cbbf-76f7-46ef-b39d-5677aa37591e,SKU000115,2846,2248.27,21.0,2026-09-20
008f8820-965f-444b-96f0-773310367a71,SKU000116,7965,6116.26,23.21,2026-09-20
6882a4c3-2afd-4c81-b0fd-a71739df632c,SKU000117,6639,3538.43,46.7,2026-09-20
7bc04edf-0a51-4a90-bc6e-e1d020b9136b,SKU000118,7074,6188.59,12.52,2026-09-20
eefd745e-1c02-4617-b755-5d44d0e6f8fb,SKU000119,1815,1494.5,17.66,2026-09-20
bba5b85b-3c64-403a-a1e2-9acd7e0152cd,SKU000120,13542,7256.67,46.41,2026-09-20
e22c8d39-d3fb-4580-b6d4-328f503a4b32,SKU000121,8844,8741.09,1.16,2026-09-20
c20fa381-ba25-4371-b970-c432b18c2022,SKU000122,8689,8502.19,2.15,2026-09-20
41aff691-f1df-4287-bd51-cdb7cb338c82,SKU000123,7142,4979.95,30.27,2026-09-20
cca508e3-e46e-4f52-bb67-63583a698c49,SKU000124,3921,2127.32,45.75,2026-09-20
4c425833-2a12-46c1-b5d3-eed01e8412da,SKU000125,5090,2901.22,43.0,2026-09-20
bd8a0b01-1279-4e57-957d-807590ff886d,SKU000126,7507,5016.41,33.18,2026-09-20
5a2dab2b-edc1-4d50-a6d0-bc39cdda3f9a,SKU000127,9306,8871.3,4.67,2026-09-20
3e25b7f5-7381-456e-ac76-e11e262ea738,SKU000128,13123,12974.59,1.13,2026-09-20
e61553b5-c309-493b-b189-7c316be981f3,SKU000129,7944,4711.51,40.69,2026-09-20
72033378-ed6f-4370-b7b0-b0f6a55951b5,SKU000130,11935,10028.33,15.98,2026-09-20
6c4a8182-f519-49a8-a402-56c3e406cb11,SKU000131,10622,5539.29,47.85,2026-09-20
652a4766-ae4b-42a9-91fe-ca2af79993ba,SKU000132,5416,5038.17,6.98,2026-09-20
bd2c5d19-985a-40ee-bea9-41692cc77afe,SKU000133,8393,6409.67,23.63,2026-09-20
4e271b31-649e-47fa-992f-77896c0cce0d,SKU000134,2393,1882.91,21.32,2026-09-20
05a185bf-3f85-47f3-bee8-c846d316ac73,SKU000135,2498,2095.45,16.11,2026-09-20
dc5659cb-1847-4175-ac12-c5cb256592fa,SKU000136,1461,1067.64,26.92,2026-09-20
c9fdd938-34f4-4ed5-940d-ddc0cfc7fdfe,SKU000137,4152,2314.88,44.25,2026-09-20
c576c194-a861-4b85-820b-951ce9e3a22f,SKU000138,12704,7276.81,42.72,2026-09-20
c7091401-8eea-46d1-a30f-d45536db1b6e,SKU000139,4434,3177.58,28.34,2026-09-20
5dad8305-8b8d-4b15-8dd2-d0bca8f017b8,SKU000140,8966,4754.68,46.97,2026-09-20
362afb21-0560-41dd-8ee6-6aad83b20d77,SKU000141,3058,1759.58,42.46,2026-09-20
bc425e66-0690-47eb-b11d-9859b1643571,SKU000142,4766,3802.09,20.22,2026-09-20
0b3cf2f6-f8ed-4fec-9661-55f001a9de42,SKU000143,9305,7013.81,24.62,2026-09-20
1cc5c56b-d286-4bef-a7de-a0b905e78b64,SKU000144,14154,12058.97,14.8,2026-09-20
83546133-0f48-4d66-9742-de10fc41731f,SKU000145,10871,7374.68,32.16,2026-09-20
e1255380-1118-4447-b300-84af671809ae,SKU000146,13588,10419.8,23.32,2026-09-20
313476a6-878d-4546-b873-4b7af5b8027d,SKU000147,10275,7355.93,28.41,2026-09-20
ab369dfb-84f1-4a2b-98e6-73315604dd18,SKU000148,6164,4227.67,31.41,2026-09-20
fc0d7b67-e3cc-480a-98d8-da0fb292ffed,SKU000149,7891,5897.68,25.26,2026-09-20
d89176cd-b05a-4ace-b479-dd0482b71500,SKU000150,10603,7478.04,29.47,2026-09-20
d2530238-a1d3-46f2-bad0-268403f510ec,SKU000151,12662,8672.98,31.5,2026-09-20
a5087c8c-7b03-4b3c-971f-19ff47e7748f,SKU000152,2416,1763.65,27.0,2026-09-20
690c3a90-246c-4641-8b8c-69a647e72940,SKU000153,7403,6746.94,8.86,2026-09-20
c35f6319-e936-496b-8169-3f26165db351,SKU000154,1534,1020.64,33.47,2026-09-20
127380cc-8555-4b34-8723-9da4dac34446,SKU000155,3924,3084.85,21.39,2026-09-20
2be8354d-6e9a-4761-9b2d-97ce4e01069d,SKU000156,1021,899.3,11.92,2026-09-20
fb2a44c1-dde1-4715-8070-262558e81d4d,SKU000157,11444,7995.83,30.13,2026-09-20
d3b3d84b-7485-47df-bd04-d0881ebad21e,SKU000158,7765,5414.48,30.27,2026-09-20
e9823073-a0a6-45e1-9f02-d5d9e92e551c,SKU000159,6670,4905.42,26.46,2026-09-20
18c6fc37-f58d-420b-ba72-bde21074d553,SKU000160,11534,7716.67,33.1,2026-09-20
c75fd37b-eac2-4e3e-9d0e-5080f82d5e33,SKU000161,14707,12518.37,14.88,2026-09-20
f566f9cf-b072-446f-b734-cbd4531c76a2,SKU000162,11052,8508.48,23.01,2026-09-20
9e01dbd6-fa61-4c0a-9c9f-ea434b901af0,SKU000163,2137,1571.58,26.46,2026-09-20
d573e031-dab2-44b7-84f1-c8dc0c4f93b1,SKU000164,7672,4615.44,39.84,2026-09-20
f2d6def3-b74c-4aed-85bd-5b62d09f7c16,SKU000165,2549,1647.26,35.38,2026-09-20
a23a1a2b-13f2-45ec-835d-cc2fb1cc864a,SKU000166,2224,1351.36,39.24,2026-09-20
ed2d5bd4-f13c-4092-a8e1-e0470d14e75b,SKU000167,11576,6508.95,43.77,2026-09-20
fc39fea8-e2ad-4a45-b9bc-84088c3efb84,SKU000168,10266,8986.63,12.46,2026-09-20
374481be-c642-43ab-97e4-ea8a296eb7fa,SKU000169,13264,13132.42,0.99,2026-09-20
a5d06406-7921-4c3e-86bc-4e2b5af2a331,SKU000170,5265,4801.56,8.8,2026-09-20
92fc4579-6d6b-4388-9440-eb62b529b145,SKU000171,1070,860.37,19.59,2026-09-20
b5a154c7-ac3b-4bbb-9989-d509397e56fe,SKU000172,10248,7767.56,24.2,2026-09-20
34488deb-5021-40d5-98e9-bba09e248083,SKU000173,3893,2616.93,32.78,2026-09-20
ad253906-57ce-4a66-8404-9b5bf7b300c3,SKU000174,7555,6390.64,15.41,2026-09-20
051f928d-42e1-44df-ac7d-c202e186c6c4,SKU000175,11838,8305.09,29.84,2026-09-20
1adcd0c6-2376-417c-b841-8139ec1a8089,SKU000176,11289,8742.51,22.56,2026-09-20
78b5d6a1-bd2a-470d-bab3-231a76d2d72c,SKU000177,2419,1856.37,23.26,2026-09-20
30477969-c796-46d1-b454-e0c2939935a7,SKU000178,8802,6281.26,28.64,2026-09-20
a93c6d16-de52-4aaf-a193-18f8f3d36a0e,SKU000179,6016,3837.57,36.21,2026-09-20
30216a32-d3ef-4849-8d61-106db4506984,SKU000180,2999,2705.48,9.79,2026-09-20
c5f84a83-09d7-4c62-baca-42dd1f6230d5,SKU000181,7746,6136.11,20.78,2026-09-20
f68fc9ff-9209-4bad-826a-df41316850a9,SKU000182,1988,1257.29,36.76,2026-09-20
3e53c46a-06dc-4ae2-be46-e81483d972aa,SKU000183,10193,9279.99,8.96,2026-09-20
28825be5-73cc-4218-aab5-eae396a920db,SKU000184,14970,8814.91,41.12,2026-09-20
68f3ff15-0e3d-489b-9140-c69d1963b686,SKU000185,8877,8362.94,5.79,2026-09-20
6c7c0b46-5bd0-4ecb-90aa-908a6a9c5efe,SKU000186,6468,6405.42,0.97,2026-09-20
821aad2b-b42d-451d-8cb5-edb11b1f8fd9,SKU000187,12951,12755.66,1.51,2026-09-20
c1d0c245-28e4-48c2-8b92-3c981a5944ae,SKU000188,4532,2360.09,47.92,2026-09-20
a8688ee2-e3f0-46c3-be95-5ea0b867cf1d,SKU000189,1668,1335.69,19.92,2026-09-20
abd30457-04e1-4be3-a097-f2f4c84f68f4,SKU000190,3552,2510.04,29.33,2026-09-20
0dea35fb-a0be-4b7a-95b2-5afb8ddbe4f0,SKU000191,671,624.76,6.89,2026-09-20
0b4a5c9a-993a-483c-ad34-5f5b1da8b0c4,SKU000192,4315,2302.23,46.65,2026-09-20
f765f34a-0a64-4b93-8242-b4951c81a7c8,SKU000193,6342,3450.25,45.6,2026-09-20
0c625992-19cf-45c0-a481-37fed5eb9078,SKU000194,14383,11479.93,20.18,2026-09-20
2b9273ec-80ba-4f52-bfbb-43671f73e6fc,SKU000195,8852,4791.84,45.87,2026-09-20
f3980eef-f8d0-4ba2-a23a-47d314c6c4b3,SKU000196,5342,5215.37,2.37,2026-09-20
a194b9fd-4bf9-41f7-9d62-2c1b87a27de0,SKU000197,1412,898.78,36.35,2026-09-20
f96a8ccb-7ba5-4f94-9a4a-b48557cd7963,SKU000198,5180,2784.69,46.24,2026-09-20
24d55019-4711-4c71-84b3-90975fdc983b,SKU000199,6273,6130.08,2.28,2026-09-20
06f10e36-8d03-4916-ac7a-6dcb5ab8afd5,SKU000200,7146,3809.54,46.69,2026-09-20
f75f5b99-8e25-4854-84a3-8c088488a96c,SKU000201,11193,7724.96,30.98,2026-09-20
e2dfd3fc-a0dc-4af4-880b-7a3166ee525a,SKU000202,3397,2166.38,36.23,2026-09-20
7ddbea1f-5b77-4fc2-9565-381fc0d9329f,SKU000203,5286,3565.15,32.55,2026-09-20
9f6ede01-b3d9-4578-ae88-19d08554c2e2,SKU000204,9808,7124.83,27.36,2026-09-20
b9b5d759-2ffb-40a3-a7ed-adf87e06638e,SKU000205,13422,8344.29,37.83,2026-09-20
6737d686-2abd-45e7-939b-aea49ff98771,SKU000206,11634,7224.04,37.91,2026-09-20
55596399-417a-4396-bc0d-440afa9e5f41,SKU000207,14084,9350.6,33.61,2026-09-20
e3d791f0-b693-4acb-9621-7601d2233e66,SKU000208,12470,9473.88,24.03,2026-09-20
296a03de-f1ea-46c3-b493-b9c5e17758f7,SKU000209,2988,2161.52,27.66,2026-09-20
154f60d1-aabb-4dae-9a19-b7053abea106,SKU000210,12572,11194.28,10.96,2026-09-20
7582a44f-832a-497d-abdc-e0733330e414,SKU000211,6582,4248.61,35.45,2026-09-20
308d9d56-1b0c-49ea-a875-adc96d5a492d,SKU000212,720,429.94,40.29,2026-09-20
ea5b9ded-7804-413f-a5bc-bd07d963b8a9,SKU000213,11042,10165.66,7.94,2026-09-20
c1a9ac04-fa34-4d05-a0d2-9c2dee1068b6,SKU000214,5510,4350.82,21.04,2026-09-20
08568426-aca7-41dc-a840-734a093a75a9,SKU000215,8242,7797.45,5.39,2026-09-20
18093dc5-3fdf-41a0-ac2d-bfcc2739c192,SKU000216,8900,5151.79,42.11,2026-09-20
fb2e1c68-3e91-46b3-b2da-3e3f7a487f54,SKU000217,11293,9848.76,12.79,2026-09-20
dbb995e5-a7f2-442b-9d11-44bcbe4fcced,SKU000218,1148,783.32,31.77,2026-09-20
d8f2fc6d-5c23-4564-8728-f00b16f4f1ea,SKU000219,3236,2723.2,15.85,2026-09-20
dbd4a6d2-4a15-4b02-8902-232d76576147,SKU000220,10395,5905.39,43.19,2026-09-20
5f9309a8-bfab-4697-8d9f-49d2a65ddf47,SKU000221,1571,893.17,43.15,2026-09-20
fd2f15f5-6760-4882-b466-dc048ccb61e9,SKU000222,4094,3477.99,15.05,2026-09-20
d7a56720-c98c-4fb7-b282-20378adb4522,SKU000223,1876,1359.57,27.53,2026-09-20
4613e8e9-372d-4b3f-85b8-33f2f91f8937,SKU000224,12606,10383.36,17.63,2026-09-20
92bfdd9b-3ff6-484c-8b6a-5477c168813c,SKU000225,8075,7056.81,12.61,2026-09-20
d7999bf1-933a-4668-925a-12405f9e614d,SKU000226,10607,6547.44,38.27,2026-09-20
0ae3d807-560a-472f-b5d1-d8d5a2738bf1,SKU000227,3105,2121.59,31.67,2026-09-20
a321d932-daff-4494-a8a9-2c6e91300b37,SKU000228,9061,6258.24,30.93,2026-09-20
9c829135-eb61-4633-a0b8-ea0cabba614b,SKU000229,6393,4238.65,33.7,2026-09-20
9f7f60ee-b16d-4007-bc29-633cdf4fdeb4,SKU000230,5883,5140.24,12.63,2026-09-20
a5d5d72e-f62d-48c5-8930-6e6f78f50743,SKU000231,6365,3345.28,47.44,2026-09-20
5a4f450a-95ea-499b-b7be-733e87f0e788,SKU000232,9213,5483.74,40.48,2026-09-20
55adef63-3668-4e86-b744-92e6f559ba6f,SKU000233,5610,5385.33,4.0,2026-09-20
d632fbe6-d48b-46d2-ac4a-9ea9074651ad,SKU000234,14682,13299.63,9.42,2026-09-20
b6b9bfdc-b9f8-4f75-ad79-c538ecb8a5bd,SKU000235,1804,1144.24,36.57,2026-09-20
cedf3888-eacd-4582-9397-cd3c0ea4b077,SKU000236,5710,3636.72,36.31,2026-09-20
5712d1e6-4670-44f9-973f-86dbf8ea06f8,SKU000237,12560,8416.34,32.99,2026-09-20
5a75523d-cb1f-442e-a5fc-9999dad92c7c,SKU000238,10031,7104.69,29.17,2026-09-20
32142a2d-e3c6-489b-98b6-14a99cd997b4,SKU000239,3745,2064.15,44.88,2026-09-20
28e9c6a5-fc6e-48e2-a36e-2c51d191861d,SKU000240,3182,2089.95,34.32,2026-09-20
9d72be70-4ae7-4db2-8119-94ed94c1b044,SKU000241,11802,6691.7,43.3,2026-09-20
56e8f1c1-1689-4ed7-a10d-63f5e996e2d2,SKU000242,1429,963.17,32.6,2026-09-20
85344b10-a831-4ab7-a5f1-e02741e6bc25,SKU000243,11071,6598.83,40.4,2026-09-20
ef5a6bb3-0f2d-4697-875a-e6b7188f251d,SKU000244,4269,4025.46,5.7,2026-09-20
d15020ee-48a4-40da-afed-c398037eaa14,SKU000245,1543,1233.59,20.05,2026-09-20
8167560d-d455-4aa5-b88f-170d2e238fc5,SKU000246,2580,1391.27,46.07,2026-09-20
87b6cad5-72ad-48db-a397-ef2b86d2d62a,SKU000247,6492,5438.52,16.23,2026-09-20
8c6488c6-da79-4c1a-a945-9dd271df1f1a,SKU000248,5141,4036.32,21.49,2026-09-20
c5f3be97-aaf9-4844-b053-50213baaf155,SKU000249,1600,1101.36,31.17,2026-09-20
74fa9d4f-e59a-44a6-aec3-c8cef7581646,SKU000250,7920,6334.68,20.02,2026-09-20
c25c725d-ecc5-49bb-9f47-c3b6c13e84f6,SKU000251,708,503.39,28.9,2026-09-20
c7a198c9-d528-49ca-9a5b-84e9bbbf66b0,SKU000252,1989,1527.72,23.19,2026-09-20
3b7d7ae6-0dfa-4510-9292-ccae56cd8314,SKU000253,12178,8024.52,34.11,2026-09-20
e119fb29-79df-4b28-b46f-345b8d5e2ef1,SKU000254,11228,10330.89,7.99,2026-09-20
f4d71954-5e8a-4447-b5b3-0921b3c11559,SKU000255,7928,7405.55,6.59,2026-09-20
d9f8a81a-18e7-40c6-9017-a185e255a8f7,SKU000256,4155,2625.18,36.82,2026-09-20
6668c21b-f770-4f90-944d-db0f3d2563f0,SKU000257,3886,2352.76,39.46,2026-09-20
c0f2f585-bb07-43ff-8879-41674d26af4e,SKU000258,7532,5153.48,31.58,2026-09-20
0534a352-dd34-48de-8c0a-4180fb3c5e83,SKU000259,1927,1736.59,9.88,2026-09-20
8c9972ea-cb37-485d-872d-e39664ff3ac3,SKU000260,4279,3306.64,22.72,2026-09-20
53f912d7-da77-4b85-8923-9b40765b8151,SKU000261,14340,8779.07,38.78,2026-09-20
a8f6db02-5a83-4597-90e2-de5d6f1caacf,SKU000262,1056,790.62,25.13,2026-09-20
70e57abb-24f7-4b03-8b55-da41e656a004,SKU000263,11511,10242.86,11.02,2026-09-20
1ac1d44f-0191-4aaa-be0d-d391e4c084b3,SKU000264,14655,10237.24,30.15,2026-09-20
f9994f5a-d8e7-4364-82f6-7ac05bfb32c5,SKU000265,7067,6336.78,10.33,2026-09-20
787e7b9b-fd8a-44d2-afb2-4969dcf7974c,SKU000266,5574,5166.33,7.31,2026-09-20
1d257d53-e647-461e-a8e7-5f4a20db8912,SKU000267,11053,6814.77,38.34,2026-09-20
d6b81251-5302-4e98-b33d-bee808ca73a7,SKU000268,8545,8389.2,1.82,2026-09-20
c3332464-71f8-4ccd-b029-85d5690a77e7,SKU000269,1612,1382.11,14.26,2026-09-20
e3b00af0-0d76-4d6f-a781-3bd852b3c374,SKU000270,7468,5844.31,21.74,2026-09-20
2b74889d-4105-41f6-ab03-35678c4d8771,SKU000271,11942,8815.59,26.18,2026-09-20
df633c24-b673-4765-861e-a4947af7f3ac,SKU000272,3189,2900.33,9.05,2026-09-20
d0cba75b-3486-44be-be2b-430b38de0a6f,SKU000273,8100,6162.86,23.92,2026-09-20
ec3bee0a-1737-478d-9d9a-ee12f793a18c,SKU000274,5761,5190.21,9.91,2026-09-20
ce1eb4c7-961f-4347-ae3e-80711d42e593,SKU000275,9113,7086.0,22.24,2026-09-20
89904bdc-8e8a-4751-9b73-0fac1cc66605,SKU000276,11904,11265.18,5.37,2026-09-20
be5382da-bc04-47ae-9a31-1038dff8b5d4,SKU000277,653,570.91,12.57,2026-09-20
a6c257d0-f156-41ad-b16a-b04cd05ac6e1,SKU000278,13556,9267.99,31.63,2026-09-20
f5a542f4-6752-4ce6-bdc8-9ae00df34de9,SKU000279,13845,12480.05,9.86,2026-09-20
6ba5482e-7efb-4e2e-8ed4-fbe13d256885,SKU000280,12945,9869.49,23.76,2026-09-20
1e5403da-d405-42b2-8e48-aa549f5ae9bb,SKU000281,14065,13384.49,4.84,2026-09-20
8152ec72-5f5d-458d-adf4-5bfc1348050e,SKU000282,2598,2551.16,1.8,2026-09-20
0a5a5786-ae35-41f8-95a2-f75475d67da1,SKU000283,10491,8563.3,18.37,2026-09-20
64cace11-edb7-450f-9fa1-34f6673d830f,SKU000284,6180,5448.77,11.83,2026-09-20
8ebdcda4-33d7-41c2-bd99-17c5be7b7e00,SKU000285,4254,3400.13,20.07,2026-09-20
0f70414c-c972-4888-9a34-4f27a9b205cd,SKU000286,13731,12526.47,8.77,2026-09-20
a0d303d8-d666-4f65-b1c4-30dfe7627a2e,SKU000287,1759,1316.75,25.14,2026-09-20
3e566569-1107-45af-a918-dbb6c204e4e5,SKU000288,12522,8978.09,28.3,2026-09-20
efd26e7e-4960-413c-be4e-5cb96e4be962,SKU000289,9986,5241.22,47.51,2026-09-20
56749b59-bb28-4478-b34c-57fc4281410c,SKU000290,14734,9874.19,32.98,2026-09-20
7f3048b1-c5f8-48b0-b409-b53245c9a890,SKU000291,11591,8206.06,29.2,2026-09-20
f131b875-b6f8-494e-b881-02c0074196dc,SKU000292,9880,7919.06,19.85,2026-09-20
a6c15786-b7f9-47f8-9980-fd00598781c6,SKU000293,7439,6503.1,12.58,2026-09-20
f2850f52-11dd-4882-a365-bb89c926785c,SKU000294,13018,12460.58,4.28,2026-09-20
34005665-45af-4495-996b-a452ef2241ca,SKU000295,11606,9835.89,15.25,2026-09-20
d02eb257-cb37-4db8-bfb9-4dd2e2afa270,SKU000296,12744,9195.52,27.84,2026-09-20
af1490e4-4661-48ec-b972-5c4fa0db19e1,SKU000297,12840,12805.2,0.27,2026-09-20
15b5e771-7a26-40d0-abd7-54cd5af96ac0,SKU000298,725,715.99,1.24,2026-09-20
875d9b69-b77d-41b3-94f0-a28aab4e4682,SKU000299,3568,1919.34,46.21,2026-09-20
b4e2e8f5-1a6f-4d63-8449-158446b0d1ce,SKU000300,6735,6174.2,8.33,2026-09-20
4ad7162e-2c09-42bd-9f08-8987194e0a3e,SKU000301,2190,1359.13,37.94,2026-09-20
08ea9bfc-1aa1-42ae-8eec-7197822637dc,SKU000302,7037,6203.3,11.85,2026-09-20
ab7a6b04-e6c5-4919-b111-3246cf256155,SKU000303,11168,6430.63,42.42,2026-09-20
54a403cc-5fcf-49d6-87c9-3ee35e771706,SKU000304,13174,11629.73,11.72,2026-09-20
209999bf-9d74-4742-b328-ed564eebc532,SKU000305,14588,8493.22,41.78,2026-09-20
a6847d1b-d894-408b-b703-631bcc7f53f9,SKU000306,3549,1912.36,46.12,2026-09-20
4a6dc1fc-94cb-4c0c-a6ba-8baf4cda72ba,SKU000307,9973,9175.19,8.0,2026-09-20
38ecbbf1-7f06-4bd8-af1e-71f7942d225e,SKU000308,12202,8433.17,30.89,2026-09-20
627ed163-878c-4847-bfd4-898a1bf856c4,SKU000309,7021,5400.05,23.09,2026-09-20
922f63ca-1648-4ce2-a7ce-0552d55cb710,SKU000310,9181,6811.94,25.8,2026-09-20
043c78f0-3dd1-46e8-8a59-88b4b9a7700b,SKU000311,9900,8870.36,10.4,2026-09-20
9a56dfa8-1668-4925-91a6-a073e840fc31,SKU000312,14486,8589.26,40.71,2026-09-20
648dc240-2414-42c1-a86c-859e005da5fc,SKU000313,8829,4417.4,49.97,2026-09-20
d5bd903d-23a2-4ba6-8f49-c20c2cfc7a98,SKU000314,1796,1679.5,6.49,2026-09-20
55a1df6b-01cc-4862-b367-34ba75178108,SKU000315,7436,6990.39,5.99,2026-09-20
2d7981c1-9c8f-45da-851e-a89e35668388,SKU000316,7298,4237.68,41.93,2026-09-20
d651aebe-bc7d-443b-a5a6-4e2b2cfe16bf,SKU000317,13523,7181.24,46.9,2026-09-20
e0f411b0-4496-4447-a5fd-fad04a1b210b,SKU000318,5588,4501.78,19.44,2026-09-20
1561be72-7f0e-431b-aff8-1fc0dba8bca6,SKU000319,8219,7945.84,3.32,2026-09-20
bf58544e-ccb2-4633-a239-be992b100f10,SKU000320,827,714.83,13.56,2026-09-20
3d21cfae-f6a3-4e29-a97e-d1540150969b,SKU000321,8757,8647.07,1.26,2026-09-20
ead0cd20-eebe-4bef-9d48-e779a19fb0bd,SKU000322,9200,5971.13,35.1,2026-09-20
f79d3d5c-782b-44b1-9f93-f012a31fe604,SKU000323,4044,2554.2,36.84,2026-09-20
197e145d-bb7b-4159-91d3-9d1e034bfef7,SKU000324,7387,5000.79,32.3,2026-09-20
60afa7a1-3055-4a7b-970d-b72b1094c284,SKU000325,10547,9315.97,11.67,2026-09-20
b8462887-faea-4382-b3b4-fa4c55067662,SKU000326,11540,10258.08,11.11,2026-09-20
0117c6ac-2bd3-4de2-bbf5-09cdb3eb0b06,SKU000327,3299,1898.48,42.45,2026-09-20
c174d9d0-a4f0-4a17-8fdd-c5f9aa6bf97d,SKU000328,7829,7818.05,0.14,2026-09-20
fc43f004-78ac-4a12-baf2-e8cf7a97975f,SKU000329,643,584.04,9.17,2026-09-20
d6b47ede-c41d-4438-984c-d2ad21dec624,SKU000330,11671,10437.93,10.57,2026-09-20
e03f7383-70e1-461e-903e-5d99079a189a,SKU000331,4934,4696.52,4.81,2026-09-20
dd01396a-2b0a-4e69-80bd-badd544065bf,SKU000332,12745,9497.9,25.48,2026-09-20
0728acec-960d-4168-bdc8-b8c0defc5400,SKU000333,3294,3226.53,2.05,2026-09-20
eec0cb97-82aa-43e1-bce1-d44ea3206475,SKU000334,2050,1996.19,2.62,2026-09-20
3cdfc266-0753-4ce9-9cd3-36cb90f25f3d,SKU000335,12664,6800.79,46.3,2026-09-20
48241aea-5cce-4136-9906-91b2647bc8a7,SKU000336,849,682.38,19.63,2026-09-20
fe7bdba6-4a66-42b9-b160-9c54a4cae116,SKU000337,8876,7654.72,13.76,2026-09-20
5120d0cf-6780-4da5-a500-4fa8c619a5a8,SKU000338,11190,9145.12,18.27,2026-09-20
cde273dc-3e15-4d80-acb6-61525f163411,SKU000339,2504,1850.34,26.1,2026-09-20
bd709e39-fabd-44e4-ad65-5a97f7aceed9,SKU000340,3101,1892.76,38.96,2026-09-20
b165a62e-9827-457a-bd47-f1130f183ac1,SKU000341,13275,11425.63,13.93,2026-09-20
16c338ea-42bf-447f-a619-d425486c99b6,SKU000342,7320,5546.33,24.23,2026-09-20
002bfbcc-83d3-4052-b436-d3a8de923e6a,SKU000343,2311,1402.12,39.33,2026-09-20
9a322b78-7daa-4945-96c7-7a7fe73595de,SKU000344,14197,14181.71,0.11,2026-09-20
62359a66-b854-40e2-aa5e-95230ab7ef0f,SKU000345,14715,12264.61,16.65,2026-09-20
29580d02-6539-434b-ada2-f8fa8bb33c11,SKU000346,3680,2654.79,27.86,2026-09-20
4f619ad9-8143-4d24-8ce1-38e9c713e387,SKU000347,1146,1120.18,2.25,2026-09-20
37bee33a-ac6e-47a6-9642-94a30143eff4,SKU000348,13713,7420.93,45.88,2026-09-20
fa40751d-612d-49dd-beed-7235b9cd41bc,SKU000349,5012,4055.52,19.08,2026-09-20
f46eca8a-3c78-4617-9717-2eb6d5cd939d,SKU000350,14376,8597.55,40.2,2026-09-20
cfe89b65-a2a6-4f72-8a40-f37cd8022e47,SKU000351,5972,4412.73,26.11,2026-09-20
aa3d8848-d49f-462b-b45d-d016351cf633,SKU000352,1656,1481.95,10.51,2026-09-20
d04eed72-1276-49be-896b-5776f89bfd07,SKU000353,767,656.19,14.45,2026-09-20
1ec1c9ab-bf50-446a-941d-a2a39b495336,SKU000354,5098,2555.36,49.88,2026-09-20
d8249cd3-f31b-4013-9fdb-f6626e0b3422,SKU000355,2671,1575.48,41.02,2026-09-20
5c4bbca0-f84c-4057-9f0f-2d63d835a88f,SKU000356,1559,802.3,48.54,2026-09-20
fa86ecfb-4eca-4a08-b459-8456a9b2c655,SKU000357,5769,4259.27,26.17,2026-09-20
c0801337-bb91-4104-80e8-19e82acc43d2,SKU000358,637,410.74,35.52,2026-09-20
67a5b674-78cc-432f-be5d-d4b65a00f5d8,SKU000359,5225,4746.28,9.16,2026-09-20
b91725c5-25aa-4cbe-a275-66fc1f37274c,SKU000360,11222,10001.48,10.88,2026-09-20
6f536296-91ca-46e9-9027-5a6f8215627c,SKU000361,5066,2965.6,41.46,2026-09-20
a3ef6882-94cd-41ea-8c9b-efcf9e968993,SKU000362,1073,727.13,32.23,2026-09-20
91fd6534-5be0-4a99-844f-bdfe6d515beb,SKU000363,6122,4721.32,22.88,2026-09-20
e474ad74-c5d4-45e2-8f95-e8320f4c85ca,SKU000364,4157,2196.47,47.16,2026-09-20
a7ea2591-4f89-4317-9a6d-3f99d02a6cab,SKU000365,2918,1651.98,43.39,2026-09-20
a493b4f1-c183-496d-9223-4f29b62233d3,SKU000366,12161,11189.62,7.99,2026-09-20
fa791bd1-c02c-4be5-9c5b-dfe1f0e3efd5,SKU000367,9295,5534.81,40.45,2026-09-20
fecbd6e0-83e9-438a-8fe9-6fbae2de1cd6,SKU000368,11488,11223.04,2.31,2026-09-20
0030acf6-d27f-48fc-b8da-38c3b0c21b1d,SKU000369,6204,5924.95,4.5,2026-09-20
be7ca4d9-4f9c-4a9f-870b-ebfe96426142,SKU000370,1349,1012.48,24.95,2026-09-20
7f31fdcf-bd06-4f71-9051-e595808d1141,SKU000371,5709,4505.03,21.09,2026-09-20
11b5cd15-e03d-41b2-8275-f7c3b6d50e68,SKU000372,12456,9104.02,26.91,2026-09-20
b8499a1e-896e-44a5-b4be-8ed0c6116081,SKU000373,6964,5666.51,18.63,2026-09-20
f9ad53df-a3ea-4290-9464-181f5a944290,SKU000374,1958,1920.44,1.92,2026-09-20
721584ab-751b-495b-8517-30ec3d820e8e,SKU000375,5949,3999.8,32.77,2026-09-20
1af5a263-0b2e-424f-96b2-c00bccee5ebf,SKU000376,10765,5924.5,44.97,2026-09-20
9676cdd8-ef15-45af-944d-d3aec11a0287,SKU000377,11685,8815.28,24.56,2026-09-20
ed36789b-0dfc-4eaf-a4dc-d84699f0fe93,SKU000378,7186,3940.91,45.16,2026-09-20
7d7af555-e5f0-4d69-9363-d57d66353cf8,SKU000379,1776,1414.52,20.35,2026-09-20
3348f79d-c8d4-4dab-8267-949b0d1a85d7,SKU000380,3622,2946.85,18.64,2026-09-20
54bd1275-7228-409e-a921-1aefeeb6e033,SKU000381,6474,4123.38,36.31,2026-09-20
aee73254-bc8b-4825-8295-df5de6d0881c,SKU000382,6631,3996.98,39.72,2026-09-20
3dfcbfe2-9e6b-4bad-93b8-09e551f0f93a,SKU000383,14161,12632.32,10.8,2026-09-20
a0cc2e20-4faa-4fba-a6b3-ecf44fef66ed,SKU000384,1788,1308.38,26.82,2026-09-20
6cf5ba5c-c390-49ee-a367-68fed15b401a,SKU000385,3570,2965.32,16.94,2026-09-20
ae931b3a-95fa-4e78-8a8f-f98ef94060cf,SKU000386,9043,7727.36,14.55,2026-09-20
23876b72-23b1-47cf-9c93-67acc8cd571d,SKU000387,13990,13446.45,3.89,2026-09-20
1af7e6d6-985a-40f4-8527-e677b12a28c1,SKU000388,8645,8434.19,2.44,2026-09-20
3c4257d2-db1b-4f49-9ec7-b2e5e4bc1f5b,SKU000389,9692,7186.05,25.86,2026-09-20
abe5e178-659d-4adc-8165-5fe0147a528c,SKU000390,3396,2928.44,13.77,2026-09-20
1ca25cc0-860d-428b-b919-33622ea5912d,SKU000391,6411,5385.71,15.99,2026-09-20
6cac8cb4-4b2b-4aef-8fc4-8ce0327a998f,SKU000392,14260,13588.38,4.71,2026-09-20
0777a8b3-d4d3-4533-a5aa-6b4974c39c91,SKU000393,11915,10744.89,9.82,2026-09-20
6ddc6bff-1fb9-461e-8c53-91322db66be5,SKU000394,9640,5521.46,42.72,2026-09-20
ffd6f241-03c4-4ead-8d94-5b462ddcbf1f,SKU000395,3165,2675.63,15.46,2026-09-20
0e572a74-604c-4013-9b4c-948f27f4199d,SKU000396,13463,12609.21,6.34,2026-09-20
b657c826-7b4a-4b35-92d9-a1e15c4bdec4,SKU000397,13731,12920.42,5.9,2026-09-20
63157886-fbfd-4733-8d6e-68e3926b3e3a,SKU000398,5012,4906.85,2.1,2026-09-20
89d26ac6-fb15-42ab-a9a7-8d000276d1c5,SKU000399,6538,3571.28,45.38,2026-09-20
62593127-645e-495e-b3f2-2a4f04930773,SKU000400,5297,5280.23,0.32,2026-09-20
cf44bf2c-36ec-48a0-8479-9144ec92123f,SKU000401,12284,7513.12,38.84,2026-09-20
4adefe29-bd90-4d12-8e1f-693eb62a37d8,SKU000402,5021,5017.55,0.07,2026-09-20
5d90db73-daac-4487-8ceb-787ee834b6df,SKU000403,12936,7276.51,43.75,2026-09-20
68c57f7a-d469-464c-9fde-ab6b4516144f,SKU000404,10895,7722.64,29.12,2026-09-20
b676e5b6-6619-45be-8bbf-b8069d846f61,SKU000405,12529,8207.82,34.49,2026-09-20
95576fc4-12db-4f29-b15c-67ae270ef5bd,SKU000406,12459,11684.28,6.22,2026-09-20
8652e27b-3446-4354-b552-0852052ef219,SKU000407,630,563.8,10.51,2026-09-20
27275eb7-2ff5-4112-bf04-ff6785db5a2d,SKU000408,2258,2037.77,9.75,2026-09-20
94bd9f20-369a-441b-8da7-49cdfda2c1e9,SKU000409,9626,6394.4,33.57,2026-09-20
cdd7594b-54fb-465d-9b4c-e2fd9b46339c,SKU000410,13177,10205.5,22.55,2026-09-20
32882e62-6cb9-41ae-8b20-5697d724cafa,SKU000411,8636,7310.52,15.35,2026-09-20
db423f17-25e9-49b7-8026-eb5d5265627c,SKU000412,8172,6450.83,21.06,2026-09-20
1bd7508c-1153-4cac-ba9c-b59af4794038,SKU000413,6273,6095.4,2.83,2026-09-20
b4924609-2826-4ce6-8f7b-93c47df2b601,SKU000414,7165,4750.97,33.69,2026-09-20
55c15d6f-19ba-48be-bb42-6eea03103cc0,SKU000415,1075,849.29,21.0,2026-09-20
62e0dd35-c53a-434a-8426-f67ba5d804e2,SKU000416,3918,2926.12,25.32,2026-09-20
ae56f91f-563f-44b9-b24b-3802c855a970,SKU000417,7692,4455.93,42.07,2026-09-20
07c1c618-8305-4bd6-89cb-f448f091c0cc,SKU000418,2608,1808.64,30.65,2026-09-20
6598483b-c12a-457a-bd3c-aaaaa0924bf7,SKU000419,13683,10167.0,25.7,2026-09-20
9bcf93e5-1fd0-4c45-942a-5af4f6bc934d,SKU000420,6899,4422.0,35.9,2026-09-20
168f1f29-3d20-4b3d-ba3f-19eb57d284a3,SKU000421,9560,8967.51,6.2,2026-09-20
e1cb5260-3bcb-43f7-9a5c-b287562d6bad,SKU000422,3535,2499.81,29.28,2026-09-20
c59ab6a5-0350-44c2-8a5f-4342f2c0e800,SKU000423,5109,3681.31,27.94,2026-09-20
d8277286-1ed9-49b6-8df2-7debf5f8c8bd,SKU000424,1432,999.06,30.23,2026-09-20
694456f5-6b6c-42b2-9b46-b60dd3a7d5e5,SKU000425,3178,2608.33,17.93,2026-09-20
6ddef56a-1fa8-4abc-9a56-d85f3db04e89,SKU000426,1352,1320.95,2.3,2026-09-20
b7dded1e-a51e-43e8-b180-75db111d25d3,SKU000427,3809,3501.69,8.07,2026-09-20
b2321a63-f26f-4d6c-8d16-aa187ce8ea5d,SKU000428,4031,3794.38,5.87,2026-09-20
b3bd6b42-ff99-47b3-ad43-8bef22e9707d,SKU000429,12845,12644.86,1.56,2026-09-20
2251285b-aee7-4351-a3d1-b547daa5425d,SKU000430,4799,2423.57,49.5,2026-09-20
18f416db-9373-4d51-8fce-0f2ee1f701a8,SKU000431,12655,8487.95,32.93,2026-09-20
f05155cc-8951-4193-a9ce-8d70c75e137f,SKU000432,8513,7960.79,6.49,2026-09-20
7e76e766-7054-4ec2-86ca-444569413e73,SKU000433,3225,2206.87,31.57,2026-09-20
9fa383e6-6784-4e5b-bc06-c216c87522c5,SKU000434,9429,8616.44,8.62,2026-09-20
85f01365-749b-4484-8042-585fcfb6be7f,SKU000435,7428,4346.02,41.49,2026-09-20
f5c6ec75-0b6c-4d72-8faf-2aa16c06f15a,SKU000436,2449,1261.67,48.48,2026-09-20
ab9a8dca-241d-47cc-a4ff-45b32904f5ed,SKU000437,9888,7685.94,22.27,2026-09-20
af5b7e6b-ea11-47fc-b5e7-e56779881919,SKU000438,3894,3684.45,5.38,2026-09-20
8ea3313b-8e07-4df1-9b12-f5ac05fd656c,SKU000439,5144,3209.93,37.6,2026-09-20
d8e305e3-a42d-43bd-9696-8dfdc0c194d4,SKU000440,13089,7949.08,39.27,2026-09-20
2e7e5bde-7341-4760-bd34-2965c94eeadf,SKU000441,10614,9111.96,14.15,2026-09-20
e41cc91b-6de6-4e08-9654-0e5ced8783b5,SKU000442,9989,7722.97,22.69,2026-09-20
6f3d202b-18ba-4873-aef3-5b41dd287bde,SKU000443,6053,5867.61,3.06,2026-09-20
732ddd45-25c8-46f4-8a17-db541d3e6957,SKU000444,1670,858.68,48.58,2026-09-20
185d388b-b9fb-4995-8cd4-f6519a3e5e15,SKU000445,8632,5803.22,32.77,2026-09-20
b5fb98ca-d5b1-4af9-9a38-34b2242fc1d1,SKU000446,2152,2121.83,1.4,2026-09-20
171ee3c5-1dfa-4afa-83b6-cb995eea108d,SKU000447,2243,1476.34,34.18,2026-09-20
64a2ba09-a571-4520-9ee5-56f5879702ab,SKU000448,10435,7046.58,32.47,2026-09-20
e4df2d1e-c6b4-4297-9f2d-c9ce6a9d8e6c,SKU000449,12024,9300.49,22.65,2026-09-20
5d03216a-74ac-43a2-901c-fbb1aa31a0cb,SKU000450,11806,11330.79,4.03,2026-09-20
75e77e6a-f58b-47e8-ab66-cf3c8d197cab,SKU000451,6413,4755.37,25.85,2026-09-20
0a085ad5-bc80-4302-b893-36f5d867fe19,SKU000452,14060,7330.18,47.87,2026-09-20
4a983284-2e2c-4fd2-bf87-7eaae25c7ce3,SKU000453,5540,4820.31,12.99,2026-09-20
682e7640-f342-4d12-83b8-8a4126224b0d,SKU000454,3485,2902.69,16.71,2026-09-20
658c28cc-7364-4f12-9637-e0c815be379f,SKU000455,14836,8048.26,45.75,2026-09-20
206e387a-a631-4add-8286-69ed3a858e60,SKU000456,12932,7327.55,43.34,2026-09-20
7ae260a1-79fd-4d03-a234-e07b85d86799,SKU000457,5497,4878.44,11.25,2026-09-20
a9d159bf-aa63-4c02-96ab-4d4198fb2f41,SKU000458,6367,5989.44,5.93,2026-09-20
5d63aa0d-3f98-4efc-9302-a36a2cd98b52,SKU000459,6411,6184.79,3.53,2026-09-20
1aa0c650-cf04-4126-a3ef-77804aada870,SKU000460,4165,4044.15,2.9,2026-09-20
aeeb5cbc-10b2-4fda-87f4-39ad16122f8c,SKU000461,5396,3675.3,31.89,2026-09-20
bd5a36c0-e144-4adc-9ccd-c6788d41cd42,SKU000462,12606,6868.71,45.51,2026-09-20
2eb7279b-a8b4-47ec-b8b4-4f5ed65c8cf4,SKU000463,10257,6628.34,35.38,2026-09-20
dc892dc5-8209-4dc0-8294-8f90051a7d07,SKU000464,5642,3919.16,30.54,2026-09-20
c5dc130c-a75d-402e-a6eb-6716c6b0d94f,SKU000465,10774,10632.95,1.31,2026-09-20
10d4de70-e01a-4bb7-9e3d-b40f51731c25,SKU000466,9026,6475.85,28.25,2026-09-20
561fdec7-f96e-488e-90f1-150fd4440fc2,SKU000467,14808,13671.44,7.68,2026-09-20
58d98c48-3b9b-4adf-8103-eccd22d69b8a,SKU000468,4689,3932.92,16.12,2026-09-20
3f11e6a6-39a5-45b6-805d-30fb660a49a9,SKU000469,14129,9240.14,34.6,2026-09-20
e617d68b-5591-4d53-bb99-8d342461ce3e,SKU000470,1733,1270.1,26.71,2026-09-20
6aadc817-44d3-4066-a59c-dcdfee09172e,SKU000471,2194,1229.84,43.95,2026-09-20
2ba38785-ed2a-4446-b760-f8830d55b0fc,SKU000472,7588,4959.8,34.64,2026-09-20
e0d60a07-f792-4b0c-ab62-903686511949,SKU000473,4368,3666.62,16.06,2026-09-20
959a5ea3-efa9-460c-8199-ce82e467770d,SKU000474,3791,2927.17,22.79,2026-09-20
900f9c5b-8a9c-4204-b157-33ee725027bf,SKU000475,6098,3791.95,37.82,2026-09-20
d0de20c1-7fbe-4c38-9362-6887f7ace1e0,SKU000476,13308,11297.02,15.11,2026-09-20
9c58e7cd-274c-4740-ac3c-d3120919cde2,SKU000477,10502,10494.44,0.07,2026-09-20
d9fa7ec7-fcc5-4bb9-8bc8-fb1b292b3ccd,SKU000478,11052,7762.24,29.77,2026-09-20
ad882126-a914-4313-8777-022ac382e7ed,SKU000479,8436,5139.57,39.08,2026-09-20
ad9dcd46-128d-4f55-a9d5-8793264b0af5,SKU000480,11218,10194.63,9.12,2026-09-20
5899c729-846d-496a-95c2-93be11015e5e,SKU000481,7238,5604.44,22.57,2026-09-20
b2afc849-6a17-458f-a555-e255c6240b4c,SKU000482,10712,9380.64,12.43,2026-09-20
c1aecfc6-8bc4-49b1-a5aa-3f218dc9f4f7,SKU000483,12386,10303.44,16.81,2026-09-20
a73a1189-ae6c-44c0-8a79-259b25d37b2b,SKU000484,1295,702.92,45.72,2026-09-20
157877db-a07a-482c-b355-c9ecb52db5a9,SKU000485,929,899.67,3.16,2026-09-20
5953cbd7-e5d3-4e3d-8c47-c2993438f5db,SKU000486,13996,11596.5,17.14,2026-09-20
46987564-5129-44a9-8363-a7c5571c38de,SKU000487,2611,1467.74,43.79,2026-09-20
c2f17d6c-54a2-4fd6-a9da-119ba5b9ec68,SKU000488,9219,6205.83,32.68,2026-09-20
a2b2436a-f786-4d46-9bd6-50a7bf1f3593,SKU000489,8626,5779.24,33.0,2026-09-20
814a58e3-f609-4191-b891-edf2f04c94c5,SKU000490,14396,12426.08,13.68,2026-09-20
0bd2b0b9-102a-4fd4-b47d-b170fe6da131,SKU000491,4055,2105.76,48.07,2026-09-20
ac86937c-977e-4810-9924-f40cf8df435a,SKU000492,1031,948.67,7.99,2026-09-20
fbb3a37a-98f3-4145-bbfc-94ac3ad90c69,SKU000493,13510,8763.93,35.13,2026-09-20
2b3e310c-e054-4cf5-817a-cbab62f7ff98,SKU000494,12408,8352.46,32.68,2026-09-20
c7171e9f-6353-4f0e-b6fa-30cd3c721c3b,SKU000495,8717,7884.84,9.55,2026-09-20
d4fa464f-6479-4d4c-b8db-d6763c32a507,SKU000496,7522,6696.53,10.97,2026-09-20
fb5b9696-3b48-4efd-8115-8239a9436c6c,SKU000497,10082,5327.97,47.15,2026-09-20
4492cd99-bed2-4945-ac0b-91be3076d388,SKU000498,11707,6145.57,47.51,2026-09-20
9a07df48-4e43-4f29-a70a-cbf8cdd5fda8,SKU000499,4674,2773.0,40.67,2026-09-20
e5f1a739-a7dd-482a-a0b5-42c482b14d48,SKU000500,12498,10994.58,12.03,2026-09-20
808a2c7a-115a-40df-a516-9331016580e3,SKU000501,10312,5261.75,48.97,2026-09-20
94b378c3-e950-490a-bc19-e80df5f9855b,SKU000502,11251,5694.5,49.39,2026-09-20
e0b2252c-5638-4fd2-9b25-099e4646de70,SKU000503,6881,6490.87,5.67,2026-09-20
ae7d94dd-7e2d-4bf1-b7f5-3f25bd00adc8,SKU000504,9317,6882.05,26.13,2026-09-20
b477831f-3f67-4bc2-bbce-368df58c5d16,SKU000505,7689,5454.52,29.06,2026-09-20
bd92617c-0b0e-4d32-9b78-52daa23833a7,SKU000506,5442,5152.95,5.31,2026-09-20
5764f0f5-49cf-4da2-a9db-69020bd8a753,SKU000507,12904,11682.23,9.47,2026-09-20
3e9dd8a5-c13b-4d11-9487-b268cb36c67f,SKU000508,3790,3184.57,15.97,2026-09-20
117dae77-ee6e-4424-99a1-b8f0d6d7da44,SKU000509,8348,8130.98,2.6,2026-09-20
6d00f963-28af-44c8-93a0-bb825b8b7236,SKU000510,13050,11328.42,13.19,2026-09-20
69a2c20f-d8fe-46c1-8d4b-130122f8e39a,SKU000511,4977,4736.68,4.83,2026-09-20
f1124af5-5c9a-42b9-a3c0-c2aff22d2df3,SKU000512,4421,2649.36,40.07,2026-09-20
96ad272f-e824-446f-b0b9-779afd9452bd,SKU000513,4345,3294.56,24.18,2026-09-20
03e2454a-2593-4575-a8ef-a3f0bdd244ac,SKU000514,2031,1806.36,11.06,2026-09-20
367adcfd-2a7f-49e7-9156-880c0ee51d11,SKU000515,10822,6078.73,43.83,2026-09-20
81e5b7a0-3577-4bf9-9e8d-4ba085225144,SKU000516,2976,1728.29,41.93,2026-09-20
ab5c0b70-a49b-46ab-ac78-28276eb5b10a,SKU000517,14130,7309.83,48.27,2026-09-20
53443eee-fbf7-4f56-aeee-79a386c73949,SKU000518,3563,2700.61,24.2,2026-09-20
d19d756d-2aee-44ac-91ed-32ec97b4d100,SKU000519,12185,7757.77,36.33,2026-09-20
303d990e-ec82-47b2-8f79-0680d39d30d6,SKU000520,10659,9575.34,10.17,2026-09-20
5022fd6e-bcae-4035-b4d0-022a24adab60,SKU000521,11978,11657.54,2.68,2026-09-20
0787c001-6ae5-43d8-b8dd-ad51e4415d94,SKU000522,7296,6204.96,14.95,2026-09-20
95b6391e-1469-4385-964b-ea273f0076e1,SKU000523,7904,7120.14,9.92,2026-09-20
87372c71-ed83-4112-bfe8-0b06fb4b6818,SKU000524,11637,9138.19,21.47,2026-09-20
5859d474-a37f-47b3-8c8d-4319682d91f1,SKU000525,14829,7759.77,47.67,2026-09-20
9302f1dc-3142-4ce5-a4d1-fa6cafbc8fc1,SKU000526,9601,5597.63,41.7,2026-09-20
d91d5925-47e5-45d4-81b2-4c338e801668,SKU000527,7389,5597.21,24.25,2026-09-20
ad31de57-a62e-476c-997b-c2c54d05e4ab,SKU000528,10661,10188.79,4.43,2026-09-20
8f154c0c-5b43-4be2-8b81-d3d4c38ada89,SKU000529,4573,2604.95,43.04,2026-09-20
49948fbd-bee5-41d4-b51c-a2b72feb06d3,SKU000530,10390,7678.83,26.09,2026-09-20
13dbf0bf-6e63-4c4c-9ee3-8064164d1080,SKU000531,2029,1258.88,37.96,2026-09-20
1cd31751-c601-4e56-a28f-f6025998eb78,SKU000532,11222,5718.69,49.04,2026-09-20
8418e07f-4b4a-4279-bd32-d4aa65e9edb9,SKU000533,14227,8975.02,36.92,2026-09-20
11097534-1ef9-40ea-85a8-b5a7cd4aeb1c,SKU000534,8595,7604.79,11.52,2026-09-20
649adcdb-124b-4d5a-b2ff-eb5c5beadda8,SKU000535,2343,1219.43,47.95,2026-09-20
9cbe829d-6764-44a7-b9e4-3a1bae921ea4,SKU000536,4492,3577.58,20.36,2026-09-20
ecc2a411-9bdb-4cf4-8dd2-e8b7a2a9964f,SKU000537,12809,10738.89,16.16,2026-09-20
3c6c0aa2-5d3d-4e74-b157-9fa985283bd7,SKU000538,13683,12872.62,5.92,2026-09-20
a0b0d786-91ff-4f22-a061-62de575f0c9b,SKU000539,10382,7455.34,28.19,2026-09-20
f94bfc82-1863-476a-80ad-dccbc60c2c64,SKU000540,9815,7195.12,26.69,2026-09-20
6e45a2e3-9f8d-4bc8-8676-d82b11bdfa73,SKU000541,3514,3266.53,7.04,2026-09-20
aadd0f6e-3734-4fe7-927d-f7cfaed08c5d,SKU000542,8544,6372.84,25.41,2026-09-20
17de5101-26a0-4c77-83c8-a4ce275aa0bf,SKU000543,2159,1732.84,19.74,2026-09-20
c8f164d0-532a-4d0f-a826-1c17f1d53a83,SKU000544,3131,2281.8,27.12,2026-09-20
763f007f-aa98-4e59-a107-4aed54c8014f,SKU000545,9938,5575.44,43.9,2026-09-20
b59e71b6-12c7-48bc-9997-53eecc826d74,SKU000546,14351,9580.2,33.24,2026-09-20
c0b0a579-d0ec-4668-994c-a96c5dfc5bc0,SKU000547,3671,2587.68,29.51,2026-09-20
79f59da5-ba70-4467-aea8-819d490ad8c0,SKU000548,2525,1640.38,35.03,2026-09-20
b0a88d2a-707b-4fa5-b9b4-c67cd0024010,SKU000549,821,450.05,45.18,2026-09-20
c8bac0b2-b15d-42c0-8229-50103879ac7c,SKU000550,8331,5492.77,34.07,2026-09-20
bf613451-9c76-422c-a0b1-2273617fd9bd,SKU000551,10499,5821.99,44.55,2026-09-20
c0ae1ba9-555a-40c6-9f9a-640f53fe526d,SKU000552,6941,4655.05,32.93,2026-09-20
6b3b523b-9dfb-42a1-8e2d-e99c3f2135cb,SKU000553,8945,8165.95,8.71,2026-09-20
154c2252-bf25-4717-9a49-e84b8d37cf3d,SKU000554,7299,5165.92,29.22,2026-09-20
80fcf060-a843-495a-9290-5098d8d4c662,SKU000555,6771,5596.31,17.35,2026-09-20
3338d737-d14a-43b3-bdf7-c19fddb8d923,SKU000556,8299,6861.6,17.32,2026-09-20
ee8a0428-6c0f-4840-bffe-980f66fb2acb,SKU000557,11888,6793.55,42.85,2026-09-20
eb19bb8a-c963-4339-bd4b-c635a622879a,SKU000558,14735,13649.67,7.37,2026-09-20
b2ce00aa-6047-4c15-9780-d9be8a7db835,SKU000559,2539,1877.03,26.07,2026-09-20
bfb1fdc0-6635-4c66-9aee-aead61d8bf1b,SKU000560,11185,5939.5,46.9,2026-09-20
d53653b7-0fe9-4333-a24e-1e7ae2de6361,SKU000561,6708,4496.04,32.97,2026-09-20
df97df11-cd0a-47d1-9f78-0820fe8521c6,SKU000562,13942,12798.91,8.2,2026-09-20
cf989040-5acf-41af-af12-b834bca30659,SKU000563,13494,8372.4,37.95,2026-09-20
2ec4d7d0-f10c-4129-a341-0635667aab27,SKU000564,5601,3972.51,29.07,2026-09-20
24f361ba-9e02-4a69-99c5-25fc84d7a964,SKU000565,13676,7867.4,42.47,2026-09-20
0feb0331-99ae-41fc-ad22-02cb546f8983,SKU000566,13129,8472.68,35.47,2026-09-20
5ad9455a-5f58-4ea6-be82-2abc3557d9c5,SKU000567,14071,10710.89,23.88,2026-09-20
c91217f6-c27f-4e7b-97ec-ea6869de458b,SKU000568,9917,9273.69,6.49,2026-09-20
913ee42d-7c08-47b8-b43d-93dda7e66077,SKU000569,13397,7193.73,46.3,2026-09-20
40b57370-3af1-4603-a208-869330d9eda7,SKU000570,6664,3952.64,40.69,2026-09-20
32b2386a-8e53-4e2b-8e20-9757c933a250,SKU000571,6935,5333.11,23.1,2026-09-20
ee372722-58d6-4d29-bdf7-e0d5099f06a8,SKU000572,4779,2734.22,42.79,2026-09-20
70818ea0-8cb7-40d0-b3b7-44cd87255b58,SKU000573,8153,4759.95,41.62,2026-09-20
a1aad3fd-0445-4c7b-8ece-44296e0cc357,SKU000574,2563,1879.48,26.67,2026-09-20
b69b2e55-ec74-4ad4-8578-81246925811b,SKU000575,3813,3516.73,7.77,2026-09-20
13e2eb1c-8cf3-44d3-ba5f-cb63483ed6d2,SKU000576,11594,8956.63,22.75,2026-09-20
80f5efd1-35bb-41f1-92cc-b5cd522c98c5,SKU000577,12983,12109.49,6.73,2026-09-20
a6328faa-07a1-4ec8-a7a9-5e3bcfd54028,SKU000578,2701,2529.58,6.35,2026-09-20
e855682d-bf3c-4b8a-9a34-b616ffcd4084,SKU000579,4065,3806.06,6.37,2026-09-20
1805d9da-b1c6-4fe2-b06d-e9180ceb52e5,SKU000580,13577,8422.01,37.97,2026-09-20
2a78297a-0844-47e4-832a-bfa8c3e14fe5,SKU000581,8055,5374.54,33.28,2026-09-20
073e219d-bc60-4575-9e11-b018504881a5,SKU000582,13363,8800.32,34.14,2026-09-20
0dbdb390-4732-4086-8bc9-e77c660e2822,SKU000583,8066,8050.27,0.2,2026-09-20
9659985c-411e-4440-9656-ab6167def812,SKU000584,9857,8626.39,12.48,2026-09-20
fe61df11-fb6a-4d4d-b63e-b50d32a20c47,SKU000585,6809,6052.22,11.11,2026-09-20
51e25e3a-646f-4bb5-a8ab-205a0f68714a,SKU000586,9432,5987.3,36.52,2026-09-20
216b58d0-bcba-4ab7-91fe-9512b8b27a51,SKU000587,14999,10286.86,31.42,2026-09-20
b9d9a835-ec3a-4c00-b7df-9cbbb5fe777c,SKU000588,11575,10024.26,13.4,2026-09-20
62402d50-54f2-4c70-8fa0-353646a79689,SKU000589,11217,6873.59,38.72,2026-09-20
37e471f5-05ea-4461-9ba4-a0832d7471c9,SKU000590,3698,2616.9,29.23,2026-09-20
5da64c4f-a0c9-4ddd-bd27-ae28736e8394,SKU000591,5367,4613.67,14.04,2026-09-20
41487ce0-d714-441e-b389-ddc48b6f5ebc,SKU000592,6861,3580.58,47.81,2026-09-20
8563de93-7576-4f8a-bcf4-339702d87c58,SKU000593,2702,1352.52,49.94,2026-09-20
449bb833-b7e2-43cd-b98e-651b99e0c840,SKU000594,2872,2163.99,24.65,2026-09-20
933b1807-414e-4e14-a33e-5adcf75021a9,SKU000595,10450,5454.5,47.8,2026-09-20
82fd33b3-0a54-4395-a0fa-7521d3f4059b,SKU000596,11566,7938.25,31.37,2026-09-20
efd6ee8c-c413-464c-bcfd-216dcfe9abd9,SKU000597,11141,7430.25,33.31,2026-09-20
63a791d5-e206-4af3-a5d7-3b64739e47d5,SKU000598,6445,5355.98,16.9,2026-09-20
ed641009-e834-4ecb-8d14-777b3c7df087,SKU000599,1440,959.94,33.34,2026-09-20
b07de64e-87e1-4526-b690-0b12b241eff7,SKU000600,3673,2938.29,20.0,2026-09-20
61a46f89-0c1b-4c16-ac7d-5af4b81f9b3a,SKU000601,997,556.34,44.2,2026-09-20
685349da-202e-4278-93ea-506a3e4cb37b,SKU000602,5425,3914.98,27.83,2026-09-20
84a746d9-3802-4aec-9034-1d3f0adf1e6c,SKU000603,12092,7596.48,37.18,2026-09-20
b8818106-44fe-4923-8b07-d7b3ab7fdc5b,SKU000604,11861,5976.14,49.62,2026-09-20
ecc8cbb9-b6aa-4353-8e01-dededbe9d37d,SKU000605,11267,10845.33,3.74,2026-09-20
9cecd2d9-4640-46cb-bc24-0a08468f3712,SKU000606,9933,6658.62,32.96,2026-09-20
b9dca562-3f16-4bae-99b5-650b1e47ac2c,SKU000607,2552,2528.21,0.93,2026-09-20
ec900370-c009-44a2-a728-e15af3ce7047,SKU000608,10110,5539.47,45.21,2026-09-20
2e961a34-7a0d-45d5-9806-329542764971,SKU000609,5337,4406.88,17.43,2026-09-20
bf81be45-622d-4b4b-b2af-66c32955ce9c,SKU000610,11714,10842.12,7.44,2026-09-20
96aa0554-636b-4805-936f-ed76100bc269,SKU000611,7950,6462.91,18.71,2026-09-20
4145c43f-f170-438a-9069-fc6b04cf521b,SKU000612,13979,11592.34,17.07,2026-09-20
b2306bad-46b2-4de2-b14d-054d32f8bc02,SKU000613,6281,4649.59,25.97,2026-09-20
64278dae-e268-49b2-94c4-dab3c3817982,SKU000614,11485,6037.9,47.43,2026-09-20
5cbffa00-e023-4030-835d-334bf4eb5ed5,SKU000615,7066,5865.95,16.98,2026-09-20
dc40e218-644b-4244-95b4-07aac86b2809,SKU000616,1062,602.76,43.24,2026-09-20
16b996eb-c741-4e53-81fa-719e48278daf,SKU000617,13946,11886.13,14.77,2026-09-20
e0a91166-ebfd-4baa-a197-b8d0761aa797,SKU000618,787,783.87,0.4,2026-09-20
1c810970-5ee9-4f6f-8dd4-455cbef17b99,SKU000619,2112,1810.46,14.28,2026-09-20
87d37d26-f640-4c4c-acee-b98b9219e099,SKU000620,1201,999.41,16.79,2026-09-20
f0bd4f49-1cee-4c40-99d8-5de843dc625a,SKU000621,5133,4804.49,6.4,2026-09-20
9d783a2e-bcbe-472d-8b51-888f8d4cf52c,SKU000622,8798,7884.6,10.38,2026-09-20
f06f5f4a-1461-4d17-a076-1539d8c506db,SKU000623,10058,9018.95,10.33,2026-09-20
7c663b16-b4cf-4068-9400-44d3ebfd2cab,SKU000624,1674,1369.84,18.17,2026-09-20
284f6fd6-66f7-4218-98c4-c7da305702aa,SKU000625,14191,11670.48,17.76,2026-09-20
eba7e10b-3801-4cbc-83c3-96d6f58eee7a,SKU000626,8265,4756.14,42.45,2026-09-20
245790e0-498d-4c76-9fee-916db1ddcbec,SKU000627,8274,6294.2,23.93,2026-09-20
1a432f6b-6331-4678-84b1-df2bd24aa4de,SKU000628,11870,8141.15,31.41,2026-09-20
4b77b45e-1845-4151-b6b1-8e356ba3a577,SKU000629,10725,6679.04,37.72,2026-09-20
7d690360-1c0a-4cf3-a67a-f4d3209e1089,SKU000630,503,372.49,25.95,2026-09-20
32ee2509-cca9-46d1-9cc0-e51b3d29cca0,SKU000631,13269,10453.89,21.22,2026-09-20
1946122b-9b18-4bf5-aca4-2942dc6be378,SKU000632,5959,3969.92,33.38,2026-09-20
7118d155-60f4-4bcd-8cd5-4e2ba2464947,SKU000633,3753,2182.29,41.85,2026-09-20
bf21eea6-ccdc-4405-b0ef-50018016aebd,SKU000634,10935,9142.2,16.4,2026-09-20
3c1bc1b5-3a04-4cc7-b002-6c517f9a6990,SKU000635,938,824.34,12.12,2026-09-20
8720c16c-4cfb-4100-8e70-53472caeae21,SKU000636,4886,4455.43,8.81,2026-09-20
a6fbb358-807c-45dc-979e-32128c8f81b4,SKU000637,3025,1913.85,36.73,2026-09-20
238e2c8d-cb33-4a45-990e-d1cbe584d138,SKU000638,14928,7704.53,48.39,2026-09-20
9dc77943-75dc-437f-a90d-bef12e25f065,SKU000639,10507,5834.29,44.47,2026-09-20
96267803-d01f-4ca4-822e-4012b9fc2e00,SKU000640,13880,13573.44,2.21,2026-09-20
5e620cb0-f6d5-4e14-b91b-e171b1ea270b,SKU000641,14379,12133.5,15.62,2026-09-20
93bda362-9b10-4e19-aacc-68dcee0c0648,SKU000642,13627,11610.75,14.8,2026-09-20
6a9d2d60-7bf9-4a82-ade7-9e3cc16dcac7,SKU000643,5518,2854.73,48.27,2026-09-20
128c0810-41ca-42ca-bbf2-1e599ee85782,SKU000644,13926,10908.91,21.67,2026-09-20
820fc52c-5c21-411e-9bae-be4dfe91ba96,SKU000645,6158,3644.45,40.82,2026-09-20
3e821218-1838-4f1e-9329-dca51cbdda47,SKU000646,13510,11378.2,15.78,2026-09-20
c5e86164-eb3c-41ee-b5b2-b5a00fd179f4,SKU000647,7189,5554.85,22.73,2026-09-20
9f5e3027-d82c-4ed9-b46d-eb3d2ff8afd8,SKU000648,14008,13954.45,0.38,2026-09-20
f2a41b61-9712-4d99-ba87-bb3048933d6a,SKU000649,7767,6081.53,21.7,2026-09-20
64c1c3b3-904b-487e-a1f4-12905a4effa3,SKU000650,10683,8518.33,20.26,2026-09-20
0267bb07-0f01-409e-af1a-bc1f41e5c7cf,SKU000651,12618,11714.32,7.16,2026-09-20
b49faa8d-8576-4d95-8e88-3b420b359b40,SKU000652,8266,4616.32,44.15,2026-09-20
f80d3d56-2768-4826-9d77-23ded214764b,SKU000653,8678,6159.81,29.02,2026-09-20
c50d46a7-4bbc-4442-854b-57e63b7910ed,SKU000654,10793,9024.09,16.39,2026-09-20
0196b190-a1bb-469e-aeb1-5ba91dcdd164,SKU000655,6315,5262.66,16.66,2026-09-20
f0cc97ea-c4d9-4bec-ba19-6f08cece9677,SKU000656,3859,2472.94,35.92,2026-09-20
a8ebe900-be29-451b-9059-3a4376c0ba65,SKU000657,8439,7609.91,9.82,2026-09-20
5ca58da2-010f-442e-87a8-5e55a11021b8,SKU000658,8682,4537.86,47.73,2026-09-20
fa5acd73-1b5e-4f2e-a7ac-fa9dbd0fa28d,SKU000659,3709,2119.68,42.85,2026-09-20
5cd6caf6-639a-4750-80a2-9b59fc15f29e,SKU000660,12009,9130.56,23.97,2026-09-20
ef7cc725-c33b-48b4-8ffe-75dc1204721b,SKU000661,10988,7037.67,35.95,2026-09-20
440099f7-782b-42e0-8a78-dd226c1adc3f,SKU000662,10605,8286.47,21.86,2026-09-20
8b5f16bc-e23d-4ec0-9ac0-febc901cc357,SKU000663,3287,2336.48,28.92,2026-09-20
9b773262-8db8-4860-a5ce-3d93dbc082e3,SKU000664,3047,2867.83,5.88,2026-09-20
1648a1eb-b713-4851-b6d7-6e22d90d1b48,SKU000665,5642,3675.68,34.85,2026-09-20
eb207247-83d3-4af1-8f25-7dfffd04a6c9,SKU000666,14601,8698.67,40.42,2026-09-20
3b224f83-5aa6-4700-a584-b8b2309c5af3,SKU000667,5801,4900.81,15.52,2026-09-20
5e8f8fb3-b3bf-4276-bef3-9bf6a4944f68,SKU000668,7476,4037.3,46.0,2026-09-20
8e197ac8-de3c-4a1a-8219-cb304af36e42,SKU000669,8288,7425.01,10.41,2026-09-20
0a9f7adc-6949-4817-83a1-150223e28ce7,SKU000670,13570,9492.58,30.05,2026-09-20
0ab1f699-d370-4207-a24e-47b36748c1b6,SKU000671,10122,9904.25,2.15,2026-09-20
bbbba02e-43fd-4670-a646-1be78e576cbd,SKU000672,12933,9187.67,28.96,2026-09-20
25b56e52-07fe-4e5c-828c-3bf6d899a483,SKU000673,11767,8585.97,27.03,2026-09-20
b2d82f10-cd19-4784-98f9-530b819cb0ab,SKU000674,10861,6866.7,36.78,2026-09-20
b699c161-1a68-4fb8-8197-73e734ada3d4,SKU000675,11421,5986.74,47.58,2026-09-20
b65d4563-01bf-4409-9a78-b27c30e2b683,SKU000676,6665,3947.02,40.78,2026-09-20
a9d6de22-e06e-42c8-8a1e-561667fe3a0e,SKU000677,1513,1471.12,2.77,2026-09-20
697d64b8-005f-4dcc-a8f4-907047d7fad9,SKU000678,4894,3025.86,38.17,2026-09-20
6caa6e05-c000-4226-9955-030a1ebe3343,SKU000679,9238,5574.67,39.66,2026-09-20
1abd3552-9b9d-4028-b4f6-75ad22439f8f,SKU000680,5593,3263.45,41.65,2026-09-20
27851dea-c86c-4b13-8c9b-da3c29bf1ff2,SKU000681,8787,7331.55,16.56,2026-09-20
176dbc94-2887-452d-b7b8-3d6fda9ffc0b,SKU000682,8370,7565.36,9.61,2026-09-20
7cb53294-d184-4be0-b11a-4f595a84be51,SKU000683,3706,2742.73,25.99,2026-09-20
b0129303-d6f2-4f31-b5d7-5b5b7225e104,SKU000684,13270,12588.94,5.13,2026-09-20
5d30fbaa-6fce-40d7-9dd7-dbd796406d78,SKU000685,7423,5599.47,24.57,2026-09-20
73c64acf-917c-4da4-bcaf-5caff0baca26,SKU000686,13127,12094.41,7.87,2026-09-20
725656a7-994e-443b-a59d-6e5fb887e6fa,SKU000687,9575,5553.23,42.0,2026-09-20
e66a251a-9c5a-4a48-bc47-02209a3120e5,SKU000688,9039,7885.62,12.76,2026-09-20
26f6abb9-00b6-4ccf-92b0-ff12dcd206f3,SKU000689,5418,3137.49,42.09,2026-09-20
b262c74d-2aa1-4c1a-892e-ad4a09f17537,SKU000690,3710,3550.63,4.3,2026-09-20
662cc3f1-3131-4740-a098-3d96b07861e8,SKU000691,4466,2832.36,36.58,2026-09-20
dd29493a-e2bb-42ec-bff6-29fe45a91108,SKU000692,11245,9813.11,12.73,2026-09-20
85fdbbe9-fdf8-40b0-ad8c-9f02fc7f73b2,SKU000693,12711,10731.78,15.57,2026-09-20
a168cdcc-ba55-4b1e-8e7e-3f92c466783f,SKU000694,9213,8215.82,10.82,2026-09-20
f13255c1-f9ef-4868-a077-cd8a1c28f246,SKU000695,10791,7911.76,26.68,2026-09-20
e19c415d-0bd5-4fe1-9896-95f780af7cc4,SKU000696,9252,6521.39,29.51,2026-09-20
21d8baeb-dba3-4fd5-b0ba-3ac625fa6260,SKU000697,5250,2809.08,46.49,2026-09-20
df6fd9c2-a88a-4549-a074-6e50234fb086,SKU000698,11667,7968.41,31.7,2026-09-20
1dec7ab8-a17f-478b-a502-2639952e3a7b,SKU000699,10257,10178.56,0.76,2026-09-20
54070340-904f-4114-b64c-2acf7eeb5103,SKU000700,8007,7913.44,1.17,2026-09-20
155fa08e-cb32-4f60-8eb2-4ecc8bb93aaa,SKU000701,12270,10064.3,17.98,2026-09-20
90d19a2f-2fe0-4834-be0f-864f8d8f56fb,SKU000702,9866,9645.01,2.24,2026-09-20
b6c36d27-723f-4c5c-a077-71be806803f8,SKU000703,3121,2905.88,6.89,2026-09-20
81907d53-3ba5-4fb0-bd22-c7c526cbc71d,SKU000704,12836,11357.23,11.52,2026-09-20
10227c5c-857d-48e5-b00a-cdd626e49372,SKU000705,8633,6429.15,25.53,2026-09-20
ceb1abd7-0606-47bc-82cf-05f4d9392505,SKU000706,14665,9427.29,35.72,2026-09-20
9a22e8e8-180f-4882-bf25-90747b2ff262,SKU000707,7423,6246.16,15.85,2026-09-20
6a5b2a5f-3e92-418a-bc1f-68d21931fba7,SKU000708,12526,9789.32,21.85,2026-09-20
c44f1da0-dcbe-4e8e-9d70-b86263cdd272,SKU000709,14515,10041.95,30.82,2026-09-20
3e134790-2de9-4ba8-bd34-69c4897dce2a,SKU000710,10221,10100.29,1.18,2026-09-20
8f30b288-a2fa-4e9a-9648-ded621529f4a,SKU000711,7752,5185.26,33.11,2026-09-20
7465f19e-d582-479a-964a-332ce04bdd8d,SKU000712,3192,1628.39,48.99,2026-09-20
8f7b8c92-3232-4811-88f0-28418661f8fb,SKU000713,1819,1689.41,7.12,2026-09-20
99a49d11-ab34-4c56-bcba-199218247df6,SKU000714,13504,11836.29,12.35,2026-09-20
d5eb1e03-1c8d-4111-b416-f866a6d788d1,SKU000715,13217,10167.51,23.07,2026-09-20
d988e75d-f9ae-424e-9a1d-9b29b87a93de,SKU000716,12780,11322.37,11.41,2026-09-20
834d8770-e5ee-4843-9d0b-e47bb0642305,SKU000717,2033,1228.64,39.57,2026-09-20
d75fdeab-db76-4999-ad50-100f09ee1c5e,SKU000718,5568,3844.5,30.95,2026-09-20
8062109e-6bf5-44c5-b62a-1bd44e5aa878,SKU000719,6214,5924.34,4.66,2026-09-20
0ce7d8a1-56c8-4f75-92af-3bc0483bb6a5,SKU000720,13265,9197.04,30.67,2026-09-20
6be7b10a-ff75-4046-94e9-1a14352f1c76,SKU000721,7956,6899.53,13.28,2026-09-20
b65b898d-f307-4a25-ad4c-4c202fabda84,SKU000722,5108,4875.3,4.56,2026-09-20
ad2ef09d-62aa-4d8d-b905-78cd0af15dca,SKU000723,13094,11444.41,12.6,2026-09-20
e693f273-e087-4804-995d-92a657911c61,SKU000724,9451,7949.07,15.89,2026-09-20
cbd7166e-a8be-4dd4-90e7-a7fdfe4b99af,SKU000725,5814,3326.11,42.79,2026-09-20
3083d4de-8b35-4c79-813b-f63c964ad91d,SKU000726,7733,7702.87,0.39,2026-09-20
89f6fbe1-f9ba-451b-8b2f-6d806e9e7541,SKU000727,12585,11023.15,12.41,2026-09-20
aba78c80-df6b-49ff-97f7-382d1936b18d,SKU000728,4087,3063.32,25.05,2026-09-20
b30270ff-c356-4036-aae3-1108dc48631a,SKU000729,4601,2777.61,39.63,2026-09-20
2878f944-2b03-4894-9ee0-4eabb3c60c12,SKU000730,10596,6953.08,34.38,2026-09-20
8ffeb838-9227-4354-9653-195445bdf7ed,SKU000731,14455,8166.19,43.51,2026-09-20
ebdbe8b1-4612-492c-9187-803947b6072a,SKU000732,14635,12078.54,17.47,2026-09-20
67157b80-ad16-4bd8-9469-c71223984b65,SKU000733,12226,6753.2,44.76,2026-09-20
b3fdc0ac-f5fb-45f4-a221-8b2ed8beb3a2,SKU000734,14924,13540.11,9.27,2026-09-20
2d6778ae-00f3-48ca-a1c9-8f21e86168b7,SKU000735,9503,7557.72,20.47,2026-09-20
aeb25519-bd68-4895-9eaa-6676a9119ac1,SKU000736,1571,1201.35,23.53,2026-09-20
3eb27b0f-b12c-4604-8d34-2484a7d85b04,SKU000737,1386,938.81,32.26,2026-09-20
ea18cc81-2485-4503-a0e2-9cfe40c6d3f8,SKU000738,11400,6437.61,43.53,2026-09-20
839f9be0-3cde-4a59-8a57-55d45f3ab529,SKU000739,1469,834.34,43.2,2026-09-20
0430efc9-679c-4df9-96fe-d17932ee6199,SKU000740,12821,11093.8,13.47,2026-09-20
b5fc2824-afa3-44f8-9272-ed955812fcf8,SKU000741,10911,7959.95,27.05,2026-09-20
1aa27bbd-f226-4202-83e0-a2e10b8d510b,SKU000742,11262,11211.08,0.45,2026-09-20
cd0f7ad3-056b-4d74-b269-45d80389d76e,SKU000743,9180,4615.42,49.72,2026-09-20
d10acf82-1ea9-470e-b366-e523684aa45e,SKU000744,6797,3534.38,48.0,2026-09-20
ed59bc75-3e92-4453-bd1a-b29d50f92a74,SKU000745,6258,5441.33,13.05,2026-09-20
bb1f5588-c893-49a3-94b0-6c27b67abf74,SKU000746,9429,9077.33,3.73,2026-09-20
b12b9a3c-488c-4607-82dd-cfa7d80fdd8a,SKU000747,5477,4185.48,23.58,2026-09-20
e5ec8f94-f12d-45d1-8e2a-b91233a22ef8,SKU000748,11279,8498.54,24.65,2026-09-20
9fdbde69-fd5b-48db-beb8-596e045648a3,SKU000749,2644,1534.86,41.95,2026-09-20
65821cf1-bdc0-40e9-80e5-9c0d6999be80,SKU000750,5897,3420.88,41.99,2026-09-20
13d9da2e-ea2f-4c5a-bbfc-2c80af613f42,SKU000751,7653,6352.74,16.99,2026-09-20
3b100b20-4811-4506-bcc7-54faa8e59588,SKU000752,2441,1623.1,33.51,2026-09-20
78de7a8b-dd82-43d0-ae52-5172e1310473,SKU000753,2721,1966.6,27.73,2026-09-20
668c16e4-4853-4e7d-ac28-07aca606b9ef,SKU000754,12733,9411.99,26.08,2026-09-20
caf09fb0-0aba-48ea-94df-ba3653e8be0c,SKU000755,6521,4610.27,29.3,2026-09-20
ff8784eb-5cbf-40ad-b271-db1e7b37d2e5,SKU000756,7508,7356.56,2.02,2026-09-20
7249771d-fc8d-45f1-bccd-ba2089ce3bef,SKU000757,6870,4633.05,32.56,2026-09-20
7c43c581-58f3-4664-8c23-186cfb59d5c8,SKU000758,8706,5435.36,37.57,2026-09-20
abbe4623-3683-444d-be49-ea84daf16e09,SKU000759,11481,10422.29,9.22,2026-09-20
61ce3605-b427-4144-9656-c36084b8bce6,SKU000760,10412,9419.82,9.53,2026-09-20
84c0752c-0089-4a56-8f8a-a801609b7d6c,SKU000761,6977,4615.66,33.84,2026-09-20
82fc2885-7a91-4745-8bc5-6ab0b18b2e58,SKU000762,11573,10976.64,5.15,2026-09-20
9c003689-4a16-45cc-bf09-15b513f47221,SKU000763,13851,8762.1,36.74,2026-09-20
7c37c68a-e329-48fe-8293-0ea426d9622e,SKU000764,2337,1201.03,48.61,2026-09-20
441470c6-ad68-4de9-9ca5-81b5c77df644,SKU000765,13052,7263.61,44.35,2026-09-20
b2336473-96f7-4af6-ab09-a9c6e27c6a84,SKU000766,562,288.23,48.71,2026-09-20
4f419e19-c864-45c8-b304-f40d7070812e,SKU000767,14378,10684.79,25.69,2026-09-20
610a5992-5e8d-432b-913d-581f18763d44,SKU000768,5292,4408.0,16.7,2026-09-20
ab694706-b09b-409f-b8d8-413b846999b3,SKU000769,11619,10433.86,10.2,2026-09-20
fca270e7-5480-4674-978e-8df091610100,SKU000770,14907,9604.53,35.57,2026-09-20
708e2aa1-f6c4-4ded-9e4a-c92f0db4b3e4,SKU000771,3811,3489.08,8.45,2026-09-20
41737207-a3e5-4010-9280-45cbeacaf165,SKU000772,2677,1844.52,31.1,2026-09-20
dc59e939-2e65-4693-ac75-5016775e1e48,SKU000773,14036,12277.62,12.53,2026-09-20
88406201-3d25-4758-b018-e8ddd2ae0e09,SKU000774,12526,7887.79,37.03,2026-09-20
33178426-cc0d-40c1-9cfd-36083c8486ce,SKU000775,13609,13554.66,0.4,2026-09-20
f4cb6e9e-5b98-49f9-935c-0f0cff3b3d5e,SKU000776,12959,9590.69,25.99,2026-09-20
4108227f-4541-4cd8-a279-ad7a122e4641,SKU000777,3859,2769.15,28.24,2026-09-20
5145e2e0-cb8c-4d2e-a472-f6486c71ebc4,SKU000778,14572,7564.24,48.09,2026-09-20
e083b39f-5ae8-438f-94a7-f554df2926a0,SKU000779,1027,841.84,18.03,2026-09-20
820bc012-1380-41d0-981c-b12465af83f7,SKU000780,6355,4666.13,26.58,2026-09-20
5e042de1-b9f1-46ab-9341-9f5e9dda6b87,SKU000781,7978,4889.39,38.71,2026-09-20
0dae74e6-296a-4053-b616-f1dd59dfa115,SKU000782,5868,5294.6,9.77,2026-09-20
81b14bcc-c300-45be-a385-53fdddc90302,SKU000783,6719,4335.99,35.47,2026-09-20
9fad0417-6823-421c-9945-e95f34cd512b,SKU000784,11433,10592.08,7.36,2026-09-20
2bc27a99-2970-4791-be57-d8ce44f09c07,SKU000785,4754,4669.59,1.78,2026-09-20
9bd6848a-674c-4939-a173-41b7fc29d0d5,SKU000786,2397,2138.11,10.8,2026-09-20
76036cd5-ab07-44d9-865b-6bb85f823132,SKU000787,1966,1793.84,8.76,2026-09-20
12ef2e3c-9733-4d09-8434-86375af86341,SKU000788,10472,8551.34,18.34,2026-09-20
12b762d1-33ad-4590-a513-370c3867e94c,SKU000789,9036,5631.16,37.68,2026-09-20
627381be-7048-408f-ab8a-fc99dab540c8,SKU000790,14239,10922.58,23.29,2026-09-20
3aeb18d5-7d90-427f-a20d-7d877d7b7aac,SKU000791,10973,5847.04,46.71,2026-09-20
64da4fda-13ed-4f02-bc85-b8213d38f3cb,SKU000792,14056,10346.87,26.39,2026-09-20
ded8c5a0-ef2e-46cf-b186-d40407ae8d09,SKU000793,9535,9519.36,0.16,2026-09-20
b97c0412-b7cb-4cbd-8435-9d700e49e411,SKU000794,12157,6417.83,47.21,2026-09-20
15f2b656-eb4a-45d3-8059-0c201bc8269a,SKU000795,5826,3030.55,47.98,2026-09-20
0ca44eaf-8ce2-4729-bc37-290fafd361d9,SKU000796,2857,1734.61,39.29,2026-09-20
9b1bcc8b-f4c0-4e2a-a112-8b48511846bb,SKU000797,7951,7751.55,2.51,2026-09-20
9b368b5c-a433-4985-9707-4a2e5bd59164,SKU000798,10794,5479.33,49.24,2026-09-20
2eb96a34-8e49-4bd9-a77a-8d3d909a84b6,SKU000799,12177,11670.28,4.16,2026-09-20
64fd310f-ea64-4829-88d8-a78586f01659,SKU000800,14046,9206.75,34.45,2026-09-20
762ce3f3-9bd9-4bf5-afc5-6e3a6bc195bc,SKU000801,5409,4493.93,16.92,2026-09-20
42f5e22f-412a-4066-9fe5-7db9c47eb75f,SKU000802,970,782.6,19.32,2026-09-20
e9b12de8-c447-4844-aa00-6f2bd427f9cd,SKU000803,912,556.09,39.03,2026-09-20
16a28b29-1030-445e-a832-a639b90240d8,SKU000804,643,609.86,5.15,2026-09-20
50c767bd-57bc-4427-bf59-5f97c0177d16,SKU000805,8456,4820.38,42.99,2026-09-20
5c09d31f-445e-49a8-af37-e648d302c204,SKU000806,7026,3806.3,45.83,2026-09-20
e9dcfefb-3d4e-4225-85e7-154466395f4b,SKU000807,8325,7984.54,4.09,2026-09-20
e58ab0c3-ad45-4a2d-88a3-9fca7af01649,SKU000808,12399,7331.69,40.87,2026-09-20
de76fcaa-abff-4d54-aec7-55526a9b18d8,SKU000809,11966,6159.69,48.52,2026-09-20
e6a3852a-e529-4373-a089-155a0cf5bd72,SKU000810,13747,13735.66,0.08,2026-09-20
11b20acc-be12-41fa-acfd-a75dc3672d90,SKU000811,1370,932.29,31.95,2026-09-20
2005ef84-b878-454e-966e-37909c8582b6,SKU000812,11621,9291.39,20.05,2026-09-20
422994eb-513b-410d-a5ad-0f6fef5a9a18,SKU000813,2767,2729.0,1.37,2026-09-20
ed444d64-6d42-4a53-8c7e-d20d7fd8575b,SKU000814,12435,12340.89,0.76,2026-09-20
4cf0a111-501e-4b7c-accd-3f0b9090b85f,SKU000815,5736,4207.79,26.64,2026-09-20
30ecac95-2e71-421b-ad70-37653e72ab1f,SKU000816,10963,8749.27,20.19,2026-09-20
02cb7fa7-f318-4e16-bfcc-751bddfee4a9,SKU000817,9402,9069.43,3.54,2026-09-20
9ee73108-6983-49f6-902d-bddd9d9f74a1,SKU000818,6934,4245.3,38.78,2026-09-20
9588f82a-174f-4a81-9382-58792e02fbfd,SKU000819,12337,6828.0,44.65,2026-09-20
62dfb032-166c-4fd7-ba1e-daf87ad6908a,SKU000820,4516,3876.33,14.16,2026-09-20
3d6cc130-ba0b-419a-bdad-5ded3d923c8e,SKU000821,7341,6173.04,15.91,2026-09-20
9cdf9a62-56c8-4392-82a4-2778402653e6,SKU000822,8153,7920.71,2.85,2026-09-20
0f41f839-c70f-4412-b7bd-429a97cba93c,SKU000823,6603,5974.91,9.51,2026-09-20
5434f71c-ce7e-49f8-92b5-27b127e56d06,SKU000824,8027,7481.35,6.8,2026-09-20
132141bf-4409-4469-96aa-9770db96e52f,SKU000825,12531,7210.3,42.46,2026-09-20
b54f7f89-d746-4cdd-a11c-401171f8ecc1,SKU000826,2646,1582.14,40.21,2026-09-20
933f30aa-3b49-4df6-822e-a1ce90487d13,SKU000827,2046,1733.8,15.26,2026-09-20
b8aec1bd-0ec1-4c98-834c-6b8faca37e9b,SKU000828,1692,957.92,43.39,2026-09-20
c5b05ec2-d90b-4466-8af6-474527a8bcdc,SKU000829,1282,1277.85,0.32,2026-09-20
1ff32308-a4d8-4feb-8963-f2b049326f7e,SKU000830,4377,3854.71,11.93,2026-09-20
839f6ac1-d8d6-4581-afbf-e3785ce58a02,SKU000831,10846,5936.57,45.26,2026-09-20
ae531738-354b-40f8-9f30-35ff8b3a98a1,SKU000832,9461,5680.76,39.96,2026-09-20
1ebf28d9-3562-4842-b37f-7ee8a7c2bc8d,SKU000833,13444,7472.2,44.42,2026-09-20
289b54f1-ff61-4726-b656-75413ecf93e9,SKU000834,10595,5542.15,47.69,2026-09-20
49390d20-b1f6-4967-8c26-c60364f78507,SKU000835,13345,7889.54,40.88,2026-09-20
0e67ac0e-d321-424e-b845-9f36b7f520e2,SKU000836,832,565.98,31.97,2026-09-20
b483b447-e6ea-4e31-8a8e-32891659bfcd,SKU000837,4967,3431.82,30.91,2026-09-20
8d9292a5-5de7-46aa-8789-983903129398,SKU000838,2517,1802.87,28.37,2026-09-20
b4497a03-303d-4c99-8e2c-1befefa329b9,SKU000839,6108,5195.58,14.94,2026-09-20
a7a445cc-17ab-4de3-8e01-e40bdcfee38d,SKU000840,8167,5189.25,36.46,2026-09-20
372064c9-73b7-46a2-a998-e89ec81026b1,SKU000841,8182,7613.35,6.95,2026-09-20
c482c9fe-af4b-4974-ad45-e6c26fb63d71,SKU000842,9033,8537.16,5.49,2026-09-20
4b4b8fcb-720c-4d87-a3bf-17554052bc2c,SKU000843,2237,1611.67,27.95,2026-09-20
c015bc3b-dc7a-4d34-9ebb-b43c0ad98117,SKU000844,10625,5894.77,44.52,2026-09-20
25831db7-62ae-4f27-a291-5f5f5b394454,SKU000845,12366,10933.7,11.58,2026-09-20
90758a80-e7eb-4b5b-bf5a-9e60e5fd0f6f,SKU000846,6241,3318.78,46.82,2026-09-20
47c56162-a54a-433a-8184-f01582757718,SKU000847,12300,7996.02,34.99,2026-09-20
7c2cca4c-e310-4bcc-8309-01ec58c6c4ba,SKU000848,10203,9830.01,3.66,2026-09-20
b90b6b61-9a67-4b85-89ee-17ca5da651dd,SKU000849,13670,12153.74,11.09,2026-09-20
16be0235-023d-48b6-9ecb-add11dcbad92,SKU000850,13507,8118.43,39.89,2026-09-20
37ed50bb-d510-4d54-82ca-2abb10cebb82,SKU000851,3899,2345.92,39.83,2026-09-20
19c073c0-19d9-4adb-b45b-193959301512,SKU000852,8631,6527.06,24.38,2026-09-20
546d6453-d37a-4995-9c4a-6ac024f9f42d,SKU000853,6249,5254.26,15.92,2026-09-20
1c7b4345-1280-4d64-95f2-6df143ea5139,SKU000854,1261,635.28,49.62,2026-09-20
bfdec056-1aa4-4c59-8ac7-2404bb9af94c,SKU000855,8223,6251.36,23.98,2026-09-20
44df8d24-96b0-4149-9752-889437febb8c,SKU000856,13123,11815.36,9.96,2026-09-20
aead33aa-90d0-4b44-9a4b-79163844158f,SKU000857,3404,2256.7,33.7,2026-09-20
1f151e10-8f87-40d2-9226-7a87b24a8bce,SKU000858,14010,8697.4,37.92,2026-09-20
e6a74cd8-c49c-45ba-82bd-afc82cf26216,SKU000859,8644,7519.01,13.01,2026-09-20
fe0beb8d-941c-4de0-9214-fd71f321b852,SKU000860,10017,5893.94,41.16,2026-09-20
1ad75256-aa8e-4e6f-a87c-b4bed9221c4d,SKU000861,5155,2963.5,42.51,2026-09-20
a3f73350-0dd8-4564-812d-71f60c9344af,SKU000862,9737,7136.84,26.7,2026-09-20
85293169-a287-4816-8553-3f0549f8763b,SKU000863,12995,12020.75,7.5,2026-09-20
678c6241-7deb-4e3f-96e0-cba340996beb,SKU000864,7695,7306.25,5.05,2026-09-20
d8487dca-4131-4c8a-9e6c-221c4f76107b,SKU000865,9948,8926.57,10.27,2026-09-20
0e6ecbca-c68c-4bb4-b40e-ba705ca6f4ad,SKU000866,1078,867.29,19.55,2026-09-20
8450c110-bd8b-4b85-9d72-b4890182cb3d,SKU000867,2149,1824.68,15.09,2026-09-20
102db7c8-68b1-478b-b5ac-34c1cd84a296,SKU000868,4195,2844.25,32.2,2026-09-20
22ffdeaa-2164-434b-8a85-23efd896da6d,SKU000869,6748,5900.43,12.56,2026-09-20
70ef79cf-7a0b-48d0-bddc-cc0446ce0dcb,SKU000870,3167,1586.83,49.89,2026-09-20
e42e1374-d08b-4801-a43b-31f6b671dd85,SKU000871,1186,1077.42,9.16,2026-09-20
b81b4d0a-8b42-49a9-889d-4fba748fbb76,SKU000872,14514,8124.96,44.02,2026-09-20
df478677-5487-4f69-8620-64eb2dc3d323,SKU000873,8827,6437.31,27.07,2026-09-20
d1b56fac-36e5-48d7-9611-975773fa6dd1,SKU000874,3512,2689.79,23.41,2026-09-20
51261a3a-f026-4e41-86d2-caf2655614c4,SKU000875,5502,3101.13,43.64,2026-09-20
796667c6-2f50-4687-a704-238f13c5aada,SKU000876,2381,1596.47,32.95,2026-09-20
157d0c89-f7a7-4029-8b07-61ae2c27f280,SKU000877,14188,7388.68,47.92,2026-09-20
b82b3bcf-f7e2-4155-ab35-d7a250d87995,SKU000878,11282,8384.48,25.68,2026-09-20
38b5956d-2d62-4e9e-a53f-f0f9da9519f0,SKU000879,1578,1325.49,16.0,2026-09-20
3551c8d5-d9e7-4cd7-9c34-a0bdcb0891cc,SKU000880,6227,6085.71,2.27,2026-09-20
a49c0a39-df97-4331-8524-2f1bafc98cb9,SKU000881,3691,3498.46,5.22,2026-09-20
e2ccb217-cbdf-41f7-b08d-73e726549462,SKU000882,4366,2734.0,37.38,2026-09-20
8012fe49-8f72-4070-ac0b-459bfb6d9de6,SKU000883,1611,1298.86,19.38,2026-09-20
da1e2e9e-bdb4-4eb5-a27a-00eec6397fdb,SKU000884,6828,6533.45,4.31,2026-09-20
21e618f3-8fa4-49ab-b0f0-63ab08accd46,SKU000885,2628,1896.18,27.85,2026-09-20
ceae8f89-95c9-4ecf-8cb5-616d1a615c51,SKU000886,8232,5577.26,32.25,2026-09-20
f9a085d9-781b-48e5-9569-9eec2ca6166a,SKU000887,1905,1276.97,32.97,2026-09-20
7a331b12-ed85-4f65-b9df-a4759772a340,SKU000888,12787,11057.65,13.52,2026-09-20
34dcff13-00db-4ace-817b-9b4bb3cf371b,SKU000889,10099,5227.94,48.23,2026-09-20
b3a7eaec-b300-441e-bbca-7d8ccc2ad5e3,SKU000890,12920,7911.21,38.77,2026-09-20
96605e1d-647c-4cd8-9051-629202a707a1,SKU000891,9689,7655.65,20.99,2026-09-20
7d3627ab-35e2-46f4-963f-c85a3640c760,SKU000892,9281,7765.24,16.33,2026-09-20
8e76eedc-2742-42cb-85b3-5042b421d760,SKU000893,6379,4948.01,22.43,2026-09-20
1a54c932-fa8e-4e41-9207-6c1d83c7465f,SKU000894,3541,3076.52,13.12,2026-09-20
fe4f0a76-deb3-44c6-9b89-69bb83e4737e,SKU000895,5360,4277.68,20.19,2026-09-20
8ae4c00f-c763-482d-962b-bb24c4eeeb29,SKU000896,8738,6227.22,28.73,2026-09-20
0526430b-fddc-4fd4-8f86-c0b980e3ce75,SKU000897,1043,908.72,12.87,2026-09-20
e26291d2-21d5-4a4b-853c-b93ff4f8b8fc,SKU000898,6682,6341.31,5.1,2026-09-20
888242f6-44ba-4c89-b291-0f947d23e826,SKU000899,5801,4188.55,27.8,2026-09-20
eecfb5a6-1a4b-4db8-a3b4-9dfa81296acb,SKU000900,2595,1732.7,33.23,2026-09-20
77fce3ba-b637-4215-9e73-6ded448d78b1,SKU000901,7000,5762.08,17.68,2026-09-20
3f7f99c4-5867-485a-b31b-4ca919f91e74,SKU000902,3900,2105.25,46.02,2026-09-20
5650171a-5eac-488b-9c90-14aa80086a6c,SKU000903,7759,4060.42,47.67,2026-09-20
477ecc74-8331-414f-8c6d-f9b3fb3a2926,SKU000904,2627,1666.49,36.56,2026-09-20
b46e4972-0fe9-4e25-b226-ca127ef708e2,SKU000905,11584,9327.8,19.48,2026-09-20
f0b4b857-511e-4f7b-9dc7-4e477bbde40b,SKU000906,10278,7501.48,27.01,2026-09-20
e0141ad9-40be-4335-b617-f9fc0b5d0e49,SKU000907,5558,3717.35,33.12,2026-09-20
e2b80007-f903-4c89-8b42-514a30feb514,SKU000908,9270,6156.03,33.59,2026-09-20
2ee5edd6-c7c4-458f-be89-58b5f4cb8e71,SKU000909,6908,3787.67,45.17,2026-09-20
08987ee3-e5e7-4895-b43e-ba2f3f1fae29,SKU000910,12171,7528.75,38.14,2026-09-20
3e0f3ebc-c105-48e9-99aa-ba8cdaf66b90,SKU000911,10537,8939.06,15.17,2026-09-20
1a5351c4-08d3-42a0-85fd-a4c7e15e3b6f,SKU000912,7888,7330.21,7.07,2026-09-20
f75aba57-13e2-495b-94df-e728d03f3097,SKU000913,1641,1375.74,16.16,2026-09-20
6e45f97c-e2a8-4f4b-8529-605b85d64c8f,SKU000914,10114,9422.92,6.83,2026-09-20
6353ea74-2c24-44a3-9737-81ae5d1d69d1,SKU000915,4522,4288.02,5.17,2026-09-20
8a737737-dd55-4600-8c35-1e13062e21a1,SKU000916,14571,13057.2,10.39,2026-09-20
f3bc1ef9-4432-4108-9c93-99f2f8f49011,SKU000917,1125,881.2,21.67,2026-09-20
c97516d9-d90b-4883-8a2f-4235a25ead88,SKU000918,11234,8685.25,22.69,2026-09-20
47808897-ca72-4861-b144-7d7ed0ba13f6,SKU000919,13979,12831.93,8.21,2026-09-20
e816c436-6538-4235-b901-6573a8ec507f,SKU000920,10866,7779.37,28.41,2026-09-20
9ea52abe-dc4d-4a08-b0f3-45ecf87ffc29,SKU000921,1697,1621.95,4.42,2026-09-20
f3753e39-ea2b-473b-8d87-30d8c62fb132,SKU000922,8633,5371.16,37.78,2026-09-20
fa43cc4d-9d01-427f-8a62-8724040328cf,SKU000923,1496,1105.57,26.1,2026-09-20
e3ee4946-db0e-4a9c-a9dd-aba58e6126e3,SKU000924,9891,5276.78,46.65,2026-09-20
c7fb9ef1-1e64-4b66-bc0b-e1c4a15cad63,SKU000925,7191,5429.62,24.49,2026-09-20
75d7fb83-7e5d-4a9c-aef7-7573082e6dff,SKU000926,3107,2730.29,12.12,2026-09-20
a59e177c-fe76-413f-8828-c71b2e86e682,SKU000927,6787,6785.45,0.02,2026-09-20
4af175e4-535d-4351-a7f3-eafd66eb1a01,SKU000928,903,696.46,22.87,2026-09-20
feca12dd-442b-458d-b982-8112847c5d26,SKU000929,3608,1890.03,47.62,2026-09-20
4d3971aa-b1b3-4191-8a3b-c13c2373ead7,SKU000930,12110,6692.14,44.74,2026-09-20
ad57bf3d-df5d-4a69-bee9-e9a897f7d5bd,SKU000931,13056,10337.99,20.82,2026-09-20
ad4f03ac-027a-48f7-8da4-5a8e315a7dcf,SKU000932,6568,5799.89,11.69,2026-09-20
af7ba527-959c-4d57-b373-0a810f9a5600,SKU000933,5065,3354.39,33.77,2026-09-20
a01c9d82-e6a2-4c4e-a26f-28cff7c6414d,SKU000934,9430,6600.72,30.0,2026-09-20
6ef68ebc-3b34-4673-aa72-83a6cd68e70f,SKU000935,8854,5296.39,40.18,2026-09-20
90ec9b16-5e69-431a-bebd-15efdf02a1e1,SKU000936,12973,9029.7,30.4,2026-09-20
a9caa654-0899-4d08-bf85-5ff00cdedbe1,SKU000937,9078,5151.94,43.25,2026-09-20
2d432123-1a4b-45b2-a986-852be9e7b089,SKU000938,14927,11436.71,23.38,2026-09-20
73959111-fe59-4704-aeff-eb5496061d34,SKU000939,10646,6434.3,39.56,2026-09-20
b6d5dfc8-3d4a-4bf0-8314-da5cc01a9325,SKU000940,14656,11299.05,22.9,2026-09-20
aab4a8b5-eaa1-4141-bb01-33990dff8ec0,SKU000941,8459,5603.86,33.75,2026-09-20
697f8079-7755-4a65-95f9-478505d19d79,SKU000942,12645,7623.02,39.72,2026-09-20
97dce0fe-9efe-4f45-9b0f-1f34ecb4f24f,SKU000943,4102,2367.21,42.29,2026-09-20
c527ef2e-da01-41a8-a28f-fc814cdaaf89,SKU000944,4635,4209.65,9.18,2026-09-20
2be83091-8fa0-42bc-888b-c44f9586059e,SKU000945,9736,6753.96,30.63,2026-09-20
799c409f-42f8-49e5-8f51-36be376fe04e,SKU000946,8907,7219.5,18.95,2026-09-20
7659e3e4-72de-439a-afbe-05819d3f6b43,SKU000947,8696,6283.64,27.74,2026-09-20
c736c988-9c1f-4272-bc84-44737532ea44,SKU000948,12445,10659.25,14.35,2026-09-20
20650681-ab06-445a-ac7d-f4da0894e100,SKU000949,10881,10266.45,5.65,2026-09-20
e09b43ac-8e52-402b-9d22-ec47f6636331,SKU000950,14699,8921.5,39.31,2026-09-20
181c5bc3-9641-490a-a207-e62fbfea1f46,SKU000951,3337,2601.56,22.04,2026-09-20
7a2fc7e2-f00b-4d29-b223-3467809cd8e2,SKU000952,12302,6347.33,48.4,2026-09-20
4c2294b8-c752-4f60-980b-896a67343c0b,SKU000953,14921,8035.69,46.15,2026-09-20
1a9c5526-1b5d-4660-a246-00a57188e7f8,SKU000954,4618,4270.26,7.53,2026-09-20
216fc49d-86b1-4a25-8506-ed8117cc375a,SKU000955,3986,3645.79,8.54,2026-09-20
ebd6b3d2-ee9c-435d-820f-bda2f8ff218c,SKU000956,6241,3789.28,39.28,2026-09-20
b4ebd4ff-b9d6-4e65-a8df-f68aaee38d86,SKU000957,13079,6625.87,49.34,2026-09-20
3768a879-0a03-4e85-a718-fd67fece8c1c,SKU000958,10385,9324.81,10.21,2026-09-20
11806756-b5d4-4de5-b1fc-b056c84b75fd,SKU000959,14500,11038.51,23.87,2026-09-20
ffd6b5a3-d630-428b-a2cc-ae7d63afc443,SKU000960,6730,6210.57,7.72,2026-09-20
82f8b4bf-8651-4d11-b72b-70c1c2366b21,SKU000961,14003,7437.34,46.89,2026-09-20
1a80be40-0a25-4288-9746-48779075953f,SKU000962,2723,1771.89,34.93,2026-09-20
81f48951-182f-45ea-9ed8-739faa2d1abd,SKU000963,8728,4925.02,43.57,2026-09-20
eb879448-7911-4bd1-afc0-aacf9b1a5169,SKU000964,9191,8492.19,7.6,2026-09-20
8c8762a1-becc-46ad-816c-85d8f96cd2e6,SKU000965,10861,8049.16,25.89,2026-09-20
32b75f6c-3ceb-4912-86b7-e598dc4f0db5,SKU000966,11282,6690.15,40.7,2026-09-20
faa912f4-7e84-4058-a106-e4f34ef628bf,SKU000967,7373,5290.82,28.24,2026-09-20
f7dd4bb0-a875-48fa-a35a-0bdb40626b2f,SKU000968,2298,2151.85,6.36,2026-09-20
e31c2ccb-b66a-47eb-ac29-6f494c6b908f,SKU000969,11737,9264.22,21.07,2026-09-20
2016e6d0-dcc9-4921-81e0-14ec1dbbce21,SKU000970,10440,7139.01,31.62,2026-09-20
74e880a8-fb1b-4a21-9216-dcc715c81960,SKU000971,5496,4469.8,18.67,2026-09-20
8d5138c8-d169-4464-965f-e2aa30e8ebf0,SKU000972,13503,10932.94,19.03,2026-09-20
4dfff801-09ba-411b-8a1e-337aad150bf8,SKU000973,14270,12364.99,13.35,2026-09-20
0588a647-29a1-413b-a8b6-bae076d8e8a7,SKU000974,14262,13980.69,1.97,2026-09-20
b18be853-cddf-4dc7-aeff-6a52ce273600,SKU000975,4192,3217.05,23.26,2026-09-20
1321753a-aa34-400b-8307-321d1c6e34ee,SKU000976,7483,4350.44,41.86,2026-09-20
be565296-2622-462e-838b-948aaa59b7a7,SKU000977,5347,2870.74,46.31,2026-09-20
421add20-9333-4da6-8cc4-ce3a60a258b2,SKU000978,3197,3090.51,3.33,2026-09-20
0f11936f-2f6d-4b0a-a91d-bcf59aeebfc9,SKU000979,11926,10373.1,13.02,2026-09-20
4aa8e36c-5628-46cc-b734-27948e4065a5,SKU000980,2096,1527.07,27.14,2026-09-20
4cdb7aa3-3e04-4aa5-9628-6c233796e6cc,SKU000981,12786,8303.04,35.06,2026-09-20
9bc6e88d-d8f0-44bb-867a-2495887c7fb3,SKU000982,11851,10782.71,9.01,2026-09-20
63ca4967-3b71-46a2-84ea-db02837063fb,SKU000983,8646,6893.24,20.27,2026-09-20
09f2cbb3-b287-46f3-bed1-1e5bf271785a,SKU000984,5740,5459.58,4.89,2026-09-20
89572931-145c-46f1-8c6e-9ebb5c88d459,SKU000985,4793,4648.51,3.01,2026-09-20
0d6037b3-e205-4e92-8273-9212a5469c55,SKU000986,11032,5864.56,46.84,2026-09-20
b8b58b60-a147-4a76-bbbf-e5960c21c36a,SKU000987,777,470.72,39.42,2026-09-20
c11da375-3f44-4770-94b9-1434aa41a587,SKU000988,11180,9216.28,17.56,2026-09-20
7ca95edc-45be-4919-ba44-d87a63c6ef94,SKU000989,1687,1105.71,34.46,2026-09-20
a34fcf6e-1937-4988-b85e-ebbc241e46a9,SKU000990,14782,10471.12,29.16,2026-09-20
f5b26cf3-37e8-4d8a-971c-e5bfe52f27cc,SKU000991,2781,1915.38,31.13,2026-09-20
dfbd569e-5adb-4314-bbd9-cf885e87b75d,SKU000992,3446,2619.57,23.98,2026-09-20
27c1a4cb-fd5d-4548-ba7d-bc6197c7a64d,SKU000993,8598,7262.42,15.53,2026-09-20
3371dbb1-d8d8-4e26-b072-c99cbf4a1bdf,SKU000994,10847,8564.97,21.04,2026-09-20
6c88ad7b-68f3-4ac1-a888-887b377f4f84,SKU000995,4595,3233.54,29.63,2026-09-20
4942169a-40e7-45cf-8057-0d380cdafb64,SKU000996,12646,8522.55,32.61,2026-09-20
8b93c3f6-fc18-41d0-8eec-9b1d06c89064,SKU000997,11828,6074.24,48.65,2026-09-20
f15c83c6-0643-4e8d-93ff-b9407924887a,SKU000998,11399,7987.45,29.93,2026-09-20
e9f4ec0b-ddb8-4cdb-9542-45b4b270815d,SKU000999,2085,1317.47,36.81,2026-09-20
630d0f38-c8eb-4b46-8d41-4e2bb9faf85a,SKU001000,4907,2533.15,48.38,2026-09-20
8b8a93f7-322f-48e3-be04-b02c5dbeb2de,SKU001001,12114,6443.84,46.81,2026-09-20
7ebc587f-2581-4ebc-bd56-38882a02442c,SKU001002,7645,6817.56,10.82,2026-09-20
beb5b0db-67ab-4428-bd46-dca9585cdcb7,SKU001003,5377,3051.75,43.24,2026-09-20
2e5c772a-188f-4299-a092-c1cfffc5e302,SKU001004,14074,13307.98,5.44,2026-09-20
43ca5e52-910a-42b1-a407-bad116896939,SKU001005,6697,5229.14,21.92,2026-09-20
86b1eda6-ff8b-487a-9c10-a52e1ad047ce,SKU001006,10437,9745.86,6.62,2026-09-20
c028d6df-f193-4fc6-a9c7-a69e44e54467,SKU001007,8064,5524.86,31.49,2026-09-20
1b358c1d-c2ae-4f09-a65e-478c4c196a7b,SKU001008,5729,5156.22,10.0,2026-09-20
b72f280b-61f3-4201-99a5-81375b5b202d,SKU001009,7324,5180.0,29.27,2026-09-20
3f11f7f5-d246-4627-946b-2b34947940d0,SKU001010,4717,3366.73,28.63,2026-09-20
bcea1ca2-9262-48aa-adda-bd6c93d70e28,SKU001011,6903,3766.09,45.44,2026-09-20
dfd1ac43-ee8f-4b65-b236-f6918418199a,SKU001012,9419,8254.93,12.36,2026-09-20
e77b5b1a-07ec-4ce1-a247-459d75a55fc2,SKU001013,1822,1195.28,34.4,2026-09-20
fd570ccf-1210-414a-8338-21df796914d2,SKU001014,8933,7473.38,16.34,2026-09-20
6b753709-ce88-48ba-9903-73b8b3457c21,SKU001015,2568,1851.88,27.89,2026-09-20
c8ebb1f7-a0eb-4595-90cc-d090ec2b82cc,SKU001016,3045,2216.2,27.22,2026-09-20
47d227c9-7dd0-403e-87b1-8f5513d6b61a,SKU001017,3459,2958.55,14.47,2026-09-20
e1bc387e-ae69-4c8b-8aaa-af23f7393a8e,SKU001018,8212,5830.94,28.99,2026-09-20
5ab5f294-6426-4275-aa2d-c81994eeda6d,SKU001019,5578,4964.49,11.0,2026-09-20
1ecdde8b-d70a-4a9c-a37f-000d17ef6453,SKU001020,12610,10261.98,18.62,2026-09-20
8bade033-ea4c-4c8f-beee-c4880a7af02b,SKU001021,9600,8456.16,11.92,2026-09-20
60eaa876-90c0-40d4-a56c-6f85e5eb5bb4,SKU001022,8211,7947.6,3.21,2026-09-20
2ecbd16c-f0d2-463a-9589-ad44e557956b,SKU001023,7573,4273.96,43.56,2026-09-20
5182a142-995e-4cd4-b896-ae3130abf82e,SKU001024,11228,6502.4,42.09,2026-09-20
2ac13ef7-d044-4324-8ec6-fac54b72afb4,SKU001025,3151,2772.53,12.01,2026-09-20
343dc5dd-bfac-4476-af2b-c1d216c704f7,SKU001026,12649,9706.64,23.26,2026-09-20
f7bcb1d8-7b6c-47ae-8fe4-978f410d9d08,SKU001027,5368,4730.27,11.88,2026-09-20
fee718c7-3319-4491-bbbb-794bed812401,SKU001028,9325,5604.89,39.89,2026-09-20
33abe591-3ca9-4ef8-9789-fb9f35ad9f58,SKU001029,2600,1824.96,29.81,2026-09-20
bef8ed5c-ca28-4743-ba41-a02636a5ddcd,SKU001030,8745,8339.62,4.64,2026-09-20
bfcbe429-e915-4cd6-be2c-42768521f5c7,SKU001031,10756,7909.89,26.46,2026-09-20
31697ebd-04b2-4b16-ae53-a1a00d624d62,SKU001032,10086,6971.52,30.88,2026-09-20
360bd692-047e-4f92-bba8-274f25637c8c,SKU001033,558,439.66,21.21,2026-09-20
f540d74f-5263-406b-90c0-6ff5fdf15c7d,SKU001034,11086,8057.82,27.32,2026-09-20
f32cd9e1-76ef-47c7-b003-77bf50b96cdc,SKU001035,4154,3341.12,19.57,2026-09-20
45a1e85b-8106-4faf-abc8-d9af44302692,SKU001036,4526,2445.94,45.96,2026-09-20
9009d1a2-9f96-4fc1-b11d-3fadd12e9ef5,SKU001037,14372,10722.2,25.4,2026-09-20
037bdcf2-cea4-4963-8dc9-dd36e5583809,SKU001038,9055,6234.34,31.15,2026-09-20
a84e70fd-ea28-402b-8641-e0f1b420f84c,SKU001039,8163,6483.4,20.58,2026-09-20
391f1f4b-684b-478d-9027-82648b7c06d9,SKU001040,14313,9547.74,33.29,2026-09-20
525eea6a-108a-42e0-a85d-cb00000d2a8a,SKU001041,3786,2344.12,38.08,2026-09-20
75a60160-4ee6-4024-8168-461cf64fd558,SKU001042,2092,1748.47,16.42,2026-09-20
9c88638a-81dd-4de0-af22-5ba7b76edc97,SKU001043,13279,9038.99,31.93,2026-09-20
cf35dcad-3198-4a3e-b970-7bcba1dcf46b,SKU001044,14715,9939.19,32.46,2026-09-20
453895d4-3855-4f0a-9036-ffa5a6cb2631,SKU001045,8059,6207.08,22.98,2026-09-20
070bbcd1-47ea-4498-9ecb-e6e2250a9c06,SKU001046,13426,12329.75,8.17,2026-09-20
2a515741-f39a-4849-b2d0-9170b8f8bdfe,SKU001047,3657,2897.08,20.78,2026-09-20
f3a05908-4b15-453d-850c-ee51145385e6,SKU001048,10928,9859.0,9.78,2026-09-20
e9ef2aa2-e812-441f-83b7-fa641c3be244,SKU001049,13036,6943.23,46.74,2026-09-20
8c5e33ef-f5fe-46e2-bb07-aa20c87053bd,SKU001050,5191,4177.28,19.53,2026-09-20
869d7fda-73e9-4956-9da6-ade5855734bc,SKU001051,11640,9105.6,21.77,2026-09-20
6e5bf12a-b25a-460a-ad4e-b84dc5e8fada,SKU001052,7893,4851.78,38.53,2026-09-20
5fe59d3e-6d8e-4f85-96eb-5cd4b0a49299,SKU001053,6358,6326.08,0.5,2026-09-20
89d325f2-fd93-42cd-84dc-b17f766a8a45,SKU001054,13003,10072.62,22.54,2026-09-20
70baa0c8-c34e-4e8a-b50e-aa9960199e2e,SKU001055,10085,5361.14,46.84,2026-09-20
921384ca-6559-44a2-ac87-2526bf4c7a6f,SKU001056,5634,4352.73,22.74,2026-09-20
1a526524-d3c2-4136-aaa7-b949677d9c7d,SKU001057,11102,5924.98,46.63,2026-09-20
3633fef8-a532-4c4d-a238-c2c1a50f5b91,SKU001058,1897,1324.09,30.2,2026-09-20
6eafa713-65c0-4def-b828-48dafc993c2e,SKU001059,4189,2217.41,47.07,2026-09-20
cc40644e-70d2-4c82-a9b7-cf5e2558f882,SKU001060,7567,6757.39,10.7,2026-09-20
9904735e-8a8c-4ad1-af20-3c6ca34654f4,SKU001061,12901,9938.66,22.96,2026-09-20
dd4435ad-a97c-443c-9c1a-06b4df4a73f9,SKU001062,10079,5169.48,48.71,2026-09-20
ce39a3b5-bde0-4cbf-8a4c-69fdf07fdd4c,SKU001063,3804,3666.73,3.61,2026-09-20
159f6a61-c93e-4b12-acb6-96aed5059bbe,SKU001064,4046,3422.92,15.4,2026-09-20
47344f96-0a7c-49d4-830c-f70d48191ef9,SKU001065,9014,7966.51,11.62,2026-09-20
ce3a00e8-6df2-4f5c-8ece-f53d00f723b9,SKU001066,7838,7619.02,2.79,2026-09-20
8587fdc4-a444-42cd-b5db-80c5151fc210,SKU001067,2884,2839.54,1.54,2026-09-20
8ecbfcc3-6a8b-4c74-9203-7633349fd4fe,SKU001068,9345,5293.16,43.36,2026-09-20
97765be2-6ee4-4cbe-86a8-06e697c54b1e,SKU001069,11556,7019.2,39.26,2026-09-20
ef482b81-f5a0-44dd-af84-095c9df27c3b,SKU001070,2180,1859.33,14.71,2026-09-20
822b1271-aa91-47cf-a746-d4bc1e7d4c2f,SKU001071,11332,9489.54,16.26,2026-09-20
69a6c758-76d2-438b-9cb3-fc57d167f9fd,SKU001072,11444,6682.54,41.61,2026-09-20
8dd524cf-84fa-492a-8f7e-e4b965fe8b9b,SKU001073,12174,8647.32,28.97,2026-09-20
0a4c9f08-f760-45fa-a373-368faec3f25f,SKU001074,10134,7443.27,26.55,2026-09-20
035e2d07-4e49-4692-90c0-2687b6ef2553,SKU001075,9109,5492.56,39.7,2026-09-20
93e55abf-8c7a-4af7-bbc6-39b58608d104,SKU001076,4633,2601.64,43.85,2026-09-20
f90a4ee1-1279-4185-be34-c139894eb884,SKU001077,14996,14691.75,2.03,2026-09-20
c151bc06-56b1-4918-8ba0-c88fc001c5ec,SKU001078,9848,6000.05,39.07,2026-09-20
e2640273-9ff9-482d-9796-5a577f6c931e,SKU001079,4880,2547.77,47.79,2026-09-20
8e8b75f2-6418-44e8-8aab-be21197aa184,SKU001080,1786,1354.12,24.18,2026-09-20
a98b822f-fc3e-4574-a97b-4fdbbbcad59a,SKU001081,2575,2406.11,6.56,2026-09-20
fef58613-c67b-4ebb-b4b6-3476d3fea60b,SKU001082,5913,5521.68,6.62,2026-09-20
3d5e6c52-e8f5-47fe-96bc-d0c5326577a0,SKU001083,1588,1513.17,4.71,2026-09-20
5f42f07a-b80a-46bd-99ba-6504d0b66c54,SKU001084,11671,8345.07,28.5,2026-09-20
17817551-6de4-42b3-96d9-b5ada80a3fe7,SKU001085,8560,5484.32,35.93,2026-09-20
5742e6ad-4819-45d8-9276-c7c7cc848319,SKU001086,14598,11468.33,21.44,2026-09-20
9d2a056f-2f18-4046-a1ea-7b5b2235cbdb,SKU001087,10594,8836.32,16.59,2026-09-20
02439eb4-192c-4ffa-8913-ff5f63bbedd4,SKU001088,9700,5655.92,41.69,2026-09-20
82a76b35-9393-4e68-b8fd-a8ee25a63598,SKU001089,4677,3743.58,19.96,2026-09-20
1d623d78-cb42-44d3-aa49-53fafa3031bc,SKU001090,5882,3596.97,38.85,2026-09-20
46f3cbda-be79-419b-848c-375ea0e5a253,SKU001091,8081,5991.79,25.85,2026-09-20
18e1e494-518d-4a5b-a543-0484331416d5,SKU001092,1024,693.09,32.32,2026-09-20
c2ad4bbf-6c27-47f5-80d5-d6142151627a,SKU001093,5495,4931.65,10.25,2026-09-20
95706129-3b21-4615-849e-f238538cd063,SKU001094,14646,8027.55,45.19,2026-09-20
02742f65-760f-4ddd-a982-fcdb15419c69,SKU001095,1327,1287.24,3.0,2026-09-20
13ec5aea-6bec-40ca-b666-feae7370a7ac,SKU001096,14017,10755.79,23.27,2026-09-20
9c45d463-b262-4de7-9954-65883ab3f062,SKU001097,1211,823.02,32.04,2026-09-20
90c180d6-46e5-4fac-9ec0-c0944e3bfc2e,SKU001098,635,343.54,45.9,2026-09-20
849a819c-febf-4b34-b449-12bb0bdd5d54,SKU001099,3835,2763.08,27.95,2026-09-20
03ad4194-b52b-4f01-a758-7a49df43106d,SKU001100,4499,3725.92,17.18,2026-09-20
b9fb446e-e80d-4ff7-8589-44d91b73d42b,SKU001101,7479,6660.13,10.95,2026-09-20
cf2ea439-10b4-4d66-82eb-10f179b84271,SKU001102,13304,11122.67,16.4,2026-09-20
ae6b869b-5420-42a7-b80a-3f767e9f5bf8,SKU001103,1689,1255.3,25.68,2026-09-20
e85ba805-90d9-41c6-bd70-6a1002740491,SKU001104,14589,8415.54,42.32,2026-09-20
2a7c4298-8190-44ac-86e4-5e8d2a12c826,SKU001105,13230,6640.85,49.8,2026-09-20
e1db061b-1244-4852-bbb8-1f7e9ff520ff,SKU001106,11538,7823.09,32.2,2026-09-20
f2746c1f-4a3f-4455-b02b-733266adb324,SKU001107,1108,824.44,25.59,2026-09-20
b0cc5cd8-0812-4388-b41c-17f4e9ddaa2d,SKU001108,7217,4450.87,38.33,2026-09-20
08ce544c-e72d-48de-981b-6c36e2908206,SKU001109,12303,9852.69,19.92,2026-09-20
3add311b-2d15-44bf-924d-959ac792f3a7,SKU001110,3162,3015.45,4.63,2026-09-20
7e3c2e55-38a1-4d7a-9549-ad1a0aeb5412,SKU001111,5467,5100.06,6.71,2026-09-20
fa8aafc0-7426-4cf3-a80c-84b9030bc1b3,SKU001112,14573,10558.83,27.55,2026-09-20
ad5d875b-d94b-41ae-b5bf-b456695f0042,SKU001113,12649,7693.13,39.18,2026-09-20
35bc655b-c517-49e6-9674-356c5f9c714d,SKU001114,1707,1657.39,2.91,2026-09-20
25f5a5a2-bd13-4801-b966-19088daa1bb8,SKU001115,4821,4613.33,4.31,2026-09-20
d02f9ef7-e667-4e8a-a303-b6fca017f10d,SKU001116,3340,2614.21,21.73,2026-09-20
bc2e025c-2c43-4981-9d99-ee636ad12a6b,SKU001117,4247,3048.74,28.21,2026-09-20
53fa1064-a6b0-405a-8315-632c6bcf38fa,SKU001118,9917,5623.07,43.3,2026-09-20
9b56a1e6-9ea1-4f83-a56f-074eb08b52bd,SKU001119,10820,9100.8,15.89,2026-09-20
3b405a3e-146b-4e37-b639-410527e97589,SKU001120,6650,3606.83,45.76,2026-09-20
0e96303a-5226-44a8-b4d5-25f7fd6deda9,SKU001121,6277,5862.71,6.6,2026-09-20
7680c0f5-1524-4e9c-b8a2-015290104ee7,SKU001122,10238,7481.82,26.92,2026-09-20
8bd1a24b-1b94-40b2-8733-0d9a374be1d1,SKU001123,8085,4219.31,47.81,2026-09-20
4a38658c-d84e-4098-bd6b-903b19604724,SKU001124,3900,3406.91,12.64,2026-09-20
068437b4-83c8-4857-94b3-5c2a1760f4b9,SKU001125,9367,6672.02,28.77,2026-09-20
9e9064a4-6619-4a4e-b2de-0c6ef699d26a,SKU001126,3176,2665.42,16.08,2026-09-20
0932954b-cca8-4ced-8a41-6ee44005b7b6,SKU001127,10479,9608.63,8.31,2026-09-20
12a3ffb8-2cab-47e0-946f-e51aa4bddb0c,SKU001128,2675,1523.52,43.05,2026-09-20
cf3aa634-45a9-478b-b300-e035f83c7baf,SKU001129,13190,9427.99,28.52,2026-09-20
f2410a4e-6c78-40d5-8af6-60ffb7652499,SKU001130,7418,4510.88,39.19,2026-09-20
52e01e25-7cf4-496e-b353-a845b8707727,SKU001131,13137,12783.09,2.69,2026-09-20
ddc6a1ec-4aa2-40df-95e5-d06b4a3df09f,SKU001132,9756,6204.95,36.4,2026-09-20
0cabba3e-ffde-42fc-aa02-8493ed550c1e,SKU001133,6803,4193.05,38.36,2026-09-20
5530f157-aec2-4209-8e07-f963c35e868f,SKU001134,8112,4934.86,39.17,2026-09-20
0511ba0f-bbea-4ecd-a1d8-0b14b23f38dc,SKU001135,2946,2492.59,15.39,2026-09-20
26183ffc-f033-4639-ad42-547b1f20d713,SKU001136,3132,1819.52,41.91,2026-09-20
970cd0aa-c73a-4e3c-8325-772528bb451f,SKU001137,10657,8541.4,19.85,2026-09-20
4c43034f-f895-4814-a6ec-efe86acc2591,SKU001138,6365,4613.34,27.52,2026-09-20
1f1b16dd-a763-40af-ac33-d2dcbe7aa8af,SKU001139,12638,6720.4,46.82,2026-09-20
6b9f6f22-265d-4862-a56c-c3f9b598a7f9,SKU001140,10742,5769.15,46.29,2026-09-20
cff5e74f-38d0-48ea-8a2f-2c13e79b3b2a,SKU001141,13553,9628.1,28.96,2026-09-20
abfe9517-68f1-4454-8b9c-c5856cdff4ff,SKU001142,5894,4505.04,23.57,2026-09-20
f1ac1744-d12a-4445-8834-37c2dae7c463,SKU001143,7951,4838.43,39.15,2026-09-20
3b569716-6e29-43a7-b9e1-bb6c351ce6a3,SKU001144,14947,11365.4,23.96,2026-09-20
df95ab0b-32d0-4286-a6ae-3ebada881c8b,SKU001145,12071,11719.66,2.91,2026-09-20
b2b05c6f-4ab0-430f-8fcf-241ac6706b35,SKU001146,4539,3921.1,13.61,2026-09-20
17eada7d-d366-4b65-bdf7-7e4d0c12a6bd,SKU001147,7370,4387.71,40.47,2026-09-20
2ce0b911-ebd4-4951-a4b9-cd5cfc339f3f,SKU001148,1853,1032.79,44.26,2026-09-20
afdca5d3-1578-46be-80d6-13f16cc3b46e,SKU001149,2450,1619.29,33.91,2026-09-20
bd3ea94e-9bb4-4039-8af4-6e81e1b3b1bf,SKU001150,14067,8317.64,40.87,2026-09-20
f1c5feb6-0448-4693-8b19-6e4490cca989,SKU001151,9604,8997.34,6.32,2026-09-20
d506501f-a4f3-4d4b-a67f-d0efdec68340,SKU001152,1057,653.23,38.2,2026-09-20
821a068a-b49a-44b0-bf6a-b350aef9e8af,SKU001153,3605,2650.38,26.48,2026-09-20
5d082c11-1773-4de2-8230-603676572d6d,SKU001154,10607,9341.65,11.93,2026-09-20
115cd8ba-9d2e-462a-85e3-8fdcb509df3a,SKU001155,3115,2478.64,20.43,2026-09-20
dc817e7a-258f-4f5d-bad8-7ce557f098cc,SKU001156,9915,6754.67,31.87,2026-09-20
935e6b9e-efe2-4fd5-934a-8b8ee3abc267,SKU001157,5811,3662.46,36.97,2026-09-20
31256008-ebd8-4d51-b2a2-373289d45e17,SKU001158,14849,11855.06,20.16,2026-09-20
0874c3de-d479-44d7-951f-3d3dd659a9c8,SKU001159,8704,7463.22,14.26,2026-09-20
3d42d57d-e191-4f95-9895-c3afe56045f3,SKU001160,9976,7667.79,23.14,2026-09-20
0f3751db-86b8-4da2-a630-04c37c49647f,SKU001161,9894,6087.34,38.47,2026-09-20
c7817109-4671-43f0-b34a-5d31aa497835,SKU001162,6327,4484.2,29.13,2026-09-20
f528f449-c510-47a4-a133-3774f8743e54,SKU001163,7831,4366.85,44.24,2026-09-20
dcf42083-a1c5-4565-b7ef-89ba7d07fd63,SKU001164,13097,7196.08,45.06,2026-09-20
96eafeff-8dfd-4738-97b9-23c573621c0d,SKU001165,13197,9962.51,24.51,2026-09-20
55f54d10-17ce-420d-ac56-d9b846c7ac30,SKU001166,12658,11620.28,8.2,2026-09-20
a2d0411a-f490-4f0b-a994-14f9d9923538,SKU001167,2156,1992.54,7.58,2026-09-20
a6c7cdfe-70e7-4f56-8f4b-97d93b5aad37,SKU001168,1783,1038.65,41.75,2026-09-20
37853fec-16e9-4e16-88f9-5186427e8432,SKU001169,7599,6538.58,13.95,2026-09-20
98e4355b-12a2-4779-94af-38b4bc5d12ce,SKU001170,11855,6104.48,48.51,2026-09-20
2f7837d3-750d-41c0-bfb7-93259b373322,SKU001171,11816,7251.87,38.63,2026-09-20
3a42a846-e725-44c1-bdfd-7518f3e0d513,SKU001172,7586,6217.44,18.04,2026-09-20
799dc764-8a9e-4742-bf3e-5e3f93486e62,SKU001173,1477,848.78,42.53,2026-09-20
d11c7675-b405-468b-ac72-f8dcc067db82,SKU001174,4687,3697.28,21.12,2026-09-20
4125c082-2f6d-4d27-8bf1-01fecc5d0d54,SKU001175,11551,6040.69,47.7,2026-09-20
84c3d390-38d4-4174-b879-aca7a7f887a5,SKU001176,593,560.29,5.52,2026-09-20
243cf870-125b-4543-a9be-0ac7989c21e4,SKU001177,4383,3284.99,25.05,2026-09-20
218c4ad3-a5a5-4ce3-a788-60ae04ff6bda,SKU001178,1469,1342.72,8.6,2026-09-20
87cba805-54d5-4add-b224-e6fe26c1163a,SKU001179,6036,3652.39,39.49,2026-09-20
f17a7aee-8b40-409d-a4bb-88dd552c6f19,SKU001180,3274,2573.26,21.4,2026-09-20
888c26e6-1548-428d-90bf-84ccd4830e54,SKU001181,8860,5912.34,33.27,2026-09-20
f657dcaa-c331-49df-97ac-36333234f291,SKU001182,1718,1326.83,22.77,2026-09-20
00f11d22-e293-4c71-9e31-027fe60e90a1,SKU001183,7550,6918.91,8.36,2026-09-20
ae3fc58f-a4ab-4d73-b4a6-61295ab38bb9,SKU001184,14566,9203.14,36.82,2026-09-20
0c0d925f-ae8c-4028-9714-593aca1804d9,SKU001185,2613,1742.92,33.3,2026-09-20
892f659e-af67-445d-838a-8394d06d5845,SKU001186,9850,5879.66,40.31,2026-09-20
52af1112-da82-43f2-a46f-f386bf575688,SKU001187,10369,9870.64,4.81,2026-09-20
a07f601c-3fd1-4f38-9c31-3a62464a2b4a,SKU001188,6649,4767.71,28.29,2026-09-20
ca90cbdf-12e9-4c33-9245-b4d91b4b99b2,SKU001189,9469,7501.12,20.78,2026-09-20
d318cdbb-47f0-4e85-aecd-7280f07e40a5,SKU001190,14509,11745.02,19.05,2026-09-20
552f692f-346d-41d2-861f-16c835f834d6,SKU001191,3556,2870.05,19.29,2026-09-20
f00fb90b-8e57-481c-9088-a79f6f4fd95a,SKU001192,3604,2294.85,36.32,2026-09-20
2e4219d4-f0a1-49f1-b9d0-2430e12b70ec,SKU001193,9093,6520.57,28.29,2026-09-20
ef6f697e-ecc8-403b-9ac8-445d543a8459,SKU001194,12705,11314.4,10.95,2026-09-20
282af3ff-9cfb-416f-b7d9-277d6c2d8d71,SKU001195,10437,8862.61,15.08,2026-09-20
a2461b58-7276-4fb5-b116-4b79702cd688,SKU001196,9534,5316.91,44.23,2026-09-20
dcdf6e04-79f8-4729-b31a-3cf4147ac145,SKU001197,14662,8619.5,41.21,2026-09-20
a2ef05f3-84ed-4c1c-bb5e-bd838223301c,SKU001198,4225,3427.05,18.89,2026-09-20
9b318bd2-0ab1-4fd2-8b35-c193c97209e9,SKU001199,4777,3193.8,33.14,2026-09-20
5e898b3f-96f0-499f-af5a-69a8c2bb98e6,SKU001200,6572,3803.61,42.12,2026-09-20
be6a853d-3113-4ed6-891a-3a0dc31cab0d,SKU001201,8827,8370.12,5.18,2026-09-20
d3a452b8-af5d-4978-9bb1-464dd9657ebf,SKU001202,3834,2881.62,24.84,2026-09-20
3e050c9c-3d3c-4c98-b1eb-ac7a4a381c41,SKU001203,12185,10803.69,11.34,2026-09-20
c6fd111a-a282-4820-8d76-0bff605a27c6,SKU001204,511,272.5,46.67,2026-09-20
1f0b8742-926b-47eb-9c96-71a517b05f38,SKU001205,2741,2345.68,14.42,2026-09-20
7330375c-9c68-4dc5-9248-fcb51a4d3b73,SKU001206,11364,6600.86,41.91,2026-09-20
31c9c001-8af0-4ca8-a7c9-4a964d12788a,SKU001207,9493,7159.66,24.58,2026-09-20
599a542a-144d-44a3-b031-45dc28a15481,SKU001208,12220,9341.86,23.55,2026-09-20
4e83f2b3-b1ff-408c-9cc7-b817f006b7f0,SKU001209,8006,7407.23,7.48,2026-09-20
a00927d2-29ac-4d64-87d5-54e5fb3efda3,SKU001210,5164,4128.61,20.05,2026-09-20
120e926b-0ecb-4d13-a2f0-15d5a684f02e,SKU001211,8927,7077.64,20.72,2026-09-20
e1fe4bd2-f038-4b4b-a6ec-ee9ee9073897,SKU001212,9192,5280.39,42.55,2026-09-20
645677da-e19c-4607-9115-1453af26f789,SKU001213,10110,6960.34,31.15,2026-09-20
cd8cbde9-3ebe-44b1-8887-f2c6b88cf847,SKU001214,10650,6872.89,35.47,2026-09-20
e147182c-7282-4fd7-a83c-99c5e258dd93,SKU001215,14777,10740.86,27.31,2026-09-20
532db960-d102-4b91-9c5f-7ec676af022e,SKU001216,14650,11677.73,20.29,2026-09-20
5fd4286a-8d7d-4865-9b70-35519708a8bf,SKU001217,13732,13592.13,1.02,2026-09-20
55e76541-edd7-4168-8e96-c24436840f2c,SKU001218,6281,6052.95,3.63,2026-09-20
ca15fbfe-4a45-4d82-ad5a-580f26e322f0,SKU001219,9718,9652.54,0.67,2026-09-20
db63fb6d-2aa0-4192-b48e-eef127e57dbc,SKU001220,10606,7221.53,31.91,2026-09-20
401a94c1-beea-4f3b-a840-933cd3868712,SKU001221,7024,4583.22,34.75,2026-09-20
7be271cd-bcdc-4960-9b63-5da27c337035,SKU001222,6688,5319.5,20.46,2026-09-20
f1c35106-5283-44ba-8b3d-7c660d504a86,SKU001223,6110,6038.3,1.17,2026-09-20
c1705951-b5ac-4005-a4b5-6aafe6e91308,SKU001224,7749,6272.98,19.05,2026-09-20
3f0ddfe6-8f31-4557-8b65-987f0c558774,SKU001225,2087,1333.75,36.09,2026-09-20
e22c8aa0-4e3a-47b2-a760-5b159c331f36,SKU001226,3925,2749.43,29.95,2026-09-20
b3321ac1-64b1-4a07-a713-d85dafe6ffd1,SKU001227,2183,1239.34,43.23,2026-09-20
59736270-dd6d-466b-8ef8-25f179dc7b15,SKU001228,12815,9104.9,28.95,2026-09-20
85780232-d9ae-4ce1-87c5-a8976e7e0074,SKU001229,9771,9411.13,3.68,2026-09-20
c1bcf1a7-565a-4e66-b7f1-9575422aa146,SKU001230,10750,6676.54,37.89,2026-09-20
f26faa4d-cf4f-41ef-8b57-eadd6ef7a73b,SKU001231,6639,6316.99,4.85,2026-09-20
ff3db06a-c589-4fec-bd8c-d4cda3ad224c,SKU001232,5109,3908.04,23.51,2026-09-20
98dbcee2-0f7d-4f3f-affb-7fa4c82cf5f3,SKU001233,5446,3051.42,43.97,2026-09-20
c5209652-6dac-408d-9c37-338a0bffcd2c,SKU001234,12200,10454.69,14.31,2026-09-20
3e248fa1-4f80-4f94-8d22-57ba9f590224,SKU001235,14223,10934.09,23.12,2026-09-20
a6f5fa39-6d2e-4600-a5a6-37da59ef92a7,SKU001236,5438,3388.19,37.69,2026-09-20
89ee9ebf-c022-44e5-93cc-a4447e626aa7,SKU001237,6840,6759.01,1.18,2026-09-20
345681cd-aec1-4731-8009-6557515fac6a,SKU001238,3887,3020.09,22.3,2026-09-20
cb493b03-c355-4210-9a05-54261e8d8d3f,SKU001239,13321,8068.08,39.43,2026-09-20
2c71035b-3f95-4a18-9d90-deae969f015a,SKU001240,4791,3853.94,19.56,2026-09-20
3dcf7bb3-2fe2-41e6-93df-09ccf76c52c2,SKU001241,7760,6940.26,10.56,2026-09-20
1c01e959-b26c-4b75-b793-3fb12d4b8864,SKU001242,10144,8740.84,13.83,2026-09-20
f735c8d3-3f60-448e-aee3-34fb5e7139ca,SKU001243,7976,5934.65,25.59,2026-09-20
8d324e98-a68c-46c0-b767-9a2442f505ce,SKU001244,6086,3995.13,34.36,2026-09-20
6ccd8fd4-2afb-459a-ae96-729ec3a19d36,SKU001245,11925,6467.85,45.76,2026-09-20
319927aa-b9bc-4060-86d3-f72d12e5fa51,SKU001246,14097,9258.62,34.32,2026-09-20
4f0fb942-1f00-407f-8991-9edb8d5a5a40,SKU001247,510,313.44,38.54,2026-09-20
b08e2b8c-678a-41d5-9104-b557c54fbf65,SKU001248,9682,8084.81,16.5,2026-09-20
37d75e89-0c15-4582-b2d7-39b9c2f59d84,SKU001249,14186,12673.5,10.66,2026-09-20
a0df2baf-8712-405b-aa73-a62090cb5caa,SKU001250,13584,9603.59,29.3,2026-09-20
932a68cf-11a3-4bf7-b821-8255541b0eb9,SKU001251,2150,2092.3,2.68,2026-09-20
6ae19585-f25a-44dc-8da5-0a9be930d0b6,SKU001252,5061,3524.62,30.36,2026-09-20
6ce853bf-eed1-4a3e-9aa9-201b4cb10630,SKU001253,4850,3857.01,20.47,2026-09-20
29b3825b-b6c4-4683-bed5-bbc604fe7dfa,SKU001254,13982,13372.0,4.36,2026-09-20
1b0b4f6f-b8a2-4dc8-af88-669eaa6314ed,SKU001255,3026,2005.87,33.71,2026-09-20
2a3fba52-c3eb-4399-afb2-60aefe2f76a1,SKU001256,12660,6377.5,49.62,2026-09-20
f7d82331-a558-4493-a955-bacb8a6ef3a0,SKU001257,14737,11079.43,24.82,2026-09-20
2069371d-18d0-4efc-9667-b8aa1f98b86f,SKU001258,11429,10426.98,8.77,2026-09-20
1b62b83e-aae0-4492-b946-051404969cf7,SKU001259,6979,4144.21,40.62,2026-09-20
78882747-ae39-4f74-9560-489f94303ee8,SKU001260,11953,6588.37,44.88,2026-09-20
154fc797-b86a-476b-b91c-ceb4e1881491,SKU001261,11036,6763.61,38.71,2026-09-20
cdff1fe7-a02c-486d-9bed-93cb56ea99f2,SKU001262,3934,2286.89,41.87,2026-09-20
b58c35e0-a740-421a-8b23-0cd976ec1c7d,SKU001263,11267,10322.5,8.38,2026-09-20
fab0e3df-23f6-485a-8b75-7dc39ccb626a,SKU001264,7554,6647.96,11.99,2026-09-20
33c4c7c1-f816-4c7b-a63a-a4ff5100b7ec,SKU001265,2907,2041.57,29.77,2026-09-20
ce5a0e8b-b5a7-4f01-8d67-20ae3561c771,SKU001266,2890,2379.02,17.68,2026-09-20
fa4e4745-02cb-42b0-b357-ad218c634c62,SKU001267,5984,4170.51,30.31,2026-09-20
328ca78b-a2f2-4486-91f0-1be6d42da599,SKU001268,5814,3522.04,39.42,2026-09-20
2e20becd-a183-4051-a438-d11e6f18c289,SKU001269,3031,1697.97,43.98,2026-09-20
6157f728-803c-47c9-aec0-48df2f45b4b0,SKU001270,14112,13960.56,1.07,2026-09-20
ed0dbd82-6573-495d-8a5b-adcd76fe1596,SKU001271,3448,1875.0,45.62,2026-09-20
eb1783d8-726d-422f-a10b-feeaa5b07ff2,SKU001272,9614,6618.52,31.16,2026-09-20
8f656fe5-9db8-40b7-a380-6505d2edfe46,SKU001273,13616,9736.04,28.5,2026-09-20
824be4c8-b55b-4169-a77d-cfe81ac5e527,SKU001274,2714,1372.92,49.41,2026-09-20
e697234e-1b00-49ce-b3e8-a8aa8f1e9e48,SKU001275,4273,2165.94,49.31,2026-09-20
48f527ee-41db-4664-902f-a36dfa149f10,SKU001276,2429,1620.21,33.3,2026-09-20
83036f22-fe2d-43f8-97f4-ec061540e378,SKU001277,7263,6408.23,11.77,2026-09-20
8b799d06-d224-4bf5-88bf-171181df690f,SKU001278,13060,9336.31,28.51,2026-09-20
1e4db9b8-4693-42fd-be00-244abc68f25d,SKU001279,2990,1610.72,46.13,2026-09-20
1554da4d-4ab4-430f-a810-90c7401d01b5,SKU001280,4269,2782.74,34.82,2026-09-20
d96bcac5-aeb6-4191-955d-c444f30238e5,SKU001281,14451,8894.34,38.45,2026-09-20
28562e8a-b226-4258-b0f4-b1179c3f2e29,SKU001282,14206,10712.57,24.59,2026-09-20
807aa44a-697b-4b39-93d1-ef0261185ca4,SKU001283,5281,3867.21,26.77,2026-09-20
5b3c129f-e607-4f1b-a2ee-33077d9a5c83,SKU001284,8713,5380.65,38.25,2026-09-20
b441501e-9524-4510-81b9-d199f1c78b43,SKU001285,12058,9347.67,22.48,2026-09-20
6e672368-5aa7-4bd9-bf16-aea311e4dbfb,SKU001286,10440,6427.26,38.44,2026-09-20
3e16212c-bb12-4ce9-98a5-ff0e0bddfd4d,SKU001287,2366,2244.52,5.13,2026-09-20
720ef05c-d59b-4d46-abf7-a434ac0f77d3,SKU001288,6101,4215.04,30.91,2026-09-20
115e04f7-8ba4-48d0-87e9-b76da3f2d87d,SKU001289,7705,4234.21,45.05,2026-09-20
97386eb4-7210-41b0-8598-f2582e1c5c58,SKU001290,5671,3164.3,44.2,2026-09-20
198385f2-3ca1-44bd-bcdc-cc0304ce2aad,SKU001291,5890,3376.57,42.67,2026-09-20
c08f64e9-5cca-4e7c-b7ca-3bd300840900,SKU001292,7185,6526.94,9.16,2026-09-20
159b7f04-f08e-41bb-b890-6e54921982a1,SKU001293,12869,12532.93,2.61,2026-09-20
cbf440d2-4126-49ee-81ac-ee681ffd1435,SKU001294,10919,9147.89,16.22,2026-09-20
3ce40781-e551-478f-ae98-f85b2ee635ce,SKU001295,9063,7687.42,15.18,2026-09-20
c0c57747-8c3c-4f15-a3f1-0ab975d32924,SKU001296,3118,2903.06,6.89,2026-09-20
121f2119-7c80-4cba-8067-2148e8b44439,SKU001297,6199,4360.62,29.66,2026-09-20
48490a0e-651a-4c90-9511-563d773bb1b0,SKU001298,5024,4723.86,5.97,2026-09-20
92634e3d-4f48-41d2-a0ea-eef568917112,SKU001299,13216,13018.43,1.49,2026-09-20
1f067993-67cf-4250-a29a-d66c1bc8caf4,SKU001300,8704,8330.7,4.29,2026-09-20
fe59a259-0831-4f06-a667-46eba260871c,SKU001301,11397,5827.76,48.87,2026-09-20
05a308b8-c303-4ab7-9146-d2916a83d678,SKU001302,3474,1895.55,45.44,2026-09-20
1346562d-d210-46b3-bb8d-d656ce070f79,SKU001303,6639,5028.38,24.26,2026-09-20
d2e359fd-5df6-4eb1-a959-7d151c3275db,SKU001304,8899,6293.02,29.28,2026-09-20
9dae3cdc-6837-4c38-9247-860a42a8e81a,SKU001305,1830,1350.76,26.19,2026-09-20
5ee28740-d2f7-4c29-84c0-9c9a1b2e57f7,SKU001306,10862,6789.89,37.49,2026-09-20
87c6fd91-9121-41ba-88fb-44fe5ce7fb01,SKU001307,5960,3728.52,37.44,2026-09-20
c19fdff2-e7f3-4bdd-b5ac-faa749f79291,SKU001308,6142,4681.87,23.77,2026-09-20
a9399bac-7ae6-4f04-9711-c94a6e6ed97c,SKU001309,10693,5982.26,44.05,2026-09-20
27ae5211-27bf-4cb2-ad84-c5010b04b89b,SKU001310,3268,3210.52,1.76,2026-09-20
9a53d8c5-be49-4d4a-8c04-b5aa9a57e711,SKU001311,12279,8790.85,28.41,2026-09-20
fc7bcbb8-d27f-49d0-bc93-2bd3cf39824b,SKU001312,11695,9389.03,19.72,2026-09-20
58744a2f-828f-4d54-a559-34a448339782,SKU001313,4636,2362.28,49.04,2026-09-20
18079043-92b6-4783-867e-7356840f8926,SKU001314,8432,8129.28,3.59,2026-09-20
53b97d8a-8725-43ce-8189-d89bd78eb2f5,SKU001315,11157,9574.68,14.18,2026-09-20
04fd4dce-8238-4dba-bf79-6c0f220b0b92,SKU001316,5915,3442.58,41.8,2026-09-20
6b9be91f-a96c-4bbc-883f-e0036decebd4,SKU001317,2000,1750.75,12.46,2026-09-20
e64815dd-5fb6-4a26-bac9-b2e59cca9b64,SKU001318,13169,6938.52,47.31,2026-09-20
ea2438f1-e4b7-4230-bab4-07addd29a0ae,SKU001319,6122,5695.27,6.97,2026-09-20
6c176e23-ea0a-4eb7-995d-f85772944160,SKU001320,8752,8231.59,5.95,2026-09-20
45e9bafa-6e3e-4131-85a9-dab4afb7cbc7,SKU001321,13350,11702.76,12.34,2026-09-20
1979725b-2cfd-4687-b727-38030a3530a8,SKU001322,5892,5117.73,13.14,2026-09-20
319adaf3-9a63-4614-8a90-46cd23d44021,SKU001323,2067,1287.07,37.73,2026-09-20
2818d4c4-2570-4098-86aa-5f2251158296,SKU001324,5346,2966.18,44.52,2026-09-20
c214330b-1bf4-4bb5-be97-af03bc715b27,SKU001325,5592,4485.7,19.78,2026-09-20
0441d434-bda1-4dcc-91af-6c5eb11a0648,SKU001326,7485,4207.52,43.79,2026-09-20
ab3a279b-5ef1-4758-a1a5-712d79517038,SKU001327,8261,6755.21,18.23,2026-09-20
c8355307-672d-4bb0-bf53-182b5833ae91,SKU001328,7740,6848.09,11.52,2026-09-20
8aa7b4d6-64e3-4f6f-aab9-a8621e196050,SKU001329,6344,6331.84,0.19,2026-09-20
819ec3ea-89fe-4aa2-a162-8bfaadd4db05,SKU001330,1695,1414.13,16.57,2026-09-20
881d4fa2-a690-44a5-b4a4-5ba5ee37290f,SKU001331,1957,1336.89,31.69,2026-09-20
699bd487-0732-4489-b489-3eea57dd9d55,SKU001332,10064,9407.41,6.52,2026-09-20
2e88de99-a7c7-45f6-869c-b7a419feb3c5,SKU001333,9871,9310.33,5.68,2026-09-20
0ef158c6-02f8-4f7a-b780-8f67e3951bfa,SKU001334,13999,8784.5,37.25,2026-09-20
6a286b35-fa82-4dc1-a4bc-2dcdd944658f,SKU001335,7118,7009.87,1.52,2026-09-20
2dbeb9b2-7589-4cfa-906c-fe8abc2ddca1,SKU001336,7142,4682.22,34.44,2026-09-20
7e789ca1-3174-4823-a435-dd3b80e60c60,SKU001337,739,496.59,32.8,2026-09-20
b341ccc5-01ba-4286-b730-b851568a8f59,SKU001338,5862,3328.21,43.22,2026-09-20
3b479bae-087a-4def-a1d7-49fb531f9272,SKU001339,12270,7659.95,37.57,2026-09-20
45318939-e443-479a-99c1-416bdaf8fbe0,SKU001340,1276,1060.35,16.9,2026-09-20
ea5f2eae-259c-4ebf-a3e7-fcc51a39edbc,SKU001341,1508,839.61,44.32,2026-09-20
b1b67ba2-fefa-4450-bb8f-4bb3452bdb33,SKU001342,3762,3044.89,19.06,2026-09-20
b9482ecd-07d9-4b56-b793-5f1ebef41888,SKU001343,11001,5658.74,48.56,2026-09-20
68f307df-fe6d-49eb-a1b8-eb83a0094035,SKU001344,10121,8222.18,18.76,2026-09-20
29f6002c-ea49-44e8-aa07-2573d2fbf2fd,SKU001345,12134,7472.6,38.42,2026-09-20
8d6f4dbd-9423-435e-b5c4-5a41752f62c8,SKU001346,10531,6212.3,41.01,2026-09-20
62134652-9289-47b3-a0a3-4a8d5f155167,SKU001347,8212,5893.5,28.23,2026-09-20
56f34570-2e25-40df-9ae3-e53db6ef3ea0,SKU001348,12968,7926.18,38.88,2026-09-20
4ad546bd-ab69-4cda-8436-9100ab9ecd26,SKU001349,7002,4751.23,32.14,2026-09-20
b9c2281d-1676-46f5-b3a9-ba14ba386ac2,SKU001350,11540,7056.88,38.85,2026-09-20
b0e289fa-35bc-4b01-b40c-a5dcb046a9f5,SKU001351,4281,3765.5,12.04,2026-09-20
a1636a7c-d361-421c-a72d-e86a7874d618,SKU001352,12041,11722.07,2.65,2026-09-20
a5d5bb93-570e-4989-8b36-21c5287a33be,SKU001353,4251,2138.97,49.68,2026-09-20
50d0eb99-9fd1-4d03-8cf1-fe6caf2f778a,SKU001354,1875,1831.84,2.3,2026-09-20
cadcfdb8-a3f8-4bc5-96ea-2ca0170e96d0,SKU001355,12143,11527.2,5.07,2026-09-20
24d366f6-21f5-40b3-84dc-69a37d990ba0,SKU001356,10881,10621.77,2.38,2026-09-20
c75a6c62-56d5-41e6-ae5e-e831a186eb76,SKU001357,896,499.14,44.29,2026-09-20
da7c4b91-037d-45b1-9f58-00a3b34fa856,SKU001358,10659,8969.19,15.85,2026-09-20
fae55150-5886-469c-b84a-e6032ca42baf,SKU001359,4401,4013.91,8.8,2026-09-20
cb94bcf6-e348-4ad0-b372-6c53da9206ce,SKU001360,9476,5497.28,41.99,2026-09-20
30c14600-2847-4c48-ac10-a72ae6ac0168,SKU001361,1154,1113.09,3.55,2026-09-20
718216d9-7c9c-44f4-84df-7f9631627b95,SKU001362,12591,10671.64,15.24,2026-09-20
66332b7a-276c-4451-bf5d-f89e3c7724a6,SKU001363,937,913.61,2.5,2026-09-20
0cdbea38-9386-4881-a02c-9bace9a237d5,SKU001364,11263,7182.14,36.23,2026-09-20
4fd42faf-b7ec-4252-a1bc-1f61719ab7bb,SKU001365,2243,1952.21,12.96,2026-09-20
99279092-0631-4d33-8d99-b69fbaca84eb,SKU001366,13956,8658.19,37.96,2026-09-20
aae8cbcf-a113-49b0-b377-98ec7b9bc17b,SKU001367,9581,7720.31,19.42,2026-09-20
e6c744ea-1263-44ef-9d70-c6a4749d2619,SKU001368,7755,6908.25,10.92,2026-09-20
9ed20e7a-5d54-4118-8c3b-3edef698edeb,SKU001369,14252,8406.41,41.02,2026-09-20
a86bad85-0533-4bab-b920-38dffec68703,SKU001370,11077,8878.22,19.85,2026-09-20
b4fd2f29-7275-439d-85bd-8c493e93a4ed,SKU001371,7423,7244.55,2.4,2026-09-20
0a6b8846-c2a6-4c09-837b-0a8f8315af56,SKU001372,2929,1581.57,46.0,2026-09-20
6685a6eb-21ec-4c80-9d3c-11f4fd8960a7,SKU001373,6219,3250.61,47.73,2026-09-20
fb55842d-ed71-41fc-8200-0171ecd083a8,SKU001374,9512,7626.25,19.82,2026-09-20
b0626fd8-648e-43ea-b72b-be6c3edede44,SKU001375,8499,5428.9,36.12,2026-09-20
34d8a36f-2def-4267-b77c-ba57b2195cdb,SKU001376,12875,10909.73,15.26,2026-09-20
c609448a-dab1-4e13-a364-8d98e9834752,SKU001377,6329,4673.49,26.16,2026-09-20
add7148d-fd39-441d-bcf6-c11b94d37585,SKU001378,12344,11123.12,9.89,2026-09-20
a6fa7959-0943-42b8-8127-ef3e3e3e3e12,SKU001379,1430,1047.88,26.72,2026-09-20
112ec747-8d64-459e-af26-be16e2b447ef,SKU001380,1017,789.72,22.35,2026-09-20
61cd02da-f1a7-470e-8afa-1c4ebebdd4e8,SKU001381,11618,11061.62,4.79,2026-09-20
c215534d-73e5-4dbe-a442-4d31c652d698,SKU001382,10632,5737.88,46.03,2026-09-20
ad566e1e-bdd2-4696-a9a4-9f6559463be8,SKU001383,14243,11070.02,22.28,2026-09-20
c5a75a9d-05f2-4aac-82e8-7f2062738794,SKU001384,4270,3605.49,15.56,2026-09-20
3535c3c7-ac33-4385-a66b-8dc0b22e98fb,SKU001385,5122,2908.53,43.21,2026-09-20
ff139133-d609-45b1-8f72-a8bfdfc15ef9,SKU001386,12360,10594.27,14.29,2026-09-20
3c952906-f382-45d1-b234-e0d2320973c2,SKU001387,3832,2436.02,36.43,2026-09-20
d1b69261-4965-4f71-9b98-8704c8228930,SKU001388,12409,6671.58,46.24,2026-09-20
541a5e3f-a985-493b-956d-8ee75946cd73,SKU001389,10357,7463.27,27.94,2026-09-20
b4d63a58-59a5-463e-a637-ac8f2972c790,SKU001390,3098,1878.69,39.36,2026-09-20
a3498d37-3b24-4887-a613-fd79b83456e1,SKU001391,1660,1066.17,35.77,2026-09-20
5b66972f-a348-4e47-a57c-ba8685e93e34,SKU001392,14139,11422.6,19.21,2026-09-20
f265ce54-c465-49eb-b49e-8e7c88072065,SKU001393,14528,7855.99,45.93,2026-09-20
95e3149c-c5d1-4ecb-ab57-b00f70823fc0,SKU001394,10828,8344.61,22.93,2026-09-20
df526c57-8f45-49aa-986b-3f2d5e90c2cf,SKU001395,6285,5702.66,9.27,2026-09-20
56554fae-66ea-4b1d-9ec3-fffab30f0ddf,SKU001396,11213,8021.92,28.46,2026-09-20
13b57cbb-6f61-4311-8e56-7c00eaa450e4,SKU001397,8815,8233.69,6.59,2026-09-20
2b7bee5d-316e-4cba-b765-cbbc80549793,SKU001398,10077,8743.18,13.24,2026-09-20
f62dade7-efe5-4dd1-8bb4-4eafe527fc3a,SKU001399,7842,5524.18,29.56,2026-09-20
ea1bc617-dec7-4c3d-b77b-18ad66a9654c,SKU001400,4352,3601.79,17.24,2026-09-20
9f782fcd-baf9-4ee4-baec-59d41d2d6404,SKU001401,7785,5125.56,34.16,2026-09-20
65b3ac6c-addd-4327-9dd0-2a451a3978e5,SKU001402,13367,9220.34,31.02,2026-09-20
4bf3fe34-d13f-431f-be82-1a5fdbf01e7d,SKU001403,14714,11117.41,24.44,2026-09-20
5f36ab6d-e959-4318-aa26-fa0ff5841661,SKU001404,10713,10214.08,4.66,2026-09-20
fc5d94c8-260c-49f4-af3e-9548035a54fb,SKU001405,14205,13803.9,2.82,2026-09-20
d969ef60-581b-4662-8784-078bc66e1eb8,SKU001406,6500,3323.18,48.87,2026-09-20
ca90dbf5-b876-40ad-b67d-76984308f046,SKU001407,10958,8757.55,20.08,2026-09-20
842879ae-e2dc-4980-8de6-564abecdbbe9,SKU001408,1006,998.47,0.75,2026-09-20
faa7ddc4-9040-4453-973f-97cbbb5e5092,SKU001409,6298,4580.06,27.28,2026-09-20
5161de53-f095-4bec-8d04-a589a4067f9e,SKU001410,6481,6038.64,6.83,2026-09-20
00f1d98d-47ee-46fa-87ae-24609553b898,SKU001411,13006,8071.12,37.94,2026-09-20
73cbea15-7e6a-4dba-85d4-203387e3abf3,SKU001412,14357,9634.38,32.89,2026-09-20
78981e3d-2809-4836-8f09-75c6cbcbbf74,SKU001413,3408,2927.86,14.09,2026-09-20
41ca7364-6ea9-4d5e-be95-01e52dd09e48,SKU001414,530,350.28,33.91,2026-09-20
214a85c6-2e55-4730-8b41-9405c49ff144,SKU001415,4924,4198.7,14.73,2026-09-20
b5660043-fbba-43a1-80f4-3b07059f4bc3,SKU001416,13343,7895.84,40.82,2026-09-20
bbea02e1-2487-43d0-a1f6-ab321559ed5d,SKU001417,4534,4008.23,11.6,2026-09-20
b7c1e0a0-2ab9-4518-af14-63e2449defb6,SKU001418,14322,10106.34,29.43,2026-09-20
62714bc1-844e-400a-a0ac-1f2c4520396e,SKU001419,12681,7499.47,40.86,2026-09-20
2587e00a-49f2-4ed5-b9fb-578cab73a8ab,SKU001420,12850,9756.01,24.08,2026-09-20
2930d4e9-22e5-463a-80a8-9d05509f46dd,SKU001421,8082,6024.93,25.45,2026-09-20
699fd21a-ab61-463d-9857-0285a3ce93e4,SKU001422,14688,11679.41,20.48,2026-09-20
4bea7dd9-fbcc-4301-8a19-ea25df7e4cf0,SKU001423,4211,4127.48,1.98,2026-09-20
1fad475f-4bd2-4eb0-b2e2-0e5bd4d4bb4c,SKU001424,3166,2978.0,5.94,2026-09-20
0ace157b-8d88-460f-9abf-d46e093f5654,SKU001425,10118,6238.03,38.35,2026-09-20
c08e9b8c-61ce-4b89-8c8c-75198485628e,SKU001426,2117,1143.74,45.97,2026-09-20
9592cfee-6908-4ace-bebb-1ccae8c7a7c0,SKU001427,5563,2858.57,48.61,2026-09-20
de115176-6899-4e9d-85bc-36fb48fb09b5,SKU001428,14517,12183.06,16.08,2026-09-20
7e9505a6-a401-4eae-b91a-a9ea16d2506c,SKU001429,11063,6140.66,44.49,2026-09-20
499a8501-3b1a-4ac7-a709-07cd9b433194,SKU001430,7329,6364.41,13.16,2026-09-20
fba93f02-09e5-4333-9e0d-2407720173e0,SKU001431,7927,4931.35,37.79,2026-09-20
54f41489-a241-416e-b2b4-fd262f3b93e8,SKU001432,7895,5681.78,28.03,2026-09-20
be91bc97-8295-46d0-8cb8-07cba2e62d43,SKU001433,7509,4380.18,41.67,2026-09-20
3b5a8ce7-caeb-4201-9be9-720180169c58,SKU001434,9786,9618.6,1.71,2026-09-20
f269f82e-ae5e-4ab4-8a44-c8fb5411943a,SKU001435,14897,14698.06,1.34,2026-09-20
067b35c0-aa8f-4cfa-a076-db382e642682,SKU001436,8678,7802.48,10.09,2026-09-20
cd445e8c-9195-4f6e-98e2-1bd371ed7c5d,SKU001437,2981,2590.33,13.11,2026-09-20
549c7c8e-b2c8-4734-a48f-53db75bcdb80,SKU001438,9042,8664.37,4.18,2026-09-20
7571439e-d43f-49aa-a24f-e97e30a1c051,SKU001439,3913,2690.14,31.25,2026-09-20
2f79a45c-08e9-4bb5-bf11-7710c6c544c5,SKU001440,4963,3399.15,31.51,2026-09-20
282ce285-e44b-4ef8-9704-7a4853aeb6cb,SKU001441,3418,2390.29,30.07,2026-09-20
b5294050-9b50-4d2a-a486-8d856c74749d,SKU001442,7002,6622.23,5.42,2026-09-20
3bfb4f8a-b3be-41ba-96e3-0015bf67cd54,SKU001443,4562,4184.62,8.27,2026-09-20
09a48918-d73b-420f-b1a8-34000b1fd2a1,SKU001444,1014,622.95,38.57,2026-09-20
d6fc2c01-0a8e-418c-b115-31a69b49f9d3,SKU001445,10174,9442.19,7.19,2026-09-20
ab77eafe-f59b-462d-bfd8-3e498a9ecbdc,SKU001446,1926,1453.21,24.55,2026-09-20
d54c9ba9-fee7-4fb9-b2a1-ceeb0abeb903,SKU001447,7800,5017.86,35.67,2026-09-20
a73f2b77-c48e-49c6-a0f2-62e06e3f113b,SKU001448,12841,8871.28,30.91,2026-09-20
de86578b-bfbd-4d6f-bb14-60eb9d8a75fb,SKU001449,3432,2829.37,17.56,2026-09-20
b2e31474-34f2-49e2-b4f6-54d0652b34d2,SKU001450,5853,3175.9,45.74,2026-09-20
fa34df67-2e31-4434-91dc-4441045324a2,SKU001451,7911,5458.91,31.0,2026-09-20
fec200cc-2ff5-4702-b758-7057a61a2835,SKU001452,569,522.03,8.25,2026-09-20
12726230-f9a4-4c7e-8693-76f690344457,SKU001453,6910,4332.83,37.3,2026-09-20
e70aba83-a020-4805-b587-2c0944bf13ca,SKU001454,11150,10183.61,8.67,2026-09-20
03589f12-9d39-49c1-84e8-6839fedda3ff,SKU001455,6091,5231.15,14.12,2026-09-20
4d5f80d3-3122-4594-8984-e0b44de935d5,SKU001456,631,382.97,39.31,2026-09-20
d49940ad-9441-48e3-a165-13ca020c721f,SKU001457,2035,1521.35,25.24,2026-09-20
dd5c926c-0953-402a-839a-c30fab225285,SKU001458,7740,4553.69,41.17,2026-09-20
80ccb4fc-5546-4986-8dc3-c9cb68a2d68a,SKU001459,4706,4556.25,3.18,2026-09-20
e5133096-d5c3-43eb-b827-bc84ad8747da,SKU001460,14611,9775.93,33.09,2026-09-20
e331de2f-9d67-496d-8ec8-cab731e41fc0,SKU001461,7393,4863.44,34.22,2026-09-20
6a2939d0-904b-44ed-aca3-9df73bde8f36,SKU001462,7592,6661.99,12.25,2026-09-20
7b698318-6c5c-4e4e-8dae-3b3c9f318004,SKU001463,9142,7963.34,12.89,2026-09-20
1d2fcd19-5d72-408e-b8a9-6a00a6dc7221,SKU001464,11902,8130.97,31.68,2026-09-20
8ef4e3a8-203b-4f25-9744-70728c440984,SKU001465,2689,2505.0,6.84,2026-09-20
ec983102-b93f-4126-8ac0-3bf22a6512a8,SKU001466,1526,1523.78,0.15,2026-09-20
88af6e0e-a127-43fa-975f-6465aeb7ee90,SKU001467,11462,7696.6,32.85,2026-09-20
da60bec5-06c0-47ca-afa3-b16f56add5ec,SKU001468,4413,3248.98,26.38,2026-09-20
ca2c7280-64ec-4bbf-9505-ca152a9d41dd,SKU001469,6911,4052.21,41.37,2026-09-20
48cec039-dc17-4587-8b5f-5c78abbcb094,SKU001470,12453,12373.34,0.64,2026-09-20
8aac01c9-9d9f-4d8b-8645-a8f821998327,SKU001471,6112,5286.14,13.51,2026-09-20
86ad7d24-3633-43d3-9a9f-2fe368ad9a35,SKU001472,4012,2802.27,30.15,2026-09-20
115a2081-8661-481e-a3cf-41cf3e3342bb,SKU001473,2014,1982.11,1.58,2026-09-20
b35f4f7f-8d44-4bac-8e35-335019fb233a,SKU001474,8060,7342.37,8.9,2026-09-20
6777e2ab-89d6-4dd4-becd-54f8b77cc336,SKU001475,13216,11034.71,16.5,2026-09-20
b2f76c59-f541-42f3-bf9b-60e16e087675,SKU001476,14095,11131.39,21.03,2026-09-20
66824c4c-5931-405c-8576-c7c35d84c130,SKU001477,1381,918.06,33.52,2026-09-20
c2d18e62-3f16-4d71-9fda-9fd64acf9bbf,SKU001478,3221,2320.69,27.95,2026-09-20
e984315b-1d11-421c-87c2-6e0465e71f47,SKU001479,7727,7648.68,1.01,2026-09-20
48f8b2f6-622e-4417-92fa-06b57d1c79a9,SKU001480,3272,2209.64,32.47,2026-09-20
a87781d2-7d90-427d-ac09-87330ffc888d,SKU001481,8988,5363.74,40.32,2026-09-20
01bd33e2-f714-409a-84b0-053fbb1b1896,SKU001482,4896,4705.52,3.89,2026-09-20
4f8cf8cc-1e8c-48f3-a740-aba26cea0b47,SKU001483,8243,5532.82,32.88,2026-09-20
7d9133d7-9b11-4174-8342-607fae0955f9,SKU001484,1875,1716.85,8.43,2026-09-20
84c399b6-8245-4d59-a98c-a8baa0842f2a,SKU001485,10465,8840.96,15.52,2026-09-20
667367a7-d70e-48b7-bbf1-24f827db1060,SKU001486,13656,7029.01,48.53,2026-09-20
55ea0056-ced8-4f32-b0ec-c6e2f78b414c,SKU001487,587,421.42,28.21,2026-09-20
3d19be7a-9704-4c51-b998-c4043b0f4fc2,SKU001488,697,508.21,27.09,2026-09-20
34268ce7-0b69-4fb4-959c-6ebd4a74bcb9,SKU001489,11215,8313.33,25.87,2026-09-20
f633f6d7-af73-4bfe-961a-cc1d97292671,SKU001490,13707,13394.81,2.28,2026-09-20
ec41964e-65fc-4a93-9cbb-eff06bf60795,SKU001491,9910,5248.04,47.04,2026-09-20
b507d9db-9808-4ae2-96c3-7b30f504af9e,SKU001492,9901,6660.19,32.73,2026-09-20
17725ee8-cc3f-474d-ab66-81b2eb23077d,SKU001493,11904,8480.57,28.76,2026-09-20
f4ff8694-b763-4be2-8953-abc9ad4aae37,SKU001494,3659,3104.54,15.15,2026-09-20
8283ba15-a4a7-46df-808e-f351cea3a063,SKU001495,8107,5206.13,35.78,2026-09-20
09ac90f5-3c74-4f20-b0c7-7aebac4f9cc3,SKU001496,8132,7912.41,2.7,2026-09-20
0e5dafb1-c577-4e10-aeb3-9e327ea3b6a1,SKU001497,13987,10826.62,22.6,2026-09-20
6a7beabd-eac8-4675-9219-15dadea03637,SKU001498,11369,9330.36,17.93,2026-09-20
1df5eab4-e9fc-4fe7-acfb-796308297070,SKU001499,5235,3490.69,33.32,2026-09-20
184487a5-0a6e-4920-8d37-8c1f0e7e9473,SKU001500,1496,1466.1,2.0,2026-09-20
2a5a27ef-c48c-4eee-9504-63c57495000a,SKU001501,13332,12946.36,2.89,2026-09-20
b4ca2202-f86f-404c-bab6-521fcbc5b774,SKU001502,5832,4526.33,22.39,2026-09-20
e10a7253-bf48-4e67-a73e-8c3f0ac55ef8,SKU001503,9505,9367.62,1.45,2026-09-20
355806a0-575c-49f9-a6ba-6cbc01aa1783,SKU001504,824,587.06,28.75,2026-09-20
fa469f94-5b13-402b-b3a6-496f54e97510,SKU001505,8990,5382.89,40.12,2026-09-20
a25fb713-5a72-4ad5-b35f-8ad94b6ce125,SKU001506,10122,7559.27,25.32,2026-09-20
d5955026-1b8b-4022-88b8-113dbbc32de3,SKU001507,8180,5190.38,36.55,2026-09-20
3253ad76-e711-4af5-8155-18020698df2b,SKU001508,13951,9255.6,33.66,2026-09-20
64fd73b5-ab6d-4efe-b05e-64242e7f6962,SKU001509,11528,10911.66,5.35,2026-09-20
ee4b9c3b-f4c7-492b-a5de-4e6cf0479471,SKU001510,3090,2368.05,23.36,2026-09-20
7fa09794-498d-421f-93b6-75ba665d206c,SKU001511,9566,9444.14,1.27,2026-09-20
e0eb8546-a0b9-4184-9daa-a1bb8f775613,SKU001512,7507,6113.26,18.57,2026-09-20
43c79642-e875-4310-94cc-acaf8412835d,SKU001513,9239,8767.64,5.1,2026-09-20
ce4a9a3e-7ab8-43c1-82d3-0119e502ba00,SKU001514,6783,5339.0,21.29,2026-09-20
3c792ea8-e3aa-4963-8843-278baa446586,SKU001515,13958,7223.82,48.25,2026-09-20
607066a6-755a-4032-99d7-c8b6b0ab9495,SKU001516,2332,1217.07,47.81,2026-09-20
285985c5-8db5-4fed-bc66-57d60943c0b2,SKU001517,5626,5527.2,1.76,2026-09-20
c1a8ff8c-fe21-44f4-b8fb-1252f9d8fb7c,SKU001518,3100,2421.17,21.9,2026-09-20
379f815a-9cf8-445a-9490-c557bafeba87,SKU001519,5219,4782.82,8.36,2026-09-20
cbb9bc87-de61-48ee-bf82-ace796589356,SKU001520,593,439.62,25.87,2026-09-20
2b2d9984-8289-428a-b955-362f170c772d,SKU001521,12666,10465.97,17.37,2026-09-20
b541095f-14b5-4da5-8ebe-1f82d193fb18,SKU001522,5538,4065.88,26.58,2026-09-20
39e2a1f4-c63f-447a-85f8-f4bd892ce411,SKU001523,12525,10491.62,16.23,2026-09-20
23a9048e-b1c3-4d51-b088-7a6c6d600834,SKU001524,3990,2606.33,34.68,2026-09-20
9233c5aa-d161-4e41-bb78-4c7b8c026ec7,SKU001525,12055,9633.47,20.09,2026-09-20
03c4b52c-03c9-46ca-9eff-2d607d5d629c,SKU001526,10196,9787.27,4.01,2026-09-20
c6d5e961-4fc2-4298-a9bd-f043f6c78635,SKU001527,5854,4399.46,24.85,2026-09-20
661f75c9-3070-47c1-a443-f5d7ebae0e2a,SKU001528,12401,11415.98,7.94,2026-09-20
5b26789a-dbb4-449e-a26e-ebe5556649e0,SKU001529,8430,4655.5,44.77,2026-09-20
9bb28e07-154d-4726-81da-3f67aba70c4f,SKU001530,8696,7573.32,12.91,2026-09-20
683e8d35-2ded-480d-ad41-e0cb69faaf50,SKU001531,14513,9057.03,37.59,2026-09-20
39aedac4-2dfa-4a52-ba84-bfc5b7809590,SKU001532,7194,5837.75,18.85,2026-09-20
5c96c8b3-0576-4d26-9c5d-eed8729f2858,SKU001533,4272,2688.7,37.06,2026-09-20
9f4c50bf-16bf-46ff-833a-6c469a4ce5cb,SKU001534,2555,2191.63,14.22,2026-09-20
9cefee93-0fe0-4e1f-9388-f3d555151529,SKU001535,4119,3293.44,20.04,2026-09-20
160487a9-ecce-4406-bfab-c93311721166,SKU001536,11982,10303.16,14.01,2026-09-20
1b37572f-c8ec-4c67-a279-cda34d8df14e,SKU001537,14015,12416.1,11.41,2026-09-20
2a97acb7-77b6-48f4-8089-5d8776261453,SKU001538,1328,680.41,48.76,2026-09-20
820b9404-a871-4522-902a-7e5b439c8f63,SKU001539,2237,2112.4,5.57,2026-09-20
7289624d-4df5-4245-b06c-447a900eb97a,SKU001540,7684,4779.75,37.8,2026-09-20
8a455ffc-eadd-4036-8469-e2598a615b6f,SKU001541,10010,9778.51,2.31,2026-09-20
f2964ac1-af12-4539-b018-7cec02b1835a,SKU001542,568,388.73,31.56,2026-09-20
b41690c4-085d-4e95-8c9f-856852fc5755,SKU001543,4372,3457.21,20.92,2026-09-20
fb84115d-7472-4508-b7d3-0f9740b40149,SKU001544,5141,2858.72,44.39,2026-09-20
c19ab7c9-0ff8-401f-9797-a5a19836b5d4,SKU001545,14736,12154.08,17.52,2026-09-20
866114a7-d484-45a3-a786-d91999d6ba30,SKU001546,5344,3606.75,32.51,2026-09-20
f2afc746-e6a3-4240-982a-34949a531bda,SKU001547,3525,1958.98,44.43,2026-09-20
75722f72-204e-4a91-a8a2-3532f55dcb06,SKU001548,13021,7820.5,39.94,2026-09-20
b9fa8782-eeff-467d-8e3e-1a82ae69879c,SKU001549,687,488.46,28.9,2026-09-20
ff393228-456f-4542-8530-42b091998e98,SKU001550,12787,11302.46,11.61,2026-09-20
3d2f0a82-72e1-4764-b0a3-7a99bed9b58d,SKU001551,2338,1421.42,39.2,2026-09-20
0f2722b7-1174-4b10-a0c4-ef4a7071987d,SKU001552,797,707.87,11.18,2026-09-20
efc7d6b6-2a49-4f57-8943-f2609f271d39,SKU001553,3724,3468.79,6.85,2026-09-20
5589faf7-fa83-4862-84c9-6045a6f07f37,SKU001554,13197,11114.01,15.78,2026-09-20
3b258269-7baa-40bf-9d3e-6d347036798d,SKU001555,4808,3802.23,20.92,2026-09-20
61739802-cd37-421b-bd45-e456df083dcf,SKU001556,3393,3322.17,2.09,2026-09-20
90f040a2-16ae-4809-ae81-79b26c8fea9f,SKU001557,1854,1422.31,23.28,2026-09-20
8fa064d6-55b7-4cc2-9dba-03c248c2d4e7,SKU001558,9655,6917.17,28.36,2026-09-20
3dedfe88-273b-416f-9c7b-6f4fce32b6ef,SKU001559,12911,6924.81,46.37,2026-09-20
0ed7e94f-e72f-4610-abff-5eb1a5a43132,SKU001560,9701,9394.05,3.16,2026-09-20
85c21627-d327-486f-ad18-8fd20fb376a5,SKU001561,14839,9390.02,36.72,2026-09-20
c202c18f-e8c9-4407-a9f0-190c56772bf4,SKU001562,7686,7404.07,3.67,2026-09-20
774fa509-c340-44ba-8ef9-105043938481,SKU001563,10744,10602.45,1.32,2026-09-20
2b1d3463-7a65-4542-851d-317936a3b9d2,SKU001564,2183,2131.97,2.34,2026-09-20
05c4a990-a539-4aab-8699-f3716b1e53fa,SKU001565,12566,9806.78,21.96,2026-09-20
7ae1ed5b-f6cf-41db-a234-235678a1c379,SKU001566,795,477.07,39.99,2026-09-20
502364cf-7b17-439c-b18a-2353b5bc9409,SKU001567,1530,912.54,40.36,2026-09-20
c2957500-06df-46cf-8cbd-f0a6fab82ae9,SKU001568,10243,6646.69,35.11,2026-09-20
effeaed9-4ec5-4756-b754-37638c04b82c,SKU001569,4872,3943.76,19.05,2026-09-20
89bd1b83-1249-45f5-8bb9-0cf468fab623,SKU001570,12707,11919.36,6.2,2026-09-20
14ff16e2-a9c3-422e-a941-b884ffe2f991,SKU001571,3393,1769.74,47.84,2026-09-20
74b92048-038f-4303-b384-07249242249e,SKU001572,9998,8922.9,10.75,2026-09-20
f58ae2c6-b031-410b-bebb-42e1079dc8cb,SKU001573,5472,4257.72,22.19,2026-09-20
148ce1ca-9096-4e5b-b301-e5e8a536497c,SKU001574,3468,3275.71,5.54,2026-09-20
6a8c072c-0cb7-4b72-89a1-85fb040139ad,SKU001575,4458,3852.74,13.58,2026-09-20
7393564f-a497-4086-814e-c639d207c7c3,SKU001576,669,483.76,27.69,2026-09-20
5d44c08f-cd47-4be5-b119-cde349b82793,SKU001577,13093,11691.03,10.71,2026-09-20
87f66445-acbc-446c-af9a-50caa8f738bf,SKU001578,5805,3058.23,47.32,2026-09-20
b7aae141-0f63-40e6-9103-a560f4ad4bd6,SKU001579,9291,7103.14,23.55,2026-09-20
474c5d8b-ceae-4058-89c4-fb18e90a92cd,SKU001580,5610,4729.89,15.69,2026-09-20
b62d6f61-c106-47c2-880f-50822d420511,SKU001581,5150,3278.53,36.34,2026-09-20
3ccdba36-9502-4f5d-866c-a5a101c5a2c4,SKU001582,3039,2851.08,6.18,2026-09-20
268f70c4-0dfa-4b4e-9318-8cd5295f599d,SKU001583,14981,14105.78,5.84,2026-09-20
fe8c7226-a0bf-4a55-8785-d5c079da2825,SKU001584,14401,8864.71,38.44,2026-09-20
fa6ed261-b0f0-46ca-aa88-bb6fdb44e1bc,SKU001585,12680,6654.63,47.52,2026-09-20
650d5dcf-cfb8-4fc1-890d-91012fb29675,SKU001586,13587,8566.43,36.95,2026-09-20
64e64351-ea86-4dc3-a5bb-12f69643c170,SKU001587,7307,6550.95,10.35,2026-09-20
32572264-a1f8-47cc-a460-a8cd5c133025,SKU001588,3544,2546.2,28.15,2026-09-20
ce26431c-8dfc-430f-9016-1d0880c9be44,SKU001589,3680,3393.18,7.79,2026-09-20
75fdec8d-8dc7-4af6-9fba-1a55f93fabd8,SKU001590,11129,8971.47,19.39,2026-09-20
e6a92ac7-357c-4460-aaf4-d9af3459844d,SKU001591,12756,8737.63,31.5,2026-09-20
165bbb15-6fa2-444f-a250-1e409dd945fe,SKU001592,14804,13216.25,10.73,2026-09-20
46fcd6db-04ed-4a44-b01c-28deeb7f2016,SKU001593,5624,4820.05,14.29,2026-09-20
62192a2f-0eda-4df7-b99b-3422db793fbe,SKU001594,12257,10287.18,16.07,2026-09-20
8b4977ae-687d-463c-9b3b-f069c0562ee3,SKU001595,5949,3875.66,34.85,2026-09-20
8b60ba4b-c7a9-4f81-8ce6-4b65e57d0caf,SKU001596,12677,11475.05,9.48,2026-09-20
d5c862f6-4604-49cc-a15e-c4169a601cb6,SKU001597,6130,4194.43,31.58,2026-09-20
f6cf838e-0404-4779-8d92-1404a148c262,SKU001598,5182,3770.64,27.24,2026-09-20
a38ac8cb-a421-4539-a054-31dd0ee718be,SKU001599,6864,6578.0,4.17,2026-09-20
b72d8e4c-3d69-496b-8691-1405decaa452,SKU001600,12735,11264.16,11.55,2026-09-20
f94967ef-0df9-4f1c-9fd6-4f67fd792a94,SKU001601,1857,1396.45,24.8,2026-09-20
9388aa99-7bcd-4afa-afa0-b200baba737b,SKU001602,8447,6522.58,22.78,2026-09-20
c16ee365-b3af-4c34-933c-b1086326456d,SKU001603,4197,3252.2,22.51,2026-09-20
757a71a8-e3cd-4db2-94a2-aab5ed83c947,SKU001604,1651,1573.28,4.71,2026-09-20
dfc0506b-8431-466e-ab56-f18aecd6e893,SKU001605,13335,11068.18,17.0,2026-09-20
6f1b9846-6582-4bf2-a06c-b235de4eb0ae,SKU001606,914,620.51,32.11,2026-09-20
df5a9b6c-129e-4ee9-aced-17b8c7444ec7,SKU001607,14469,11840.86,18.16,2026-09-20
1bcc3979-a883-4078-897b-3344d1ee91da,SKU001608,11684,6010.84,48.55,2026-09-20
cd82e45c-9f5f-478a-b3d7-20d9076e5096,SKU001609,11647,8833.16,24.16,2026-09-20
3cbfb907-5fda-40a4-9d18-3e7cc05378b9,SKU001610,734,579.08,21.11,2026-09-20
0069426f-c76c-4b0f-8238-acbc67ed2496,SKU001611,8813,5885.49,33.22,2026-09-20
51d910cd-9fde-457b-8b25-1ceaa5cec03e,SKU001612,10992,6359.18,42.15,2026-09-20
85e647ba-520d-47ce-afa1-dfa5d3be2f7f,SKU001613,5884,4036.49,31.4,2026-09-20
a8a7ca60-de75-4d57-9c6d-0eb5bda90253,SKU001614,13083,9892.85,24.38,2026-09-20
1e9146a6-df86-47e8-a838-abf1e14829e9,SKU001615,11699,9612.46,17.84,2026-09-20
3ae8cae2-458e-46d7-9b7e-10d8740ed218,SKU001616,8500,5160.55,39.29,2026-09-20
62ad8fe9-d01b-4e17-a0de-a2aeb168fe7d,SKU001617,7050,6697.37,5.0,2026-09-20
1599c678-b19c-4e4b-a9f8-45664a69748b,SKU001618,1674,1100.79,34.24,2026-09-20
50e9c3e1-525d-4529-8471-2defaee61974,SKU001619,13553,13266.14,2.12,2026-09-20
1de481f2-c7e1-4f4e-9268-1b1cd6272981,SKU001620,11177,10693.75,4.32,2026-09-20
a367a5e1-9982-434e-a1b8-754b9e3a3148,SKU001621,928,776.15,16.36,2026-09-20
2b224c92-ea3f-4aa7-b31b-4c6d3200910d,SKU001622,2868,1867.97,34.87,2026-09-20
b2bd48df-4095-4cb5-998e-816bcc534a1c,SKU001623,4469,2360.23,47.19,2026-09-20
9ada8320-27cd-4caf-8320-e328dae58af6,SKU001624,5653,5540.36,1.99,2026-09-20
105a4bb5-6b4e-4c83-8f5e-fa2cc474070b,SKU001625,6158,4208.56,31.66,2026-09-20
77651b42-8829-4efc-83d0-3852ba939be4,SKU001626,7126,5193.96,27.11,2026-09-20
c36f2151-61b5-4585-9385-56c8c9d93488,SKU001627,5827,4092.29,29.77,2026-09-20
3ac84079-1040-406d-b41f-b56125dd69a2,SKU001628,2509,2311.57,7.87,2026-09-20
5febad63-af54-4396-ab46-4232f808aca6,SKU001629,6934,4274.99,38.35,2026-09-20
ab839568-8f2d-4a4d-a10a-6926f535e58c,SKU001630,1517,1351.46,10.91,2026-09-20
5194d742-6868-437d-a82f-a9657052c8bf,SKU001631,853,845.4,0.89,2026-09-20
779cd152-3204-4331-84b2-c313f33b4775,SKU001632,12333,12314.23,0.15,2026-09-20
f31bd373-b6af-4bfc-a29f-ec600f2b921e,SKU001633,4707,3260.53,30.73,2026-09-20
aa6f058c-913f-4a7d-b106-49040673b2fc,SKU001634,7274,6426.87,11.65,2026-09-20
3932f365-a8b8-461a-8ac5-a3d1609cf4c2,SKU001635,9020,5864.34,34.99,2026-09-20
51d35c75-e19f-43f0-8070-8a89fd507dd3,SKU001636,6581,3493.07,46.92,2026-09-20
94f74628-a7d8-462a-ad1a-b88517ba1cd0,SKU001637,10473,6045.04,42.28,2026-09-20
2d3a2dfa-3ac5-4687-89de-1d71b3540381,SKU001638,13965,13816.51,1.06,2026-09-20
b2a09c80-822e-40d7-950b-d76b9e31b8e4,SKU001639,11433,8236.65,27.96,2026-09-20
b9424383-531a-42ec-bf42-acaa06e65f0a,SKU001640,9502,5819.33,38.76,2026-09-20
4c38565a-f8b6-473c-9290-14379ca28f8e,SKU001641,4128,4055.65,1.75,2026-09-20
85b1ec9d-6680-4b62-a531-6a7a884a4f68,SKU001642,10766,5872.68,45.45,2026-09-20
d7efbafc-9566-4916-9192-0d965dea3015,SKU001643,11884,6889.74,42.03,2026-09-20
80581bd1-3178-47a0-93f6-42360912d648,SKU001644,5741,3221.6,43.88,2026-09-20
986c3bb0-fb56-4840-a03c-a49b7388d4d9,SKU001645,11714,6088.89,48.02,2026-09-20
9e7f5867-4b8b-4564-92cc-0c4587586742,SKU001646,945,762.02,19.36,2026-09-20
4255ef22-a2c8-424a-85b3-8fd31bd75adb,SKU001647,12749,7984.72,37.37,2026-09-20
32b7348c-d048-4ef9-b37f-de73ce5b42ed,SKU001648,563,453.51,19.45,2026-09-20
334a86e5-16c0-482a-b1f1-6900d4528411,SKU001649,9832,8189.21,16.71,2026-09-20
8ec9d168-c87b-4c45-b0fa-3888f3a4f3e5,SKU001650,14803,13018.81,12.05,2026-09-20
9ebaf468-e7ba-45bc-b83c-96b290a5c276,SKU001651,6355,4670.92,26.5,2026-09-20
f56a21c8-65a0-4745-926e-a980b1a28589,SKU001652,14977,9314.81,37.81,2026-09-20
79c25d6b-7e29-4d2b-aa26-b3802371e634,SKU001653,6045,3367.23,44.3,2026-09-20
49d2614e-e473-4501-bd19-cb2fc9587825,SKU001654,1770,1768.79,0.07,2026-09-20
99a13256-f62b-43d8-83fd-18b8bb3a19c4,SKU001655,696,468.5,32.69,2026-09-20
877a539e-ab03-423c-a43c-a57166774830,SKU001656,5389,5316.91,1.34,2026-09-20
180a465c-9f20-444a-9fb2-efda28a7e053,SKU001657,10713,6564.95,38.72,2026-09-20
8ac9ac1f-4775-45e3-87a8-dab31690a478,SKU001658,4275,2300.5,46.19,2026-09-20
e8611f5e-0d97-4e8d-b670-6a8c5298158b,SKU001659,8654,7551.44,12.74,2026-09-20
aa704759-8804-4005-aedc-1d2af6ef5131,SKU001660,10740,7319.0,31.85,2026-09-20
4bb9a515-59e6-4973-94a0-563c7beb7654,SKU001661,14854,9881.65,33.47,2026-09-20
8b701134-2ffb-41b4-8e82-8a2643bb4471,SKU001662,4889,3089.07,36.82,2026-09-20
ed28e64a-c886-42af-bc44-504695287c38,SKU001663,12251,6603.35,46.1,2026-09-20
6090fb62-be69-4ba4-80f3-c062b8e78fe7,SKU001664,7902,5083.78,35.66,2026-09-20
a72f44a3-e849-4e72-9a2b-a5b7b0f914e2,SKU001665,7065,3706.45,47.54,2026-09-20
1e7cc55e-e13e-4b20-88d7-4e453e42ea2b,SKU001666,6085,5106.59,16.08,2026-09-20
40e0811b-5fca-422e-8c84-a9dd5eab282a,SKU001667,5546,3370.05,39.23,2026-09-20
ab6b01ff-1037-4366-9620-caff1aae1fe7,SKU001668,4637,3138.83,32.31,2026-09-20
7d2b3dcb-3f38-47f3-9ae3-bd26b43112db,SKU001669,1007,675.98,32.87,2026-09-20
fae6afbe-1935-4d6c-a243-259339fe5e57,SKU001670,5819,4770.17,18.02,2026-09-20
5f1bc8cd-01e9-4221-8102-654c0a041e6d,SKU001671,9432,8276.81,12.25,2026-09-20
aad15650-8c53-4cdc-9037-778b8c0b3723,SKU001672,12119,10109.1,16.58,2026-09-20
408600e0-b9b5-4b89-87e0-a039ab6bac48,SKU001673,2330,2196.53,5.73,2026-09-20
ca04fab1-def2-4ab8-a5dc-51d5ae5be52d,SKU001674,12449,7996.24,35.77,2026-09-20
a5e0f050-9b1f-452c-9d17-a3b0f33b9ebc,SKU001675,13092,11667.14,10.88,2026-09-20
74180385-e6f9-418a-85fe-883f00af4052,SKU001676,8175,4483.71,45.15,2026-09-20
0d76fa92-d45a-431f-aeb4-f66f8c2f9048,SKU001677,11610,8468.26,27.06,2026-09-20
61693f5d-fe08-4b2d-aeb9-efb5f6caa963,SKU001678,11200,7623.36,31.93,2026-09-20
57fa70c0-b078-49b5-8ae2-3469ce5ce8c9,SKU001679,11165,8553.94,23.39,2026-09-20
95969e76-6210-46bb-a7c6-c7faf94231ec,SKU001680,5916,5798.45,1.99,2026-09-20
db86b67c-d813-4c90-bc41-1d0afc47193c,SKU001681,5413,3605.3,33.4,2026-09-20
c5f48387-9bd3-4add-9d31-529a2e8e17ca,SKU001682,7086,5175.67,26.96,2026-09-20
dd8de9db-e4ad-456d-b527-f38817979510,SKU001683,10519,10440.35,0.75,2026-09-20
3dc4da90-7473-453a-9748-c35711837c46,SKU001684,2673,1921.23,28.12,2026-09-20
9648955b-7d5f-4122-8bb4-554f9fc0f1ac,SKU001685,4265,2918.06,31.58,2026-09-20
d4b84e47-9cf9-4379-9bd7-4141638c0ab0,SKU001686,12829,12671.27,1.23,2026-09-20
84f0a65e-e435-4487-9f28-054c29ca41e5,SKU001687,3505,2580.57,26.37,2026-09-20
fc112644-cd48-4a9b-ae9a-7678e9887d17,SKU001688,10725,6119.92,42.94,2026-09-20
9e17e68c-5d99-4944-b940-18020414ac3b,SKU001689,2327,2119.72,8.91,2026-09-20
fb0f425a-357b-4000-9bf7-4dca984a7c30,SKU001690,649,548.63,15.47,2026-09-20
35a68c35-ac60-4d35-a98b-6b1db3eba506,SKU001691,14544,7867.65,45.9,2026-09-20
6b470e1b-43eb-4da4-9197-29f90420e85c,SKU001692,8645,8468.06,2.05,2026-09-20
0e387f22-33d8-4e9c-8ad0-52e47469db24,SKU001693,8043,5358.55,33.38,2026-09-20
b9307cfb-d79b-4205-8eb4-70f4f27b1a06,SKU001694,10474,6058.74,42.15,2026-09-20
aaf9ac4c-3430-4321-91e0-ac4c3e8b858a,SKU001695,10158,9389.02,7.57,2026-09-20
24967ce4-d611-4617-adcc-d44a6231275a,SKU001696,8682,6978.46,19.62,2026-09-20
635beb01-4130-4f45-a676-149ed1858c20,SKU001697,12007,9485.39,21.0,2026-09-20
f947a615-f1ef-4c48-a2a1-bfdda7694e3e,SKU001698,12903,9695.72,24.86,2026-09-20
74492499-74d9-40bf-9c71-bf337180ae69,SKU001699,3487,3006.56,13.78,2026-09-20
053bfd12-8c6e-48cf-b420-b041dcfe85b7,SKU001700,14147,8221.66,41.88,2026-09-20
7e303ddf-eb43-47d7-a85d-d2947b9d3596,SKU001701,10409,9498.91,8.74,2026-09-20
3183ad85-0eb3-4cfc-adc6-004de2be8d9f,SKU001702,8775,8438.76,3.83,2026-09-20
97ba5a03-4a9c-4d2e-973b-2ed0126d5c21,SKU001703,5557,5009.77,9.85,2026-09-20
e3c7861b-596f-4c8d-a177-ecbfe521297d,SKU001704,1746,1718.13,1.6,2026-09-20
fd122c68-ccf1-4fd9-81e1-5a58681cd84f,SKU001705,2266,1852.57,18.24,2026-09-20
36975c61-32a3-4932-9039-8f8b2c409984,SKU001706,11894,8054.67,32.28,2026-09-20
b7aacb14-7bb8-4614-a931-7650469cc431,SKU001707,1963,1693.81,13.71,2026-09-20
66aeb8e6-e894-4edd-b9f3-67ee7e86f9fa,SKU001708,5146,4806.19,6.6,2026-09-20
2b0b6c7c-8145-4d9b-bc37-cf4f927c379b,SKU001709,3562,2568.63,27.89,2026-09-20
f164f20a-b587-42e6-9080-0e664c68cf75,SKU001710,12916,8586.04,33.52,2026-09-20
1c543072-1116-4c48-88ee-5ea6cf862e25,SKU001711,10828,10812.25,0.15,2026-09-20
69ad8160-4ba4-4273-87b8-90ac42958650,SKU001712,3595,3093.46,13.95,2026-09-20
8ab9c060-154d-4f34-8e4e-386967daeb24,SKU001713,3337,2736.62,17.99,2026-09-20
59e90b43-9cf9-452c-9962-69708f7042fe,SKU001714,14301,11517.02,19.47,2026-09-20
1b8e3133-db63-4e15-a588-8dc2777bd5ff,SKU001715,8003,6775.56,15.34,2026-09-20
7b69e265-3ba9-4ccf-97f4-0b1aee3a1114,SKU001716,6601,5559.47,15.78,2026-09-20
582cf892-5d93-44c6-91fc-708dec6bbc58,SKU001717,7954,4185.46,47.38,2026-09-20
bf9e7e68-35bc-4d07-9290-7445f14f26fe,SKU001718,7183,6088.97,15.23,2026-09-20
e8672a65-7901-42ba-875c-cebc3a3e5d85,SKU001719,11548,8258.99,28.48,2026-09-20
28d52744-de72-4cd5-ae59-f3dea7e9a4db,SKU001720,4911,2731.42,44.38,2026-09-20
650a871a-d913-4b01-9712-9f4f2daee003,SKU001721,653,502.74,23.01,2026-09-20
1484e4ec-e1b1-42a3-b47c-1ab51cbf567f,SKU001722,3767,3161.66,16.07,2026-09-20
bdd119b5-d1d5-4761-9628-d922453b81ca,SKU001723,1919,1793.51,6.54,2026-09-20
9dd20b6d-38e7-4fa0-96a1-25066249941e,SKU001724,7765,5919.18,23.77,2026-09-20
7beae572-f8ba-4fd7-bc77-f888b3b57dbd,SKU001725,7566,5002.45,33.88,2026-09-20
3e49bec7-5cf1-4516-b05c-45ef9da6e5fe,SKU001726,13463,11147.13,17.2,2026-09-20
37220729-edc1-4db6-a613-6dfdaae42172,SKU001727,7019,5253.67,25.15,2026-09-20
8b9dded0-4b9c-43cd-863c-e70744290a90,SKU001728,943,789.27,16.3,2026-09-20
b944c098-2164-454f-a967-3094727c0142,SKU001729,12266,6162.07,49.76,2026-09-20
93308f74-35a2-421d-8487-83da0e7389dc,SKU001730,2515,2231.46,11.27,2026-09-20
26c54723-41bd-4d2f-899a-e42808041119,SKU001731,8105,5833.67,28.02,2026-09-20
5e51f2b1-6850-4b1b-8599-603646eab9d7,SKU001732,12168,8240.49,32.28,2026-09-20
0be88340-679a-4739-a743-a78f0c6f9e62,SKU001733,1941,1817.18,6.38,2026-09-20
0096cb37-fc7c-4d40-8cef-75d95c130f6c,SKU001734,6159,4616.47,25.05,2026-09-20
b8471b29-01d7-4f88-9c2c-53ff414b0653,SKU001735,7475,7119.16,4.76,2026-09-20
93294092-4c48-4c41-bc8e-013407aa5d80,SKU001736,11735,6834.05,41.76,2026-09-20
82d52b63-b900-48c0-84bf-8c66d062a9f3,SKU001737,9162,5696.87,37.82,2026-09-20
2c235ded-fa1e-46b9-bfc2-b5602259c165,SKU001738,10527,9790.72,6.99,2026-09-20
63824fa4-ff3f-4d3a-b4a4-fa830a198f49,SKU001739,13223,8254.74,37.57,2026-09-20
6a14dea9-f483-4388-a241-d803f1b161f2,SKU001740,11973,7729.85,35.44,2026-09-20
7dca5b76-d9c1-47fc-b273-7e86a7f6dcb3,SKU001741,1688,1109.63,34.26,2026-09-20
4f49fa72-5049-485a-b707-59e1fd88a1f0,SKU001742,9578,8657.85,9.61,2026-09-20
d08391db-3504-484b-84f4-63b58f863c59,SKU001743,1279,1194.76,6.59,2026-09-20
64a8a892-9eed-4d83-bebf-35957d87d6ee,SKU001744,7313,6783.09,7.25,2026-09-20
060a0999-49e5-4785-b385-5a69bf5b9687,SKU001745,8430,6719.34,20.29,2026-09-20
65e95818-ea5a-4f24-bfdf-f8fa1f6f2719,SKU001746,7166,4715.2,34.2,2026-09-20
7062740c-38fc-4fd3-bc60-622e69a8f9dd,SKU001747,10077,5117.11,49.22,2026-09-20
4a537ee0-def1-4958-946e-84b4ef930797,SKU001748,7833,6883.5,12.12,2026-09-20
c6741281-f722-4eb4-b3a0-d93f83586d3f,SKU001749,4703,3774.25,19.75,2026-09-20
5f68d125-c0f1-434f-9eb6-2733dbd78bec,SKU001750,13067,7468.18,42.85,2026-09-20
2200ce78-7c80-40f2-be79-ff88e93a8446,SKU001751,11563,6965.21,39.76,2026-09-20
924d5b1a-c5e3-4d5b-9109-145102a243c3,SKU001752,3717,2907.73,21.77,2026-09-20
15428ad3-a21a-4ebd-b803-7da08555ab54,SKU001753,12996,9553.91,26.49,2026-09-20
5f0dec29-b659-4bcb-bc1d-7d5f45971c93,SKU001754,7182,3810.77,46.94,2026-09-20
78f764db-b9f0-4793-acc6-7a53b39522ee,SKU001755,14266,8610.51,39.64,2026-09-20
de627ccf-9a43-4976-9008-a272b18accf9,SKU001756,4677,4040.16,13.62,2026-09-20
db8f56a8-5bc5-416c-a64c-e3b67e54c928,SKU001757,14121,9356.63,33.74,2026-09-20
23e0a9c0-465b-4074-afeb-9cad4fda0cfc,SKU001758,14213,10573.07,25.61,2026-09-20
8ab29739-ee4a-4e21-bdc9-b9afe2e9ce3f,SKU001759,3423,2453.65,28.32,2026-09-20
58994080-3612-46ae-be30-d9ac4bbb56d8,SKU001760,13668,12170.66,10.96,2026-09-20
56cdbf5d-5111-4b7c-b61a-30a9c8e103b4,SKU001761,5665,4456.1,21.34,2026-09-20
89070a96-be69-4abd-9885-7620cfa81884,SKU001762,7854,6044.66,23.04,2026-09-20
14b82fdc-86b6-454c-82ae-c8525fdf7687,SKU001763,11516,10556.02,8.34,2026-09-20
bab0d15e-a5cf-4022-aa2b-bc29671aaebd,SKU001764,2733,2136.9,21.81,2026-09-20
3a4058ef-f4c4-4aaa-a74f-839b0d4be020,SKU001765,8563,7341.71,14.26,2026-09-20
a6745c98-cbd6-4e91-a872-d55a5205bc4a,SKU001766,7872,7791.52,1.02,2026-09-20
5c8687a1-981d-4b68-8663-0db9a5ee1c5c,SKU001767,12600,12376.17,1.78,2026-09-20
e02e5dba-90bf-44f5-b9b7-a5d6ea9073a4,SKU001768,12588,6728.56,46.55,2026-09-20
4ba992a3-631b-422e-a63d-b4fb43df86c4,SKU001769,10726,9268.37,13.59,2026-09-20
92f713db-3009-4dad-9898-8e4ddbce1886,SKU001770,9270,7430.8,19.84,2026-09-20
d90d6426-f897-4cef-b57f-e7715230eaa9,SKU001771,8036,6365.94,20.78,2026-09-20
97fb59dd-db05-4c8a-b2e5-b7bc502c9430,SKU001772,14772,12178.79,17.55,2026-09-20
19397364-845d-4a81-a20e-1f8f0f2d28e8,SKU001773,8676,4775.35,44.96,2026-09-20
c7fa4c94-06be-4c6a-b6e1-1a1be3f939a2,SKU001774,12441,11230.22,9.73,2026-09-20
73ddf727-6a1c-45e0-82f1-a833718a2a22,SKU001775,5712,4334.06,24.12,2026-09-20
0c3389a7-3df4-4e71-8ee9-229aba2bed9a,SKU001776,1959,1034.38,47.2,2026-09-20
967023d0-bd90-40fb-85a6-e7bdc375080e,SKU001777,5259,5102.01,2.99,2026-09-20
fec27ee5-8a1b-4bf1-a065-d3f4639d2502,SKU001778,5426,3969.94,26.83,2026-09-20
abbb9dea-410f-414a-9720-da2d91eeb10c,SKU001779,14741,13651.61,7.39,2026-09-20
c2b1b8cd-e052-4634-9301-87646ab90fc3,SKU001780,13950,12106.1,13.22,2026-09-20
e784d3ff-13c1-4278-b88e-5de314b8c247,SKU001781,13712,10636.25,22.43,2026-09-20
ea75df13-6983-4466-8012-6f2b065148a1,SKU001782,3060,2738.65,10.5,2026-09-20
10d5e002-9ed1-4a8b-9a10-1818c6e64360,SKU001783,3093,1807.85,41.55,2026-09-20
5e8b5b7d-3188-496c-a2bb-205144e257e0,SKU001784,10391,8468.91,18.5,2026-09-20
6f947fdc-2c94-439f-bb04-c2c52e393ea8,SKU001785,9671,6296.13,34.9,2026-09-20
464b98c5-269b-495a-a0c8-421b7e4d4140,SKU001786,9967,8253.04,17.2,2026-09-20
bcbdddf2-b932-4bf7-8b4a-0d1a30dccb5c,SKU001787,536,515.74,3.78,2026-09-20
f2f45227-0ba0-44dc-8ecb-5548e311ed58,SKU001788,2787,1502.77,46.08,2026-09-20
1b7f956a-aa47-4726-ae1e-0bbbd26d4099,SKU001789,10697,7045.08,34.14,2026-09-20
6d4403db-0518-47b1-bcf4-f45bbd20accf,SKU001790,5481,2933.04,46.49,2026-09-20
d2612fb3-60c3-46ab-8a62-e2f29867596f,SKU001791,3813,2723.62,28.57,2026-09-20
25cda1dc-c78f-43c1-8810-ad30b598d8d9,SKU001792,10840,5766.83,46.8,2026-09-20
03924446-e6cf-4c69-a6f3-84c1a365621c,SKU001793,4882,3027.69,37.98,2026-09-20
89ed0400-6813-4605-a9cd-ca0a54e4d80b,SKU001794,12772,7282.05,42.98,2026-09-20
5278f821-f920-484a-8961-7a19344f9947,SKU001795,2504,2268.84,9.39,2026-09-20
12816ef9-c8e4-46cb-b278-72f86db685bc,SKU001796,13892,10432.46,24.9,2026-09-20
d2fb7421-9e34-47e3-989a-48b999385551,SKU001797,5050,3544.16,29.82,2026-09-20
215e69e3-2af6-426a-9a95-aff1adae289e,SKU001798,3416,2791.87,18.27,2026-09-20
270da1ec-4f40-48d2-b07b-60e0308a6f3a,SKU001799,6623,6293.51,4.97,2026-09-20
13585eac-6257-4212-b6a8-eca2aac5a858,SKU001800,11178,6809.68,39.08,2026-09-20
cd7aaab8-157f-49dc-b368-2ba19c36a15f,SKU001801,13827,9325.65,32.55,2026-09-20
d6c6884e-f74a-4f6a-bf70-b9e8e43f22db,SKU001802,10724,7254.22,32.36,2026-09-20
22507e9e-f4de-43a6-ab78-23b1aca039b9,SKU001803,13485,7409.47,45.05,2026-09-20
8587ee22-b3ca-4664-b3d5-976771861ffe,SKU001804,5377,3256.87,39.43,2026-09-20
04d1bdbf-37d4-4f23-aabb-ce8502c62ac8,SKU001805,11034,10328.72,6.39,2026-09-20
ecabc784-71e4-404f-b691-790d262028da,SKU001806,4014,2073.32,48.35,2026-09-20
da96086a-73f2-4e9b-b595-ded44725fc54,SKU001807,7388,4940.29,33.13,2026-09-20
ed8f2fd8-4043-4468-b9a8-37c2ec8a6676,SKU001808,13676,6979.56,48.96,2026-09-20
4af20da5-ccc1-4f8f-ac72-1bc81d8dc290,SKU001809,12403,11070.35,10.74,2026-09-20
849e956e-9ae7-4490-9ea2-9980178ab67d,SKU001810,10002,8728.39,12.73,2026-09-20
f78028f2-984a-478c-bde2-28742cdf8649,SKU001811,11204,7812.21,30.27,2026-09-20
dd84fdb1-3080-40e1-8ff4-f9e30cbbd148,SKU001812,8737,7342.56,15.96,2026-09-20
136ef168-093f-4b7b-8177-76c2780b9576,SKU001813,4571,2570.17,43.77,2026-09-20
7a8ed91d-fe95-4f15-993b-0a881b10acae,SKU001814,11700,8657.88,26.0,2026-09-20
c118c7ef-c1a1-4108-9977-8a94a506d60b,SKU001815,13810,10345.2,25.09,2026-09-20
d6bdb502-4999-4bf3-a50f-195f8745b947,SKU001816,1368,1008.45,26.28,2026-09-20
34756d68-a36d-447d-a162-7023391ab194,SKU001817,768,461.64,39.89,2026-09-20
471e9ccf-8325-4842-83a1-c8fc7ec111b3,SKU001818,13105,12135.02,7.4,2026-09-20
4679a6e0-c104-427e-be0e-10661cff5e8e,SKU001819,14347,12122.99,15.5,2026-09-20
a877bd6f-e43a-4e32-bb64-4b0ad3a24f2e,SKU001820,4724,4459.05,5.61,2026-09-20
7ec56fe1-74d4-4c41-a99f-4c5885de0c1a,SKU001821,4315,3515.94,18.52,2026-09-20
f89f43c9-580f-4bbe-a2ee-2e0d45c733b3,SKU001822,4151,2339.07,43.65,2026-09-20
2a837efe-ad1c-44f8-9c0d-8933e652d93a,SKU001823,10937,8224.48,24.8,2026-09-20
6fbd9067-fc00-4b44-9c54-3e2923ee1067,SKU001824,11664,11002.59,5.67,2026-09-20
d94f79eb-4ba5-4255-b849-86eeb82659f2,SKU001825,11549,6081.61,47.34,2026-09-20
9ab5248b-9d61-481a-a04f-a2a1b9299122,SKU001826,6914,4305.9,37.72,2026-09-20
12a7cfc0-e044-4cdc-8b8d-f8bc97f2ab8a,SKU001827,7324,4467.78,39.0,2026-09-20
7c4b1e10-51f5-48f4-b71c-3a8a7724375b,SKU001828,1458,1230.5,15.6,2026-09-20
9a2ee738-2191-4b1a-af9b-be1feca13cdf,SKU001829,5927,4879.8,17.67,2026-09-20
b48ffa3d-45f7-44c3-afe4-18e9d09afc1d,SKU001830,3729,2191.52,41.23,2026-09-20
51290036-b5f2-43dd-b6b6-16bff339dac6,SKU001831,973,650.09,33.19,2026-09-20
16e6c5f6-4dd3-43fa-94e8-6211d94c9bff,SKU001832,13757,11066.21,19.56,2026-09-20
ea0e53db-042a-4b52-ae2c-e9687f891b32,SKU001833,12617,9930.12,21.3,2026-09-20
271819f8-c46e-4d64-a7a9-28591a72e8b1,SKU001834,10807,8790.5,18.66,2026-09-20
1fab8923-a497-4fc3-b003-cfc7cc1e6cc5,SKU001835,9145,6620.59,27.6,2026-09-20
a2415904-2bba-4e71-82d0-54236a5699e2,SKU001836,12573,8880.36,29.37,2026-09-20
f023cad7-55bd-4539-ab0c-aaf69434b873,SKU001837,10637,8881.81,16.5,2026-09-20
8d646da4-4f01-4f3e-b563-e7e55fe321d6,SKU001838,7547,6364.63,15.67,2026-09-20
bb408a32-7807-4235-a6f6-0413e84bdf51,SKU001839,4218,2276.82,46.02,2026-09-20
4c87d73c-4c66-4f50-b7d8-b9c070c968cd,SKU001840,7055,3671.64,47.96,2026-09-20
c0ab5a45-f507-463d-8ad9-5cb8f0d98339,SKU001841,2439,1837.63,24.66,2026-09-20
1efd3639-7e42-4136-9775-2db2ff9f64fd,SKU001842,8726,5872.45,32.7,2026-09-20
4145cc41-17e0-4199-b462-6ab5c108bf94,SKU001843,7596,5390.72,29.03,2026-09-20
b88a2bb4-3356-425d-9058-961ae457351c,SKU001844,13771,13370.95,2.91,2026-09-20
ab55edcb-be1b-4a3f-a1e2-5644106c461f,SKU001845,12066,9586.58,20.55,2026-09-20
33203f99-a4be-4b1b-a0bd-61ab218709cf,SKU001846,669,409.35,38.81,2026-09-20
16c1538f-1daa-4560-91dc-b3f4b0bcc4ea,SKU001847,7458,4864.75,34.77,2026-09-20
6a7be85e-3d31-4644-ac94-563a07129c48,SKU001848,4812,3449.22,28.32,2026-09-20
405c9938-887b-42d1-9f42-a7d15c6a04d6,SKU001849,5519,4499.07,18.48,2026-09-20
d8da5f18-4ad3-4b59-aa1b-d7710608ec89,SKU001850,7699,4133.2,46.32,2026-09-20
e39a3fc5-1668-4840-8a67-f606980c1bdd,SKU001851,12028,11425.91,5.01,2026-09-20
9c5bc376-96d9-481d-b756-dda9bfc1744c,SKU001852,9305,5456.87,41.36,2026-09-20
c926f7d6-610c-4d8d-9460-8e712c339626,SKU001853,13838,11852.04,14.35,2026-09-20
1577575d-f963-431a-beab-c755be756b2a,SKU001854,4689,2900.44,38.14,2026-09-20
01f9c668-d1c3-4c99-93fd-1f7abc833d80,SKU001855,14940,12454.42,16.64,2026-09-20
009e4a4f-7506-4baa-92d3-4ca19bd261f5,SKU001856,6935,4212.84,39.25,2026-09-20
f146a9a3-e5be-472c-9d98-4878a95a42e7,SKU001857,8566,8273.23,3.42,2026-09-20
65abc37f-5903-4042-8066-8ca1cd071d8c,SKU001858,2483,2053.58,17.29,2026-09-20
5c5b2b88-8854-4570-9887-3438e3ba243d,SKU001859,14163,11781.9,16.81,2026-09-20
97e1dba5-cd12-4f18-afb6-cd8242ec77f6,SKU001860,8742,5582.08,36.15,2026-09-20
9f6c9b9f-239a-43c3-9170-ddfb14eb24be,SKU001861,6715,4723.92,29.65,2026-09-20
eb19d84b-3425-44aa-bc66-7202c9d10d2a,SKU001862,14810,12831.91,13.36,2026-09-20
ebabd51f-ba5e-4c32-b8d3-7df4727a0bb4,SKU001863,3724,2083.88,44.04,2026-09-20
479a237f-c087-4e2b-a3e7-9bccff45d041,SKU001864,586,309.1,47.25,2026-09-20
193e464a-002d-425a-94af-7b110f39106b,SKU001865,13773,8446.94,38.67,2026-09-20
3ed37336-a2e9-4f48-b617-7c02bc679114,SKU001866,10692,9487.32,11.27,2026-09-20
ef6e6ba0-f241-4911-9921-a417c2c68e85,SKU001867,2657,2619.9,1.4,2026-09-20
a041c632-9d8a-4c2e-a422-aca0645cf1e8,SKU001868,9277,6636.85,28.46,2026-09-20
f2a5d08f-0b58-48c8-be98-94196085e2bc,SKU001869,7213,5119.8,29.02,2026-09-20
2efc215c-6ff3-48d3-ae01-76b0c7784580,SKU001870,9611,7994.86,16.82,2026-09-20
58f56836-1ec4-4285-8ffe-83320b02f260,SKU001871,1889,969.15,48.7,2026-09-20
ff6a5a82-827c-4778-bbc1-db487fb7cbcf,SKU001872,2169,1581.51,27.09,2026-09-20
4fe2618b-e88d-4adb-bbd4-25476f4ef293,SKU001873,12521,10988.09,12.24,2026-09-20
9b6ff28b-0a57-4844-8b45-d24eb55fac76,SKU001874,11575,7222.64,37.6,2026-09-20
0acf23ab-944a-4747-b835-facb9ebfead9,SKU001875,4317,3797.93,12.02,2026-09-20
d8cde0be-e185-4be3-b43f-1395f5ebc5c9,SKU001876,9659,5291.59,45.22,2026-09-20
b2a8d1d5-e5be-4555-806a-ba7478fa8f1e,SKU001877,4543,2275.17,49.92,2026-09-20
e5215621-5440-4953-a02b-3e93ece672e8,SKU001878,13311,10335.94,22.35,2026-09-20
bd0887dd-7dff-4cdd-8936-7559a8d6c6a6,SKU001879,13175,8140.61,38.21,2026-09-20
d4eab714-1f5a-4a0d-a6d2-3626200524b2,SKU001880,1137,993.67,12.61,2026-09-20
b85af542-0bdb-4496-9ab2-92091c478609,SKU001881,12021,7434.74,38.15,2026-09-20
83d204d8-4c27-4bed-89ae-9fb0ae428eab,SKU001882,10369,6412.84,38.15,2026-09-20
2ca3c6a1-b887-4bb7-9965-47660f2f6458,SKU001883,14580,11766.21,19.3,2026-09-20
e733424d-8b8b-428f-8cc2-fcfef1a58c29,SKU001884,3125,1771.83,43.3,2026-09-20
af486927-420c-4dc7-9ff0-cbacf6f0c3f4,SKU001885,2278,1143.1,49.82,2026-09-20
9abf4c42-e314-4b7e-8167-e071b355a173,SKU001886,11637,6740.73,42.08,2026-09-20
3cf65f62-37d1-4b6a-9e97-383132b5bd16,SKU001887,1141,640.31,43.88,2026-09-20
24b5a10c-fa6c-4145-84a3-3bf8e26106b3,SKU001888,13962,10384.3,25.62,2026-09-20
2a65b185-7eb2-434e-b609-0d8c0f8e458b,SKU001889,5663,3615.7,36.15,2026-09-20
5b642b08-9059-4424-8d4d-4989e77f6692,SKU001890,8956,6682.8,25.38,2026-09-20
019cb90c-3230-4a55-b333-c2562066a820,SKU001891,5816,3942.31,32.22,2026-09-20
f7dd43f8-889a-4ded-8e51-7117ea94a128,SKU001892,9828,9140.81,6.99,2026-09-20
33b248eb-b584-4b54-b27d-304a89d1680c,SKU001893,513,508.0,0.97,2026-09-20
f4a3ce95-b5a7-443e-be53-b9ad6d07ea32,SKU001894,11249,10233.59,9.03,2026-09-20
1c80ddd2-76de-4be3-919b-2a169312fc5b,SKU001895,5646,3506.97,37.89,2026-09-20
63658342-0f4f-4c3b-9397-446454ccdce9,SKU001896,9912,5271.77,46.81,2026-09-20
380569d1-061b-4446-a181-6c6e5d2f3647,SKU001897,9229,4869.94,47.23,2026-09-20
2ed3c235-3e5b-475c-aac9-528c56772c0d,SKU001898,9599,6167.59,35.75,2026-09-20
bd291755-4455-46fb-b18e-f19522537e3f,SKU001899,5514,4494.19,18.49,2026-09-20
692ef774-5665-4525-b58c-a568c406f892,SKU001900,9895,8193.88,17.19,2026-09-20
a86eaabd-755d-457e-9fa2-e9a5a1b4a8f1,SKU001901,2342,1209.13,48.37,2026-09-20
3a1e1dee-1c07-4a6d-a65f-f026c12531a9,SKU001902,522,469.07,10.14,2026-09-20
46c08e35-c92f-4d72-b806-591534809230,SKU001903,6353,4006.47,36.94,2026-09-20
fa7cd6d4-a15c-412a-9b24-93023c63da43,SKU001904,14387,9492.28,34.02,2026-09-20
f2cd5ead-0799-4f50-9b0f-1710c4b288e2,SKU001905,9507,7132.76,24.97,2026-09-20
fce98fd6-5bc1-4898-8031-f1ab24b937ce,SKU001906,14211,9193.36,35.31,2026-09-20
8f793d08-4629-4104-ae99-da7f669f8465,SKU001907,7272,7044.43,3.13,2026-09-20
69119381-c134-4f57-b920-84715286a03d,SKU001908,7944,4041.53,49.12,2026-09-20
5ea96efe-ebc9-4f43-940f-27fd88312ffc,SKU001909,5326,3167.35,40.53,2026-09-20
b99ab346-b790-424e-be5a-c430f7965a58,SKU001910,10163,5932.75,41.62,2026-09-20
ea6d21a3-851c-4a01-9c4a-c98d718b2842,SKU001911,9150,6227.2,31.94,2026-09-20
94e4254d-4af6-4df1-a04b-38e17a3b53d8,SKU001912,9328,5478.25,41.27,2026-09-20
e2a6538e-8b19-41e7-b05f-a4074462b470,SKU001913,1170,1165.76,0.36,2026-09-20
142d9a8f-d690-4a5c-82a5-742bb67bf366,SKU001914,4120,2854.21,30.72,2026-09-20
e0b6bca5-ad40-4bca-8808-2e4b641ca9ab,SKU001915,11270,7589.25,32.66,2026-09-20
992ce3df-301d-41fb-9aad-452b29422ca6,SKU001916,14050,12692.96,9.66,2026-09-20
d6d1c893-719b-47bb-a435-34fac62e2151,SKU001917,14051,11460.68,18.44,2026-09-20
32ddeefd-63ba-4439-b10e-7c505c66b026,SKU001918,5571,4489.04,19.42,2026-09-20
d7237f65-4d60-4699-a139-8caa0e9b142d,SKU001919,686,379.51,44.68,2026-09-20
6d1764b7-675c-4ef8-a310-0233b3c5a4f4,SKU001920,13082,7500.46,42.67,2026-09-20
f2e198f2-2788-4604-a426-09ff3d1cd1d0,SKU001921,2533,1525.73,39.77,2026-09-20
7f519b21-227a-4d3f-9b2c-1550263d973c,SKU001922,4345,4215.93,2.97,2026-09-20
b64c5342-c69e-4577-9759-83cc39d9930a,SKU001923,4469,2626.2,41.24,2026-09-20
9cafcd1a-94fc-4594-941b-0d218ffd8ede,SKU001924,13038,8015.03,38.53,2026-09-20
93e25bc7-f4e0-4ec4-9730-bad3c1a6a23f,SKU001925,12150,10372.9,14.63,2026-09-20
c4e360ea-1bbb-4dc9-b35d-1f68a9e696a0,SKU001926,8588,4317.83,49.72,2026-09-20
b4bea45b-d212-4395-981b-30d5af2b8f46,SKU001927,13362,7781.66,41.76,2026-09-20
bfa30d8c-cdc0-4613-8ff9-8e905534b17b,SKU001928,8519,7655.39,10.14,2026-09-20
4042139b-bcb5-40b7-9eb6-6258b6ad9525,SKU001929,9935,7703.61,22.46,2026-09-20
c2a0543e-d700-4450-8070-29ee5a080962,SKU001930,7015,4957.42,29.33,2026-09-20
50554754-9cfc-4fa7-b97d-362e90fca1d7,SKU001931,4215,3512.01,16.68,2026-09-20
524b1069-c1e3-4e84-81e8-5fcd8a9abaf0,SKU001932,6398,5076.07,20.66,2026-09-20
35d2288d-930b-4a9f-8c63-92496e0fc45a,SKU001933,4556,3732.68,18.07,2026-09-20
1dc1bf6e-687e-42c3-8aef-c26ed04c01c5,SKU001934,12449,9425.21,24.29,2026-09-20
e7cad124-87a8-4251-b63e-501568617d8b,SKU001935,11157,7633.92,31.58,2026-09-20
342c7193-d73d-47e4-adcd-3e882221269b,SKU001936,1321,1175.08,11.05,2026-09-20
18317df0-9d8f-4afa-b67a-e3c351b9e137,SKU001937,7076,6080.56,14.07,2026-09-20
764fc6ea-f6c1-4aef-a50e-921ff71b93f9,SKU001938,8199,4531.96,44.73,2026-09-20
f6a540e2-4e7c-49d8-a489-c0ee02d4cf3a,SKU001939,755,381.29,49.5,2026-09-20
e5069fb0-a544-4bce-9ffd-0ace7edc8605,SKU001940,3077,2174.22,29.34,2026-09-20
6387f145-2933-47f7-a167-0d4becead413,SKU001941,10285,7812.24,24.04,2026-09-20
7b947e57-3174-428b-93d6-a8963b1b19c1,SKU001942,3612,1988.66,44.94,2026-09-20
b0399807-4de0-4459-b265-bc70f2b83d3c,SKU001943,10968,9739.48,11.2,2026-09-20
b0dd383c-7632-43ff-9548-2ffc256a1eee,SKU001944,8283,6690.08,19.23,2026-09-20
ed9b9098-08fc-4726-92d7-14f26ed66a9c,SKU001945,1416,1189.44,16.0,2026-09-20
052bf304-6b02-4ff5-b590-a8878010b7b6,SKU001946,5774,5177.0,10.34,2026-09-20
50f8ce4f-dd30-4407-af6e-b473666b4449,SKU001947,12796,11748.07,8.19,2026-09-20
d74f9261-e8a2-4957-819a-94e683e62dff,SKU001948,14235,14061.38,1.22,2026-09-20
48b5842b-c46f-471c-bae4-2ce3d9de58a1,SKU001949,5424,5301.27,2.26,2026-09-20
2b4d809f-2b22-4310-8cbe-25d73efc6ead,SKU001950,1064,995.78,6.41,2026-09-20
f3ba8fe0-cf7b-4378-b245-70abab85f1fc,SKU001951,10593,5600.35,47.13,2026-09-20
3617570a-9cbb-4cb9-a5c0-39919311a4a1,SKU001952,3058,1794.87,41.31,2026-09-20
3802eeeb-6fc3-47ba-8f81-c7b14a4137a2,SKU001953,1257,1090.25,13.27,2026-09-20
1aa25d95-311e-49ff-8e2b-9fbb440db9ac,SKU001954,7408,7174.31,3.15,2026-09-20
e56b3ee9-719c-45f4-9285-3f02ebcfd369,SKU001955,14328,9588.1,33.08,2026-09-20
50fe33bb-1cae-4c7f-8def-2def9b3650dc,SKU001956,10728,10326.95,3.74,2026-09-20
7ef37c77-9f42-49a2-bff3-551ab87aa566,SKU001957,14914,8310.65,44.28,2026-09-20
5cc2c287-5f1d-4bae-ae4d-45aef824cbd5,SKU001958,6972,6299.73,9.64,2026-09-20
aee28b84-b07c-46e7-9c0b-2e7e2b1f834e,SKU001959,12172,8752.08,28.1,2026-09-20
069968ed-c44b-43b4-b20e-6e0710e00934,SKU001960,13252,9116.85,31.2,2026-09-20
b3641558-f58c-4738-bd37-0b7fa9bf6565,SKU001961,11697,8298.61,29.05,2026-09-20
348b6017-3161-47ad-a87b-c287de2f0197,SKU001962,10338,6056.37,41.42,2026-09-20
5e4de256-1506-47e1-b4c2-0ab0702df697,SKU001963,14936,12470.11,16.51,2026-09-20
f71d598c-e30a-4cf2-94ca-606bcd4358ee,SKU001964,11888,8734.21,26.53,2026-09-20
cca485b7-5d48-4ffe-a6ca-203689da02fc,SKU001965,14821,8954.07,39.59,2026-09-20
6795ef0a-605b-48ba-9d35-29fb29bcccdf,SKU001966,13272,8035.07,39.46,2026-09-20
8cc91851-66df-4b92-8082-1935d489dabd,SKU001967,7916,7620.5,3.73,2026-09-20
12bb438c-1c21-4a2a-98d1-122631303119,SKU001968,7930,6738.68,15.02,2026-09-20
0ab2f70a-5d4c-4f89-9c27-8617606b8fd2,SKU001969,5034,2521.31,49.91,2026-09-20
351005f0-4fde-4c99-92b3-665442241b18,SKU001970,12876,9799.25,23.9,2026-09-20
b878bc35-df12-4d67-9363-29dd8b61fd01,SKU001971,10141,8132.4,19.81,2026-09-20
a7ae125f-7aab-4f4d-883c-79f0e740c081,SKU001972,7980,7315.65,8.33,2026-09-20
bd336d1d-1925-4d8f-b0fa-b4a3b0aeb479,SKU001973,7716,4336.61,43.8,2026-09-20
ada14250-445b-495f-ae96-f63c3ad1a99f,SKU001974,3657,3027.7,17.21,2026-09-20
ebcbd763-98e9-422c-ba12-0ae2b15dc985,SKU001975,13983,10639.6,23.91,2026-09-20
9f441434-dee9-42fb-9ad7-d18e0bf018de,SKU001976,11969,10503.67,12.24,2026-09-20
9b36379c-2bf3-47d7-85ac-63e8759930e5,SKU001977,1111,887.3,20.14,2026-09-20
038942e3-d54f-441a-9425-1ec64a2ba123,SKU001978,7820,4182.88,46.51,2026-09-20
cfe06698-59cb-4328-83c6-2b4848d907f3,SKU001979,3524,2090.58,40.68,2026-09-20
34ca8237-a805-4ed2-8aca-2cce4864d9d3,SKU001980,14237,7282.65,48.85,2026-09-20
99d3a3f0-b5f6-4261-bba7-283217f410d1,SKU001981,5121,4019.68,21.51,2026-09-20
13c4740f-5b29-4aa4-b71b-0ee5a5207bde,SKU001982,8648,5503.15,36.37,2026-09-20
abfd0d0e-90f8-4a81-a9fb-72227d3d4d80,SKU001983,2846,2527.49,11.19,2026-09-20
41956c49-1ee8-4f49-a37d-d4714a644c41,SKU001984,12150,7501.84,38.26,2026-09-20
309f87ae-b901-41e6-8a10-8334c2e5c932,SKU001985,1867,959.15,48.63,2026-09-20
74b391b1-7c0f-40c2-b35f-8a77c2e4e88b,SKU001986,2528,1401.49,44.56,2026-09-20
638b275e-4706-42ff-8f2d-eace8dfdeb72,SKU001987,5545,5189.95,6.4,2026-09-20
7d5572d1-7d05-4bb5-874a-cadb6c3373bd,SKU001988,4557,3438.05,24.55,2026-09-20
6e045544-b1b4-4f03-9eb0-952a2ecefafd,SKU001989,5927,4776.1,19.42,2026-09-20
a419099f-fc74-4b02-b1a0-c5725ff311f1,SKU001990,2622,2207.39,15.81,2026-09-20
bb29b509-328b-46c1-a6b8-27b6d0cf1811,SKU001991,7142,4422.19,38.08,2026-09-20
a2bf29f9-8cbe-4a26-8c8a-11a2ad7d592b,SKU001992,10335,7844.76,24.1,2026-09-20
cb0ae608-8b49-4976-865a-2e62ed9b2a2a,SKU001993,6734,6058.06,10.04,2026-09-20
d0fddbad-da9b-4b2c-b64d-4995130af278,SKU001994,14355,7579.09,47.2,2026-09-20
7f943f9a-5f0f-49ae-a584-c121658aeccf,SKU001995,6651,6489.19,2.43,2026-09-20
64d6946f-faf9-4ca1-89a4-fb356f687090,SKU001996,3576,2481.34,30.61,2026-09-20
8c8f36f2-5f7b-4f65-b546-bc7e1ec51eb6,SKU001997,10553,9486.32,10.11,2026-09-20
d85600e6-5cd7-49ec-af8f-b5f2b75409b6,SKU001998,11542,9314.65,19.3,2026-09-20
408afc95-d3c3-41db-b206-484a148dbef6,SKU001999,4707,3145.31,33.18,2026-09-20
8c98be82-8ebf-4699-bb24-cb25074d6764,SKU002000,10418,6117.14,41.28,2026-09-20
d4d0b637-d819-4100-9f5a-4f3f0c4c8451,SKU002001,6899,4673.95,32.25,2026-09-20
f1fd5d90-df1c-407a-9e7a-884963303397,SKU002002,3982,3535.97,11.2,2026-09-20
f933e1e8-88a9-4eb5-af1c-b8f2191edf38,SKU002003,1326,809.83,38.93,2026-09-20
2c7e135e-71f9-47c2-938a-27fdefed1119,SKU002004,3647,2622.98,28.08,2026-09-20
d6327276-4ada-437c-9030-34e6748808c6,SKU002005,9587,5909.47,38.36,2026-09-20
64b989eb-206c-4d47-ba2d-02eefcbc8ad8,SKU002006,6460,5129.46,20.6,2026-09-20
8dc677f9-4606-4566-8677-0b3d87dfb31d,SKU002007,2480,2181.0,12.06,2026-09-20
35692a61-c3d4-40c5-b22c-961876270439,SKU002008,2924,2437.71,16.63,2026-09-20
5a536293-b43a-4106-b6ef-6f3629bc7ba6,SKU002009,14314,14275.52,0.27,2026-09-20
0628697b-2712-41d9-82a8-072810a7033d,SKU002010,4095,4054.9,0.98,2026-09-20
c9a65d17-8e0a-4c1f-8238-2817ed085ddc,SKU002011,5936,3669.81,38.18,2026-09-20
9083cf6b-99d8-4503-a1b3-121beebde383,SKU002012,3345,2103.99,37.1,2026-09-20
e1ff6699-debb-42d4-b35b-a96c43c97687,SKU002013,5188,4265.25,17.79,2026-09-20
7565a1e1-281b-492f-b40a-66c171573f47,SKU002014,2416,1378.89,42.93,2026-09-20
6881fd25-57e1-441e-9e18-816e41fc6e02,SKU002015,4604,2825.2,38.64,2026-09-20
111dbe18-d867-47c0-ae89-f186f3f0c2bd,SKU002016,11765,8677.63,26.24,2026-09-20
82871c8c-97e7-457c-9ae0-a7ecec13b0ea,SKU002017,11648,8266.51,29.03,2026-09-20
99b5c5fc-4d0b-4d06-ae50-85feb7bcd9c5,SKU002018,8176,5047.24,38.27,2026-09-20
3987b9e9-0189-4695-8848-a373a77faff9,SKU002019,14944,8302.4,44.44,2026-09-20
24e9d02a-dfef-4d3d-926e-df9c26f148e4,SKU002020,11633,8201.81,29.5,2026-09-20
e0265251-df59-483f-ad70-996f50683db2,SKU002021,13466,11222.63,16.66,2026-09-20
3d361971-89be-4aba-ac17-25018938b305,SKU002022,11179,6464.89,42.17,2026-09-20
e0851f11-ce6c-41a9-a765-897909374ec8,SKU002023,8460,7779.8,8.04,2026-09-20
72085a6a-758c-4d5c-80a4-4487613abc74,SKU002024,8972,7316.31,18.45,2026-09-20
64c38582-8c58-42e9-aa9c-26be3f636bf8,SKU002025,2814,1545.0,45.1,2026-09-20
77fc7b08-a090-4833-be86-ef14db26c742,SKU002026,8612,8204.32,4.73,2026-09-20
bd8553ac-6c09-4e94-a5b4-3292675de763,SKU002027,8336,8121.29,2.58,2026-09-20
7589737a-1594-480e-85f7-a4fc6cc2b7b2,SKU002028,2601,1948.43,25.09,2026-09-20
e41c9749-6142-4249-a2f5-6dfe36522398,SKU002029,5010,4405.91,12.06,2026-09-20
83470632-0119-4306-8123-800c6e322589,SKU002030,6928,4684.72,32.38,2026-09-20
e23c3eea-ebd9-44e8-83a8-a56d7e53dbea,SKU002031,10155,9148.27,9.91,2026-09-20
bce6de3b-216e-4413-96ce-873ff9ebdfc0,SKU002032,11281,6542.5,42.0,2026-09-20
d048b92d-4c3a-432f-a7c9-f66b35e038a4,SKU002033,11389,9447.49,17.05,2026-09-20
315f7d00-6345-4c7d-b74d-4fb57fb4b47b,SKU002034,10831,10561.8,2.49,2026-09-20
5836ac0f-5b58-4cd9-ab13-873257ceaa43,SKU002035,13182,10001.94,24.12,2026-09-20
6a8ae948-e13e-4a9d-a30c-18baad37afef,SKU002036,2733,2419.85,11.46,2026-09-20
e0e0a96d-ec5f-42a3-a3fa-08ca6f6106f8,SKU002037,12428,7894.87,36.48,2026-09-20
2f54c4cd-fd6e-407f-a4e5-d77e98f8984f,SKU002038,1389,1000.16,27.99,2026-09-20
2ec4b507-1c81-45f7-973f-4241472d2361,SKU002039,9677,5470.0,43.47,2026-09-20
0135230a-1f83-4700-a6c2-4d6820525bb2,SKU002040,9719,8719.03,10.29,2026-09-20
3caf3018-1c51-4717-b909-43885b6380fd,SKU002041,5682,4782.47,15.83,2026-09-20
05a0fc61-f6fe-4287-9546-5dc21c69afba,SKU002042,13876,10602.63,23.59,2026-09-20
7f6ea056-1b04-45b4-8624-91ee206291d1,SKU002043,4366,2488.88,42.99,2026-09-20
b6a37b85-821f-4f2e-b0ce-e997aea64fb5,SKU002044,3577,1898.25,46.93,2026-09-20
09643082-05fa-4235-bf37-20a361ab9ac3,SKU002045,11903,11692.0,1.77,2026-09-20
25a8e7d7-bb28-4b94-b1ae-c65c5a5c5bb8,SKU002046,527,343.35,34.85,2026-09-20
8d8c0393-62ea-4775-84e3-bcd6e08084b4,SKU002047,858,730.5,14.86,2026-09-20
b7e92221-ac6f-4f67-a81a-526f84c04a1d,SKU002048,13005,7264.26,44.14,2026-09-20
f45da136-d200-43a5-9a19-972e70eb6033,SKU002049,13276,11040.65,16.84,2026-09-20
29199b5b-9f93-452a-a0c2-184224256b6a,SKU002050,6046,4176.76,30.92,2026-09-20
d40029c5-61c3-46bc-9195-f1a287bebe94,SKU002051,12927,10804.24,16.42,2026-09-20
807320a4-78a0-456a-a194-52e2b6174aa3,SKU002052,7340,6908.98,5.87,2026-09-20
087bede1-11f0-4423-ba86-ca1ecc9de17c,SKU002053,5050,2917.63,42.23,2026-09-20
20d89015-5a6e-47a4-96ad-bb3709ac7d22,SKU002054,6771,4452.79,34.24,2026-09-20
9704420f-e822-4b9e-845d-38387a2ffb90,SKU002055,9852,6857.94,30.39,2026-09-20
ddd7e74b-6b81-4eed-8735-dae145f6929e,SKU002056,603,376.62,37.54,2026-09-20
56d95def-1b82-4286-9c44-86c4adc495ea,SKU002057,6662,3477.13,47.81,2026-09-20
07d51e8d-de2e-4274-bdaf-bd6f326c9400,SKU002058,10997,10340.77,5.97,2026-09-20
e4912e99-5aa3-4bdc-9c67-26952aaba6ac,SKU002059,1168,630.67,46.0,2026-09-20
018083df-0256-4f51-996f-65edcc81329c,SKU002060,3822,3470.12,9.21,2026-09-20
aaf42be2-cd34-482c-aea1-6f19f288172d,SKU002061,894,605.06,32.32,2026-09-20
26a8581a-8476-4eb4-811e-2c96fd49442d,SKU002062,7102,6127.06,13.73,2026-09-20
83a5e220-0893-4c3e-bfe5-ed2cdb98adb6,SKU002063,5241,4679.94,10.71,2026-09-20
dd8593c9-7150-4c41-8c54-e62f21a740f4,SKU002064,2004,1082.75,45.97,2026-09-20
23fd0f4c-1c4b-4a85-a341-d5781bb29043,SKU002065,1529,1184.73,22.52,2026-09-20
ec809c46-e341-48be-9547-ace061faaf4f,SKU002066,8128,6486.98,20.19,2026-09-20
2f49110d-f178-4e2d-9ce3-76065a15d360,SKU002067,9102,5772.55,36.58,2026-09-20
cdbfced4-e5d8-4ab4-a1f9-03a74c3608da,SKU002068,2083,1631.31,21.68,2026-09-20
bd1171f9-bb82-40cb-9213-036f9e041e95,SKU002069,7563,5854.06,22.6,2026-09-20
adc7e020-ce35-41f4-a665-36799a14058e,SKU002070,5049,4734.49,6.23,2026-09-20
725b3754-a8cf-4e20-90c6-dfc4865a96c3,SKU002071,3509,3284.95,6.39,2026-09-20
a162cbd9-5a2b-4451-9c99-6e840f51aff2,SKU002072,14527,14391.68,0.93,2026-09-20
e4cd57fd-398c-49fc-8e33-2b4c22b365ae,SKU002073,7004,6566.86,6.24,2026-09-20
6da85b4f-b673-48b8-a60e-04116771ae8b,SKU002074,11975,10241.06,14.48,2026-09-20
999d4a85-9523-4bcf-8d5f-282a9ea726d4,SKU002075,3936,2269.74,42.33,2026-09-20
5e80447f-9a68-49d5-b14e-9d344b464b6f,SKU002076,5697,4632.52,18.68,2026-09-20
2aecf27c-fc05-4a2c-b0de-7d8085e77912,SKU002077,8774,4896.25,44.2,2026-09-20
9e20e50a-6bc9-4f71-adf5-eff86b3110e2,SKU002078,4217,2996.28,28.95,2026-09-20
bf58a0df-b393-4ae8-95a3-5136097982c6,SKU002079,2288,1696.13,25.87,2026-09-20
63607854-ac51-489b-a5da-c5921d6ef3e0,SKU002080,11079,8717.12,21.32,2026-09-20
dfb20e68-1542-4902-93cf-43add2b009df,SKU002081,6903,6645.82,3.73,2026-09-20
9eb61522-5f13-41b4-8a4f-60221fef2f0e,SKU002082,7281,5916.61,18.74,2026-09-20
b4bbe10b-94c4-4a72-8f39-0d9e2684459d,SKU002083,11447,9790.25,14.47,2026-09-20
04b6c98a-f080-4ca2-b5d0-9fad50be5d20,SKU002084,5626,5165.58,8.18,2026-09-20
035b07c7-748e-4e3d-b92f-22582d0c9908,SKU002085,5472,3634.4,33.58,2026-09-20
e3eff0f1-6559-4622-9f60-cb3d4b79d3cf,SKU002086,5046,2786.04,44.79,2026-09-20
78138eea-3cb2-4363-b689-d04f3664ceaf,SKU002087,3425,3075.45,10.21,2026-09-20
7b690224-843e-46d0-8750-0bd666f82146,SKU002088,8323,4293.23,48.42,2026-09-20
15e14698-bedd-405b-bddf-fd1c57669867,SKU002089,10401,8292.32,20.27,2026-09-20
22fd20a0-5b3a-4190-9463-bcbfe0eefa91,SKU002090,3544,3163.29,10.74,2026-09-20
13e38714-36e3-440c-a601-321512ce5a06,SKU002091,5967,4392.73,26.38,2026-09-20
c2d28748-320c-4847-9221-885006829611,SKU002092,8327,5318.53,36.13,2026-09-20
809c35a9-c023-46d3-ac4e-ee64ee250dd2,SKU002093,2498,1946.69,22.07,2026-09-20
ae8573f1-4997-40dc-8539-a695b65f4dc3,SKU002094,4879,4273.26,12.42,2026-09-20
0df3232f-3d17-4ca8-b726-eacd60f0cc1b,SKU002095,6923,6866.55,0.82,2026-09-20
73acface-66a2-491b-bbe0-f5a9ab4c10ed,SKU002096,5183,4613.35,10.99,2026-09-20
db5fb2e4-f3bb-4c86-8be8-11a626037e34,SKU002097,11287,7060.37,37.45,2026-09-20
b245f0ea-c950-4695-9556-34110de1c81e,SKU002098,9641,5336.12,44.65,2026-09-20
678b6b73-e05e-4335-a49e-b30896ea0c8a,SKU002099,5611,3704.63,33.98,2026-09-20
b3d7a7b0-0a33-4305-9852-a45b6e254358,SKU002100,1175,1154.94,1.71,2026-09-20
77da7681-691f-41ae-a7b9-9ed7d77a33da,SKU002101,4007,2435.79,39.21,2026-09-20
4ade6828-4660-46d2-94ac-ce01ce1b3008,SKU002102,7634,4010.51,47.47,2026-09-20
a5ab3e30-d952-496b-b908-06efda51e898,SKU002103,9097,8657.92,4.83,2026-09-20
02dfefaa-f8c1-4d01-b6a5-2cbd3ce30a1e,SKU002104,14695,12290.57,16.36,2026-09-20
8b37576e-e49c-4d84-b31c-667aebc57e11,SKU002105,10820,10483.23,3.11,2026-09-20
44d81321-e590-42b6-a12c-4f1d2229ab9b,SKU002106,14671,11839.07,19.3,2026-09-20
225e67ec-b905-4ea7-b3b9-9cd4897da341,SKU002107,2722,2590.07,4.85,2026-09-20
78677573-a757-4f47-83dd-e480633ffdf6,SKU002108,1065,559.57,47.46,2026-09-20
2c3c46b3-62dc-48ee-b173-4caccc8f0cbf,SKU002109,4703,4270.21,9.2,2026-09-20
393aecf5-ce21-4972-be05-7a493ee550f5,SKU002110,6490,5782.69,10.9,2026-09-20
6f0d79ea-8416-4774-ae0a-8075599e03c7,SKU002111,14072,8215.27,41.62,2026-09-20
c7c9e0d5-2d83-4c8f-8db7-0442578b8f18,SKU002112,14180,10660.55,24.82,2026-09-20
5d53b280-7e39-4457-bec3-77305a54c18a,SKU002113,3033,1919.52,36.71,2026-09-20
7abe1d5b-ad73-4b21-a1bc-d8b9b4d70669,SKU002114,14488,8765.23,39.5,2026-09-20
adeb6ade-fb5b-4a71-beaf-90e33a922b8c,SKU002115,9540,5440.23,42.97,2026-09-20
9c53c9bc-c1ac-4d6e-86ad-01a667d48eb6,SKU002116,4588,2727.89,40.54,2026-09-20
1a1c20a1-ad82-4d2d-a27d-a9f950e246c3,SKU002117,9912,8737.79,11.85,2026-09-20
a4f990d3-3dd5-45c6-b704-8dfaf12e4e27,SKU002118,13752,11064.66,19.54,2026-09-20
6caa86d0-cb07-4fc9-8218-52a3de9c989b,SKU002119,11515,9945.58,13.63,2026-09-20
ba3d690b-3ff9-470a-a869-35fdb5edea51,SKU002120,8991,8270.66,8.01,2026-09-20
2c7dbd85-9bbd-4938-b71d-2a5e96363671,SKU002121,6642,5731.92,13.7,2026-09-20
8dc543e8-4a55-4702-9880-d72a72beefca,SKU002122,3674,2228.05,39.36,2026-09-20
a69acf20-f256-48e8-a764-b74e595d0c2c,SKU002123,13943,7856.79,43.65,2026-09-20
24a8692c-6918-44b3-82cf-c3c75cffc53a,SKU002124,2776,1467.61,47.13,2026-09-20
f97f5266-5962-45e2-9be2-99d27ba6fe4a,SKU002125,8580,6716.79,21.72,2026-09-20
7bad746e-fb07-4c6b-989d-12b6824aa7d8,SKU002126,1990,1874.32,5.81,2026-09-20
f2fd2461-43d3-4a5f-8ec4-f5581b096f21,SKU002127,12539,12253.63,2.28,2026-09-20
1bb0d9e8-94d6-4d3b-a4a9-68d673d4d476,SKU002128,11682,7545.7,35.41,2026-09-20
3305adc0-5905-475b-b644-ccdcff2cbe96,SKU002129,8110,6086.64,24.95,2026-09-20
c391c698-5aa2-4b34-beb0-d3da099fab60,SKU002130,11259,9133.59,18.88,2026-09-20
afdee5d1-fc65-4e9d-be9e-1ebf2e93624f,SKU002131,10831,5663.86,47.71,2026-09-20
9cd4952d-8f1e-4b17-9a33-d938fe61c65c,SKU002132,3036,2994.47,1.37,2026-09-20
258a6efe-edc7-45e9-b67a-8d89f12f0def,SKU002133,3430,2985.64,12.96,2026-09-20
460118b9-46ff-44fb-b7a6-d602b4ac5166,SKU002134,5352,3641.83,31.95,2026-09-20
3e00d3ec-6a2d-4b7a-8b23-ccc507879963,SKU002135,12541,10980.38,12.44,2026-09-20
577a78cd-46fe-43df-a131-3bc2b67639fc,SKU002136,9121,6973.69,23.54,2026-09-20
a3eb4d65-6abd-40c9-a701-ef400a8e16f4,SKU002137,10299,8394.07,18.5,2026-09-20
c9fd8357-3955-4780-8d6d-d6da64ca9d52,SKU002138,12153,7411.67,39.01,2026-09-20
c785d46d-920f-4c8e-92d7-dd0b27b7c486,SKU002139,3397,2099.27,38.2,2026-09-20
a559ce6b-21ee-470d-8116-a7e549065801,SKU002140,3579,1893.35,47.1,2026-09-20
12d23fa7-1fb3-42e7-8c12-13e767530d7c,SKU002141,11172,8836.73,20.9,2026-09-20
25653ff7-388c-448f-aba9-e94cfd90aebc,SKU002142,2561,1924.37,24.86,2026-09-20
65e6d978-cb3e-46b9-a4c1-e4e8b881f08f,SKU002143,11070,10665.76,3.65,2026-09-20
18cd1724-f3a9-4e95-8283-e965ea82d9af,SKU002144,4428,4073.03,8.02,2026-09-20
c9ee8c31-2752-462c-8438-9565bbb4e150,SKU002145,3491,3126.74,10.43,2026-09-20
08294dad-c4dd-4a02-9da0-5f9ddba03f12,SKU002146,13312,9525.68,28.44,2026-09-20
8b4222a6-ac7c-440e-b542-624f1953157b,SKU002147,1157,902.84,21.97,2026-09-20
2bdbe845-dc5a-4654-ba43-a32dd8d24b70,SKU002148,5054,2933.21,41.96,2026-09-20
0f6430b6-d0b2-4ba9-9768-7b8e2f1df6a7,SKU002149,9429,7374.81,21.79,2026-09-20
a7f1f3dc-fbe9-4480-9a39-9fadc55312da,SKU002150,2742,1486.34,45.79,2026-09-20
628a350f-2c5b-42f8-9691-16c2b4f4a865,SKU002151,14942,14108.81,5.58,2026-09-20
9c49a332-636c-41f2-ad94-a60a03efa372,SKU002152,6627,5594.15,15.59,2026-09-20
1041605f-929a-40e7-a4ac-7ae010caa13d,SKU002153,11835,10772.86,8.97,2026-09-20
0843e1d0-abfd-4795-b1a7-33edbf587b18,SKU002154,13842,10681.2,22.83,2026-09-20
a98b7e55-d959-46e2-87e4-dd0f0e523a0b,SKU002155,10763,7553.05,29.82,2026-09-20
a0a1b832-8f23-4608-87ad-c8722de1de3e,SKU002156,4990,4236.69,15.1,2026-09-20
57b05eba-c416-4898-b528-ce3c816e0064,SKU002157,1092,774.89,29.04,2026-09-20
37db73c9-1468-4438-b761-fd6160763986,SKU002158,7126,5222.47,26.71,2026-09-20
f8f0271c-9dd1-4a41-b572-100aa7816559,SKU002159,8041,6723.66,16.38,2026-09-20
c539f4dc-ce9e-4bda-bd0d-5577eaa5e20e,SKU002160,9351,5436.99,41.86,2026-09-20
2bf0639f-70b4-4462-b903-3236f179dc84,SKU002161,12271,9239.17,24.71,2026-09-20
0eaad526-d07c-472b-b41c-9782798db82c,SKU002162,14307,9574.7,33.08,2026-09-20
13c1075d-4a61-42ab-a438-3a19c0962351,SKU002163,6585,4381.2,33.47,2026-09-20
17294138-7ec1-4135-b1db-8b2f5cd86a74,SKU002164,10932,9407.58,13.94,2026-09-20
ae170bae-7970-477c-9fff-2d396a1dbc17,SKU002165,8672,8087.06,6.75,2026-09-20
2e0e9b09-94d8-44c8-9594-cfc2d74ee13a,SKU002166,6060,4686.86,22.66,2026-09-20
fde6c786-5c6a-422a-be8f-53fa906f4c12,SKU002167,14335,7240.38,49.49,2026-09-20
b1228a85-c331-4f11-b43c-6b5f7e41f4dc,SKU002168,8704,5596.7,35.7,2026-09-20
706da0ee-e5da-4892-b5f9-a8ae2c622dc6,SKU002169,8960,7170.32,19.97,2026-09-20
e8dcea06-e277-4e33-a8d7-255041c0fbd8,SKU002170,9579,9464.21,1.2,2026-09-20
f70ba426-73be-4b86-90dc-fa2a1bf99b05,SKU002171,3797,2614.86,31.13,2026-09-20
9d9ce25b-94bd-44f3-bb5c-fa6133051008,SKU002172,5362,5255.32,1.99,2026-09-20
ec22e3f8-e793-4b45-b278-6dfe6b1920dd,SKU002173,10419,7910.62,24.08,2026-09-20
aee0cf6b-9036-4286-860e-4398f19ad497,SKU002174,10633,5866.31,44.83,2026-09-20
6d6152d9-153f-4d4e-8ca4-fd44a94f9f65,SKU002175,14292,11627.78,18.64,2026-09-20
5270031e-bea2-48bd-a04e-5d17b0ff02cd,SKU002176,4074,3742.43,8.14,2026-09-20
5ad856c4-bd3a-40ae-90d1-d914378e38c4,SKU002177,7307,6905.54,5.49,2026-09-20
9a3c18a0-9687-4d91-8aef-c57bfd43c704,SKU002178,3109,1620.07,47.89,2026-09-20
9cd0a292-b637-455f-8a14-058260ed7211,SKU002179,10289,5231.09,49.16,2026-09-20
4277f482-e3ed-4589-b527-df7d7facd5c8,SKU002180,10631,6242.2,41.28,2026-09-20
8f5fc125-0de6-46de-9ab7-00b355887aa4,SKU002181,1544,916.62,40.63,2026-09-20
0906b034-e5d7-4054-813b-bc80f6146af8,SKU002182,2195,1208.65,44.94,2026-09-20
34d71b34-8352-41ad-88ff-7ca0c7e85a7b,SKU002183,14083,8831.36,37.29,2026-09-20
745e072e-f918-44a0-a03a-d759f3670586,SKU002184,10922,8130.41,25.56,2026-09-20
c84166a0-6961-4366-a8dd-457d6cecd3e4,SKU002185,2109,1959.51,7.09,2026-09-20
d439f133-5f37-49f2-bb39-c0c230ba667f,SKU002186,5986,5351.68,10.6,2026-09-20
012f10be-f0ad-4b25-9c80-37c969815e1b,SKU002187,8787,6946.56,20.95,2026-09-20
af8b6084-1901-45e2-9e84-34ebe76c8b62,SKU002188,6160,5050.35,18.01,2026-09-20
113b7f7d-4326-41f6-b571-90a3395b71d3,SKU002189,14811,8080.42,45.44,2026-09-20
22071141-6e77-45f2-9e98-41d6d62619f9,SKU002190,3177,2444.91,23.04,2026-09-20
69e3d93a-d3b6-4c59-ba9c-9ad749417227,SKU002191,9799,5243.15,46.49,2026-09-20
d22e3df2-8479-4c95-b5f3-5896841c6353,SKU002192,5723,3574.5,37.54,2026-09-20
8cd7bee8-b2ef-4341-83e9-e0032211a93b,SKU002193,5732,4343.45,24.22,2026-09-20
e0777002-2fbf-4fdb-bf8b-7ecd72917e15,SKU002194,6243,3575.71,42.72,2026-09-20
67c33d5d-cff1-4887-8c7f-0af8efb7ad5a,SKU002195,7978,6034.97,24.35,2026-09-20
7b0abdfb-6010-47b0-89bd-7d75a433a869,SKU002196,8805,5749.88,34.7,2026-09-20
1ed094c1-27b8-4342-bbbe-9da74dc809f0,SKU002197,1356,1323.83,2.37,2026-09-20
5e8dd3ff-ce38-43c2-b7de-92184eaa3f99,SKU002198,4591,4267.95,7.04,2026-09-20
719f18d0-482b-4dc9-9c4d-e915004e5604,SKU002199,3301,2100.15,36.38,2026-09-20
5c297d87-00f8-4ebf-a5c7-633bcf178c56,SKU002200,8357,6756.18,19.16,2026-09-20
d37cd451-8130-4147-bf8e-0939dd5c09c2,SKU002201,6129,5923.56,3.35,2026-09-20
d344e52b-288e-4d6c-8667-dadd2627be9e,SKU002202,5614,3042.85,45.8,2026-09-20
0f8e0934-3240-45cb-a72c-33dd46b3f6ba,SKU002203,8881,8044.26,9.42,2026-09-20
7724f3cf-d249-407f-9264-5b95f0f164ec,SKU002204,13448,11926.27,11.32,2026-09-20
e8758e7d-bcba-4fb0-a84b-56622a70655f,SKU002205,763,476.2,37.59,2026-09-20
7d4aa6cf-1f8a-4faa-853c-6e43be73b43a,SKU002206,3551,2336.52,34.2,2026-09-20
b3d11de1-8dd4-4989-9053-2298a2893da8,SKU002207,6981,6230.3,10.75,2026-09-20
1104d2e6-ec22-48de-9f40-6d80d8673487,SKU002208,1338,671.53,49.81,2026-09-20
6166bdb4-6744-478c-95e7-6a562eb9e266,SKU002209,2898,1540.59,46.84,2026-09-20
450cf3f8-c162-40c1-8db3-3c71e324dd33,SKU002210,5478,3612.41,34.06,2026-09-20
94a681f0-b834-40b1-bd72-4f9f431e519b,SKU002211,14128,8916.25,36.89,2026-09-20
07e3d36f-f583-4bcd-8c77-0f2db6e19b7c,SKU002212,7840,6862.05,12.47,2026-09-20
e1fbed4d-bc8f-4861-a4f1-a5987f6ea170,SKU002213,8114,5952.75,26.64,2026-09-20
23ea2d50-483d-4fcb-b478-e614223f9e91,SKU002214,1472,769.45,47.73,2026-09-20
520232cc-f62c-4e5d-8ac1-a5df94ea0868,SKU002215,5697,3690.64,35.22,2026-09-20
c29b7275-38be-4883-a71e-9ab3bfe08b4b,SKU002216,6865,6830.41,0.5,2026-09-20
cbe9e3d6-d671-444b-a3cc-2d5425b0ec67,SKU002217,2920,2381.92,18.43,2026-09-20
40b6e0ca-571f-4cbc-bad6-96e393b76123,SKU002218,11530,8131.21,29.48,2026-09-20
62f4870d-b46b-4a32-9cf1-1e1c22583f58,SKU002219,2974,1777.14,40.24,2026-09-20
b38ce7b9-14e6-4b99-9912-cb0acef9db6f,SKU002220,13159,11694.11,11.13,2026-09-20
fe649bde-7900-4011-9e26-798893cde23d,SKU002221,9468,5380.92,43.17,2026-09-20
ec08571e-ab08-417e-8205-2b3d6a3c502e,SKU002222,547,526.88,3.68,2026-09-20
e443543c-2fb9-45e1-9a0c-61c302aaec32,SKU002223,2644,2446.67,7.46,2026-09-20
1f4f84a9-b46c-4ae4-a515-9e60767e34ce,SKU002224,9450,6278.91,33.56,2026-09-20
6c197d4c-34ea-4d48-8b4e-094caee44b82,SKU002225,13198,9255.78,29.87,2026-09-20
4f3daf29-cc65-45bf-9677-379c1f3b219c,SKU002226,1394,947.95,32.0,2026-09-20
7ec80f49-a38a-434f-b228-bec3408e5707,SKU002227,13063,12064.48,7.64,2026-09-20
03bd91c9-e4ea-44c4-b36b-634eede92e6d,SKU002228,1159,1046.02,9.75,2026-09-20
255b50a7-eea1-424d-8639-40b1f8c5921c,SKU002229,8868,6668.85,24.8,2026-09-20
7efe95ff-3511-4291-ae8a-3287cf87aae2,SKU002230,12658,9117.4,27.97,2026-09-20
6adf43e5-116f-449e-820e-b64e5531c15f,SKU002231,13630,13572.69,0.42,2026-09-20
c254c7cb-067e-4874-8e62-d878d2308dd0,SKU002232,13232,9358.95,29.27,2026-09-20
e81317a1-3ed1-42c8-8c8c-6970f4e2f15e,SKU002233,3369,2441.56,27.53,2026-09-20
31433e48-a798-4f04-a549-1e3b644f4140,SKU002234,10623,9221.55,13.19,2026-09-20
b3257e19-417a-401c-a920-678b52cb3bb2,SKU002235,9489,6591.35,30.54,2026-09-20
7d9e7fa0-1403-47fd-971f-d8b6ae0d3e57,SKU002236,14509,7337.07,49.43,2026-09-20
f360e0d4-e2c4-4bbb-948f-449de1137e6a,SKU002237,14304,14260.92,0.3,2026-09-20
60450d1a-7a8d-43d0-bcd5-fa26e5752f63,SKU002238,3368,2119.43,37.07,2026-09-20
8d3beec9-6ed6-4fd8-b6d0-5366133b4c69,SKU002239,797,681.58,14.48,2026-09-20
eb78974d-9587-493f-ace6-e7012d4c7177,SKU002240,5750,5682.43,1.18,2026-09-20
6d0f456d-d1a7-4c18-8c7a-fd75aaf97ead,SKU002241,13518,8015.3,40.71,2026-09-20
2a6942c8-d3b6-4b7f-96e7-2ab61022b1ca,SKU002242,7462,6134.2,17.79,2026-09-20
d57ea187-ba3f-4a7b-bb72-8c2c0c71aecb,SKU002243,1842,1110.76,39.7,2026-09-20
9b1d1c1b-7c99-4717-8735-290057eab4bf,SKU002244,3746,2948.51,21.29,2026-09-20
89cec387-79e7-4133-b971-d7700faf6924,SKU002245,2358,1870.96,20.65,2026-09-20
db8dbefd-3523-4504-8a9b-c12f8f024dc4,SKU002246,5066,3989.46,21.25,2026-09-20
41bac21f-daae-4e01-aa35-608255d9c479,SKU002247,13473,12509.19,7.15,2026-09-20
a9e83183-a8bf-4f45-9a46-43f92d3d7e01,SKU002248,11918,6959.33,41.61,2026-09-20
e698b036-9ebd-4669-9c18-2a5725f68317,SKU002249,11715,6826.64,41.73,2026-09-20
80c08edc-044e-4fdf-87cf-5ba72088d016,SKU002250,7267,5979.16,17.72,2026-09-20
6f56f82a-b710-442d-8968-e0a5f56f4d43,SKU002251,3003,2695.78,10.23,2026-09-20
34cf181c-282b-452e-94b7-d55df7bc5b13,SKU002252,6468,3985.12,38.39,2026-09-20
4eabf0eb-5f8d-4ba5-af30-8d60582d4208,SKU002253,1943,1081.56,44.34,2026-09-20
2bdb1f61-462e-4689-ac92-1b823b6b9316,SKU002254,1751,1555.45,11.17,2026-09-20
329afffb-ba30-4ae3-938a-8e5f522ffc4c,SKU002255,4739,2666.27,43.74,2026-09-20
fd6a1fc4-8316-46b4-bf40-f28d120f15ec,SKU002256,6102,3344.75,45.19,2026-09-20
56842e02-8436-4d40-a394-b7985a21b82e,SKU002257,4446,3643.21,18.06,2026-09-20
7e484bee-c2f6-409b-9bbc-c97674e9b7ec,SKU002258,7912,7323.79,7.43,2026-09-20
35aba7e8-5be5-4dab-89f8-cd0fcc2617c1,SKU002259,4201,3449.31,17.89,2026-09-20
db8da396-ddcf-4151-a731-2b513c8806f9,SKU002260,7520,7098.38,5.61,2026-09-20
f8fdc2d1-828a-4630-af2f-77ef86e8ac00,SKU002261,4423,3916.02,11.46,2026-09-20
f071d887-d37a-4859-a29a-16830a3ca8a4,SKU002262,9037,4699.0,48.0,2026-09-20
faa08a08-b00b-4759-9372-69f72eb69f04,SKU002263,12012,10066.67,16.19,2026-09-20
5af7be6d-6e38-4d87-84c5-d77789a0e5bb,SKU002264,12875,6962.13,45.93,2026-09-20
9c951bf8-2d0b-4c28-a8e4-67c18a39336f,SKU002265,12737,12422.99,2.47,2026-09-20
70ea6b77-970a-400c-accb-bd4da5fe3e9f,SKU002266,12481,12220.54,2.09,2026-09-20
4e0660a6-80c4-4619-971a-5cdbdad48367,SKU002267,13204,6864.06,48.02,2026-09-20
b0f9de17-a03b-4318-b7ea-6e5cca7170ac,SKU002268,757,567.23,25.07,2026-09-20
bfa91b16-2832-4de3-bbaf-f8da37b21755,SKU002269,13969,10014.62,28.31,2026-09-20
0570c017-76f1-4b4a-9fa4-e2e6cb8b552f,SKU002270,9510,4868.63,48.81,2026-09-20
0c842af9-71e7-41c8-af8a-1c1972fca270,SKU002271,3075,2146.91,30.18,2026-09-20
5f706a12-5eb3-4414-a4be-ea24186250f6,SKU002272,9416,5554.34,41.01,2026-09-20
c04c5efb-1c01-4d9a-ba1c-58830501a20d,SKU002273,11766,6912.52,41.25,2026-09-20
54ff84f6-8259-46e3-adf5-984579fd886f,SKU002274,5685,2894.79,49.08,2026-09-20
f2d8e13e-fb36-4005-99ea-079700061d8f,SKU002275,10252,7363.8,28.17,2026-09-20
c1704a05-6923-414f-9b7d-af279e89d478,SKU002276,13759,11284.35,17.99,2026-09-20
5e407527-6359-4cbd-8f72-61996046def3,SKU002277,2112,1366.15,35.31,2026-09-20
270b9e61-d654-474b-a728-c227480a1bd6,SKU002278,8683,8424.33,2.98,2026-09-20
2bab81e5-0605-46bd-82d1-496c872ad747,SKU002279,523,266.32,49.08,2026-09-20
3f521f0a-2aa5-40ef-b8dd-4f7e5748b415,SKU002280,9553,7107.23,25.6,2026-09-20
bdc66a29-b423-41c7-9eab-bb821e9bab16,SKU002281,6252,5142.65,17.74,2026-09-20
6dc32bed-8896-49e7-8624-e2a8e88e88d8,SKU002282,7813,6254.85,19.94,2026-09-20
e10259a5-17c3-4b6f-bc5e-9723c0510c89,SKU002283,12651,9094.72,28.11,2026-09-20
b67c0838-8335-430e-ab14-5dbc38f50df3,SKU002284,10998,6894.65,37.31,2026-09-20
c14ce004-b656-4123-b3b4-f47f4720e5fc,SKU002285,3395,2933.52,13.59,2026-09-20
88f585b4-bb73-4428-9d4d-dee212598711,SKU002286,7814,7670.04,1.84,2026-09-20
7cac1b7c-20b9-49ac-a2d0-a4f7254ab3d9,SKU002287,7143,6905.44,3.33,2026-09-20
5ec8f4cd-f437-4ef9-a33c-d1f467f36e5b,SKU002288,5345,4500.91,15.79,2026-09-20
26897323-a25e-4fad-a7cb-699a31bfa4b2,SKU002289,2948,2260.59,23.32,2026-09-20
77799a7a-0f14-474b-bfe1-d3df2b537340,SKU002290,5227,4774.16,8.66,2026-09-20
96a02d2f-5be1-4765-a46c-966fb23d057f,SKU002291,2491,2067.0,17.02,2026-09-20
3ddf763a-cda1-42b7-95b2-4eb1bd31f687,SKU002292,5600,4802.32,14.24,2026-09-20
2e8ac561-374f-4cd4-89c7-b29f06b235e4,SKU002293,6790,6650.07,2.06,2026-09-20
ebc22f1f-b849-4441-ae8d-0551be208214,SKU002294,4698,3038.66,35.32,2026-09-20
184af7fa-1975-481b-a2a2-c3d77919805a,SKU002295,11773,8670.81,26.35,2026-09-20
47023286-888f-44c5-9bbc-e568ba573140,SKU002296,12240,10058.45,17.82,2026-09-20
ea9a723a-e1d8-4637-b9f5-c38b5b70089a,SKU002297,2647,1699.32,35.8,2026-09-20
1dc7b9de-012e-4ae0-bb12-b867ab87e2dc,SKU002298,10865,9848.18,9.36,2026-09-20
11cf9111-c7e4-4f4f-b36d-8a9dac295ba4,SKU002299,10555,9163.94,13.18,2026-09-20
ec77141e-1f31-4f94-875c-d2e90e9840bd,SKU002300,7254,4697.88,35.24,2026-09-20
bb791ddd-1fe6-4d58-b3e0-58d2f30374ee,SKU002301,14241,13451.1,5.55,2026-09-20
65b5e18b-c9e8-4c9b-a220-8245ebfe3b3b,SKU002302,5913,4893.27,17.25,2026-09-20
ed5121e2-4fc7-4054-ac8e-927ccaea868c,SKU002303,13211,7823.9,40.78,2026-09-20
0bdcb438-e40a-406d-9a78-eaf4570d0481,SKU002304,13540,9760.06,27.92,2026-09-20
dc08ad03-d3df-4153-b8fa-714b42ce2bf4,SKU002305,6916,6090.57,11.94,2026-09-20
ce50709c-706c-4448-8186-1336ab02415b,SKU002306,8072,6118.41,24.2,2026-09-20
77f29c99-8e30-4b0d-912d-2ac10886603e,SKU002307,12713,6518.49,48.73,2026-09-20
584a5c41-f1d0-4218-8b3a-047a83d1511c,SKU002308,13513,8794.04,34.92,2026-09-20
e1368382-7a9d-4caa-ae55-4d64496e5075,SKU002309,2072,1938.19,6.46,2026-09-20
77abc75d-f848-4a80-81a9-eb762f74ca16,SKU002310,11742,7187.72,38.79,2026-09-20
7e7e380c-7ddb-491f-8a6e-27407913e3cf,SKU002311,6154,4670.36,24.11,2026-09-20
c29048ae-65c7-43a1-b8f9-d3649f86fad5,SKU002312,4617,4602.91,0.31,2026-09-20
b39027d4-5ad4-4f7c-bf7d-bb34281f7fce,SKU002313,1775,1641.12,7.54,2026-09-20
a049f4bf-b16e-4759-9ac2-819fcaa5e2a5,SKU002314,2220,2025.47,8.76,2026-09-20
f491c6cf-7182-4a86-a7a3-dc556f4f49f3,SKU002315,14268,12875.93,9.76,2026-09-20
4d45312e-6f82-4120-b961-c7e680fb78ae,SKU002316,14958,11290.97,24.52,2026-09-20
2483e448-fe49-4f0f-9d72-09faad4e0cd3,SKU002317,756,452.01,40.21,2026-09-20
0caf714d-e785-4e6a-b80d-1d72c0bf4c19,SKU002318,11539,11374.52,1.43,2026-09-20
e6a6f291-734c-4543-afcf-1d6429c79812,SKU002319,8463,4805.28,43.22,2026-09-20
8a0cabab-84e5-4b40-9322-68be5abdb5f7,SKU002320,2370,1540.04,35.02,2026-09-20
9e31479c-8bcd-49c5-9dfe-5580c1ea3c70,SKU002321,540,401.73,25.61,2026-09-20
d2974865-9e3e-40d0-8edf-7c35595203dd,SKU002322,1836,1239.53,32.49,2026-09-20
f8ab65d0-01c5-435f-be93-13fe8276d2e2,SKU002323,1635,1299.36,20.53,2026-09-20
b584c7b6-3982-4d7b-b391-5e2866492910,SKU002324,8987,6977.53,22.36,2026-09-20
b07cb579-2e0d-43aa-a38a-15b7e36dbaa1,SKU002325,9470,6199.7,34.53,2026-09-20
fdbd1019-a918-473a-8067-97076a321686,SKU002326,1892,1107.89,41.44,2026-09-20
cde95bbd-1a73-4fc9-9545-38138263d81d,SKU002327,4817,4562.99,5.27,2026-09-20
eea6ccd2-7152-4836-8c02-f86bf1bc0d3e,SKU002328,2168,1158.55,46.56,2026-09-20
98006def-cfc0-438b-bb7f-92aab77105de,SKU002329,5983,3839.01,35.83,2026-09-20
dc756868-d78e-48af-b517-2273c4ab0cd4,SKU002330,2888,2390.38,17.23,2026-09-20
8370e790-1452-4582-845f-06f790c3c7f3,SKU002331,9070,4835.22,46.69,2026-09-20
a5b33778-7179-4960-8e92-a2c30882f784,SKU002332,7652,4362.48,42.99,2026-09-20
387326a8-5ac3-490b-9d10-e2e20e710b18,SKU002333,10653,9692.07,9.02,2026-09-20
353254e9-0dd4-4c6c-9e1e-cba6eca91689,SKU002334,8876,8317.16,6.3,2026-09-20
79112787-ee51-44d9-abf0-af432f1e10a5,SKU002335,831,602.38,27.51,2026-09-20
50390fc9-487a-4b3f-aefb-54bd238f6944,SKU002336,7918,7566.24,4.44,2026-09-20
0e68b78b-4472-4109-9dbf-9f3313b87c85,SKU002337,14262,14215.1,0.33,2026-09-20
87f709ac-0a1a-47e9-b4cd-378d3e8758f9,SKU002338,11589,7660.32,33.9,2026-09-20
cf8ac4c0-2019-4ced-b30e-952e7727c172,SKU002339,3842,3209.45,16.46,2026-09-20
c6dddc04-5f15-4ab4-842e-7d9cc8131383,SKU002340,10231,8485.16,17.06,2026-09-20
c0866457-da1b-45a3-adc8-fe5df87d133f,SKU002341,8144,6304.0,22.59,2026-09-20
771d5d3f-5443-4617-9c9e-961dcc004829,SKU002342,11177,10194.49,8.79,2026-09-20
b9b86a91-4360-492f-a589-66d2556e1778,SKU002343,5835,5331.25,8.63,2026-09-20
17a60414-87b9-4dff-b8d5-ad923e521932,SKU002344,4208,3337.45,20.69,2026-09-20
3f39b7f1-33f1-494e-871d-0e22da64d3ab,SKU002345,11325,7137.83,36.97,2026-09-20
5174b934-7006-444d-8d6e-0b19fdab76d5,SKU002346,9729,9348.23,3.91,2026-09-20
31c30d8c-f064-4999-a13e-6d241833ba7f,SKU002347,11986,11355.01,5.26,2026-09-20
16d0d153-de59-43dc-8443-b7a333196efb,SKU002348,13855,7871.31,43.19,2026-09-20
938bff99-e888-441e-8d34-99184c4664d7,SKU002349,5566,3157.59,43.27,2026-09-20
c71be66e-138d-4095-bc5b-e20ea521f893,SKU002350,6341,4893.04,22.83,2026-09-20
ce4252df-8d5a-4276-b792-7e20e245ab98,SKU002351,4598,4009.62,12.8,2026-09-20
5d0a40c0-a242-4acd-92d8-00e86df352e3,SKU002352,4479,4067.61,9.18,2026-09-20
fc5ecb7b-d4a3-48d3-8be9-84a7e3368695,SKU002353,9308,6031.28,35.2,2026-09-20
b665da4d-faf8-480b-824a-e6f8c86589b7,SKU002354,4340,3086.33,28.89,2026-09-20
ea7842dc-2d8c-4f10-bb2c-5340c6fb9aee,SKU002355,879,626.19,28.76,2026-09-20
c957239e-9438-46cc-8e99-ce6ab217c5f4,SKU002356,3579,3297.51,7.87,2026-09-20
59ed7e79-e41f-4629-907a-c4a86a1c425c,SKU002357,1357,1187.09,12.52,2026-09-20
517de562-8c6f-4087-9c99-ce00afce6991,SKU002358,4496,3392.39,24.55,2026-09-20
998531de-79c2-4f17-878d-4d67a0b5dc2a,SKU002359,9373,8583.01,8.43,2026-09-20
65ff362e-3962-4eed-8148-fc1447690820,SKU002360,1044,707.52,32.23,2026-09-20
0d6434a2-fa6e-483a-8cce-78fbe694d840,SKU002361,7244,5617.84,22.45,2026-09-20
d0584aae-dd81-439a-87ef-a8c0fe863b49,SKU002362,8308,8136.42,2.07,2026-09-20
0606401a-d884-468e-b089-17be227a9265,SKU002363,5629,3176.89,43.56,2026-09-20
76fd54d3-7953-495c-b895-96c7f131a5ab,SKU002364,13735,12281.54,10.58,2026-09-20
9a348d93-fd78-4dfa-a540-69c5975353a7,SKU002365,2365,2147.55,9.19,2026-09-20
0b5f51e7-078c-4350-a0fc-7000743045fa,SKU002366,11360,10280.55,9.5,2026-09-20
06fb747b-3567-4f75-abe8-cd29f7168d7c,SKU002367,1550,1276.95,17.62,2026-09-20
a23eaad9-819a-458e-b927-de5d067d5326,SKU002368,6623,3354.86,49.35,2026-09-20
f7be9edb-d074-4adb-a2eb-cf3f8e33ad33,SKU002369,7134,4598.76,35.54,2026-09-20
8e455bd8-0a94-4261-8a8b-4ab50b44ef94,SKU002370,13244,12231.16,7.65,2026-09-20
4cd55011-ee63-47e6-91e6-35f7b78d9d53,SKU002371,5812,3174.28,45.38,2026-09-20
2dc80286-ee96-43bf-be1e-328d1d8bcfc2,SKU002372,7412,4033.25,45.58,2026-09-20
c6aeb6ab-0964-4103-bb02-322d5b5deb54,SKU002373,2975,2075.18,30.25,2026-09-20
465e6164-c4a1-487f-9782-bba09b96199b,SKU002374,9969,7635.35,23.41,2026-09-20
9d3b78ae-4845-44c4-baa7-b28b2038087b,SKU002375,9540,6035.28,36.74,2026-09-20
5b30204d-fa28-44a1-b16b-8cb326d8b5a0,SKU002376,8559,6623.42,22.61,2026-09-20
075c0a4c-a8d1-4d58-8a98-9948c9147673,SKU002377,929,919.79,0.99,2026-09-20
4fedee91-df59-4e89-af5d-ba2bb6b89af4,SKU002378,9421,8808.86,6.5,2026-09-20
006513b1-ea5a-47d6-b277-dc32326b4136,SKU002379,2034,2007.41,1.31,2026-09-20
3733a49c-1fe0-482d-9b2f-69a35bb15723,SKU002380,581,335.81,42.2,2026-09-20
4d03ac6b-1f07-46b2-965d-13756056e685,SKU002381,8827,7496.27,15.08,2026-09-20
f849ef12-adcd-4347-b4dc-5b1a86a38a5d,SKU002382,6419,6038.44,5.93,2026-09-20
eba9eb5c-7613-4580-a6bc-b07ca7263613,SKU002383,2170,1256.86,42.08,2026-09-20
91cc6d90-4c68-4ea3-887a-5cc14392b5c7,SKU002384,9037,7637.75,15.48,2026-09-20
7451d3a1-1208-43d1-b5ea-1defe21ed275,SKU002385,1427,1077.78,24.47,2026-09-20
167a7db4-2eb8-41c1-92de-2813340c2e06,SKU002386,5085,3379.05,33.55,2026-09-20
5dc20411-7bf7-44a4-9300-2ded218dc550,SKU002387,11213,11011.48,1.8,2026-09-20
c6cc8978-757e-480d-80aa-15e3fd93e8a3,SKU002388,5070,4640.48,8.47,2026-09-20
91aafcb2-8362-4936-90d1-a51c43949047,SKU002389,5450,5441.61,0.15,2026-09-20
46445f6a-d50b-4c32-ab2e-8e80ef3624a2,SKU002390,13520,10277.14,23.99,2026-09-20
dba4d31c-3e77-4d16-ad19-674f7cc208a9,SKU002391,14683,7633.8,48.01,2026-09-20
a4649aff-e145-4e8e-a905-351398402cb7,SKU002392,11302,6599.56,41.61,2026-09-20
0ff80128-d2da-4af4-969d-0fd67547ec33,SKU002393,13697,8144.12,40.54,2026-09-20
743889ed-ad1f-4622-9857-d4bea84270e5,SKU002394,14785,13149.81,11.06,2026-09-20
04345c01-337d-429b-bea3-bef552c4564a,SKU002395,4288,3026.87,29.41,2026-09-20
810da97f-71bc-4a01-b46a-4329367b2d63,SKU002396,9925,8703.96,12.3,2026-09-20
1a1f8277-bce2-488a-8e10-2cc392b8d8e7,SKU002397,2897,2437.79,15.85,2026-09-20
0bcc6fa5-c87a-4bad-8074-8c437c804c90,SKU002398,12216,8684.13,28.91,2026-09-20
58f0a8b8-88c6-4524-a118-b3e1e32e276e,SKU002399,6620,3378.62,48.96,2026-09-20
ead321cb-c769-472d-957b-12cc55d51b15,SKU002400,9674,7840.55,18.95,2026-09-20
ef3ba4a1-3f62-4f93-bfbf-e2e5f3c6d42c,SKU002401,3236,2045.37,36.79,2026-09-20
2e9ae9ef-e39f-4018-924c-870abec05303,SKU002402,4961,4816.11,2.92,2026-09-20
4f7253b0-1eaf-409f-b23b-f15c6901ba44,SKU002403,14948,13607.16,8.97,2026-09-20
6a7be2d7-b904-406b-a883-0ec7d75315f1,SKU002404,13344,11179.97,16.22,2026-09-20
d25da612-f6cc-4378-9008-0c3ac6455526,SKU002405,3408,2842.7,16.59,2026-09-20
1e37acca-9f93-4ea0-b327-19ec9a71bbd7,SKU002406,5206,3515.2,32.48,2026-09-20
08adf272-bea7-4aa0-9886-085f5026340a,SKU002407,7206,5118.4,28.97,2026-09-20
a0d1a532-e395-4402-bc2b-4ecfd6a5f92b,SKU002408,3048,2480.37,18.62,2026-09-20
200268e0-99fc-4781-922b-37aef4667a54,SKU002409,3197,1727.76,45.96,2026-09-20
3aaaf540-7f4a-4762-8f6f-0865d7bc16d0,SKU002410,4323,4202.19,2.79,2026-09-20
d618ea5f-a10b-4d13-985e-0204505b19c2,SKU002411,5569,3481.67,37.48,2026-09-20
5222b79f-e620-446a-9e80-dcf59d63778e,SKU002412,1370,690.79,49.58,2026-09-20
091fbfd5-5df7-4ae7-b79e-b7b96e837b00,SKU002413,2224,2214.22,0.44,2026-09-20
fe9a1cf4-826a-4d18-bfb8-aca1a8c8428b,SKU002414,9266,6201.64,33.07,2026-09-20
e6009843-f3d2-47dd-b206-829e29b83956,SKU002415,10135,9568.95,5.59,2026-09-20
4c2d85a1-d492-4374-a3b2-501372bc7db2,SKU002416,14561,12456.57,14.45,2026-09-20
60b0636f-9039-46e2-ba32-656b6e6dbe6c,SKU002417,3427,1849.14,46.04,2026-09-20
dff3f2e9-fb54-4de4-93f0-2ad7df8c4532,SKU002418,8109,4540.54,44.01,2026-09-20
7ec8b828-a85c-43b0-bc4e-4f7ba30148c2,SKU002419,7874,5009.55,36.38,2026-09-20
11e2682f-41ba-4122-81a3-317ff26f2cca,SKU002420,4981,2777.87,44.23,2026-09-20
2d4e660c-586b-4356-81da-1e6d4c148a46,SKU002421,3940,3519.5,10.67,2026-09-20
21a5b352-f3e9-4157-8c8f-2eba2ac467ef,SKU002422,5082,4708.44,7.35,2026-09-20
e056af10-5d71-4fbf-95bf-55e3069d5298,SKU002423,11512,6997.58,39.21,2026-09-20
5004d9a8-fc14-402b-a191-1254ca24e960,SKU002424,2047,1814.24,11.37,2026-09-20
f1c6d362-577d-4701-a3ef-1a310160409c,SKU002425,2579,2013.05,21.94,2026-09-20
7fce38b3-6480-4ffd-805e-b5d6e992a407,SKU002426,10369,9266.37,10.63,2026-09-20
a22a3e60-4ee5-4845-9a57-c1ec6f5d2783,SKU002427,12613,11744.76,6.88,2026-09-20
2ff6d77f-cbe4-46e6-a7f9-7f339cee2326,SKU002428,5328,3448.11,35.28,2026-09-20
009a5e8c-c796-4178-812b-89425ff471e2,SKU002429,2803,1778.44,36.55,2026-09-20
da3b3ed3-99c7-4857-b12d-ceb4b0481b87,SKU002430,7018,6137.45,12.55,2026-09-20
f1080702-b1da-4f21-8c2c-b76a086fb6f6,SKU002431,5081,4435.99,12.69,2026-09-20
7a7c4617-8109-4e3d-9b3c-a1ad3e7f4d40,SKU002432,1375,1316.93,4.22,2026-09-20
56939ec1-cc53-414c-9415-e6e98483f4df,SKU002433,10559,10508.55,0.48,2026-09-20
b7b660d0-76cc-43c0-b6a8-c6c51fe4d40c,SKU002434,2093,1790.99,14.43,2026-09-20
00cd49cf-b10c-4cde-b9e9-0a28398deecc,SKU002435,13212,8825.4,33.2,2026-09-20
64540d96-023a-49c6-8959-ab5a253d3e86,SKU002436,2658,2303.03,13.35,2026-09-20
6391af19-4eec-4495-a5bf-d49a9c35769b,SKU002437,4927,4295.21,12.82,2026-09-20
ed77d624-8600-473f-8a72-4571caa54d54,SKU002438,4441,2881.77,35.11,2026-09-20
14f982f0-33dc-4f56-b54d-8efd5f6a60d0,SKU002439,11520,6824.34,40.76,2026-09-20
e2c0f82c-d424-451b-9999-452ec97f9717,SKU002440,1030,934.85,9.24,2026-09-20
4c99771c-0b85-4cef-bb7f-26d64b55e372,SKU002441,12092,8867.26,26.67,2026-09-20
790b036d-fb81-4c8e-b3f5-e8246e5f4225,SKU002442,13088,6551.35,49.94,2026-09-20
85cc1bdd-b503-4ab6-a063-eb30e8a5cdb8,SKU002443,5330,4606.89,13.57,2026-09-20
c0d362b3-e81b-4c02-a05c-724e8100bde8,SKU002444,12633,6794.89,46.21,2026-09-20
cfffa84b-b866-4e5f-90c7-0113beccb065,SKU002445,12614,10370.01,17.79,2026-09-20
aff5b765-b1fc-4299-8b34-3fb5f15b1606,SKU002446,9924,6635.95,33.13,2026-09-20
13f0d176-f15a-4f91-92ae-b3e4ceca6ab4,SKU002447,12350,8498.97,31.18,2026-09-20
c1479a9f-7602-49fc-b16a-c1a7790d35de,SKU002448,7962,6118.11,23.16,2026-09-20
d5cec51e-4969-4ba2-914b-d6382a051296,SKU002449,653,340.04,47.93,2026-09-20
34eab8f9-0ed1-4e3c-b07e-005c2930ae11,SKU002450,7562,4887.97,35.36,2026-09-20
fb093ffd-7b30-4f3a-8d83-b624d8838d2e,SKU002451,4488,3178.27,29.18,2026-09-20
c98519e7-b45c-4cce-975d-0d5d0dcf0818,SKU002452,7896,5258.48,33.4,2026-09-20
6f417a11-3b4f-45e4-9265-9f5b8b305871,SKU002453,5109,5010.02,1.94,2026-09-20
c571ad56-c818-4190-b675-132ca600d4ab,SKU002454,10195,6350.7,37.71,2026-09-20
d8cad068-125d-4dd7-bcb4-b16324573e54,SKU002455,13459,9985.78,25.81,2026-09-20
041ebef8-df8c-4e02-9eee-ec6656a01022,SKU002456,11446,8821.74,22.93,2026-09-20
b4edacca-6c80-4bd1-bf4d-850efddec1ee,SKU002457,2141,1551.21,27.55,2026-09-20
9d17ad44-f2e6-4a27-a262-1a63c7d65e39,SKU002458,3247,1989.71,38.72,2026-09-20
117d59af-aa71-44c4-aa99-c2856a605285,SKU002459,3903,3795.3,2.76,2026-09-20
17511f2a-bb6a-4a89-b18c-060f4525472d,SKU002460,8639,7240.21,16.19,2026-09-20
c76689b4-0c4f-48a0-a674-5208e8e3f2c9,SKU002461,9798,8616.56,12.06,2026-09-20
41a36f6d-6775-47fe-b30b-25792ba1afd4,SKU002462,13784,12631.4,8.36,2026-09-20
3eb32356-0260-4316-ab6e-d4ade470077b,SKU002463,2308,1869.72,18.99,2026-09-20
9651cd01-406c-4b21-8057-a7fe6bcca9f5,SKU002464,3148,1691.31,46.27,2026-09-20
dd4d4f8f-b98d-4fc4-9fd9-c5b3f38734b4,SKU002465,7637,3964.54,48.09,2026-09-20
3341d810-57a1-4379-94c6-43da2a70249b,SKU002466,7251,4767.84,34.25,2026-09-20
ec37a15d-61de-4f0b-a1ea-e8190eb32227,SKU002467,13274,12701.34,4.31,2026-09-20
b2e51bd4-12eb-4c1c-a84e-7a9ba6d645e8,SKU002468,4503,3724.06,17.3,2026-09-20
0f5a9b0f-ffec-4284-8d63-250a21540c25,SKU002469,10109,6311.58,37.56,2026-09-20
463e2c71-7ab9-4a35-9240-5fde749d0538,SKU002470,14888,10083.12,32.27,2026-09-20
00ff09da-64e1-4e50-964e-6982a97e6bed,SKU002471,6672,3865.89,42.06,2026-09-20
c0fc13ad-384f-497d-a583-ad6b6b0bb8c0,SKU002472,3169,2452.33,22.62,2026-09-20
186ff6c3-5a65-498b-8d4e-6fb7e73a3c27,SKU002473,2325,1818.26,21.8,2026-09-20
8a7e5e7c-51a1-4881-86c0-fddacb5ea4ce,SKU002474,5653,4117.32,27.17,2026-09-20
6b2e50b6-3e3b-490d-9dc5-939e1340198b,SKU002475,7857,5596.26,28.77,2026-09-20
746e8342-ff7b-4931-a502-6850e6211c07,SKU002476,4417,4221.37,4.43,2026-09-20
8f5174f2-d45a-4776-b7bf-04a257afe634,SKU002477,11117,7536.16,32.21,2026-09-20
e78c1c5c-674d-491f-870e-657c2e44a109,SKU002478,5527,5099.66,7.73,2026-09-20
71dd540c-d838-44e2-8e5d-24e52946ec33,SKU002479,11995,6538.51,45.49,2026-09-20
ff20e801-1a7c-4bdb-9037-003c6c800cc6,SKU002480,6711,3853.22,42.58,2026-09-20
3a7ab525-89cf-4058-9866-d5e01ade8c2c,SKU002481,8091,5139.49,36.48,2026-09-20
52802275-eafa-4afa-85cb-c0ffe06a0545,SKU002482,13357,13009.61,2.6,2026-09-20
1ec2c4e7-6e60-4eb3-beca-397e1f23ea42,SKU002483,7017,5190.61,26.03,2026-09-20
2e51893c-c52b-4216-ac93-dbbb303ab335,SKU002484,12030,6181.31,48.62,2026-09-20
26f7704b-efe7-4a42-a2ce-2fe620618dea,SKU002485,11641,6107.43,47.54,2026-09-20
27540674-5b68-48c9-8f66-37fa2478c56d,SKU002486,3611,3262.7,9.65,2026-09-20
3a26e04c-a6d2-457a-bc2b-2c571fb44814,SKU002487,4752,4716.88,0.74,2026-09-20
d19aad02-8ee2-48d9-b26b-c51c3405f96d,SKU002488,10367,7558.02,27.1,2026-09-20
a65bb52a-8e23-43ee-94ea-5e0928eff469,SKU002489,560,443.82,20.75,2026-09-20
d3810473-074f-468e-91e5-a213e047cabe,SKU002490,2520,1549.74,38.5,2026-09-20
b360be92-298d-40f9-aca9-73b13f067f92,SKU002491,7245,5567.37,23.16,2026-09-20
d0c47109-1938-40d2-9076-d53041e85718,SKU002492,2291,1957.06,14.58,2026-09-20
1d058f06-11a6-415d-830b-a240f4414d46,SKU002493,5949,3422.86,42.46,2026-09-20
21c7545e-b364-48af-97ff-d36848928695,SKU002494,1613,965.64,40.13,2026-09-20
a96b4efd-9777-4e58-a2e1-ccc926d2a8b9,SKU002495,10405,7772.4,25.3,2026-09-20
c3990f75-8344-405a-8f21-9fd47dd7a25d,SKU002496,10064,8232.02,18.2,2026-09-20
1daa7de9-5392-4f79-8c20-c5350b8c1cd5,SKU002497,13379,8278.81,38.12,2026-09-20
8ae7c3c0-c0fe-4d1c-9571-a29b63f5bbd0,SKU002498,7436,4581.75,38.38,2026-09-20
ab382f72-bba6-41f5-8262-86c0be3bce6f,SKU002499,8835,8216.24,7.0,2026-09-20
96980d4c-40a3-4ffd-9a4b-a9840b0db9fe,SKU002500,14896,7878.59,47.11,2026-09-20
721eea11-eab6-4a70-ba67-b2a8c1b49cb0,SKU002501,1534,1097.96,28.43,2026-09-20
1aa34f85-9ac4-4984-ac91-48e5a052749a,SKU002502,6837,4097.71,40.07,2026-09-20
4a085566-c667-4827-b981-b96a529e3e25,SKU002503,12192,7299.88,40.13,2026-09-20
b907fe8f-9c3c-46ff-81e9-db9fca5b9189,SKU002504,1677,1060.95,36.74,2026-09-20
df3bfcbc-073f-4e7e-b72f-1935300cdf87,SKU002505,1188,748.22,37.02,2026-09-20
21d9b7d4-8c8d-4ed2-8ba2-3fc40394d3ac,SKU002506,7141,3602.64,49.55,2026-09-20
586b730d-009d-4630-8348-3d7fbb47bdfc,SKU002507,3490,2633.38,24.54,2026-09-20
884ea564-592e-42b9-94a6-bf85b97189d4,SKU002508,9909,9104.4,8.12,2026-09-20
bf637693-e43e-4bf5-828d-be7edef0f0b6,SKU002509,13957,11082.98,20.59,2026-09-20
acb4e08a-33bb-4de2-bdca-303adf3c4990,SKU002510,2892,2302.25,20.39,2026-09-20
3960105c-2e2f-425a-af8c-c61ae8bde784,SKU002511,10669,6828.09,36.0,2026-09-20
38b199d0-d504-4603-9c99-44298f9feecb,SKU002512,13911,10205.51,26.64,2026-09-20
118997ef-025c-4ee7-9746-8c966477d925,SKU002513,6294,4638.41,26.3,2026-09-20
9df618d0-b7ab-40a4-8c3d-511b8e0df210,SKU002514,5383,4707.95,12.54,2026-09-20
cf34ca7f-24f0-45f3-a2f3-3befe2a1bf8e,SKU002515,12139,9619.36,20.76,2026-09-20
f3482105-27b3-4902-9ecb-6fbf63e72c7d,SKU002516,3756,3362.29,10.48,2026-09-20
79744436-68aa-4e8b-a751-898b7a99ce2c,SKU002517,8067,5072.49,37.12,2026-09-20
15d7cb72-11f4-4c23-be3d-7729a8d0fa60,SKU002518,9926,9736.26,1.91,2026-09-20
adb9233c-82ae-4e75-b039-aeab5428f5ab,SKU002519,14519,13659.95,5.92,2026-09-20
dcd5f1f9-59f7-440e-a71e-759545ab36ff,SKU002520,8528,5257.87,38.35,2026-09-20
35d8574b-d90e-4d54-a3aa-090e3d9487cc,SKU002521,1156,590.41,48.93,2026-09-20
80a33a1f-53e7-4ca3-9f6e-ce0fcfc77039,SKU002522,12712,7566.56,40.48,2026-09-20
4b5f18a7-67a9-403c-8223-a794258801c6,SKU002523,14006,7726.2,44.84,2026-09-20
9b971e02-03f0-4808-977c-8423576fa5c1,SKU002524,12084,9635.81,20.26,2026-09-20
1df94639-c5ea-470c-a113-8c6ed6df3b0b,SKU002525,1738,1585.42,8.78,2026-09-20
917305e5-4a6b-44aa-8c5b-0e8849944b4a,SKU002526,8769,8009.07,8.67,2026-09-20
f83490a4-65c6-49ac-ad03-160c6f12f77b,SKU002527,8272,7955.46,3.83,2026-09-20
575ad344-dedd-41b3-996b-b8f784b2af8c,SKU002528,13512,10761.86,20.35,2026-09-20
c15ce849-d2bd-4c47-b55b-73168298cab8,SKU002529,4041,3849.83,4.73,2026-09-20
11ddb3c4-34e5-498b-b390-69109cac864e,SKU002530,1029,823.18,20.0,2026-09-20
78eda59f-e59e-493a-b171-e0e2a9b2f38c,SKU002531,6131,3357.95,45.23,2026-09-20
81164a09-848a-4ba4-9e55-3f7b91fff11a,SKU002532,4376,2413.1,44.86,2026-09-20
3aa4f102-58fe-40dc-8573-84f527ae2eaf,SKU002533,14508,9866.57,31.99,2026-09-20
0c4b264f-8b41-4d47-a9a1-51c7e1c75293,SKU002534,8110,6308.17,22.22,2026-09-20
28fd3a47-1d12-4200-895c-77b15fbe4f0f,SKU002535,3462,3401.64,1.74,2026-09-20
48404adb-990e-4fb9-bc62-1649167d89a8,SKU002536,6980,6144.18,11.97,2026-09-20
0543381e-9d59-4174-9cc9-7231effc1eb0,SKU002537,2674,2357.09,11.85,2026-09-20
56799482-ff07-4c48-8582-c3a7a3bab70d,SKU002538,13174,10684.01,18.9,2026-09-20
be23b6fe-dc00-4b4e-843d-724cd856c7e0,SKU002539,8542,8221.37,3.75,2026-09-20
9881e833-cf8b-4a8a-8884-7326751a9c12,SKU002540,1797,1272.93,29.16,2026-09-20
90ca29b6-d515-4cd7-9c6e-7860c48ece68,SKU002541,6912,6906.5,0.08,2026-09-20
ab88f07c-d144-4903-b2d4-6c959740e747,SKU002542,2455,2350.84,4.24,2026-09-20
93260ad3-5a3b-43a5-97a9-a4d89cb17a53,SKU002543,9110,6434.11,29.37,2026-09-20
e802fe7f-0c71-4603-a10b-56a6a6eed4ea,SKU002544,8355,6919.83,17.18,2026-09-20
5c416886-f84d-4396-8725-7bec8a852d06,SKU002545,13637,7737.95,43.26,2026-09-20
7e7b0bf4-7ede-4857-8f40-575f0bb3e5f0,SKU002546,6284,4082.91,35.03,2026-09-20
4bb9b785-b0dc-46a7-a52d-76077b5e3aaf,SKU002547,6032,5282.06,12.43,2026-09-20
5971238c-41ab-439d-8e0f-4f930e1849e0,SKU002548,5660,3909.69,30.92,2026-09-20
a58d7f44-436b-4a6a-8f61-0b09f977f221,SKU002549,9790,7023.92,28.25,2026-09-20
084b8a1a-3eee-4d45-93ee-44df9a5e9fff,SKU002550,8924,5937.81,33.46,2026-09-20
edaefe92-c749-46d8-8d8f-a8b67b9d93f6,SKU002551,8340,6943.16,16.75,2026-09-20
7c2ae802-01bc-4b5f-83d8-e49047170355,SKU002552,2468,2214.51,10.27,2026-09-20
de9f6291-1be4-4fce-a66b-4d6878b0bc88,SKU002553,5014,3141.92,37.34,2026-09-20
c5861a71-a44e-4ea7-9a35-7eedbdb8dc12,SKU002554,4750,2712.63,42.89,2026-09-20
a6fbf579-84b0-47f8-a7d7-209f00f2a144,SKU002555,10221,8888.88,13.03,2026-09-20
9ff1b3f1-ff44-4f85-a99c-bd416e0b1aa2,SKU002556,14667,13442.72,8.35,2026-09-20
96c79344-b1f3-4fde-ac23-f073f98f0ade,SKU002557,5019,3092.17,38.39,2026-09-20
36653238-9399-45b1-8ae2-9161c16dfca6,SKU002558,5729,3167.88,44.7,2026-09-20
6589211a-fd3b-405b-87f8-ed02798b943e,SKU002559,2468,1248.64,49.41,2026-09-20
74d68b28-a53b-4200-95bc-518f0fd3401d,SKU002560,6090,5715.01,6.16,2026-09-20
14a2dabd-c9ae-49b2-9543-709633c72f41,SKU002561,8276,4271.79,48.38,2026-09-20
3a0df651-f099-4b2a-80a5-85ae08e1cade,SKU002562,1628,894.36,45.06,2026-09-20
4ccd9b1d-53d3-461f-bd9a-6f5693b2463b,SKU002563,13828,11251.69,18.63,2026-09-20
117fd3eb-3642-4bcd-aa68-0cffd7c1d72c,SKU002564,3154,2116.23,32.9,2026-09-20
d6b90aa3-4c8f-4d5d-bac7-2954b0a592ae,SKU002565,9367,4976.09,46.88,2026-09-20
82e599a1-5a55-4437-830a-6ad5cd004465,SKU002566,1723,1434.15,16.76,2026-09-20
87726f56-dac3-435b-8502-4c612a432c3f,SKU002567,13541,12662.18,6.49,2026-09-20
fc1f1c55-c26f-4951-8daf-10d78ff17122,SKU002568,12448,9531.87,23.43,2026-09-20
6d9e8f0c-2998-414f-a8f7-a84aa5d0da59,SKU002569,6022,5572.8,7.46,2026-09-20
afcb73f2-b9b6-433f-8311-d2d941baf9a1,SKU002570,6667,6332.91,5.01,2026-09-20
6597653f-6e9d-4995-9b5c-c664d0e0e5f7,SKU002571,7530,4915.34,34.72,2026-09-20
afee48e0-55d7-48e8-b8a8-55da91f5bcc2,SKU002572,12542,7342.84,41.45,2026-09-20
00cfaf94-c317-436a-9ea1-17d1d86337ce,SKU002573,957,579.13,39.48,2026-09-20
c1b1bc68-60b1-40d7-bb54-da117872e914,SKU002574,2077,1883.45,9.32,2026-09-20
524986f0-7bc8-4872-8859-66753397a533,SKU002575,3032,2877.3,5.1,2026-09-20
e3dc8bc7-63e3-46c6-b590-f65fa73898f1,SKU002576,7742,6362.91,17.81,2026-09-20
36f64d63-1907-4333-8589-6e3e3c98577f,SKU002577,9762,5320.08,45.5,2026-09-20
c8aef00d-0fd6-4e4f-abde-a5d54828fb13,SKU002578,8150,6214.95,23.74,2026-09-20
910b723f-03ae-41e0-8416-1af4de166fe7,SKU002579,2103,1135.25,46.02,2026-09-20
25055d21-49aa-4274-847f-8e43d06c2907,SKU002580,4331,2923.45,32.5,2026-09-20
a572a124-e2b2-4867-845a-15e1755054d8,SKU002581,3707,3429.98,7.47,2026-09-20
c0e99826-8b4c-4810-9f9f-1b88912b173f,SKU002582,2887,2227.49,22.84,2026-09-20
a8653901-9aac-4cd7-8f3b-cdd2f0b1c317,SKU002583,7252,4112.78,43.29,2026-09-20
322290f8-facb-4eb0-92a7-d9ea4f578fcc,SKU002584,2642,1865.29,29.4,2026-09-20
a2042147-ed21-4a74-8960-6a21a090ee02,SKU002585,517,490.93,5.04,2026-09-20
d730eedd-1b8b-4de4-b9b0-607c83506675,SKU002586,3191,2932.26,8.11,2026-09-20
6874819a-c41f-42a9-8d3c-86740f8ad692,SKU002587,13687,7021.47,48.7,2026-09-20
377473bd-f212-40ae-b8b7-21280e254cec,SKU002588,10042,7485.38,25.46,2026-09-20
ca2a751d-669d-494c-a936-6cccce2f161d,SKU002589,8744,7483.53,14.42,2026-09-20
10f1b62c-f9c3-4c4f-a7f8-0ae0e7795053,SKU002590,13356,11671.29,12.61,2026-09-20
9f202071-4924-46b5-9441-256479f6281b,SKU002591,11619,6806.84,41.42,2026-09-20
18f4cfe0-cd05-4db3-8fe3-5b3db1027b98,SKU002592,1213,752.02,38.0,2026-09-20
0bd8b206-2637-42e2-875d-8a99f1d1689e,SKU002593,10664,5980.64,43.92,2026-09-20
1cdead3b-f4cd-4abb-bf15-17dbf12a1591,SKU002594,892,713.01,20.07,2026-09-20
b750b559-10df-479b-8229-5915be4554b3,SKU002595,2879,1464.88,49.12,2026-09-20
9879bbdb-c1c4-4e37-bfe4-16b85790d449,SKU002596,505,266.27,47.27,2026-09-20
bc1325f8-7e0e-46ed-b75e-053323530071,SKU002597,616,582.79,5.39,2026-09-20
8632dec5-cbe1-4227-8015-d0bd31ce3ff2,SKU002598,4559,2590.53,43.18,2026-09-20
5be9f486-9ff4-4714-9cbc-6cd9960dd666,SKU002599,1302,1106.17,15.04,2026-09-20
bf1da257-6399-48c1-8258-6c2c5adea43e,SKU002600,12758,9089.7,28.75,2026-09-20
a3a544e8-b1ff-47cd-82f8-3d88f6e6f0b0,SKU002601,1355,1117.67,17.52,2026-09-20
4727f1c2-dbd1-4cf0-a21b-24d561947558,SKU002602,2753,2562.37,6.92,2026-09-20
e4faf573-6fe0-4134-bcb2-bb3002ff8f57,SKU002603,14458,9433.31,34.75,2026-09-20
cbc57728-7a3a-4c3d-9e9c-48cbe57ac326,SKU002604,5574,2825.04,49.32,2026-09-20
f36c9fb6-6ba8-4758-a66d-aca0f5a01fdc,SKU002605,13627,13233.93,2.88,2026-09-20
6a3c7193-c7e8-4829-ac16-584046981b42,SKU002606,8471,4623.43,45.42,2026-09-20
7a377c9a-bfe9-46e4-90ad-d5813c2d8e8b,SKU002607,8606,6888.53,19.96,2026-09-20
02643b15-2867-4157-b8a3-57c250036f39,SKU002608,2635,2261.1,14.19,2026-09-20
8723afaa-7d29-453f-a04f-3620324713fd,SKU002609,7214,6852.32,5.01,2026-09-20
0f123714-c85a-4377-8fce-be576be4c95d,SKU002610,1385,1063.42,23.22,2026-09-20
97602e14-f3a7-4a78-b17a-f238c657145a,SKU002611,1224,649.74,46.92,2026-09-20
4efcbb98-5366-4ed5-b077-9af3af83a03d,SKU002612,13870,11428.91,17.6,2026-09-20
e9950beb-2b9e-4b34-a758-36d6c063d4cd,SKU002613,4688,3902.51,16.76,2026-09-20
04c74c7a-7ca3-4280-a133-c64d3f71f69b,SKU002614,4150,3778.31,8.96,2026-09-20
8f78bc09-56d6-4cb0-875c-8ffd50c4ef67,SKU002615,8563,5347.25,37.55,2026-09-20
622ddd35-e4db-4d76-ac3e-a3521524ba7e,SKU002616,3408,2991.28,12.23,2026-09-20
d34ee468-7090-41fb-aed3-a4f47c0da530,SKU002617,6861,3587.03,47.72,2026-09-20
905b187d-be1a-4c59-9edf-3b9a8c96720e,SKU002618,5164,3341.84,35.29,2026-09-20
5526ac7c-317e-4a73-8b0e-3255b204a811,SKU002619,5720,3144.67,45.02,2026-09-20
012a7c24-a55f-458b-8d45-0c66f2e3d1db,SKU002620,9703,6181.33,36.29,2026-09-20
df3c5c49-e056-42d6-aba4-ba9c4f9e6f60,SKU002621,1067,861.45,19.26,2026-09-20
da1283a3-1aed-43c5-a654-77db79640c0c,SKU002622,6066,5575.17,8.09,2026-09-20
04bfa097-cad2-4d9c-a57c-c63ba2c89e94,SKU002623,5795,3939.86,32.01,2026-09-20
f2fe7a73-ace1-4739-8f33-bc424e6a0252,SKU002624,7013,6531.35,6.87,2026-09-20
6d9e305b-3b85-45b2-8a9c-d171352e6b9c,SKU002625,1377,1221.81,11.27,2026-09-20
36353cf7-776b-4da1-88d8-7f6f49b7a2b6,SKU002626,12503,12222.82,2.24,2026-09-20
aeeacc22-16c1-4e9e-9228-99e01a33664d,SKU002627,3195,2980.1,6.73,2026-09-20
4f7754a5-d712-40bd-b1a6-e30c0409a83a,SKU002628,1145,704.3,38.49,2026-09-20
1433e802-d207-4596-b995-15a2f11464cd,SKU002629,12477,11848.35,5.04,2026-09-20
c041fbd8-3fa5-4c86-b403-9d9a250c32a5,SKU002630,2723,2351.41,13.65,2026-09-20
82960e0d-4b6f-484a-bb5a-4a0c32b8a950,SKU002631,14587,13829.56,5.19,2026-09-20
8f26bfa9-6da4-4494-94eb-e07ca8ab609b,SKU002632,9170,8266.52,9.85,2026-09-20
9623da58-71e6-4f46-bf5d-cc51e651fe85,SKU002633,12892,6861.74,46.78,2026-09-20
945c3f6b-6f30-48fa-b030-987984b86936,SKU002634,7781,5935.04,23.72,2026-09-20
58d51ad4-47ef-4357-8df8-5cf5e5957c5e,SKU002635,11949,8100.9,32.2,2026-09-20
a8878fdd-2642-48ae-9be3-3054e44de572,SKU002636,5065,4095.74,19.14,2026-09-20
936fbb4d-b80b-417a-bec1-02610f7c2e2b,SKU002637,4488,2966.05,33.91,2026-09-20
4f5a6de6-f920-4a28-a0e9-6873fd5818d0,SKU002638,14880,13247.51,10.97,2026-09-20
fc892242-7589-4943-9d2b-fba454e68ae8,SKU002639,13200,10702.15,18.92,2026-09-20
eff8b3e3-760b-4a8b-be0b-ebbf58754e1b,SKU002640,9002,4572.78,49.2,2026-09-20
b28c867d-0830-43ee-8def-65f6b09d9fae,SKU002641,11659,7171.09,38.49,2026-09-20
a4a435d5-a4cb-4da1-b0c0-55064c947523,SKU002642,4498,3923.18,12.78,2026-09-20
0e7e3913-de42-401a-b80a-d516328bfab5,SKU002643,14615,8830.18,39.58,2026-09-20
963044b9-93b0-4d67-96eb-18334e433d11,SKU002644,7741,6258.84,19.15,2026-09-20
589f021a-89f5-4177-a07b-33d73b99372d,SKU002645,1481,1341.4,9.43,2026-09-20
8ac5be65-60e8-4b56-8db3-efdde47e3018,SKU002646,2033,1418.71,30.22,2026-09-20
d810d332-ef1b-4e3c-9d02-013b6c7bb918,SKU002647,721,589.17,18.28,2026-09-20
7b5e2898-cc73-40e3-bc59-f29be88b2ad1,SKU002648,2492,1361.6,45.36,2026-09-20
cd05d54c-37dc-4da3-8896-36f1a5749f4b,SKU002649,8846,4847.1,45.21,2026-09-20
0745c5b0-fd94-4e04-91d1-a2073e36c5af,SKU002650,1660,1654.94,0.3,2026-09-20
b3112c1b-b40a-4b9f-9da3-ed5cc801c9b0,SKU002651,4978,4824.14,3.09,2026-09-20
64c59ad7-e60a-4791-b30e-092d08d1194f,SKU002652,13751,7584.22,44.85,2026-09-20
457eb2ab-187b-4047-84be-5d6d7eaedfbb,SKU002653,14111,12072.48,14.45,2026-09-20
880b4935-7dd7-467c-808c-ecf33da89de7,SKU002654,7883,4310.29,45.32,2026-09-20
f3a71b95-0774-4bef-9938-f465d76cbbfc,SKU002655,8630,4496.29,47.9,2026-09-20
6e84e9d4-b135-4645-82bb-f9c5d5470dd0,SKU002656,1358,1201.57,11.52,2026-09-20
12895c70-b481-41bb-894b-890d10da4eda,SKU002657,8116,6238.48,23.13,2026-09-20
aa0be836-37bc-4f22-8ff1-7761e1988484,SKU002658,3432,3087.11,10.05,2026-09-20
88707310-a00c-4fab-a55a-c57e629f478a,SKU002659,6568,6495.29,1.11,2026-09-20
b18ca37d-6b29-48c0-a737-0b8c6f1a09b8,SKU002660,3476,2155.12,38.0,2026-09-20
1845e81e-d311-467e-bc24-bac471ef81c8,SKU002661,1318,699.52,46.93,2026-09-20
845f3908-3d7e-4a58-8954-ecc24406adb0,SKU002662,13163,12996.39,1.27,2026-09-20
a880ada0-1b4d-4bd0-ad9b-4e010c79a7e6,SKU002663,11443,8001.33,30.08,2026-09-20
8ca54c5b-2fda-4339-b082-53a84475bcfa,SKU002664,5623,4929.78,12.33,2026-09-20
5fa72723-f700-47ec-95eb-543d716661d2,SKU002665,6299,5604.02,11.03,2026-09-20
a472cb70-c3b9-4ac7-a873-40019202651b,SKU002666,5261,4738.64,9.93,2026-09-20
ae1dbb4e-b4e1-4726-82d2-b18894364284,SKU002667,8917,6556.92,26.47,2026-09-20
d9d260e6-393f-4f7b-92f3-22a0f3f01083,SKU002668,6770,5071.45,25.09,2026-09-20
31107a53-a54c-437d-b7cc-779c61856429,SKU002669,9467,4767.8,49.64,2026-09-20
77181f65-6706-4a56-a223-d8c96ced3f86,SKU002670,4536,2361.03,47.95,2026-09-20
c3ca24d1-ae6d-4cc8-88f9-2e010a3f9cda,SKU002671,1884,1612.51,14.41,2026-09-20
3d78e304-b5b4-4fa2-bf28-450fee1bed42,SKU002672,1356,1353.95,0.15,2026-09-20
e15ef68f-5043-47ae-8249-e446eb64115f,SKU002673,4838,3046.07,37.04,2026-09-20
eaa8d3f4-6d8c-4309-acad-0e751ec44857,SKU002674,11912,11104.1,6.78,2026-09-20
7c035c96-1cf7-48e0-9e30-053bdcf2fa92,SKU002675,8293,6311.04,23.9,2026-09-20
7061d932-9248-41ad-8912-4bf52730a0d5,SKU002676,6303,3846.06,38.98,2026-09-20
ad72e25a-06a6-424f-8446-10cbe91384a8,SKU002677,5079,2694.9,46.94,2026-09-20
4d03b9a4-0562-4e35-95d9-b3fa8057281d,SKU002678,6316,3855.54,38.96,2026-09-20
94881689-5c15-400b-9faf-3ea7ca7fb169,SKU002679,2984,1978.16,33.71,2026-09-20
fd21bc60-f9fd-49e2-85cf-30bf0f76a9ef,SKU002680,2057,1095.61,46.74,2026-09-20
c7a28bd6-8dbb-4e3f-9fd5-8bcb3d411500,SKU002681,4230,2776.68,34.36,2026-09-20
693090e9-6ffa-4d92-b2ef-972d0b14a156,SKU002682,14949,10642.37,28.81,2026-09-20
39954ddc-b75e-4c85-8413-957e609dcad5,SKU002683,9798,7972.69,18.63,2026-09-20
9a4dfe80-8f94-4615-a0e0-9d8e9be6b977,SKU002684,11835,9084.69,23.24,2026-09-20
049b0355-2f72-4b69-b330-9eaae4f58075,SKU002685,8144,8087.26,0.7,2026-09-20
754b1ab3-39c5-485b-b6be-0607a2b9339f,SKU002686,7062,5101.78,27.76,2026-09-20
5a059d90-0234-4a03-9a5a-6d9e91340426,SKU002687,7448,6532.43,12.29,2026-09-20
f375cb3f-55a1-45bf-844a-67c9cd507839,SKU002688,13172,7804.94,40.75,2026-09-20
ec04a37c-999e-42ed-bc6f-9e22ac32acee,SKU002689,13321,12617.11,5.28,2026-09-20
2fbce0f6-8f58-4ccf-8b4d-40905a81e630,SKU002690,6977,4040.34,42.09,2026-09-20
2c96ece4-d8c8-46fd-892b-2da3df41fadd,SKU002691,1705,1447.13,15.12,2026-09-20
f1ce24d4-e226-453b-8c55-bc94b0e29b3a,SKU002692,12990,10946.39,15.73,2026-09-20
c33176bd-68a3-4b08-bf1c-f5c997d2fd57,SKU002693,2431,1706.11,29.82,2026-09-20
aa7ce4e2-3576-40e4-af4b-5d37f574caea,SKU002694,2717,2062.04,24.11,2026-09-20
3b9ab0a5-a3af-44e7-ad67-42d9ab7ba960,SKU002695,11722,8320.76,29.02,2026-09-20
1bf583e0-3df4-43b2-93ce-f5c79ccded77,SKU002696,13370,12536.31,6.24,2026-09-20
1d970c02-7a89-495c-95ec-668f55db04ba,SKU002697,6946,6455.81,7.06,2026-09-20
ecb42b31-bc21-4b14-9e45-5f7e83ad5839,SKU002698,6274,5325.0,15.13,2026-09-20
73281839-c5c9-45e5-a16a-8ae3c70f8138,SKU002699,578,494.36,14.47,2026-09-20
fd1661cb-6cc6-47ea-9ac5-439ec250aa46,SKU002700,558,509.58,8.68,2026-09-20
9d459b22-044e-4348-821e-7039097abc5c,SKU002701,13496,8065.33,40.24,2026-09-20
9bb0913b-be5b-460a-a1a8-ad67ed7048ba,SKU002702,12525,11834.63,5.51,2026-09-20
dc45b64c-58dc-4417-94b9-32ecf125587f,SKU002703,3415,2060.05,39.68,2026-09-20
755f4aa8-21a1-43c1-8223-bed8d7fd842c,SKU002704,9676,9339.55,3.48,2026-09-20
4b1cb4c4-1c41-4361-b999-d41fb7c4a51a,SKU002705,14168,11193.89,20.99,2026-09-20
df03074f-60b9-425f-9a65-3246ebf0f504,SKU002706,13223,9941.07,24.82,2026-09-20
ad39e7a0-3dde-4027-9c4b-2249a554bd75,SKU002707,836,654.68,21.69,2026-09-20
666b0863-2ff4-421a-85c6-52c969485114,SKU002708,5435,4605.66,15.26,2026-09-20
289b82ba-d651-4371-adc3-256ce11ecc0a,SKU002709,11600,8117.83,30.02,2026-09-20
9e57a361-ce60-499e-b1e0-cd65f15a123b,SKU002710,8047,6101.61,24.18,2026-09-20
39b4b71a-d7f4-4af2-86ea-091cd55f5b82,SKU002711,14822,12251.48,17.34,2026-09-20
327606d4-ed1f-43de-a873-08ee4fe4a361,SKU002712,5313,3598.65,32.27,2026-09-20
1a2b392f-6ac9-4f51-9ef7-05d529a65bbd,SKU002713,14710,12206.33,17.02,2026-09-20
8c20f04c-d17f-4768-92ca-94a7db4025f5,SKU002714,9627,7499.43,22.1,2026-09-20
1ea3167c-fde7-4ba6-b377-5547928e9d05,SKU002715,1268,814.03,35.8,2026-09-20
fc7b4dae-5ef0-4ff3-85bd-18caae8e45c5,SKU002716,13114,11291.87,13.89,2026-09-20
3e76e961-7469-4348-9ef4-fbf1f86625b3,SKU002717,1001,620.55,38.01,2026-09-20
f8cb3783-25dc-412c-87e6-3496d95ca2dc,SKU002718,5687,4435.7,22.0,2026-09-20
d8acbb97-98e4-4d43-add6-f2b3f8e84c3b,SKU002719,3465,3121.08,9.93,2026-09-20
8f6bdd3d-8a41-4136-a1e5-86161d8e42aa,SKU002720,11523,10765.65,6.57,2026-09-20
a7f36bc5-97a5-49bb-9096-a1fca8862db4,SKU002721,10012,7186.99,28.22,2026-09-20
35f28210-6fb2-44b5-96f3-f0736022182e,SKU002722,8796,7090.77,19.39,2026-09-20
d20d19e5-f0e9-46bb-a026-e96bfc704760,SKU002723,6507,4652.99,28.49,2026-09-20
2c3c21e2-b580-4068-b12d-e1636a7ff550,SKU002724,2241,1711.49,23.63,2026-09-20
3e29afd7-86ed-4636-8801-6a098954da63,SKU002725,6837,3901.75,42.93,2026-09-20
f3d26341-7e8c-4080-9add-2f62b3c03496,SKU002726,2406,2209.01,8.19,2026-09-20
4c2380d8-5b80-4864-b15f-72fb2e5ed140,SKU002727,5030,4269.63,15.12,2026-09-20
555fd783-6061-47a6-a722-34e4ae945e85,SKU002728,9079,8285.64,8.74,2026-09-20
32330d3e-5cce-4265-b780-e0c1dddf5cc2,SKU002729,11538,10794.08,6.45,2026-09-20
87a55de9-5336-4779-8147-a612d16f162b,SKU002730,10346,9169.85,11.37,2026-09-20
15524cf9-b9a6-4b78-b6d7-8b619789c1c8,SKU002731,7403,5398.34,27.08,2026-09-20
16cbc66a-a238-4505-ad2d-39531bcc1bc7,SKU002732,985,758.17,23.03,2026-09-20
2a2ec7d5-9f58-43d0-90c5-d1c4c69d87db,SKU002733,1349,1318.38,2.27,2026-09-20
36b7bd21-4915-4388-8c07-26859fbe58f5,SKU002734,11452,8433.55,26.36,2026-09-20
a20b01dc-e5cc-4c5b-9383-eb037cbc236c,SKU002735,9129,4806.29,47.35,2026-09-20
b559bb05-2497-4cc0-b5f1-ab8bf3d120f7,SKU002736,9253,9001.21,2.72,2026-09-20
264a5a69-f884-4ee1-bd5d-2cf4921fd753,SKU002737,6875,4234.93,38.4,2026-09-20
1a7db7ec-9f96-4b66-9fdb-94ec6d519318,SKU002738,14528,7498.6,48.39,2026-09-20
15d16bb4-8a2d-4bd5-ba50-0c260f6aa863,SKU002739,4106,2692.19,34.43,2026-09-20
6b1260c1-2ee7-4534-b309-7ec147769de4,SKU002740,2153,1227.26,43.0,2026-09-20
24c5c99a-8fce-4429-b8b1-246b61757529,SKU002741,7778,3953.31,49.17,2026-09-20
8bdfbf83-200f-45a1-9a63-8dabbffcb241,SKU002742,7976,5726.1,28.21,2026-09-20
d0f1c87c-708b-4991-8a4b-c02d602a1bac,SKU002743,9875,5155.23,47.8,2026-09-20
7d525cf5-3928-4773-b992-97d84b43b03d,SKU002744,6969,4778.64,31.43,2026-09-20
92ab4b3d-3fad-4e1e-a84c-a6f5e85af790,SKU002745,9074,5950.25,34.43,2026-09-20
2b4df443-395d-4b20-99d3-c6e784aeafde,SKU002746,7531,6665.63,11.49,2026-09-20
2973f572-4e98-476e-8ff7-9cb0015bfb41,SKU002747,13140,7199.36,45.21,2026-09-20
d4858908-fe34-4312-b721-398d5b17ac23,SKU002748,5055,4226.65,16.39,2026-09-20
1993dbc1-0e47-4ac6-89c4-5229e523f479,SKU002749,1819,1280.41,29.61,2026-09-20
1212d0c3-812b-47f0-996a-475dd426e118,SKU002750,13314,8205.16,38.37,2026-09-20
472d67d5-4a50-4ea3-9887-82488d765740,SKU002751,13354,12268.11,8.13,2026-09-20
18862ac4-d022-4b73-ad6f-d369b93f560a,SKU002752,9319,5215.45,44.03,2026-09-20
e137ebe1-37d8-492a-8020-c5424d640de8,SKU002753,4970,4721.74,5.0,2026-09-20
d75d33d2-c5ce-43ab-9a4e-08f1454816ad,SKU002754,14693,7854.7,46.54,2026-09-20
accf5bc0-69c4-4112-a728-a68156646c07,SKU002755,12084,9345.79,22.66,2026-09-20
b188c792-0110-40d9-8a7a-b733a3e5cfd9,SKU002756,5801,5206.59,10.25,2026-09-20
96e005aa-891b-4141-8b1d-a2efe329745c,SKU002757,3003,2476.38,17.54,2026-09-20
d042d674-9c37-4f4d-8779-91fac66fab38,SKU002758,1915,1630.32,14.87,2026-09-20
0dffa422-0e13-4030-9b4a-d9ae199358d8,SKU002759,2499,2418.02,3.24,2026-09-20
c8be9f19-e030-456d-804c-5218deb3e092,SKU002760,5495,3227.28,41.27,2026-09-20
c3dbc79f-a786-4980-939a-4cca0ecee53a,SKU002761,1384,1298.27,6.19,2026-09-20
513cb7f7-b94e-43f3-8acb-a3f38f32423b,SKU002762,14473,11587.53,19.94,2026-09-20
9bdf4e31-ea33-42f6-934c-35ca0cf460f4,SKU002763,6138,5622.21,8.4,2026-09-20
ead73a69-7013-49cf-a42b-085c98ce1845,SKU002764,8167,7210.11,11.72,2026-09-20
cd8b2d26-f908-495b-9db1-3e266c564bf7,SKU002765,9962,5247.09,47.33,2026-09-20
82720533-26b0-4308-8095-8dc5b1447eda,SKU002766,2703,1638.66,39.38,2026-09-20
5b90313e-bc84-4764-8723-d4532fc4a7fc,SKU002767,6403,5655.37,11.68,2026-09-20
59ab3e97-c1ef-4a3f-9700-e3d129d37778,SKU002768,6109,4263.05,30.22,2026-09-20
630a98d0-e0ee-4bf7-8455-4d4cb9ddafd8,SKU002769,5255,3194.4,39.21,2026-09-20
44470b8b-e9e8-498c-8b9b-61c0a6cecd45,SKU002770,2359,1762.94,25.27,2026-09-20
f08786e5-6831-4a43-be9f-744ee088bf0f,SKU002771,3826,3137.65,17.99,2026-09-20
1a7e22b0-c6bb-4bee-8086-a15124157314,SKU002772,6455,4252.16,34.13,2026-09-20
ee424f75-5c93-4ef9-855d-f8b4f14fe877,SKU002773,1856,1294.66,30.24,2026-09-20
f9efbdc0-270a-4153-9f0d-f1547092c269,SKU002774,683,625.33,8.44,2026-09-20
752d033c-57a7-4d0d-be79-5bda75a91819,SKU002775,12844,9855.24,23.27,2026-09-20
4b2a77fe-bf15-4158-b370-0b2043de9f8f,SKU002776,7035,3716.58,47.17,2026-09-20
3a699cc5-582e-423d-b511-176c0218807e,SKU002777,9742,7345.08,24.6,2026-09-20
cfd28757-e3a7-4bf8-89d2-08bd462d4966,SKU002778,10713,5912.65,44.81,2026-09-20
fdd99858-f359-495e-8150-527c0f3465fb,SKU002779,10736,6204.75,42.21,2026-09-20
27c2d53b-8e68-4d9e-bbf7-17935c6f1a11,SKU002780,10986,8461.26,22.98,2026-09-20
17291800-d462-4152-8670-7a053831e74d,SKU002781,14064,9213.6,34.49,2026-09-20
a89661b3-4757-449f-bba6-0a89332b6db8,SKU002782,3653,3327.85,8.9,2026-09-20
df81287d-78dd-4db7-922f-d2d8845a3293,SKU002783,14428,14148.25,1.94,2026-09-20
198358c6-ab36-43f0-ab4f-4e33840f5606,SKU002784,504,429.6,14.76,2026-09-20
7cda7048-7cda-44da-9c2f-b07d5451e1b6,SKU002785,9462,5248.97,44.53,2026-09-20
32149fe5-a1ea-4f5c-a5fc-9910ce5cb0a4,SKU002786,2426,1439.6,40.66,2026-09-20
74e1b759-8191-40b6-bb39-b3f1f921524e,SKU002787,1734,1467.5,15.37,2026-09-20
461d129a-93e6-4145-b03d-dac78bf4a6e6,SKU002788,4755,2501.81,47.39,2026-09-20
54924217-3ecb-46b6-81d1-61051b32a5b0,SKU002789,12605,7981.1,36.68,2026-09-20
26a8b767-b6e2-4e35-b1e1-397cf83d6aea,SKU002790,14485,11776.44,18.7,2026-09-20
c2ab57b9-3ec6-46b1-a86f-d1786515a708,SKU002791,3653,2894.46,20.76,2026-09-20
1327b59e-e2d1-4c57-9493-5b6a1a87c487,SKU002792,7298,5494.14,24.72,2026-09-20
ba03f371-b369-4d44-9ab5-4a5b3a1819f8,SKU002793,3472,1919.03,44.73,2026-09-20
d77b452d-1661-4405-abe2-6c3b287afb55,SKU002794,14354,14031.7,2.25,2026-09-20
598d2cea-a428-4659-9853-a355abf81486,SKU002795,5922,3955.81,33.2,2026-09-20
d41439e6-2011-4cb6-83a2-8bf5b204b666,SKU002796,10369,8820.55,14.93,2026-09-20
cfa08565-643a-46f0-bc7f-fb50c05949c2,SKU002797,13546,13185.58,2.66,2026-09-20
5da669f3-81f6-41d8-80dd-589c3a41808a,SKU002798,11655,7600.91,34.78,2026-09-20
e730605f-0149-44fa-b3d5-f45c3ceb90ab,SKU002799,873,860.08,1.48,2026-09-20
ea558fdb-8a4f-45ae-88e2-d720475de15a,SKU002800,1853,927.35,49.95,2026-09-20
23f4cb34-7dd1-46b6-814a-f34435d15918,SKU002801,5355,3430.3,35.94,2026-09-20
83b2d0c9-34e8-4fa9-9eba-894893133f0c,SKU002802,2560,1955.32,23.62,2026-09-20
734b3fec-7139-4d09-b204-bde62bbeec0f,SKU002803,935,923.11,1.27,2026-09-20
09f77987-d6f5-44af-9ec1-b3231daa2279,SKU002804,10355,9024.14,12.85,2026-09-20
62abd46c-7984-4d86-b2dd-2ae4de347459,SKU002805,5498,5222.89,5.0,2026-09-20
2f85e6d0-3a16-41e0-842c-c5f93231aa6c,SKU002806,3128,2671.36,14.6,2026-09-20
54f98a87-c04b-4c67-8e5a-a5d9c8611539,SKU002807,10844,7658.49,29.38,2026-09-20
64f33faa-8e36-45a1-849f-d715b88785a6,SKU002808,9035,5630.9,37.68,2026-09-20
72d807f2-62b7-43fb-a1a2-a37ed8ae3062,SKU002809,7370,3930.84,46.66,2026-09-20
92145f8d-658f-4988-b2b2-2da8ea3f63f9,SKU002810,13159,10731.59,18.45,2026-09-20
52c61e2d-e840-41f9-9dec-c6542f2b548e,SKU002811,6928,3482.21,49.74,2026-09-20
662daa99-902a-4aca-add1-29a0c0351ab9,SKU002812,9746,9599.99,1.5,2026-09-20
7be5f53d-4417-4c98-8786-fc357e0d7ded,SKU002813,6686,3558.67,46.77,2026-09-20
2817d384-ee26-4919-98fe-1f8db6cdcb45,SKU002814,13003,12293.26,5.46,2026-09-20
96626962-9886-4e7d-ae97-c9b6c63fc888,SKU002815,3660,3290.63,10.09,2026-09-20
2de5b77a-41c0-45cb-acf8-416209203feb,SKU002816,9620,7402.61,23.05,2026-09-20
68972fef-91fa-4fb6-b6c5-e5a39d372069,SKU002817,13664,7997.92,41.47,2026-09-20
f052e229-7929-4854-bd6e-691f951d6945,SKU002818,9705,5221.6,46.2,2026-09-20
3e4bfbb5-3d75-4378-822e-919b1364755c,SKU002819,14646,11612.56,20.71,2026-09-20
3217b8ba-3607-4f7c-84c0-49d16639bd34,SKU002820,9952,5368.62,46.05,2026-09-20
af292055-fe86-480c-8caf-c87f3a6b2f67,SKU002821,9816,9141.13,6.88,2026-09-20
4195f411-caba-4660-a237-aa943868b0a1,SKU002822,5953,3150.95,47.07,2026-09-20
0ec11844-fa0e-4bf8-ab80-69b72c53470c,SKU002823,3438,3288.55,4.35,2026-09-20
c345a245-f5f2-46d4-9319-117240865d0a,SKU002824,1054,897.0,14.9,2026-09-20
76697ab9-a446-468c-90aa-db738d53c7f9,SKU002825,4338,4007.85,7.61,2026-09-20
04c295a5-faca-4673-8a42-56dab2ea485b,SKU002826,9136,5180.11,43.3,2026-09-20
b004c247-915e-4b9c-89f5-e501b1ed05d4,SKU002827,9184,6440.19,29.88,2026-09-20
e5e3415e-73f6-4c2d-b971-be642c9945bc,SKU002828,1759,1129.54,35.79,2026-09-20
341906f8-1f97-4e62-950f-c6cc73557694,SKU002829,8339,7528.65,9.72,2026-09-20
97b5142b-1e44-4cff-b2b3-c96f4eaffbac,SKU002830,14423,13896.49,3.65,2026-09-20
ea7f7956-a6f3-446b-95a1-0688cbbbaedb,SKU002831,2449,2441.92,0.29,2026-09-20
28d4de95-6740-424c-9585-a34cc9827195,SKU002832,9723,4892.76,49.68,2026-09-20
f3a2a943-1406-4848-a6cf-554aa20fda28,SKU002833,9500,7509.87,20.95,2026-09-20
f57724e0-a9c1-4768-af0b-c5e63a5e3f5b,SKU002834,3914,3309.96,15.43,2026-09-20
786fa6e2-d868-4f4a-b55f-b9e17424b358,SKU002835,12389,10341.75,16.52,2026-09-20
90413cc8-e610-43fb-b620-9fc358360f83,SKU002836,12739,11634.22,8.67,2026-09-20
976ca38e-0d9b-4b79-b1cf-3dc7333c173a,SKU002837,14291,10580.27,25.97,2026-09-20
7b92b117-7bbe-429b-bd35-daf1aea1da0d,SKU002838,4504,2571.2,42.91,2026-09-20
84e215c9-ee8d-45aa-a2c4-78a3f605f840,SKU002839,2452,2174.45,11.32,2026-09-20
02030b95-fee7-4dfc-8e69-a157b4e47572,SKU002840,6323,3619.82,42.75,2026-09-20
c88e44d4-02f2-4730-9f1a-1e01cd7988ad,SKU002841,1726,1662.38,3.69,2026-09-20
b595bbf2-26c6-41c8-8f2a-1e47e2605a0c,SKU002842,4668,3466.66,25.74,2026-09-20
6a8792f6-3114-4c18-9348-7a4471e481f1,SKU002843,1621,1595.88,1.55,2026-09-20
6b4bea19-2574-4df4-8115-24a125c96ec9,SKU002844,4497,2290.84,49.06,2026-09-20
cd2e275d-843d-4f06-bdae-f535b8d7466f,SKU002845,10681,5512.83,48.39,2026-09-20
50fb14db-cb73-47a4-88b7-4c4b3d6a5adf,SKU002846,13392,11056.39,17.44,2026-09-20
2d3d4ea7-ea50-4572-9d39-78a0519a416d,SKU002847,2883,2517.91,12.66,2026-09-20
922d6869-68b0-4ead-851b-2e65db01100e,SKU002848,4556,3066.5,32.69,2026-09-20
4817176a-9dea-4b22-a863-9749d7d16216,SKU002849,3174,3128.72,1.43,2026-09-20
f15c92f5-4e44-4f13-a0c8-a5cf2c4d8545,SKU002850,7467,5742.38,23.1,2026-09-20
7ea1d392-4900-45b4-bc08-8c4dea47a55f,SKU002851,2220,1862.14,16.12,2026-09-20
481da29d-fae6-4ca1-a9f8-d9f2a9ee4c83,SKU002852,9747,5388.73,44.71,2026-09-20
c356e473-0d91-4dbe-8484-8fb78871afc9,SKU002853,9641,9339.71,3.13,2026-09-20
2640acf7-413b-4ce3-b06e-7c5f234c8c6b,SKU002854,794,655.85,17.4,2026-09-20
836e9bc9-b1da-4f29-a694-f1e819958025,SKU002855,10593,9129.12,13.82,2026-09-20
f23c33b7-18d5-41e3-91e1-bd0d4cb04174,SKU002856,8433,6260.51,25.76,2026-09-20
1a7b8786-ffda-4390-bcc6-a0d90324f93d,SKU002857,1109,754.11,32.0,2026-09-20
9923d814-686b-4a19-b8bc-ce0659367574,SKU002858,14322,11833.88,17.37,2026-09-20
7397e7e3-4d8a-4e56-bd13-c9990d8d1b28,SKU002859,4414,2974.16,32.62,2026-09-20
b87937f3-6ae7-4764-a019-25217f9fe02d,SKU002860,7464,5397.36,27.69,2026-09-20
f434561b-8c42-4748-8549-327df07551bf,SKU002861,10941,5837.01,46.65,2026-09-20
ec2d3f0a-0126-455c-955f-6403ed753ebe,SKU002862,542,409.49,24.45,2026-09-20
f6e8f157-2b8e-4714-8249-69bac5e28c9d,SKU002863,10835,7128.86,34.21,2026-09-20
28fef58f-e3be-477e-ac99-7e72601bf61e,SKU002864,7985,5069.63,36.51,2026-09-20
697d63fa-88ee-48c6-92f3-d754c9d545cf,SKU002865,3919,3035.87,22.53,2026-09-20
82f9f84b-a8a1-486e-aa0c-673f847e0ae5,SKU002866,1215,1039.06,14.48,2026-09-20
505d430e-616b-469b-b210-542bf7414dcb,SKU002867,14104,7892.59,44.04,2026-09-20
aa438b26-3cd6-4378-ae05-05fd120715a8,SKU002868,8342,7973.45,4.42,2026-09-20
9c93e5eb-e6f5-401a-bf96-95f4f3294d99,SKU002869,14274,9587.16,32.83,2026-09-20
50432b2d-94e4-40bc-a76b-a60e093d967f,SKU002870,3385,2574.59,23.94,2026-09-20
66f334ec-2cf3-429a-9efa-db4307986075,SKU002871,14150,9204.36,34.95,2026-09-20
14e8a3c5-eeb7-48e9-b83a-4e4534799f19,SKU002872,13766,11203.56,18.61,2026-09-20
6cb71178-5f22-4903-815d-60e54697e6a2,SKU002873,9454,8197.24,13.29,2026-09-20
bd731890-70b0-4aec-ad37-e3f411c8efb7,SKU002874,8671,4973.01,42.65,2026-09-20
6b4ed083-6099-4c1e-9010-66dde8df2f29,SKU002875,3569,2226.32,37.62,2026-09-20
450b2a85-680d-4030-90e3-ef71fe4f0657,SKU002876,1266,634.35,49.89,2026-09-20
f1c6cdc1-4a5e-48f0-8e43-7c53ee7d16d7,SKU002877,5154,2752.72,46.59,2026-09-20
40bd582b-141a-4d31-a222-c11fe987d21e,SKU002878,9409,7551.94,19.74,2026-09-20
21034a4d-5458-4be4-bafd-56e25f026f41,SKU002879,7667,5772.35,24.71,2026-09-20
4e1f0933-a2db-4bfb-8a37-e885bb30e3f8,SKU002880,2092,1755.26,16.1,2026-09-20
b73a8a13-c242-4deb-9713-ee91052a76e2,SKU002881,1263,848.38,32.83,2026-09-20
5e80253c-1281-43ce-ab0f-7ab1df955d40,SKU002882,12829,9302.34,27.49,2026-09-20
d9b5e301-c0a0-47d3-b3b9-aa492741784c,SKU002883,14748,11409.7,22.64,2026-09-20
f915825d-54bf-4ce7-a8d3-3616ed81ed59,SKU002884,1026,870.18,15.19,2026-09-20
1b20b696-b4d2-4a27-96f6-592a1e3c53e0,SKU002885,11810,10885.57,7.83,2026-09-20
5490f9d0-7826-4334-8b8f-d8428f66fc35,SKU002886,13461,12780.4,5.06,2026-09-20
a46a9693-1983-4ab7-ba32-d3ee11ebcf56,SKU002887,3351,3094.97,7.64,2026-09-20
0e6bf1d1-3e03-4647-9cc6-915e16d8c7bb,SKU002888,12805,10040.88,21.59,2026-09-20
2678f191-1089-4ee4-a927-77d65e70a784,SKU002889,14200,8295.41,41.58,2026-09-20
db89499c-24eb-4e68-9fe6-225b1897fe61,SKU002890,5278,3768.98,28.59,2026-09-20
444001a0-27e9-4a20-9177-222faa0d8088,SKU002891,9183,8957.64,2.45,2026-09-20
2a4e3380-f8dd-43f9-8702-54bfd41c8320,SKU002892,12973,8629.89,33.48,2026-09-20
602c67c3-5d30-445a-bdba-c7eaeac11f9d,SKU002893,4159,2778.46,33.19,2026-09-20
5299d25c-7b13-4c6c-ae2a-81f1d47eba91,SKU002894,6474,3468.39,46.43,2026-09-20
213ea716-47a8-40e6-9300-26bac91167d1,SKU002895,6936,4858.06,29.96,2026-09-20
b678696c-55f0-4a9b-ae16-4973a674720a,SKU002896,6535,3725.66,42.99,2026-09-20
4ada639a-fb49-4740-9805-9f130803f2e6,SKU002897,12612,11842.06,6.1,2026-09-20
0285be9e-61ad-4c5e-a545-f52143e7aa74,SKU002898,3545,3225.15,9.02,2026-09-20
84640c85-27fb-47fe-b1db-f26b1723cfb1,SKU002899,4735,3914.06,17.34,2026-09-20
13f2fd4d-2cab-4ce9-9691-18655445bdf0,SKU002900,13731,9404.34,31.51,2026-09-20
688c3802-ce59-401c-8951-8dd53dab7568,SKU002901,13904,7437.51,46.51,2026-09-20
b9c538e4-f541-4c2d-83c2-b1bc8657c906,SKU002902,12129,8781.46,27.6,2026-09-20
9811a322-ed9c-43ae-8330-050c9b82d883,SKU002903,6148,3811.68,38.0,2026-09-20
ba858bff-7dd0-4575-be53-1a36366815a1,SKU002904,7885,5319.67,32.53,2026-09-20
a8bbdff8-6968-4d96-b982-a40211b5c36f,SKU002905,10446,9452.93,9.51,2026-09-20
ef135081-29c9-4d10-aae6-2395cfcc6d97,SKU002906,4486,3880.57,13.5,2026-09-20
be85ff50-004b-492a-accb-ae0b3c70ba1c,SKU002907,10400,5301.68,49.02,2026-09-20
1f4726aa-bd29-44b6-8684-bd31d45da7c2,SKU002908,12059,8787.14,27.13,2026-09-20
b5542207-c70f-42e7-9e5a-11880eeceb28,SKU002909,10418,6527.78,37.34,2026-09-20
9587c5c2-2668-4ae5-8a5b-df365d64f9b3,SKU002910,6150,4274.21,30.5,2026-09-20
735bef25-9f87-4069-87dd-ae99664fd07b,SKU002911,3255,1978.97,39.2,2026-09-20
ab7e70e3-4158-497a-b51a-06e892631799,SKU002912,4873,4239.86,12.99,2026-09-20
81c2524c-d66f-41a9-abf9-676311b65d7c,SKU002913,8774,5811.0,33.77,2026-09-20
3c3190a1-eb36-4472-ad31-867a636a7ab5,SKU002914,1458,1315.06,9.8,2026-09-20
ec08ec44-8d56-47c6-b375-16db11d29658,SKU002915,6360,3798.49,40.28,2026-09-20
5f59dbd9-ad22-4dca-babd-91638db27b5a,SKU002916,2631,1824.01,30.67,2026-09-20
7c54714e-623b-4659-b286-01b25576b174,SKU002917,6480,5704.18,11.97,2026-09-20
46dca1e9-4522-4523-b70c-235af1d41055,SKU002918,5888,5289.01,10.17,2026-09-20
c2135efc-d3e9-43d2-b532-2a1fced526d4,SKU002919,4324,2384.32,44.86,2026-09-20
76b0ad78-2c38-4186-a5d6-962dd92b9ef3,SKU002920,10482,9859.73,5.94,2026-09-20
f68a512b-5bf4-4425-932b-30adebd9dbbd,SKU002921,5298,3371.05,36.37,2026-09-20
0583dba7-eb38-4a9e-a016-a899b8eb2cf3,SKU002922,6012,3649.4,39.3,2026-09-20
b717e218-54e4-402c-899e-6b1c1b242869,SKU002923,6831,6475.35,5.21,2026-09-20
ba799fc6-4365-4e06-bec7-2e3478fcd5ec,SKU002924,11345,8123.41,28.4,2026-09-20
42febec6-8f6a-4d9c-a5d5-ddae7d2688fd,SKU002925,14283,9676.11,32.25,2026-09-20
a5985668-ca2b-48ff-aeea-3b587dc0d88c,SKU002926,10783,7440.61,31.0,2026-09-20
ff4f4dd0-15a3-46c0-bf9b-62b85281be52,SKU002927,2607,2288.04,12.23,2026-09-20
92c3879a-65d7-456d-89f9-7d5d86a33c6c,SKU002928,10353,8754.56,15.44,2026-09-20
3544c9a7-4c1c-463f-8a38-5c4ccb11f298,SKU002929,5963,4718.08,20.88,2026-09-20
ab0e7f3f-e763-4869-9fb3-97ffe8697646,SKU002930,5342,4361.73,18.35,2026-09-20
5f6df202-1d8e-4f69-a214-337336e85121,SKU002931,4930,3036.15,38.41,2026-09-20
47b9ac9c-7072-41b3-8a1d-0078d89244d5,SKU002932,10705,8947.83,16.41,2026-09-20
b82dac7a-4e93-41c3-b596-43530ab0e549,SKU002933,5905,3998.34,32.29,2026-09-20
c649ca24-9a39-4ea4-bd8e-b91f6030bd01,SKU002934,8397,6074.95,27.65,2026-09-20
ee40d524-7f70-4cc5-89c0-f3c483157f98,SKU002935,14997,14744.49,1.68,2026-09-20
064ac066-06ca-4262-839d-6d47de9dcf08,SKU002936,10337,10072.68,2.56,2026-09-20
57e5c87f-9157-474b-92b3-727083a1805b,SKU002937,3266,2130.11,34.78,2026-09-20
852313c4-ebb6-4c7f-b6df-bc1061290609,SKU002938,6364,5833.46,8.34,2026-09-20
254a8203-b5f5-484a-9039-654ae11e7cc8,SKU002939,13232,12709.61,3.95,2026-09-20
a908a36b-1dc5-4b9b-a536-97f380c69924,SKU002940,8162,4782.44,41.41,2026-09-20
f451c62e-4509-425d-84ad-ef44aa581c10,SKU002941,3759,3063.76,18.5,2026-09-20
83af059f-603a-4ca3-9c7c-ca504226a04c,SKU002942,13989,9805.6,29.9,2026-09-20
edcc781f-6ccb-4e47-8e2e-2067da3121f7,SKU002943,12845,6759.28,47.38,2026-09-20
06fbd8e0-aa30-460d-bd48-923db9ee17a6,SKU002944,14765,14251.03,3.48,2026-09-20
8ffee53e-a2c2-4487-abc7-f97b2f399324,SKU002945,10150,6126.07,39.64,2026-09-20
d17ecdda-447c-4ccf-ba10-bbb8b3f884f3,SKU002946,14710,10929.98,25.7,2026-09-20
0cb12b70-f7aa-4e75-b44c-c9dfb5d9bceb,SKU002947,10495,9500.87,9.47,2026-09-20
b221667c-44cb-40e8-9f07-0618550b0611,SKU002948,5442,3550.74,34.75,2026-09-20
25154d1c-db20-406c-928c-8cbad2df7808,SKU002949,698,422.69,39.44,2026-09-20
413ad57d-e9e2-4023-a603-8ff6289166d5,SKU002950,6462,6437.44,0.38,2026-09-20
ea0ac87b-c2bf-4f9c-8f5e-afebd2c6f5bd,SKU002951,4984,3457.99,30.62,2026-09-20
018ed23b-30a4-4736-9076-cc19be3db19b,SKU002952,2084,2025.5,2.81,2026-09-20
ac7fddb2-d5fb-46e1-941b-d6619fc91460,SKU002953,9368,8127.08,13.25,2026-09-20
8f08d690-efe5-4628-9a50-a44ae98a6bf3,SKU002954,12296,12159.35,1.11,2026-09-20
19b8576a-ab54-4d9d-b8c4-96d8e49c18b1,SKU002955,13046,8343.5,36.05,2026-09-20
ec9890f7-5919-4782-a472-4d79ce012280,SKU002956,5383,4294.63,20.22,2026-09-20
97519c04-ae62-4a9d-9826-26be1cb119ed,SKU002957,11303,8007.59,29.16,2026-09-20
e8a5fdf7-bae9-409d-8192-4f1f4d5adaf9,SKU002958,12390,7740.0,37.53,2026-09-20
7f0f0484-739a-424e-b6aa-36f2b829b4ad,SKU002959,12609,11169.6,11.42,2026-09-20
7c51d8e5-05c8-4f24-a904-9c8b1ccc1ba6,SKU002960,7014,4609.87,34.28,2026-09-20
0629174e-be02-4805-95ff-8e53f4962763,SKU002961,13304,8377.27,37.03,2026-09-20
be15aa2d-1870-4861-8c0a-6b4695b801b8,SKU002962,13639,10070.76,26.16,2026-09-20
0dc45f28-065e-4585-a152-5f3ee9abbb82,SKU002963,10210,9858.09,3.45,2026-09-20
574ca994-ad01-4072-aa40-3d7521e393e3,SKU002964,7664,7297.58,4.78,2026-09-20
d2ec2ad7-f7b1-4adf-ac7c-23c58f4121ae,SKU002965,8978,5548.54,38.2,2026-09-20
f0576f26-bf71-4d1e-a830-a23a2ec5ecbe,SKU002966,7686,5430.99,29.34,2026-09-20
5aeea7d9-4a80-409f-b638-58392805d094,SKU002967,1533,916.1,40.24,2026-09-20
f8454fe2-0270-42d7-96e9-c7e10c4ac519,SKU002968,2219,1389.95,37.36,2026-09-20
49c74186-bcd0-43e8-aa8b-1ac0ac36ca17,SKU002969,6773,6165.4,8.97,2026-09-20
7bc2b08a-2fee-4542-aa33-07a958b80b54,SKU002970,7548,4689.24,37.87,2026-09-20
4b1dfa75-38d5-4bfd-a700-3dae3cdc8e64,SKU002971,3971,2286.44,42.42,2026-09-20
8a5c25ff-0547-4f12-b5ea-d8ecdf816c97,SKU002972,4654,4421.68,4.99,2026-09-20
66c187e5-d86f-4844-b037-b3b3d1905179,SKU002973,8399,8049.99,4.16,2026-09-20
ec531ed0-866a-4953-8405-abfa28b8398e,SKU002974,10675,8156.93,23.59,2026-09-20
2adf76db-6ff9-4a34-b7b2-b9c42578b85a,SKU002975,14920,12308.36,17.5,2026-09-20
990f5661-eed3-42dc-a68f-fa927d583a06,SKU002976,12526,7313.19,41.62,2026-09-20
e8c3f787-b1e3-4504-af6e-6e11346e801c,SKU002977,1125,982.63,12.66,2026-09-20
d3a011ee-a3d3-49f5-9550-bc219c277623,SKU002978,10424,8348.83,19.91,2026-09-20
9b824a3a-5455-414e-8b77-4c23c0ce70a6,SKU002979,7616,5240.28,31.19,2026-09-20
6e21abeb-dd0c-4f4a-b681-6002532b7e35,SKU002980,14458,12205.61,15.58,2026-09-20
3fde47f6-c64f-41c0-9b5a-b7cd284e31a1,SKU002981,1651,1502.9,8.97,2026-09-20
f225ebc9-2ec0-4f69-b621-2c5384a46804,SKU002982,1769,1364.14,22.89,2026-09-20
652ba303-ad1d-4762-99d6-9ebaf922093b,SKU002983,2378,2210.06,7.06,2026-09-20
24c40f1c-afd5-4ce5-9cf6-33297fbab9c3,SKU002984,3400,2929.76,13.83,2026-09-20
a55857a8-bb81-4d15-b6bf-d582aad9c406,SKU002985,1389,750.12,46.0,2026-09-20
4e6e2bb7-9139-4d7a-854d-cdbb959fd10e,SKU002986,3580,1897.7,46.99,2026-09-20
a6c018d3-e9b8-4f7d-ae26-ed1d2fa005e4,SKU002987,12095,7970.99,34.1,2026-09-20
70b0ae79-94ca-479c-aec6-9a4bbea6d931,SKU002988,14619,10378.5,29.01,2026-09-20
f3e15325-9606-4fda-ac85-1440b8f01593,SKU002989,6960,6538.21,6.06,2026-09-20
312416ee-2b94-4a09-87ca-a74ea2ea0224,SKU002990,7948,4076.21,48.71,2026-09-20
161b0e42-925a-4162-b5ac-b5b92bf1e3f1,SKU002991,13109,9307.48,29.0,2026-09-20
83bb8246-8f65-42dd-bdfe-0bd7b1e4874c,SKU002992,5732,4354.47,24.03,2026-09-20
171f8542-9f9e-48fb-b3f6-07d8384dc300,SKU002993,834,517.66,37.93,2026-09-20
c11c5b96-752e-46f5-aee7-25dcbeb98dc5,SKU002994,11579,11102.13,4.12,2026-09-20
64ae378b-52a1-4cf3-b521-397b137d5c79,SKU002995,13324,8341.77,37.39,2026-09-20
bec2d3a0-ec32-45c7-a77c-22090e77b7f7,SKU002996,14504,9133.51,37.03,2026-09-20
ce2bb293-96d2-4b86-bbf1-daa60521162e,SKU002997,12374,10548.43,14.75,2026-09-20
193bf6eb-9055-4ee3-bd49-b928ef23384e,SKU002998,4588,4144.7,9.66,2026-09-20
b71a9ac5-160f-4521-8ee8-68025b572e6d,SKU002999,9858,7814.44,20.73,2026-09-20
e67c90f0-3bca-4540-97f8-e26089d7a653,SKU003000,1885,1487.92,21.07,2026-09-20
3e9cefe3-f79c-4bc6-9891-9bac35436c08,SKU003001,13607,11448.23,15.87,2026-09-20
f3be090c-ca80-410b-9dd0-1fb9e8f96e70,SKU003002,3162,1994.98,36.91,2026-09-20
907125de-78e4-4396-bfcb-6affe733dfdc,SKU003003,11843,8911.34,24.75,2026-09-20
0bb19261-dddd-4b3e-8744-93ae29fe82c2,SKU003004,9299,7087.46,23.78,2026-09-20
fb348702-837e-4061-9668-e99c743cb943,SKU003005,10506,7878.56,25.01,2026-09-20
6028e365-d1e7-417a-867f-9febc42ab285,SKU003006,1877,1593.75,15.09,2026-09-20
c95fc0df-65b1-4be3-ad97-76b692bf7995,SKU003007,7770,4500.32,42.08,2026-09-20
18be81e2-10ec-4286-9adc-3100774e494f,SKU003008,13636,9216.03,32.41,2026-09-20
2686f3b0-286e-4a5b-9e3f-92ef1357b98d,SKU003009,10444,10085.93,3.43,2026-09-20
4f0726da-8a6d-4b4e-be31-dd0bfd70f1ec,SKU003010,2909,1700.37,41.55,2026-09-20
3e56b117-fe02-4041-abdb-79bcd37c2982,SKU003011,14270,12461.71,12.67,2026-09-20
4d3d83de-97df-45bd-9c08-49f69cf115b8,SKU003012,9163,7088.76,22.64,2026-09-20
74666cdd-f8e9-4b7d-945e-05532f3215f7,SKU003013,8899,8622.16,3.11,2026-09-20
52a6d8ba-6e9a-4025-833e-fd99e47be190,SKU003014,1041,540.95,48.04,2026-09-20
facda22b-2b45-46eb-900b-3200a232a9d9,SKU003015,12502,11598.28,7.23,2026-09-20
667c058f-dd5f-4621-9c09-48d47e414bf2,SKU003016,2001,1315.21,34.27,2026-09-20
ff92e7c4-b5ce-46be-9919-5d4c3aec9b0a,SKU003017,2006,1135.69,43.39,2026-09-20
585e5100-61b9-4dd6-a675-add24bc8919d,SKU003018,8181,8157.82,0.28,2026-09-20
8098a815-858b-4008-93fb-6487408454da,SKU003019,1111,952.27,14.29,2026-09-20
e387d555-b891-4cee-b7dc-cc4eb62b16ff,SKU003020,8995,8598.37,4.41,2026-09-20
83b2a844-d04c-468b-a644-3e9e877f5cb6,SKU003021,9731,8011.34,17.67,2026-09-20
e109cd8b-edb2-4690-8d82-569b57eba1ad,SKU003022,2232,1433.91,35.76,2026-09-20
cf557ca2-fe76-4369-af2c-4f0b76ea1f63,SKU003023,4230,3993.74,5.59,2026-09-20
fae28ba4-2235-4258-8c91-3a4a6c11237a,SKU003024,8646,7519.9,13.02,2026-09-20
6110eea5-2138-4ed0-8af9-4a981f27b112,SKU003025,11843,11491.26,2.97,2026-09-20
0a008b4d-4a70-4baf-bbaa-bd5f6f934633,SKU003026,8337,5686.7,31.79,2026-09-20
bd363f8b-cc61-4dfd-8bcf-3d468a358973,SKU003027,2863,2135.44,25.41,2026-09-20
4d5d46c6-d105-431d-9ce6-0e5065e75b14,SKU003028,6150,3319.03,46.03,2026-09-20
4fe4b69a-2220-4138-af2e-3fe04c2862a5,SKU003029,6118,4715.4,22.93,2026-09-20
f5bf26ca-6a51-43c5-9e11-9d3fdb943ede,SKU003030,10099,5509.13,45.45,2026-09-20
f1b2f61f-daf0-4b3e-b64d-484b3724e44c,SKU003031,2777,1824.32,34.31,2026-09-20
82bdbfe6-cd42-4628-8af8-335db1d38093,SKU003032,6263,4341.9,30.67,2026-09-20
34f94fc5-2231-4703-836d-8e9532ad9a7a,SKU003033,3181,2311.04,27.35,2026-09-20
7dd67c57-4e9c-45f4-ba7c-6e0071856c44,SKU003034,8944,6638.46,25.78,2026-09-20
ed0929d0-e61e-4217-969c-3ef960760d6f,SKU003035,593,465.8,21.45,2026-09-20
cd15e7cf-9966-4846-952f-e09c83880837,SKU003036,10123,9928.11,1.93,2026-09-20
be523197-02e5-46f5-9994-81107244a8c5,SKU003037,13571,8687.99,35.98,2026-09-20
3232a7ed-577f-47a2-a616-27670452ea33,SKU003038,14160,13995.49,1.16,2026-09-20
ecfa28de-2d39-4883-9fcf-97cc82a78c60,SKU003039,2101,1434.89,31.7,2026-09-20
8d91c731-e6d1-45a5-8c2f-100c1433052c,SKU003040,2553,2290.38,10.29,2026-09-20
1f789fef-357c-4cd4-86e0-d232ce8e0b61,SKU003041,2610,1415.1,45.78,2026-09-20
eeca85c0-d800-4fe1-b273-00e7f03fd04a,SKU003042,8686,4559.19,47.51,2026-09-20
21a0d609-4799-42c4-a11a-0fe4d41ab264,SKU003043,1671,980.37,41.33,2026-09-20
94a5b201-b8bb-4d76-89f8-a0586fa07be6,SKU003044,8705,4550.66,47.72,2026-09-20
1f707996-9157-41d0-8bc7-13f6d73b4f15,SKU003045,7761,3954.36,49.05,2026-09-20
058280d2-cac4-4c7d-988f-e611807f67b2,SKU003046,12928,9626.6,25.54,2026-09-20
80980e6c-62dc-404a-822d-7d2d6f81cebf,SKU003047,7833,6135.46,21.67,2026-09-20
8e493eba-9f2d-43c3-b06b-ba512ae3455c,SKU003048,9808,6796.88,30.7,2026-09-20
45883c4b-78a8-4d25-9a9b-e8b86dbffd13,SKU003049,1900,1524.68,19.75,2026-09-20
b6d8a499-a513-4487-9508-55d214485989,SKU003050,1815,1454.6,19.86,2026-09-20
97956d60-067c-4397-b42d-2ea0787929ed,SKU003051,10075,7080.74,29.72,2026-09-20
b7cbc34e-219f-462a-b5f9-c085e7f1bd81,SKU003052,14504,7399.48,48.98,2026-09-20
39a5d239-0d85-4bbd-8f28-1ab24082b1e7,SKU003053,8066,6781.28,15.93,2026-09-20
ab8cbf34-95a8-40f9-ae93-b0ff557893e4,SKU003054,12557,10568.47,15.84,2026-09-20
de48b50d-8559-4333-bb4e-03a1ae61b545,SKU003055,10453,9981.77,4.51,2026-09-20
2020787d-ab14-44ef-a654-c5d35ef30591,SKU003056,12991,9134.73,29.68,2026-09-20
e216fa6e-1a89-413b-9835-5edaa7dd3ad4,SKU003057,11690,7710.28,34.04,2026-09-20
c3cdabb1-ea18-4e72-be73-081e637bea27,SKU003058,12592,6590.64,47.66,2026-09-20
5d871c38-7891-44d7-be47-f71e566daed9,SKU003059,7301,6156.72,15.67,2026-09-20
f0c3fdc2-646a-4589-a635-751badb12870,SKU003060,4316,2533.15,41.31,2026-09-20
ebd83af2-92a5-4af5-b232-d1c1a683d5dd,SKU003061,14549,10023.97,31.1,2026-09-20
f2adbae5-d4b3-4b54-af7a-34b1521cb21f,SKU003062,1168,1017.72,12.87,2026-09-20
68e5168e-1561-42f0-b0b4-d61057882e28,SKU003063,14416,13834.79,4.03,2026-09-20
2f4a34ea-757e-4fbb-9498-239d336d136a,SKU003064,13111,12035.85,8.2,2026-09-20
884f3420-4eaa-46d3-a857-0686d19dc5af,SKU003065,1362,870.52,36.09,2026-09-20
9d4474a6-ca8c-4bb5-a2eb-f2ad368011d1,SKU003066,9092,6067.45,33.27,2026-09-20
47b7a91e-2021-4f8e-90f3-7310a489a51e,SKU003067,14378,12855.53,10.59,2026-09-20
7a8b3cc2-6a19-429b-a9ba-debddd6ad32f,SKU003068,11048,10647.02,3.63,2026-09-20
d07c1dbf-5bea-4af6-bf5c-d61503a9e724,SKU003069,3711,1933.37,47.9,2026-09-20
0940d87a-4f59-43de-856e-880884b22cb6,SKU003070,9438,8177.0,13.36,2026-09-20
bf1a6d85-3689-4422-9da2-5bce8f932e08,SKU003071,8380,6032.81,28.01,2026-09-20
1001133a-163a-4f4d-9a49-180270b0b358,SKU003072,13236,6926.4,47.67,2026-09-20
40290168-7ff3-4c75-bcf2-06809438bf5a,SKU003073,14122,12541.2,11.19,2026-09-20
2df7c736-58cc-4693-90c5-143855af282c,SKU003074,12157,10880.62,10.5,2026-09-20
c2b2679e-1870-415c-ac93-08784bb9a232,SKU003075,10968,9874.58,9.97,2026-09-20
18f621ae-a229-4c99-b7d0-592f4f507616,SKU003076,6664,3643.27,45.33,2026-09-20
68b0273a-5930-4594-9ab5-ec7b91b7c02d,SKU003077,7655,4609.01,39.79,2026-09-20
1b6f0dd8-051b-40ca-b00a-c6c4aed223f0,SKU003078,12694,9955.61,21.57,2026-09-20
64887a4c-5187-4627-824b-ce2656eb74e3,SKU003079,14623,7783.61,46.77,2026-09-20
dfa876a8-2bbf-4810-a683-be70d763ba01,SKU003080,10316,9688.04,6.09,2026-09-20
383991b3-626f-407e-8b51-0e70400109ab,SKU003081,6671,3413.39,48.83,2026-09-20
1249c4e4-8d89-406f-ab31-c49010c7adc0,SKU003082,8299,7046.67,15.09,2026-09-20
6ea5b7ae-9f61-48b7-a20a-b9b499505a61,SKU003083,10066,5399.9,46.36,2026-09-20
c020598a-0294-48af-9d67-2c29a7784073,SKU003084,4756,3289.67,30.83,2026-09-20
f3c20965-5d43-4545-a3bc-e5888b1dab1a,SKU003085,10887,10181.81,6.48,2026-09-20
5250b54f-54e2-4cb8-bca0-b1f86f18cb22,SKU003086,11993,6777.73,43.49,2026-09-20
3f3f8c7a-6917-442c-9e0a-2acf632a38f7,SKU003087,8928,8876.95,0.57,2026-09-20
2dc9918b-35ce-40c0-8e46-7f7839c9002d,SKU003088,2843,1603.66,43.59,2026-09-20
08410ccb-867c-4b3d-9a04-bda4ca9682c8,SKU003089,9970,6683.03,32.97,2026-09-20
579b7255-695d-463b-86e2-80202701ceee,SKU003090,11257,8086.56,28.16,2026-09-20
6040ed12-9067-4b27-84aa-2ebd149aacf1,SKU003091,11681,11123.44,4.77,2026-09-20
3c72107b-5f45-4c6c-a307-cac3b82f8fe4,SKU003092,6715,5845.7,12.95,2026-09-20
7980e35c-a2f8-4364-ac83-628f01af8ea4,SKU003093,11928,8593.89,27.95,2026-09-20
7edebab9-0cfc-4bb0-b80e-4e06f2e63e28,SKU003094,7672,7328.79,4.47,2026-09-20
593d0ccc-a158-4404-918a-1d4774193b0d,SKU003095,13224,8839.99,33.15,2026-09-20
9033710f-ce86-49d5-8d35-1f5d69a6bbe9,SKU003096,3489,2400.82,31.19,2026-09-20
48034c79-72a5-44d8-8d9b-23c9f61da825,SKU003097,12593,8772.66,30.34,2026-09-20
43f61ecd-0191-4dbd-b79d-93bc8c9a8560,SKU003098,11675,8595.1,26.38,2026-09-20
e1a2a96d-f261-43e3-abdf-775bac27535c,SKU003099,12197,7803.12,36.02,2026-09-20
c7581376-eb55-419c-ac6b-e3a9085b0827,SKU003100,960,906.63,5.56,2026-09-20
34e3349f-4ed5-4c74-863e-28269a5b4236,SKU003101,12870,10441.49,18.87,2026-09-20
0605aa52-7283-4033-a223-5ea2cc37fc57,SKU003102,2816,2795.0,0.75,2026-09-20
ae78ff14-2484-4dd6-abdc-a98ebe6bcf21,SKU003103,1717,967.22,43.67,2026-09-20
afc8123b-0966-4849-88e9-fdf23ea2906e,SKU003104,6020,3908.17,35.08,2026-09-20
1a1edad8-400a-43ff-a675-15e05244c548,SKU003105,6295,3974.25,36.87,2026-09-20
1cdf2c05-3600-4594-979e-379b0536b8bd,SKU003106,11177,6634.06,40.65,2026-09-20
75f803fc-b888-45bb-8bdc-138ea52f0289,SKU003107,7293,7106.86,2.55,2026-09-20
e5e0d0ab-9660-4e27-9b29-a559da26c37f,SKU003108,6232,4677.26,24.95,2026-09-20
3e6ebfea-ef06-4de1-9ac8-249f96c018bd,SKU003109,12620,7620.2,39.62,2026-09-20
2008e24e-c9d4-40aa-9567-f8e088e178a2,SKU003110,856,673.79,21.29,2026-09-20
80bf22d6-ec0d-4a9d-bb84-d696827ddee0,SKU003111,4893,3021.15,38.26,2026-09-20
9529fc42-0745-4deb-9ceb-991718cbada9,SKU003112,7039,6447.96,8.4,2026-09-20
367c5565-f8ad-4c1a-bf63-de6266003cb2,SKU003113,12790,12315.54,3.71,2026-09-20
cd35b6e0-75f8-4a47-b59e-41cbe4182110,SKU003114,6093,3890.55,36.15,2026-09-20
e0d08c80-499d-4547-9313-474e98900c3b,SKU003115,5518,3859.35,30.06,2026-09-20
5af2f8a5-3bfb-43b0-8ce6-acb876abb26d,SKU003116,13138,11441.01,12.92,2026-09-20
3f31b060-b745-472b-aadc-92b590280103,SKU003117,6933,6395.56,7.75,2026-09-20
612bda62-4fed-47f5-af25-85765a3f5ea8,SKU003118,8072,7515.79,6.89,2026-09-20
47d2531d-83d6-4d33-b162-e76494faf34e,SKU003119,797,398.69,49.98,2026-09-20
fbc7d6e3-5c08-4f19-9a1a-ee3b8fde9975,SKU003120,7434,4196.82,43.55,2026-09-20
a68b3978-21a1-4e10-98a0-a97cc1328bd3,SKU003121,11056,9561.95,13.51,2026-09-20
3a8df6c7-737a-4337-bafa-29cdb5d71e1b,SKU003122,3947,2546.08,35.49,2026-09-20
e2a843f5-8985-4d51-9b62-6f58eaea74cc,SKU003123,3516,3040.25,13.53,2026-09-20
340c4728-29e5-4807-8136-50a7fb2215f3,SKU003124,12755,12637.47,0.92,2026-09-20
8717c09a-fad6-49dc-a266-0829e9299a40,SKU003125,5281,2887.82,45.32,2026-09-20
6cba2c9a-2092-47a8-a361-22acab37e08f,SKU003126,12538,9203.26,26.6,2026-09-20
1b53e02f-f69c-4fac-9524-4f2b0b219207,SKU003127,13527,11978.09,11.45,2026-09-20
c944f93b-bd01-4dbe-aafb-fe103f62961c,SKU003128,5556,3447.77,37.95,2026-09-20
db6567c4-ff8d-4b3e-beca-2d961b0757c9,SKU003129,1951,1306.27,33.05,2026-09-20
4dbb81c8-e07f-4e89-be40-1c93ef31a10c,SKU003130,6216,3110.89,49.95,2026-09-20
0ca88e57-b1c6-4828-9cee-b2f202ba9846,SKU003131,10178,7488.97,26.42,2026-09-20
87119273-8e59-4e40-8f35-697ef739c45c,SKU003132,13572,7860.07,42.09,2026-09-20
e223d3c0-28af-4937-8383-2d95ddea39f1,SKU003133,11262,10558.81,6.24,2026-09-20
cb31dab8-9531-465e-9e46-d8f85e2307f2,SKU003134,10797,9004.38,16.6,2026-09-20
10706ff0-9cb8-4fe5-bf9a-467661a1e4ab,SKU003135,2392,1968.51,17.7,2026-09-20
3fb74a43-a366-489b-b0ad-d83282e411c3,SKU003136,4050,2828.89,30.15,2026-09-20
bd70a1f7-63d9-4380-acd0-a88b9aca3512,SKU003137,10887,6244.77,42.64,2026-09-20
435862db-1ff8-4ab1-8797-f8722d85882c,SKU003138,6933,5144.78,25.79,2026-09-20
0688fa7a-a15c-4c16-a662-df1480c6d943,SKU003139,12881,12409.07,3.66,2026-09-20
81252b05-d062-4bbc-9c9f-61aad0d8d6ba,SKU003140,9800,9122.26,6.92,2026-09-20
47cdfd50-d2b7-4d99-8acd-deac7e9c47a1,SKU003141,4109,3613.63,12.06,2026-09-20
313e5907-b402-4e80-b54d-4feb5a285018,SKU003142,12877,7415.97,42.41,2026-09-20
16d92636-4dfb-46ef-860a-d68d83697bdd,SKU003143,13272,9134.42,31.18,2026-09-20
a8148889-4b05-4906-98bf-a2401e2311c8,SKU003144,14913,10881.21,27.04,2026-09-20
3c9ed7ca-762f-4911-b7a1-30404c75625e,SKU003145,8670,8138.94,6.13,2026-09-20
ee00ea2e-6ec3-45f5-b132-5aeec9190c1e,SKU003146,3264,3032.03,7.11,2026-09-20
4ce88b1b-3699-42f8-bc92-911633a17582,SKU003147,6967,6592.42,5.38,2026-09-20
d3e001be-1393-47d9-b469-66bc1e243ca7,SKU003148,11243,7308.11,35.0,2026-09-20
1fce882c-e0b9-41fa-b15d-c6e10d695850,SKU003149,4838,3345.53,30.85,2026-09-20
e4765282-7fa5-477b-8595-6f1e588f2600,SKU003150,12709,9045.79,28.82,2026-09-20
838b10d1-88ce-479f-87a8-e79c1405402f,SKU003151,11312,8549.18,24.42,2026-09-20
1e9c2931-ed56-482e-ad8f-21512c0adc9e,SKU003152,8949,5717.66,36.11,2026-09-20
d81f84ee-8e26-4441-9063-b82318e5a5ba,SKU003153,9550,7276.37,23.81,2026-09-20
7145eff3-ceea-42aa-bb5e-d1f06b05e5c0,SKU003154,11088,6832.52,38.38,2026-09-20
c2d86162-5eea-4a99-9c46-400bea958a41,SKU003155,7990,7710.29,3.5,2026-09-20
b27cfc32-8a20-4bbf-99a6-95a54b0d92aa,SKU003156,10749,7811.07,27.33,2026-09-20
ebcc3521-3993-4a8f-93d2-bd66c649f198,SKU003157,2836,2579.74,9.04,2026-09-20
d27ef56f-118f-4948-a989-7e3a1f14cf11,SKU003158,869,470.91,45.81,2026-09-20
017e95ef-f74e-4d6e-b6a4-399560c79025,SKU003159,10733,8821.66,17.81,2026-09-20
ba2ed4dd-1dea-4ae7-bbfd-54de44b8abce,SKU003160,4877,4618.93,5.29,2026-09-20
40167ad6-e72a-4e4a-8f1d-f349ed56f2ac,SKU003161,9812,5199.3,47.01,2026-09-20
3fbf4dc4-36c5-4497-af8c-39b57f2c14d2,SKU003162,2672,2448.1,8.38,2026-09-20
6850c666-1b28-4a37-a236-84c64e45f716,SKU003163,4915,4478.07,8.89,2026-09-20
330cf080-f20f-45d5-bc0e-dc0296e70c2a,SKU003164,12312,10415.52,15.4,2026-09-20
834e6ff0-fda5-4b3c-a2fb-0a0bbd4d5530,SKU003165,12209,7989.34,34.56,2026-09-20
5b289e4c-4386-4360-b6ad-d69b6478f0d2,SKU003166,1042,851.01,18.33,2026-09-20
7a6ee7be-25f0-438d-b5ee-7a17710bf2c3,SKU003167,5487,4609.37,15.99,2026-09-20
2564b5fa-4b81-4fe2-848d-e7079c3ca6cd,SKU003168,3424,2973.12,13.17,2026-09-20
826ee875-d1eb-41d1-ba66-4d5e68a74c10,SKU003169,14653,13334.32,9.0,2026-09-20
7c2f4e32-4c69-4d53-89c8-d726fae56813,SKU003170,3086,1853.47,39.94,2026-09-20
d06b5a9b-ba20-43e6-b4c7-da2795bea71d,SKU003171,11612,9858.61,15.1,2026-09-20
a1588a27-8c1b-4d23-9d7a-01c3b8742c65,SKU003172,12227,7260.57,40.62,2026-09-20
8b8500c6-c3f7-4fb6-9534-338d7bdce145,SKU003173,12558,10191.53,18.84,2026-09-20
5b7288cc-f5df-42f3-9a46-d1c46b8ca508,SKU003174,6492,3893.47,40.03,2026-09-20
64b9985b-f35d-43ea-a563-ecffff0f033f,SKU003175,13386,7491.51,44.03,2026-09-20
626fd006-de3f-48d6-ae34-faaa16ede3dc,SKU003176,3745,1932.84,48.39,2026-09-20
7f2d95e0-ffaa-47a6-9ec0-49a065438485,SKU003177,755,500.8,33.67,2026-09-20
4bbfbb4c-b4fe-4bdc-bdf0-6ec2bbcf75ee,SKU003178,14906,11614.6,22.08,2026-09-20
adacce0d-961d-4a49-ab76-881497667c8d,SKU003179,3861,3506.9,9.17,2026-09-20
862942cc-0c66-49d5-8082-e0a45bdc2918,SKU003180,9281,9019.14,2.82,2026-09-20
c305e03a-4383-45ce-bd1a-60a239c447c4,SKU003181,13228,8897.36,32.74,2026-09-20
f091ae29-a1bc-48cb-a4c2-11f6cb572b42,SKU003182,3967,2882.0,27.35,2026-09-20
f05268da-d409-423b-b44f-6d1454adea68,SKU003183,1016,842.1,17.12,2026-09-20
1718b567-bca6-4cb9-a65b-a274eb41e8dc,SKU003184,13352,7560.32,43.38,2026-09-20
e80c2289-226f-4a59-af3b-4dc590b8ca07,SKU003185,12242,11540.82,5.73,2026-09-20
6ea8f42a-6542-450b-bb83-2a01e58c66f6,SKU003186,10896,8427.9,22.65,2026-09-20
e4210292-a121-4937-9dfe-da950563f76b,SKU003187,10111,7200.95,28.78,2026-09-20
4eaf3e11-81ca-4938-a304-a830f92377c1,SKU003188,3315,2049.52,38.17,2026-09-20
4bcf75a9-ba17-4c08-9715-5f48e74249f9,SKU003189,3535,3500.49,0.98,2026-09-20
18143b29-5a0d-49f2-9e26-a84c2e1d9f02,SKU003190,12129,7591.92,37.41,2026-09-20
d6cd334e-e9da-4589-970d-e6c25abc595e,SKU003191,1570,1540.08,1.91,2026-09-20
4e9384ef-cb2c-4a25-9e9c-479a97b3b53e,SKU003192,8727,8157.6,6.52,2026-09-20
e8e74cd9-2d9a-4014-89ab-8ab517dfcda8,SKU003193,10098,8401.34,16.8,2026-09-20
9db40df5-9dbf-40d7-983f-e9e7199a7027,SKU003194,11381,10969.05,3.62,2026-09-20
7f799314-1abb-4728-aed5-67af2caafe63,SKU003195,1879,987.12,47.47,2026-09-20
05b9a5de-38c8-4b64-b2f8-c90d42895390,SKU003196,1410,997.59,29.25,2026-09-20
8c069870-a824-46c3-8764-38de35b0ebc8,SKU003197,6362,4396.92,30.89,2026-09-20
df48a08b-10ef-496a-9d8a-2ccc058be6bc,SKU003198,1423,1069.72,24.83,2026-09-20
2233ed1d-f8cb-4b80-b05c-ec52dca4a691,SKU003199,8435,7935.91,5.92,2026-09-20
ce960812-d2f1-475d-9afb-31ee9ed93cf3,SKU003200,820,753.3,8.13,2026-09-20
dc67277a-8aa8-4fe6-baee-fd84fd8ddc19,SKU003201,11221,9806.78,12.6,2026-09-20
07547960-4475-4ed2-8b27-5cad043ee238,SKU003202,12626,11913.99,5.64,2026-09-20
b9dacd4c-f096-497d-811f-68db68305b37,SKU003203,5826,4862.05,16.55,2026-09-20
89bad9f7-98ea-4c6a-b4cf-839551711bd4,SKU003204,2305,1894.57,17.81,2026-09-20
e0288b64-274e-406b-8e7b-38133167b988,SKU003205,9685,4899.32,49.41,2026-09-20
da6116bb-ff22-45f3-8e71-9735328e9e2d,SKU003206,14827,7893.95,46.76,2026-09-20
dc254f9c-cd4d-4f5d-8e6b-3b84add69bea,SKU003207,14120,8724.47,38.21,2026-09-20
f1ef29b1-7d14-4619-821f-6bfea0e88bff,SKU003208,3795,2048.44,46.02,2026-09-20
baf7782e-02bc-4706-82b5-10eb295043df,SKU003209,13316,10806.57,18.85,2026-09-20
001bf3d5-480a-49eb-8a00-05007551afb2,SKU003210,10276,8832.9,14.04,2026-09-20
8fd9c057-6608-4cbe-af41-1ea90feeb5d7,SKU003211,8961,5352.51,40.27,2026-09-20
81629dad-e440-405c-94c0-f498415c8bfb,SKU003212,7515,6156.99,18.07,2026-09-20
09b360d0-47a1-4534-89f1-6a876737ebf7,SKU003213,14519,11023.44,24.08,2026-09-20
91152987-97cb-41be-803e-455e1820d900,SKU003214,1281,1267.59,1.05,2026-09-20
3bd29dc0-322c-4639-9103-5ca6f4be2efc,SKU003215,4366,3482.36,20.24,2026-09-20
d37dca03-4303-4830-84a4-8c1634329100,SKU003216,11561,9666.53,16.39,2026-09-20
29dc6272-2005-404d-b932-e006a3f38506,SKU003217,2710,2347.47,13.38,2026-09-20
fd41031d-e98c-49b7-b38f-019bfe9a401d,SKU003218,6584,5325.52,19.11,2026-09-20
60629b40-30c7-4fb3-9369-b1c273da2d3b,SKU003219,7821,7448.98,4.76,2026-09-20
231ec0b7-fef8-4404-9868-92d4b9b510b9,SKU003220,6744,6477.07,3.96,2026-09-20
fe4a14f6-4bcc-4954-9263-04913c107365,SKU003221,5059,2802.47,44.6,2026-09-20
930cfa3d-c826-44e3-b6d6-2dcd5b69f5af,SKU003222,10530,9813.47,6.8,2026-09-20
6e5ad508-b057-4aac-a01e-e201df740da7,SKU003223,6354,5220.18,17.84,2026-09-20
a82e0c7a-56c2-4b00-8bd3-09bb9475223f,SKU003224,732,511.03,30.19,2026-09-20
e8a65e91-8af6-41c2-a94c-0e9653447b44,SKU003225,2107,1298.62,38.37,2026-09-20
529356f9-e174-41cf-b487-4aefb1d0da29,SKU003226,1233,1082.06,12.24,2026-09-20
1ae5bbb0-9029-4768-aa6d-ee49899d7816,SKU003227,7496,4915.51,34.42,2026-09-20
115262df-df38-4f41-a279-6e766cc9c989,SKU003228,1142,619.17,45.78,2026-09-20
1438fb42-3ed1-4ecb-a426-7106cdc84c5b,SKU003229,6451,5886.91,8.74,2026-09-20
e87a0555-a1c7-42f8-9b17-170ca5269319,SKU003230,10063,8816.77,12.38,2026-09-20
b7e40123-6e6f-4fc1-9658-52f1ab67915f,SKU003231,11628,11243.32,3.31,2026-09-20
68bb778e-fe77-4d79-8d49-c67503d87e64,SKU003232,1412,1252.29,11.31,2026-09-20
6507c2b6-f300-4289-9e99-34ca76945e90,SKU003233,6586,6152.4,6.58,2026-09-20
7451c9a4-94a1-4954-be0e-440ee5d26b11,SKU003234,6333,5985.12,5.49,2026-09-20
7f737c75-daa0-4e18-9409-ce605e3674c7,SKU003235,13966,11720.38,16.08,2026-09-20
76065fb7-33dd-4937-a67c-b1804e70594d,SKU003236,12493,12010.7,3.86,2026-09-20
31447f00-34bd-43da-b814-738d465f4395,SKU003237,1787,1567.77,12.27,2026-09-20
e5c1fe78-de2c-42fb-ad44-1ad6d9da96a2,SKU003238,14523,10887.13,25.04,2026-09-20
c4f5c727-6b2f-4439-89e7-5e94c78ffdf4,SKU003239,1865,1314.11,29.54,2026-09-20
ff8533cf-497f-45ac-b0c5-2f428240bd69,SKU003240,9779,5924.04,39.42,2026-09-20
ba064d62-6352-4945-89aa-fe397f48737b,SKU003241,10135,8765.75,13.51,2026-09-20
914eb971-d48c-4d95-85b8-d1eb8c474879,SKU003242,5204,2721.2,47.71,2026-09-20
f101beb6-6d0b-475c-a70f-589d68f45deb,SKU003243,12283,11629.9,5.32,2026-09-20
76655dc7-fc60-4779-b299-3735ff67e5ba,SKU003244,2566,2343.14,8.69,2026-09-20
258c9c90-7978-4b42-b182-7523bff34f9a,SKU003245,9846,8841.98,10.2,2026-09-20
16e284f7-1bc3-4a51-926f-97304fe3517d,SKU003246,6988,3583.11,48.72,2026-09-20
d46ae8c2-18c0-441d-82bc-a5a1272f9dd6,SKU003247,9798,5689.54,41.93,2026-09-20
fa46a70b-e66b-4033-b48f-a6ef882b7299,SKU003248,10747,5408.56,49.67,2026-09-20
18642bd2-5d92-46e4-8f82-8420d848e3bb,SKU003249,11916,8173.36,31.41,2026-09-20
c997b1cb-89be-4db3-92dd-d45ec96f4dc4,SKU003250,10620,7048.29,33.63,2026-09-20
9905366e-a3a4-48a3-87d0-e8e95f74ebd0,SKU003251,6880,4336.16,36.97,2026-09-20
a0054d4d-4929-4982-9f98-cd7e4e505b54,SKU003252,7741,4459.95,42.39,2026-09-20
befc772e-8185-4cb8-9ccf-635da5a0698c,SKU003253,2260,1743.94,22.83,2026-09-20
2055fb42-5496-4ebf-8cda-151c1d89f6b1,SKU003254,9681,5975.7,38.27,2026-09-20
2db63984-6c54-4083-b1a0-cebdda6b0e41,SKU003255,5918,5315.8,10.18,2026-09-20
dec8b550-78cd-4acb-aac6-402a219d21de,SKU003256,8842,4674.72,47.13,2026-09-20
b8bc6415-d366-47a9-a73c-209ce714cb5c,SKU003257,6532,4397.68,32.67,2026-09-20
a18c87f5-88c9-455a-8769-e1e1d80164ac,SKU003258,7859,4690.72,40.31,2026-09-20
7f0e256d-9bd6-4a66-91ec-4ce49766473b,SKU003259,10009,8250.73,17.57,2026-09-20
44a5d45c-4cc1-42ab-9ad6-9634cab2079d,SKU003260,5396,4954.22,8.19,2026-09-20
33bdcf0c-6a3b-46b6-b42f-a84d991d088e,SKU003261,12129,8948.85,26.22,2026-09-20
5e7fdcf4-628a-4b58-8c75-990d63cd875f,SKU003262,5418,4812.81,11.17,2026-09-20
9c05ebb4-a675-4909-8433-32d2e9f15a5b,SKU003263,13228,10064.54,23.91,2026-09-20
c178cee8-a673-4e4a-94e7-706a0db37845,SKU003264,12585,7378.19,41.37,2026-09-20
0b87ccf0-9804-4879-b71c-acd861c7cc75,SKU003265,9076,6080.2,33.01,2026-09-20
3d67513b-8128-452f-a6e0-973e157e4e7b,SKU003266,4793,3049.53,36.38,2026-09-20
c96d034d-cde3-4171-8a67-cd4f56fe775c,SKU003267,14538,13815.09,4.97,2026-09-20
21ebf444-f5e2-4d34-a314-cf32ba9acdc9,SKU003268,4657,2860.19,38.58,2026-09-20
cb6724c2-4797-422c-8222-fde92ef2caa5,SKU003269,12135,10162.51,16.25,2026-09-20
88f50474-cd7f-4d5f-9bbc-64c36cddd0ec,SKU003270,13549,13383.4,1.22,2026-09-20
da5b5c50-77c4-4716-b63c-b28c72f9da57,SKU003271,1997,1339.35,32.93,2026-09-20
15c0b459-85a7-45d0-bf02-0cb51da99eaf,SKU003272,14760,12235.1,17.11,2026-09-20
fcce0e15-d3cd-417e-acdf-76f4ed9f9a4c,SKU003273,10860,5610.3,48.34,2026-09-20
8845c9da-8447-4fe3-8aad-970de674a293,SKU003274,6080,4497.56,26.03,2026-09-20
b3f173ca-375e-403b-bd76-13b8fbd7202b,SKU003275,4762,3543.06,25.6,2026-09-20
c22b404c-9034-4903-93a0-695cd97b53b6,SKU003276,14446,7379.93,48.91,2026-09-20
a658afd8-3697-4956-98cd-850e5131c6e6,SKU003277,14869,7760.65,47.81,2026-09-20
0a1242b6-b182-4e23-86f7-51c64baf9a46,SKU003278,9803,7796.07,20.47,2026-09-20
0f99d2b6-ce60-4c95-b784-59b2306dd01c,SKU003279,1511,1110.27,26.52,2026-09-20
625fdd5b-c39f-431c-8791-5ffd3ca1f683,SKU003280,10305,6672.59,35.25,2026-09-20
7cce534c-60a7-4fad-8639-6dd26b926a19,SKU003281,13305,7639.98,42.58,2026-09-20
e25e3391-a89e-4fe0-a051-eb7d2fa7e101,SKU003282,1322,749.56,43.3,2026-09-20
031b92ae-e7cc-43b0-8595-cb6c80ceb3cb,SKU003283,5508,4211.36,23.54,2026-09-20
7f17e203-cb88-4699-8ad2-54622ca75e37,SKU003284,7231,5059.53,30.03,2026-09-20
e45e59db-17cb-4e49-9368-3b09c05a5ad6,SKU003285,3623,3335.53,7.93,2026-09-20
dd04c813-406e-452a-8333-f6e23105bf20,SKU003286,1340,946.67,29.35,2026-09-20
f198bd65-69c8-46f8-a21f-c41a1b2f4eb2,SKU003287,5961,5447.83,8.61,2026-09-20
3f269c0d-bf0f-4596-a408-a4b699185241,SKU003288,3035,2370.63,21.89,2026-09-20
e18bbde7-31fb-47fb-8cf7-00293b3a8985,SKU003289,10355,5718.29,44.78,2026-09-20
1d27febf-7eda-4ca6-8c9c-f6514cea3c77,SKU003290,14968,14662.43,2.04,2026-09-20
4e35942b-e7ec-49d9-9ac4-44255a317ca4,SKU003291,7944,4629.61,41.72,2026-09-20
e61800dc-6aea-470b-b0ab-82d096bf90f8,SKU003292,12426,8814.68,29.06,2026-09-20
44948649-ec57-4ae6-a045-6040fd165e9a,SKU003293,8193,6656.2,18.76,2026-09-20
f9279f83-aa3d-4ec7-a880-fed6309cde78,SKU003294,2339,2155.6,7.84,2026-09-20
9c62836d-fe38-4833-be39-0b9612a31376,SKU003295,12949,11336.72,12.45,2026-09-20
6443763a-7cd7-4b15-b8e7-4b861fc56382,SKU003296,10445,7823.92,25.09,2026-09-20
044d771b-e3b7-434b-be98-b348ad70bd9e,SKU003297,2506,1308.02,47.8,2026-09-20
5e9f3fb0-2e69-464c-8134-eb82c147d10a,SKU003298,8638,7419.06,14.11,2026-09-20
63f37abf-ca6b-4691-9af7-cee878b56106,SKU003299,14556,10672.14,26.68,2026-09-20
b7937f55-1a2a-4396-bef5-eede90577961,SKU003300,9119,8769.2,3.84,2026-09-20
c5f8c547-68da-4eb1-a3bf-4b33a96e99f9,SKU003301,12726,10785.55,15.25,2026-09-20
8c0a4e96-d748-4ec0-b682-ae985a275213,SKU003302,14968,8585.74,42.64,2026-09-20
b2404bb1-bb39-4e1c-8154-dca4c8b470e4,SKU003303,13869,12786.58,7.8,2026-09-20
abab8b04-4fa6-468b-91d0-2fd4ed3b35d5,SKU003304,2334,1524.91,34.67,2026-09-20
eba95f4f-225f-4055-81d4-7edb0dd8010b,SKU003305,9941,7498.82,24.57,2026-09-20
9b42adf7-1658-4e68-88c9-557fb1ea5726,SKU003306,7980,5444.78,31.77,2026-09-20
c7c8de9c-b65c-47a8-a2b8-27c4e0afbd39,SKU003307,1889,1224.98,35.15,2026-09-20
d9bdc5ab-08c1-4741-946c-87d53f7b0399,SKU003308,3256,3163.21,2.85,2026-09-20
8cda7b42-721e-471e-a6f1-b0b26f9ccbed,SKU003309,8837,4501.17,49.06,2026-09-20
dc1be0a4-3332-4054-9e86-b586ca40162d,SKU003310,4481,4365.15,2.59,2026-09-20
87cb4555-288a-4d79-a838-d967cf8bc3f1,SKU003311,12765,8317.87,34.84,2026-09-20
1b5d9247-58e3-41a7-9e95-35f0f9d2d4d7,SKU003312,4947,3053.87,38.27,2026-09-20
7d947c1f-d3b8-461c-9b72-57ebb80c3130,SKU003313,2285,2109.46,7.68,2026-09-20
a8441f90-f46e-4d79-8cc5-6aa086b4de72,SKU003314,13764,12757.2,7.31,2026-09-20
152ba6aa-3242-4709-85ba-57a8b352b33a,SKU003315,973,800.64,17.71,2026-09-20
a631b12e-c02e-4de4-919c-a4c64738177c,SKU003316,10185,8586.34,15.7,2026-09-20
4b69c472-e448-41a6-9958-bb3c895a963b,SKU003317,2927,1780.47,39.17,2026-09-20
12d77c70-7dc8-4d37-9aa3-7ac400b67751,SKU003318,1556,1071.02,31.17,2026-09-20
4dd568f5-47a5-41be-877e-89b134c8a0e8,SKU003319,6200,3218.44,48.09,2026-09-20
880f43de-1000-4a77-9360-5d1e94af8169,SKU003320,6183,5329.74,13.8,2026-09-20
7fcb3e3a-30c0-4060-ad13-a8c3eaa93a39,SKU003321,9160,7716.84,15.76,2026-09-20
4ba4e5ae-19b8-4a50-af46-dbbfe632a994,SKU003322,9924,8637.0,12.97,2026-09-20
ab0f4dde-4430-47c8-be0c-c7c44235d51e,SKU003323,3192,1965.55,38.42,2026-09-20
99fdcc22-cad0-43a4-a43a-6346b77d0275,SKU003324,11108,6968.56,37.27,2026-09-20
441fe10e-695f-4bce-8bb8-52718bbb6d04,SKU003325,3437,2627.47,23.55,2026-09-20
a1a0df79-36c5-4a00-ad1e-73711c100e09,SKU003326,5398,4397.66,18.53,2026-09-20
02fa97f2-45a4-4836-a0e0-c8414c7e147f,SKU003327,7522,7260.88,3.47,2026-09-20
1b26063d-4540-4b28-b583-d842171bfd65,SKU003328,1678,1356.13,19.18,2026-09-20
ddbfa25d-53c4-4b7a-88dd-be722e3a72ba,SKU003329,6921,3948.73,42.95,2026-09-20
b74d44d9-5a12-4523-ba69-7c2dc855aa60,SKU003330,6765,6760.84,0.06,2026-09-20
38647b3a-236c-4634-8bd4-8df8f5905fd3,SKU003331,6841,5774.6,15.59,2026-09-20
fcaa2492-9b24-4477-86d6-41590fd3c447,SKU003332,3839,2297.98,40.14,2026-09-20
ad5e7cf8-3179-4c39-9fa9-9a98e7ca5fd3,SKU003333,10128,7641.81,24.55,2026-09-20
554e62c2-260a-4c30-ac19-f57a0f641199,SKU003334,10534,10238.22,2.81,2026-09-20
4a020554-61dc-4cc4-b80f-5950a51302ac,SKU003335,5936,5798.43,2.32,2026-09-20
dc86d438-3989-4a3a-a38c-de3a020f8282,SKU003336,1724,1618.69,6.11,2026-09-20
72bbe769-5075-4512-8ef3-6c5c833fa4a6,SKU003337,12202,9459.55,22.48,2026-09-20
4f48d8f7-ee57-4ede-af08-0279d3408428,SKU003338,10073,9614.31,4.55,2026-09-20
1b956cbc-adef-4e38-8e4f-0d42d464b139,SKU003339,1053,776.89,26.22,2026-09-20
66226200-c1f1-4f13-8fe1-b0607b0b111c,SKU003340,6261,4839.99,22.7,2026-09-20
afb7219f-30de-4892-8d58-6f6399ef8ac9,SKU003341,1501,1190.82,20.66,2026-09-20
a430ebec-a329-4e58-8cf2-4f1a7571117f,SKU003342,3358,2895.92,13.76,2026-09-20
7e882a2e-7766-4a02-a734-46fe312aea30,SKU003343,7876,5291.75,32.81,2026-09-20
e1ac0caf-219a-470e-b663-4ed5c9e62828,SKU003344,10892,9883.42,9.26,2026-09-20
6cb05f75-7176-4424-abd4-55d5d477b5a7,SKU003345,9417,4833.95,48.67,2026-09-20
7a040928-8d6d-4572-bbeb-e8bc2a26cb92,SKU003346,12771,11404.77,10.7,2026-09-20
439c4152-e327-4859-bc4d-173412bb8d41,SKU003347,4508,3929.39,12.84,2026-09-20
81691942-1019-4099-80b7-a1e728cd9937,SKU003348,4769,3135.38,34.25,2026-09-20
aaa651d6-d7de-44ca-8be2-f3f4e5117cf2,SKU003349,5009,4152.05,17.11,2026-09-20
69ba9cdf-a4ab-42db-bc8a-c8ab143f1c86,SKU003350,8310,6768.67,18.55,2026-09-20
64e98e0d-fc1d-446d-b281-4e2a64b8f59a,SKU003351,2623,2020.36,22.98,2026-09-20
545cecc8-8915-4e1c-9d4d-45b71153f3a3,SKU003352,12655,12348.18,2.42,2026-09-20
103844ba-1f06-47ae-86ab-ab4a8f683aaa,SKU003353,4600,3780.23,17.82,2026-09-20
189fc452-d92a-4b25-bc3e-2dc7434695e1,SKU003354,9798,9000.54,8.14,2026-09-20
89b015ad-ae59-4664-ad2f-372b426efabd,SKU003355,10077,8845.27,12.22,2026-09-20
4f296b1f-a29e-49d5-8ff5-bbd2e8dc087c,SKU003356,4319,2948.18,31.74,2026-09-20
c937cb7d-3f51-4cd4-b6f4-e1695b2f8f33,SKU003357,6492,5463.75,15.84,2026-09-20
7591b2db-192d-4a9c-b093-9643fd00147f,SKU003358,13465,12131.55,9.9,2026-09-20
58458586-af3c-4020-97f1-80419884211e,SKU003359,5958,5124.91,13.98,2026-09-20
f6546a6f-da30-4c39-abe3-24464e5e1261,SKU003360,11410,7458.53,34.63,2026-09-20
a7eaa006-4943-49ba-b3ec-9e1561d84204,SKU003361,6658,4155.43,37.59,2026-09-20
7022accf-2e13-46ab-8356-6d02533b4f89,SKU003362,3201,2863.25,10.55,2026-09-20
34fcdb39-e2d5-40bf-befc-4b19276e5dd7,SKU003363,1260,1141.67,9.39,2026-09-20
2a0e9238-408c-4e16-becd-f20340d30181,SKU003364,6173,5545.02,10.17,2026-09-20
e7944eca-3661-4b32-a47b-5fb246904aef,SKU003365,12308,6808.68,44.68,2026-09-20
6418a48b-b10b-4d5b-99c1-d8d0e0c02bce,SKU003366,5665,3862.79,31.81,2026-09-20
6a0b10d8-537f-488c-b4ac-0e3190dd60e6,SKU003367,6661,6632.64,0.43,2026-09-20
6067d610-355d-4661-9919-22c9f3edefb5,SKU003368,7640,4895.91,35.92,2026-09-20
de4aba90-4e4a-4613-80ba-155fcceb7de7,SKU003369,13407,10721.46,20.03,2026-09-20
b3fd1280-4581-4f43-8c73-e8d3a7d47477,SKU003370,918,651.53,29.03,2026-09-20
3a14eb2f-91cc-4b3d-9487-ad044095f8b7,SKU003371,5970,5135.18,13.98,2026-09-20
06e0e9ab-6eb8-4c0b-8d2d-2407d2d87997,SKU003372,6596,6132.52,7.03,2026-09-20
1f9f4060-fc66-4c0b-8258-05b285ff030f,SKU003373,13287,12075.38,9.12,2026-09-20
35294ffc-b165-45f5-a631-eb1392521ef2,SKU003374,10170,9368.05,7.89,2026-09-20
f5041a7a-439c-4387-a675-369c0677e9f7,SKU003375,10390,6745.53,35.08,2026-09-20
537ba59a-b671-43eb-9e48-a86dd3fc04b6,SKU003376,11091,7079.73,36.17,2026-09-20
069a356e-3c43-4333-bf87-ae2ec5f4335d,SKU003377,2715,2351.7,13.38,2026-09-20
f75f7b6a-b9d8-4a3e-b25b-b3237d2aeffc,SKU003378,5968,4747.97,20.44,2026-09-20
e4b62391-6b5c-4955-82a5-f621f15d456a,SKU003379,4297,2415.0,43.8,2026-09-20
9b893169-688c-4e92-9603-3a010df8d883,SKU003380,13279,9731.9,26.71,2026-09-20
bb713184-f5ee-4f1b-bede-76670388aefa,SKU003381,835,455.61,45.44,2026-09-20
3781a215-5a24-476e-8c82-bacc3afe345a,SKU003382,9792,7683.86,21.53,2026-09-20
de49abdf-6c07-4c4d-9c95-907752f02db4,SKU003383,12870,7669.39,40.41,2026-09-20
a12d853c-483c-4bb5-8e3a-c76af69edc2e,SKU003384,8887,8066.05,9.24,2026-09-20
b1500703-c6da-4ddf-8d85-dc4b2e46b8dd,SKU003385,3382,2356.94,30.31,2026-09-20
fe740d8a-8e4f-40c8-bb2b-ac940bf2391e,SKU003386,7432,4933.94,33.61,2026-09-20
cff0d76f-f14f-4783-82cd-5c53970619a6,SKU003387,7926,5780.45,27.07,2026-09-20
6e6d19ba-5aa2-42e9-a0c7-5219e9550b00,SKU003388,2395,1799.47,24.87,2026-09-20
9ba98713-194f-4dba-b799-60b9d7cac284,SKU003389,5393,3573.68,33.73,2026-09-20
696b1028-f279-4f15-a04b-2be0bf71cc33,SKU003390,13194,9887.21,25.06,2026-09-20
d8a34112-8ce9-46ad-a190-4da0d6194340,SKU003391,12667,10845.67,14.38,2026-09-20
6963a6c0-d6e9-4053-8fec-cf55afae6d3e,SKU003392,2054,1602.89,21.96,2026-09-20
bfb737f8-5124-432a-8648-98a9201b218b,SKU003393,2067,1171.23,43.34,2026-09-20
b1ca94d7-d02c-4aec-a113-94b9e06e9232,SKU003394,10670,5874.62,44.94,2026-09-20
232616c0-c408-430e-9668-3b175bc02f46,SKU003395,5229,5192.99,0.69,2026-09-20
3603277b-bb6e-4b39-a033-3a6d4678dc42,SKU003396,6914,4507.53,34.81,2026-09-20
7d4903b6-d52b-4568-9b6c-547e3d9aec74,SKU003397,1616,1008.41,37.6,2026-09-20
892f67f6-bb0a-43b0-88f1-e73e07ae2a06,SKU003398,2770,2485.18,10.28,2026-09-20
da45dc15-8d2c-43c4-8eb7-b3165fcd8d48,SKU003399,3032,1559.95,48.55,2026-09-20
21ead2d2-8167-41b8-9b15-7633138304bc,SKU003400,6591,5959.43,9.58,2026-09-20
107e3383-b58e-4801-ae37-47a8bf28b0e3,SKU003401,9426,9077.78,3.69,2026-09-20
f937c456-314b-4952-996e-8a437f05e763,SKU003402,12197,9017.27,26.07,2026-09-20
658a07af-fca7-42a6-9da9-711ac204593e,SKU003403,4272,3612.59,15.44,2026-09-20
a9950271-06b0-4ee7-b027-b3d0c53bde4b,SKU003404,13815,13484.35,2.39,2026-09-20
b5bb4fb0-958a-4144-aaf8-b80e895050c6,SKU003405,4725,4346.58,8.01,2026-09-20
f9255857-b5ba-45eb-bc62-7747e1dc2d10,SKU003406,10247,8672.32,15.37,2026-09-20
51e88e15-2220-4b5c-bd4f-ed6f074aaa5d,SKU003407,4067,2917.67,28.26,2026-09-20
ad3b1ec4-e0cc-4d95-8d9e-12f32362b383,SKU003408,9427,8651.72,8.22,2026-09-20
198bd430-36be-4e90-8c6f-7dbd36d80632,SKU003409,6765,4752.97,29.74,2026-09-20
1411063d-4c67-4021-a766-c7983d147cf8,SKU003410,10249,6813.16,33.52,2026-09-20
1c78e59e-dbbb-430c-bde5-0197936e0528,SKU003411,5347,3698.2,30.84,2026-09-20
fd1a6a43-9e5f-4181-b5a5-653d352dfb9b,SKU003412,9093,5058.92,44.36,2026-09-20
4c106b76-9162-4d3e-8fa8-b6114bbf68d7,SKU003413,3405,3244.0,4.73,2026-09-20
a6487f9f-aa01-4f69-a944-c06509008d8c,SKU003414,11011,5564.51,49.46,2026-09-20
23844b7b-fee8-4563-86d4-93e59921c05c,SKU003415,4436,2723.92,38.6,2026-09-20
021113fb-55a8-4039-81df-d72bb45096de,SKU003416,5054,4849.68,4.04,2026-09-20
72a3bdc6-2424-4a66-a4e4-d52bc350b2e9,SKU003417,2718,1708.66,37.14,2026-09-20
a1dcc903-755c-4f9a-a4cb-cf9ab2c538e7,SKU003418,3157,3059.72,3.08,2026-09-20
6c971604-b239-4317-8496-1496cd8c04b4,SKU003419,12281,7368.73,40.0,2026-09-20
3c112f36-02b2-4697-aeb7-f4dc78e78d71,SKU003420,9885,8261.91,16.42,2026-09-20
21b55e3c-fbae-4e4c-ae3b-b0cc6a888a9c,SKU003421,10236,9732.48,4.92,2026-09-20
8eb8c219-8a51-4e2c-9f1d-8d5106f06b62,SKU003422,1180,981.84,16.79,2026-09-20
e78903bb-8148-41ac-9cc2-9a677caeed3a,SKU003423,12895,11917.15,7.58,2026-09-20
9a0578e5-5a7d-46c4-a7b2-45926b52bbef,SKU003424,9160,6610.22,27.84,2026-09-20
0fb39992-9dee-4cc0-a58b-b625c46c1957,SKU003425,9646,8352.27,13.41,2026-09-20
1376735f-e7cb-41ee-b84b-3ae1f2d7cf65,SKU003426,3504,2856.7,18.47,2026-09-20
6927f6d2-12e4-4e09-868e-e8e4bf237aa4,SKU003427,11158,8624.51,22.71,2026-09-20
5e6735f6-42d7-482e-b617-341acbe8ab29,SKU003428,14333,14053.61,1.95,2026-09-20
1b0c8ce8-4915-4091-a756-7a9dbc095408,SKU003429,2513,1610.25,35.92,2026-09-20
2b4f71c5-ac3c-4e22-9c16-2c596982f67e,SKU003430,14713,12098.14,17.77,2026-09-20
af4d80da-4404-4c3f-8bda-35aad80db336,SKU003431,4029,3088.13,23.35,2026-09-20
2525d699-ad68-475c-ba11-9d9eff6cd1ca,SKU003432,7791,5060.66,35.04,2026-09-20
417b86e4-d7dd-4abb-9ed4-cc8a44707987,SKU003433,3620,3213.34,11.23,2026-09-20
2d2dcb52-d5d1-40ce-af7c-0a54fb2e66af,SKU003434,14468,13534.72,6.45,2026-09-20
09b148f9-5154-4eb6-a629-481fa1d6c091,SKU003435,5426,5079.26,6.39,2026-09-20
ffa0dd23-379e-45b1-9dcb-ad95886e91cb,SKU003436,8982,5922.0,34.07,2026-09-20
a3a01ee1-213b-49b4-8739-47b11d9000a9,SKU003437,4721,3106.36,34.2,2026-09-20
ce3c32e5-f132-4606-bd7e-847eabf8016d,SKU003438,12883,6667.43,48.25,2026-09-20
7937db04-484f-417a-9078-1a0d67f86f3e,SKU003439,3713,3518.16,5.25,2026-09-20
452c7e56-ebba-4c37-a801-66af6d7a143d,SKU003440,2350,2186.3,6.97,2026-09-20
e5741c28-06bd-461b-8eef-a5fd553f8ec1,SKU003441,2271,2262.28,0.38,2026-09-20
6c8a00e5-2f63-4d81-9785-46cdca18a7ae,SKU003442,6207,4227.43,31.89,2026-09-20
46f5386c-17ea-4f1b-a6e4-c28039cf93eb,SKU003443,6914,5562.52,19.55,2026-09-20
b8143643-534e-4c9d-b35d-f83a997834c8,SKU003444,12874,8862.91,31.16,2026-09-20
0e415bfb-6cbe-4a27-becf-fda110936735,SKU003445,13116,8949.11,31.77,2026-09-20
0ec898b4-8482-44a5-ae3e-5061507cfc39,SKU003446,10759,8654.98,19.56,2026-09-20
b956ac47-a368-420e-8bb8-25da04179917,SKU003447,2434,1957.71,19.57,2026-09-20
67f182a7-af75-40ae-bf70-4a6ba96da4f4,SKU003448,14633,9132.71,37.59,2026-09-20
dc420720-6117-4f8e-a950-52062e6ac849,SKU003449,9336,7121.51,23.72,2026-09-20
425be8ba-0894-4c4f-bd5d-f2d61c7492e9,SKU003450,14716,10379.67,29.47,2026-09-20
900b95f7-fb0d-4dfc-be1a-e25687a8e745,SKU003451,2083,1903.98,8.59,2026-09-20
e1de930b-d602-45ad-aef9-66998b064139,SKU003452,5440,3163.05,41.86,2026-09-20
bc775a66-8ed9-49a1-812f-e2b35a8e873d,SKU003453,4772,3700.56,22.45,2026-09-20
ffda3b7b-8b4c-4738-a546-b8ad1d11a54e,SKU003454,14533,9285.33,36.11,2026-09-20
547e2f7e-46ae-49e8-a596-4f672ec5e7b9,SKU003455,8845,6709.77,24.14,2026-09-20
416e4276-b000-43b9-80b6-2b417111d08c,SKU003456,14138,13999.89,0.98,2026-09-20
1d6c7f7f-76fb-495c-97f5-756e6d40aceb,SKU003457,10255,8530.1,16.82,2026-09-20
a14075ff-263b-438f-956a-7505082c19d7,SKU003458,5778,3295.18,42.97,2026-09-20
7efbbacd-1bb9-41b3-97c2-d44e53f5f00b,SKU003459,14365,10042.74,30.09,2026-09-20
30401ab9-314d-451a-9968-285edc552988,SKU003460,3680,2957.74,19.63,2026-09-20
93e4aaa9-c7a6-4322-9665-b89144fce3f2,SKU003461,7632,6896.88,9.63,2026-09-20
7409fe19-dd48-4f0a-8379-11de605d4571,SKU003462,14850,14374.07,3.2,2026-09-20
662d5b58-8566-48e6-adf8-4e2de24d6f71,SKU003463,12383,9306.18,24.85,2026-09-20
bb5c4975-0fb4-4045-8881-88931a02d46a,SKU003464,11064,7176.83,35.13,2026-09-20
3e30fcf9-a9a2-4b1c-b44a-52c0ee2ee42e,SKU003465,14303,8004.47,44.04,2026-09-20
fa7b4d6a-66f7-4e36-8aef-c8f4acb609e1,SKU003466,3407,2908.06,14.64,2026-09-20
8a374011-60a0-48f8-bbd0-b213fc2c98e9,SKU003467,13619,7463.4,45.2,2026-09-20
61421d04-2ceb-4f4f-8d99-80212c6597f4,SKU003468,8868,7825.02,11.76,2026-09-20
40150494-c2f6-4800-abba-9354598e0c39,SKU003469,6295,3934.54,37.5,2026-09-20
29512e93-37c7-4f8e-8650-7c15774dbb1d,SKU003470,3818,3243.12,15.06,2026-09-20
172f3b00-5c29-4ead-b624-021221cca475,SKU003471,8463,7206.46,14.85,2026-09-20
c02ee583-533d-4f95-bec5-95e167248cba,SKU003472,9057,8144.14,10.08,2026-09-20
a2e90676-dbd9-4bd3-8e03-20f5f06186c1,SKU003473,12420,11394.81,8.25,2026-09-20
7e55d15b-2ae3-4fc3-ad12-3356c6396f22,SKU003474,5643,3140.46,44.35,2026-09-20
33560c1a-189a-428d-8e1a-10d09e9ac003,SKU003475,13923,10393.6,25.35,2026-09-20
6e2738f2-4dbe-4b24-aea1-2192c10ca2f2,SKU003476,13264,7404.77,44.17,2026-09-20
6567bd3e-a372-4fc8-b99a-1e9a536aa1d8,SKU003477,1495,1151.36,22.99,2026-09-20
90cf2d07-b1ad-48a8-896f-94be5356e0d6,SKU003478,9534,8839.84,7.28,2026-09-20
0cbaf8ef-05b7-4887-b519-5f5cc18a1186,SKU003479,3001,2540.45,15.35,2026-09-20
5ed6167a-b24f-4cb6-a082-9ab683f617ce,SKU003480,3567,2691.56,24.54,2026-09-20
fcfee55c-3473-4d52-b5ac-1f8ec1651176,SKU003481,602,563.6,6.38,2026-09-20
081f5e76-310f-44de-9ddb-74c5deaa065f,SKU003482,6227,5522.74,11.31,2026-09-20
e48f09a0-e933-4cae-a67b-58686b8caaff,SKU003483,1213,1094.68,9.75,2026-09-20
7ea1eb16-00af-47e9-a9a9-820296eff045,SKU003484,14072,12763.54,9.3,2026-09-20
5b581d65-3fe1-4c70-8bd7-259fdfefd582,SKU003485,5451,5034.19,7.65,2026-09-20
6f63c5b4-86fe-48d1-b436-88926acd3e4b,SKU003486,1897,1509.64,20.42,2026-09-20
e43e6d80-74b7-4350-bdca-1c7521d675b1,SKU003487,7222,6758.01,6.42,2026-09-20
7dd117d7-abf1-4631-9c0d-e525d969cd2d,SKU003488,12870,11145.72,13.4,2026-09-20
e9ae7dff-2a07-4a6b-9885-03beec639150,SKU003489,12545,9129.69,27.22,2026-09-20
d1f28c6d-df41-4683-8f09-fd44c146ddc8,SKU003490,10847,6932.6,36.09,2026-09-20
aed040bf-6b78-4e5e-a2b9-966ee601cc3e,SKU003491,7159,6551.97,8.48,2026-09-20
5e2536f5-d421-4b3a-9913-ba63e41fe2f9,SKU003492,7500,7161.81,4.51,2026-09-20
b3cf1711-b22f-4f53-a0be-4d71cca751cf,SKU003493,2855,1884.54,33.99,2026-09-20
3a84d0f6-cb55-4d98-95d1-59310e01849f,SKU003494,13980,10319.44,26.18,2026-09-20
a2e86cf7-72a8-4aa1-9f5e-b74af6392a3d,SKU003495,14229,7673.27,46.07,2026-09-20
1d572984-fd5d-4c50-9383-59d9bfd101b2,SKU003496,12346,6653.18,46.11,2026-09-20
6fb606a9-a191-4ec9-a1bd-1a4a5e55fed5,SKU003497,1739,1566.75,9.91,2026-09-20
464dbc54-bd86-486f-a165-7b0a92f97c8e,SKU003498,12650,12179.53,3.72,2026-09-20
ee9923b7-96ca-4218-bcfa-5302727d73de,SKU003499,6561,5396.06,17.76,2026-09-20
56787bae-fa07-4b84-bfe6-f520e39abb20,SKU003500,13450,12677.11,5.75,2026-09-20
2df0bf99-ce36-4093-a0f0-47c7496714ca,SKU003501,7274,5209.86,28.38,2026-09-20
cf3b4c26-7909-4432-84be-adab2621fcd6,SKU003502,1325,1300.58,1.84,2026-09-20
a82c4927-77f0-4c3d-bba0-21f78dee38a2,SKU003503,5189,3291.33,36.57,2026-09-20
798e0b98-7318-415e-b907-eca5708f9cb6,SKU003504,6167,4061.68,34.14,2026-09-20
3df0f17b-2d73-4d45-acfc-f9043d61bfd0,SKU003505,13623,12603.55,7.48,2026-09-20
e3079991-cfed-48c3-94c6-0d52913b4aa0,SKU003506,4478,2923.44,34.72,2026-09-20
9041e72b-f04e-403c-99c9-352591d46e65,SKU003507,10225,8978.23,12.19,2026-09-20
f853bd54-7b79-4c31-be3a-c6ea2ca71296,SKU003508,13480,7753.65,42.48,2026-09-20
45dbcc3f-70ee-426b-b08d-5215d0e67594,SKU003509,4380,3896.43,11.04,2026-09-20
63b731bc-29b5-445d-9f5c-e65c12d1358a,SKU003510,12581,6935.48,44.87,2026-09-20
3bf09613-c684-47a4-b849-dc5797dc47a5,SKU003511,13962,8229.55,41.06,2026-09-20
cc042289-a43a-44ae-947e-0cc1f65973a8,SKU003512,12076,10282.8,14.85,2026-09-20
4cde0a48-3c20-48ee-a6df-fe81fd7e689a,SKU003513,12565,9314.31,25.87,2026-09-20
02de2cb9-562b-467b-9334-0dbc2149f2f1,SKU003514,13711,9274.22,32.36,2026-09-20
17d88b5e-3bc1-4260-bdbd-f9426b3e54ca,SKU003515,3054,1659.41,45.66,2026-09-20
f50af45b-a70b-42b0-b944-d4ef0c830c31,SKU003516,11326,9265.23,18.2,2026-09-20
cb7590aa-2f32-4b23-bc3c-e9653e381c93,SKU003517,4447,2702.14,39.24,2026-09-20
c2ce8b0a-6223-42ff-8df1-67b6c7a5efd5,SKU003518,3894,3214.55,17.45,2026-09-20
e9b8e8a8-eadb-4a6c-bdce-7c7f3b2e03f3,SKU003519,13585,7439.25,45.24,2026-09-20
26c1beca-ecc7-4e00-b6e7-d39d4ad31c95,SKU003520,11399,7822.62,31.37,2026-09-20
c665f2e9-a378-426e-a5b7-e9e9ea8e932a,SKU003521,5005,3369.45,32.68,2026-09-20
ea3f4242-fb56-4735-abb7-5f62e02cc119,SKU003522,1794,1263.98,29.54,2026-09-20
c96afe28-de8a-45e0-8ffe-ca9344e23b6f,SKU003523,12235,11737.47,4.07,2026-09-20
7db34aa9-6415-4cc5-b28b-7b3f6e53e252,SKU003524,1007,664.25,34.04,2026-09-20
80051752-8d28-413f-956a-87deacd94d74,SKU003525,3555,1846.08,48.07,2026-09-20
81541dc5-8928-446c-9139-df1defa23cb9,SKU003526,6480,4504.01,30.49,2026-09-20
5bf0dc11-3fe1-43c5-bd33-92129f04ed29,SKU003527,11934,7091.5,40.58,2026-09-20
a6da4e50-3213-43ff-a773-8470967eeed1,SKU003528,3882,2340.17,39.72,2026-09-20
166058c0-46c9-4e56-861b-22c6d46c5589,SKU003529,10845,6266.67,42.22,2026-09-20
a7d79484-89f9-4eed-8b55-de45182ab035,SKU003530,13694,12763.05,6.8,2026-09-20
53829ba2-fd12-4f7e-86f4-c53fb8496a6b,SKU003531,11270,10036.98,10.94,2026-09-20
cfb08ef9-c281-4335-ab19-5195146b60d0,SKU003532,1298,779.5,39.95,2026-09-20
f36b842a-12bd-4d73-8b81-a75110480ec0,SKU003533,9303,5529.2,40.57,2026-09-20
1b8523be-357e-4580-940c-2d756d916d1c,SKU003534,6489,4993.2,23.05,2026-09-20
29e5b22c-3889-4cf0-bacf-024328d47eb7,SKU003535,6670,6604.36,0.98,2026-09-20
00ea335e-d196-488a-a8ae-c495620eb3da,SKU003536,5075,4105.83,19.1,2026-09-20
bdc398b8-86df-4c3b-a909-7da69b3e6a83,SKU003537,6052,3680.15,39.19,2026-09-20
2a27cfe4-1513-4fad-b90b-e7131f66a230,SKU003538,2635,1439.45,45.37,2026-09-20
cb6f8a7c-2bb2-4fa8-b3e0-d282a3e97ac0,SKU003539,5472,3150.61,42.42,2026-09-20
beaf19a2-f1a1-4923-93e9-29f2400ae0e8,SKU003540,13423,11474.67,14.51,2026-09-20
9dc6f88e-7877-4a84-8de2-b1765717246a,SKU003541,1077,839.12,22.09,2026-09-20
136c69ca-d4a3-4eb5-b9b9-a0cdc8145052,SKU003542,8069,6515.35,19.25,2026-09-20
cc28fe2f-4acb-46d0-a783-ccec7c899087,SKU003543,9141,6366.87,30.35,2026-09-20
944f472f-6cae-467c-96ad-eabf354555cd,SKU003544,10370,7962.4,23.22,2026-09-20
2d52a8d3-75f1-4a30-8815-d36090a4f985,SKU003545,11287,5970.84,47.1,2026-09-20
7f338bdd-0ada-4edc-8eaf-e7e82be73399,SKU003546,12103,11151.02,7.87,2026-09-20
e3b3a458-da8b-4d3a-b1d3-f07093011e40,SKU003547,9080,7614.79,16.14,2026-09-20
426c7011-dbe2-4810-ac85-c0d333d7f62e,SKU003548,10827,6014.0,44.45,2026-09-20
fa4fd672-a175-46a0-ad3b-e842f913fa24,SKU003549,11409,9725.91,14.75,2026-09-20
28baeccc-66c8-4264-a332-1eeeb6cf6947,SKU003550,14230,13283.67,6.65,2026-09-20
1d0c88df-c432-4e31-b267-3d8660817c84,SKU003551,3860,2992.96,22.46,2026-09-20
84623823-6553-4544-8ef3-eeef75f1fb1f,SKU003552,14726,9081.48,38.33,2026-09-20
406b9e82-cdc5-44b9-9b6b-36fc89883d21,SKU003553,2673,1420.47,46.86,2026-09-20
94ad9f27-7bc8-4ab4-b79f-945700ea6339,SKU003554,1527,1509.0,1.18,2026-09-20
db4721da-c6ff-4357-a5fc-0f499568692b,SKU003555,3817,3748.53,1.79,2026-09-20
01bb312e-ad35-4da1-96e8-64fa469aa28a,SKU003556,12033,11045.81,8.2,2026-09-20
1b3ffe2f-3695-4678-b41b-31baf1ebcfce,SKU003557,11442,6347.66,44.52,2026-09-20
67d77bf2-ec36-4f5c-91d8-97061b5c9250,SKU003558,1843,1359.85,26.22,2026-09-20
5b4d98cf-3f88-406a-9b32-5fcccbaa6246,SKU003559,9411,9222.99,2.0,2026-09-20
c3990054-f245-4806-8227-181369cdb437,SKU003560,3978,2229.67,43.95,2026-09-20
34d5c300-51e0-475a-9f6b-1130ceb870b0,SKU003561,9217,7924.47,14.02,2026-09-20
67ffd070-0027-4694-be69-ab4c9361f8f6,SKU003562,4431,4317.5,2.56,2026-09-20
09d881e3-c018-4f29-82c4-ccc62fe3224c,SKU003563,13411,12408.02,7.48,2026-09-20
56fcc4ba-a2b6-45a2-bf97-2a86496c04d6,SKU003564,14243,14181.97,0.43,2026-09-20
38b0ecc3-7433-4fb0-a5db-24f3e9a37c16,SKU003565,8605,6856.63,20.32,2026-09-20
0afc40d6-6a62-4dd6-b48c-139b6e22f5fb,SKU003566,6338,6229.13,1.72,2026-09-20
17809912-bec1-4578-b291-0958c4ca6da8,SKU003567,9795,9769.36,0.26,2026-09-20
55f6f9fc-11a2-4d6e-aac1-cc0ddcabad09,SKU003568,9832,6619.63,32.67,2026-09-20
dca3824a-5569-49d8-b4cb-e24aaae967cb,SKU003569,2992,2273.9,24.0,2026-09-20
0d75f764-a40e-4fa6-abcc-5fc44b2978e5,SKU003570,9836,7575.55,22.98,2026-09-20
c9e6be32-b466-4be0-a76e-0aeb44b3248f,SKU003571,5074,3684.44,27.39,2026-09-20
2c066b9a-562a-41b2-b51e-1ee05cb4422e,SKU003572,12548,8793.45,29.92,2026-09-20
0f3a4fde-6a80-4606-ae0e-5b5171108ec1,SKU003573,7967,4694.61,41.07,2026-09-20
c9359f82-4ada-445f-9360-d69a8c53c771,SKU003574,554,436.66,21.18,2026-09-20
5d4e8b00-fc9e-4e97-89c2-d205712afc04,SKU003575,2319,1607.71,30.67,2026-09-20
6342e4d1-fb9b-40ba-a536-54ef6b810909,SKU003576,10339,8745.3,15.41,2026-09-20
949d0c27-d177-489e-b14d-988e670d618b,SKU003577,4574,2639.4,42.3,2026-09-20
1653efa7-e68f-4f95-b20c-e9aa89a7d19c,SKU003578,14870,7694.68,48.25,2026-09-20
923d85bc-f602-42dc-affd-0c2955921b12,SKU003579,945,475.84,49.65,2026-09-20
d82d4113-6d1b-4f30-badf-55cfedb7d4fc,SKU003580,4413,4126.42,6.49,2026-09-20
9b4ff1b7-d625-4402-83fa-be084f694851,SKU003581,4004,3706.57,7.43,2026-09-20
bd245b13-ae9e-4858-9c5b-7649ce87aa64,SKU003582,9590,5449.48,43.18,2026-09-20
da42a06d-8091-4bae-8201-2b65face7aaa,SKU003583,14720,11726.62,20.34,2026-09-20
21647642-89e1-4a83-812a-1f3f351d6559,SKU003584,1202,992.04,17.47,2026-09-20
7e0c8547-50b5-4c12-bd5a-760e65b70e14,SKU003585,6082,4308.65,29.16,2026-09-20
5ecc21aa-62d2-489c-9a1c-9557bf8efc24,SKU003586,8858,5799.72,34.53,2026-09-20
efc8e3bd-f4ad-4e11-8bdc-f46bb5de8eb4,SKU003587,14214,7490.14,47.3,2026-09-20
bafd69cc-0eca-40ca-bcf4-2e9e4a2160e3,SKU003588,3478,2530.95,27.23,2026-09-20
148581ad-7a57-445b-94c0-ce38946cc79e,SKU003589,10773,9963.25,7.52,2026-09-20
e7cc239b-26cb-448a-9977-f1d4584983c5,SKU003590,10186,9870.95,3.09,2026-09-20
ea0854cf-643c-4144-b6dd-2f70087e1d04,SKU003591,2115,2018.67,4.55,2026-09-20
3f3ab53d-757d-434f-8368-e183963ab649,SKU003592,10853,8586.66,20.88,2026-09-20
6a0c7637-4012-475f-8084-017aaec2db19,SKU003593,5653,3077.76,45.56,2026-09-20
84b6279e-efd1-43d0-9098-dedac9d05cbc,SKU003594,12039,9821.21,18.42,2026-09-20
f60add56-9563-491d-bc12-bb1c4c9762cd,SKU003595,4144,4008.18,3.28,2026-09-20
9fad3bc0-462a-4835-a40f-7a83d734d838,SKU003596,10240,9140.45,10.74,2026-09-20
d2853589-606f-4cd9-81c1-761bf414fc42,SKU003597,12117,12093.25,0.2,2026-09-20
07282469-9ea2-4ac0-a72c-c967072cc3ec,SKU003598,5847,3353.83,42.64,2026-09-20
5d955b44-c4e3-4302-bd9f-ef7147c9b774,SKU003599,3785,2520.6,33.41,2026-09-20
3c08c052-08e9-4b0e-8b76-aae7ec72315c,SKU003600,729,725.15,0.53,2026-09-20
716fa870-2bb2-401c-847a-2b346d373028,SKU003601,10355,5307.43,48.75,2026-09-20
9e3ed83f-cc6d-4077-a1fa-c17aa8210da6,SKU003602,10753,7666.65,28.7,2026-09-20
b3136e01-92a7-436d-8876-896fcd78a2e5,SKU003603,11909,7854.76,34.04,2026-09-20
2fffefe3-22ee-4d19-9fce-279b61660e9a,SKU003604,2356,1272.52,45.99,2026-09-20
01fb648e-301b-4f4d-8c07-778b1ca1a061,SKU003605,14844,9760.08,34.25,2026-09-20
52d2a74b-3896-43af-8106-503a0bf3c8e2,SKU003606,9558,5752.6,39.81,2026-09-20
eb426a7b-56fa-4b18-8a8d-933e74d6fbec,SKU003607,1214,635.47,47.65,2026-09-20
5027d44d-a72a-4eeb-9429-75c6f1929524,SKU003608,9113,5715.47,37.28,2026-09-20
5879bad0-1529-49c3-b6e8-bb635b30cf84,SKU003609,1302,1079.57,17.08,2026-09-20
86505a30-8464-4624-8d89-966d78571676,SKU003610,4027,3479.64,13.59,2026-09-20
2356e112-d332-42ca-b5f2-f82ec661b974,SKU003611,9897,8624.58,12.86,2026-09-20
ed8000f9-ed40-458d-b280-a81b8771e61b,SKU003612,14809,11106.78,25.0,2026-09-20
2e9f31a6-60ce-4506-8c54-73b9e73195f0,SKU003613,8272,6541.86,20.92,2026-09-20
e593af80-f037-4a95-8662-319d925ba127,SKU003614,11012,9888.98,10.2,2026-09-20
fa5163c0-c3cc-4644-b437-1b40d7c29275,SKU003615,8751,5127.18,41.41,2026-09-20
c7802068-9449-453a-87ff-626f10c33f2f,SKU003616,3599,2541.8,29.37,2026-09-20
cecdb820-1756-45f5-9d43-6db3c47d84eb,SKU003617,13235,6659.73,49.68,2026-09-20
13bb4a60-0282-4550-8154-cc679e895410,SKU003618,10663,8322.03,21.95,2026-09-20
11caddbf-4836-4710-a7b4-feeb99908628,SKU003619,4212,3891.07,7.62,2026-09-20
db099b1d-4e16-4bf7-87e6-72bac81a1f2b,SKU003620,2970,2171.57,26.88,2026-09-20
51797aab-9873-4cb9-b95e-48ce24dcbb23,SKU003621,4792,3942.83,17.72,2026-09-20
73adc7ac-4dbc-405f-86a7-420fea3b071b,SKU003622,2535,1777.44,29.88,2026-09-20
01da1895-33ba-4f2f-87f2-5ed849f43ab1,SKU003623,14468,9490.12,34.41,2026-09-20
272210d8-4049-41d1-9521-3c4b038d3830,SKU003624,4099,3481.7,15.06,2026-09-20
d4b39a08-c7d2-4b92-989e-b94d0eafdb07,SKU003625,12800,11248.24,12.12,2026-09-20
d2d01e94-9839-4181-be7e-186941dbcd2f,SKU003626,7545,5094.96,32.47,2026-09-20
05ce8c0d-6da7-4239-8421-ae7044b95aab,SKU003627,8756,8154.04,6.87,2026-09-20
850ab6c1-d6ce-469b-acec-2102aad6ad4b,SKU003628,2621,2536.84,3.21,2026-09-20
eb937062-246a-46ed-ab81-39dc9ab2e99c,SKU003629,14256,9072.48,36.36,2026-09-20
031d80e4-bce0-44c8-a7db-ed7e4fe37e7c,SKU003630,6213,4536.47,26.98,2026-09-20
27ee3566-1c7c-46ea-b503-2d7f490c46ab,SKU003631,7635,4108.79,46.18,2026-09-20
f5f85812-9826-481e-aada-d743620a5466,SKU003632,5621,5356.17,4.71,2026-09-20
c647976e-c560-4df3-811d-c3c528d35ed5,SKU003633,2074,1781.86,14.09,2026-09-20
4476769b-acbe-4a03-b01f-702f54ac019d,SKU003634,5887,4069.17,30.88,2026-09-20
6b0c37d1-e14f-4c42-9853-8ecceaf6d1a4,SKU003635,10246,9992.02,2.48,2026-09-20
4e965a75-222e-4d0c-bec6-9ace363335c4,SKU003636,1772,1486.03,16.14,2026-09-20
720f5d80-c867-49a1-81f7-967ff22ff4e9,SKU003637,2740,2426.05,11.46,2026-09-20
9773dc84-ab06-400e-b66c-f51a39f41457,SKU003638,9881,6698.11,32.21,2026-09-20
7637651d-b682-479b-8f6b-9e70226c91e2,SKU003639,4538,3903.6,13.98,2026-09-20
bdcac271-f389-4d1a-ad22-408588b6c7b1,SKU003640,5828,5224.4,10.36,2026-09-20
bfdf3e71-dcc4-4755-8ee1-bd2b17803431,SKU003641,14743,11135.14,24.47,2026-09-20
ce1c8c57-456d-4612-9950-d87e31ae0a9f,SKU003642,10657,8503.38,20.21,2026-09-20
883bbadd-28e7-4254-b330-dd10a2901f17,SKU003643,8764,5267.24,39.9,2026-09-20
379aaddf-287d-4642-aab8-e737d3f8b8d0,SKU003644,12745,7308.48,42.66,2026-09-20
5bb48be0-d9c8-47ae-85ee-fc24df32e507,SKU003645,2495,1300.7,47.87,2026-09-20
8ba6d317-38ad-497e-b86b-def61f58dfaa,SKU003646,11420,9402.02,17.67,2026-09-20
6861529d-1bcc-4b62-aa80-61cacc3e063d,SKU003647,10799,6295.36,41.7,2026-09-20
7915b3fa-b6f5-4c83-aa45-56ed0029ed49,SKU003648,6533,3644.28,44.22,2026-09-20
75280c18-c9f1-49bd-ae1f-3f9742ab13c0,SKU003649,2422,1631.78,32.63,2026-09-20
c4723ced-a18a-4faf-9b98-84a308fc02ca,SKU003650,1079,587.3,45.57,2026-09-20
6a762204-f469-45aa-86ea-57d0847f5817,SKU003651,4930,2920.32,40.76,2026-09-20
6d4b3c85-347f-4327-989f-ea3c8ddeef79,SKU003652,5465,2889.02,47.14,2026-09-20
1a52e93e-053e-4ab9-b6e7-d01ade6299dc,SKU003653,5233,4566.13,12.74,2026-09-20
0ecff80e-32d5-4a59-b7e0-2353765b5d49,SKU003654,5456,2931.86,46.26,2026-09-20
1e383606-f03d-47b9-b838-f767a9d9bd80,SKU003655,10636,8997.64,15.4,2026-09-20
5d3bea31-c319-4765-8cec-f6ba724bcff7,SKU003656,13464,9438.59,29.9,2026-09-20
489e1102-93e7-4373-9f36-8613161027fc,SKU003657,2716,2495.6,8.11,2026-09-20
f9f89544-a7ab-4f16-b5af-226fd96436ca,SKU003658,2894,2731.8,5.6,2026-09-20
173c84fd-8d6f-459f-b1b0-02d05f268701,SKU003659,9434,7665.39,18.75,2026-09-20
cd756bfc-245a-4dcd-9139-7f19af41397d,SKU003660,12040,11117.35,7.66,2026-09-20
2f0a49da-1dc6-4d34-9090-30a18100225b,SKU003661,14925,12377.76,17.07,2026-09-20
5971480b-ebf7-49a8-bd15-7fdf26e7c21a,SKU003662,14014,13203.41,5.78,2026-09-20
1da10cb6-b49c-4d91-b5c7-e8e94b1f453d,SKU003663,1230,967.9,21.31,2026-09-20
2cfdd858-4490-4fb6-a3aa-bbfaa04c8a29,SKU003664,7421,5936.53,20.0,2026-09-20
7c8009a2-cb2c-4a88-bfb4-f0ea9ca33302,SKU003665,12025,10679.68,11.19,2026-09-20
abed5901-32b8-4bc8-b62c-302beecbbc39,SKU003666,4255,2144.65,49.6,2026-09-20
05c09085-f888-41ab-bbdd-2dc36116e629,SKU003667,4924,4901.56,0.46,2026-09-20
071e12da-1a3d-4b59-8648-fababc068f4a,SKU003668,9748,5831.64,40.18,2026-09-20
e89b810e-f7d0-41fa-9d57-e036e7304229,SKU003669,9627,7423.33,22.89,2026-09-20
aec8cf4b-32ee-4187-a4f4-c598e1680db4,SKU003670,3800,3348.55,11.88,2026-09-20
937cfcad-42ad-4eca-959e-b273d084fc45,SKU003671,12685,6933.59,45.34,2026-09-20
c3ea674f-3edf-4566-bd8f-b1bcaf29dd8a,SKU003672,14211,8218.23,42.17,2026-09-20
ed680262-6033-42f6-a039-ca3252d73242,SKU003673,6760,4070.54,39.78,2026-09-20
776d3a8c-daa6-489f-a40b-233581d40756,SKU003674,13491,13485.47,0.04,2026-09-20
bfeeb815-cf01-4dbe-a8ee-9b676751c2ed,SKU003675,1141,684.11,40.04,2026-09-20
d21e9ec3-385f-42cb-a5c8-064d7ab4a992,SKU003676,12454,7945.64,36.2,2026-09-20
516bc387-bfc9-43ff-8b8e-74cfb78ca9d5,SKU003677,571,439.09,23.1,2026-09-20
ec3302df-74d1-44cc-b7dd-ffda31763bd5,SKU003678,13291,10133.2,23.76,2026-09-20
5a37aa76-bc56-40f7-a0f6-3f4ba623c226,SKU003679,1931,1141.71,40.87,2026-09-20
099bfbb9-ba1d-455d-af48-358abcc5c222,SKU003680,11425,10965.74,4.02,2026-09-20
639df503-4fdc-4dbf-9062-db110846b60f,SKU003681,11023,7989.97,27.52,2026-09-20
a57e66d2-1458-4120-a7a3-c59a77050a1c,SKU003682,7111,6765.44,4.86,2026-09-20
34439f13-c299-465d-ab4c-5a083118f5ac,SKU003683,9675,6162.4,36.31,2026-09-20
690c8f9c-2820-44c3-9329-0bbb8d080d31,SKU003684,10014,6559.22,34.5,2026-09-20
9f76d4a3-749f-4c87-83d2-88ec00de53b4,SKU003685,8308,5975.93,28.07,2026-09-20
b0f2e7f0-4719-4db8-8edc-e0a9db383d5d,SKU003686,3577,2618.55,26.79,2026-09-20
2ccf5fd1-20b3-41cd-ab8e-4d31c273fea1,SKU003687,1201,1016.2,15.39,2026-09-20
3fd8ab8a-c740-4ef9-ae47-3d0418ce21ae,SKU003688,7382,7083.9,4.04,2026-09-20
9245998b-6b9a-4421-876e-1d7c3575f5ca,SKU003689,14819,9831.94,33.65,2026-09-20
38af93b2-8b70-47d5-8cc9-ae59898896f0,SKU003690,4890,3005.41,38.54,2026-09-20
aa1daf73-0b89-4e11-848f-4d1fd68024b7,SKU003691,956,932.9,2.42,2026-09-20
6f7ed299-9a3e-4dde-bffe-ec790476f03b,SKU003692,2805,1454.77,48.14,2026-09-20
528234d9-819d-4409-9b56-359f4088ed29,SKU003693,6585,4203.68,36.16,2026-09-20
dd983559-9f85-47d4-92d8-1390d6626d78,SKU003694,3834,2270.06,40.79,2026-09-20
ee162862-6330-43ec-a037-b3a922800dd0,SKU003695,11038,8594.15,22.14,2026-09-20
554b985a-5858-4e90-8789-992ab5340c69,SKU003696,11935,8986.05,24.71,2026-09-20
8b634350-4ab1-42cf-adcf-c67e649eb03d,SKU003697,1618,922.44,42.99,2026-09-20
3ac2ea22-c860-4cf0-b478-864b2c9a65d8,SKU003698,2348,2160.63,7.98,2026-09-20
b83fbe7f-262b-43f1-82fe-580fd30a8d3a,SKU003699,13878,13269.99,4.38,2026-09-20
69288a23-c124-4a19-a4ef-b4c898f87ab1,SKU003700,8688,5086.34,41.46,2026-09-20
c49534a5-6003-4f2b-b623-9a8745fb6761,SKU003701,9877,5070.03,48.67,2026-09-20
10b2a05d-ef86-4be5-9af6-f88cd91414b4,SKU003702,1734,1330.87,23.25,2026-09-20
7daf1d6d-cc2f-42a7-9018-78bba17f4a84,SKU003703,9085,6412.61,29.42,2026-09-20
cc77edcb-a885-46e6-b935-2c3370d0cb6b,SKU003704,14246,12879.6,9.59,2026-09-20
33ae5555-b34a-433c-93a2-66b3549d081a,SKU003705,13993,11089.61,20.75,2026-09-20
eeba25d7-b5de-4020-bb51-4597eb2939fc,SKU003706,1711,1496.57,12.53,2026-09-20
8b1d97df-bde2-49e9-8914-d70d27a2865c,SKU003707,3715,2718.61,26.82,2026-09-20
0831b1df-1862-42d4-8077-a32100273e1a,SKU003708,11683,10579.06,9.45,2026-09-20
d7d74bc5-17ae-4d5f-a2b4-f5715be0395e,SKU003709,7171,4826.45,32.69,2026-09-20
60701315-e91e-4797-8eda-71ce94761121,SKU003710,7704,6637.44,13.84,2026-09-20
2e465e2b-a120-42a5-a8b9-a10ae1b5a54c,SKU003711,13815,13455.34,2.6,2026-09-20
0024d4f8-7e76-4ba3-83ea-c3ac2944eb6d,SKU003712,5094,2861.15,43.83,2026-09-20
ad5d67ae-26d3-4bf8-98b9-eba7c5513664,SKU003713,11333,10921.01,3.64,2026-09-20
cea7a1e7-a96a-4d8f-a7cc-33dbd1631931,SKU003714,2721,1619.05,40.5,2026-09-20
f0506697-2829-49e1-ae10-9bae4a34b44b,SKU003715,9574,9037.79,5.6,2026-09-20
a7501ecc-fdb4-4158-97c6-0e9c220f0473,SKU003716,11882,7377.23,37.91,2026-09-20
a217ff76-1440-4869-93ac-f0c4afab15b4,SKU003717,5191,4201.51,19.06,2026-09-20
690fac33-815b-4ed3-be87-4f7f763b1b65,SKU003718,6851,6349.9,7.31,2026-09-20
cbe83537-e85d-4b1e-9831-09285d4416d2,SKU003719,4212,2717.61,35.48,2026-09-20
2208cf21-1a67-472d-8559-3a9285374573,SKU003720,5942,3015.52,49.25,2026-09-20
c61ac565-36b2-437d-bfe8-187ce857cd5f,SKU003721,5967,4477.95,24.95,2026-09-20
5cb8f7d4-cf17-47b0-9ee6-c3664b847264,SKU003722,14179,9745.06,31.27,2026-09-20
e2e8277a-d0c7-4946-9505-be3aaa6d03f2,SKU003723,867,609.27,29.73,2026-09-20
1a80c36f-103e-4938-a513-cedc9a5e3303,SKU003724,1846,1359.09,26.38,2026-09-20
888bfa5c-39a8-454c-9de9-397642fb160f,SKU003725,14990,11035.53,26.38,2026-09-20
86f77bba-c1ea-43ed-bcff-7600bc539b08,SKU003726,8959,4798.94,46.43,2026-09-20
dbbcab39-decd-4f5d-9385-6e85d82a8661,SKU003727,14709,8993.63,38.86,2026-09-20
e6bfb38a-0d97-4def-b062-6d0100eaf885,SKU003728,8551,5222.05,38.93,2026-09-20
b9e43db6-24a2-4465-a9cf-b4f1c13b53b7,SKU003729,10104,5481.42,45.75,2026-09-20
9500eb13-a26c-44e3-9600-3da1e6487e63,SKU003730,12643,9775.44,22.68,2026-09-20
2195cbe6-2961-4905-bc99-9b026afe5fcc,SKU003731,7665,5407.06,29.46,2026-09-20
51dc2a1f-97f5-4380-8320-8523b080c567,SKU003732,14422,9197.87,36.22,2026-09-20
cebc4703-b44d-4e0b-b6a7-0af7ef8c4397,SKU003733,728,536.89,26.25,2026-09-20
cddfaa4b-df77-4111-b569-64f2d253847d,SKU003734,1454,739.82,49.12,2026-09-20
5e4b3a3b-283d-458f-86e9-e1c76a6b9e62,SKU003735,5966,5430.25,8.98,2026-09-20
4a231c5d-d32f-442d-8cc2-6fd2ec15ec91,SKU003736,10216,7201.13,29.51,2026-09-20
d49832cc-1be2-4fc5-90fe-909da8824740,SKU003737,2384,1485.53,37.69,2026-09-20
43f8607a-76f8-4c7e-9ee8-fe1b7544e521,SKU003738,13825,7618.35,44.89,2026-09-20
a2175eb3-bee3-4019-a55a-113795217f1c,SKU003739,14891,14213.64,4.55,2026-09-20
94e5478d-59eb-40c6-a5f9-0f7dd630ab32,SKU003740,9790,6198.07,36.69,2026-09-20
23c5a841-b98d-49ca-90f2-6f02047156cf,SKU003741,13469,7875.35,41.53,2026-09-20
367058c7-5258-4d3f-b789-694f3d5c1baf,SKU003742,14288,13352.13,6.55,2026-09-20
04dcd7e2-19d3-4836-8ef1-f103234d1105,SKU003743,12104,8332.08,31.16,2026-09-20
f1e41391-8a6f-4038-a2f7-278c92f10739,SKU003744,13389,11651.06,12.98,2026-09-20
740b49ca-b148-4452-9bd8-a2e52bfff78b,SKU003745,12918,7982.62,38.21,2026-09-20
221d75bb-db62-49f7-bf20-c4c6661dcf37,SKU003746,1846,1624.31,12.01,2026-09-20
2b6851b7-76a5-4ca5-82b1-f4c808f31309,SKU003747,5659,3428.28,39.42,2026-09-20
c2a54a07-59bb-4c0a-a277-6c3a968c523a,SKU003748,10808,9073.72,16.05,2026-09-20
5bcba966-6119-4595-bb84-cdbdf52e42cc,SKU003749,7679,6893.7,10.23,2026-09-20
c019ad03-7944-495c-9e44-a9bf38a2e4d5,SKU003750,3090,1803.07,41.65,2026-09-20
0af57f69-53f1-4435-83bf-0cf648450b14,SKU003751,8884,6572.62,26.02,2026-09-20
beae3684-82d5-4635-b17e-6192efe9c790,SKU003752,6247,3185.24,49.01,2026-09-20
5194720e-870a-4db4-82f2-efa99f0e6433,SKU003753,5446,5173.51,5.0,2026-09-20
c401c6a5-1260-44dc-82a2-cc77a34620af,SKU003754,7507,3904.94,47.98,2026-09-20
5f6e7839-d5ea-4ea8-b15d-75e738965771,SKU003755,12567,9959.15,20.75,2026-09-20
a392fca1-4653-459b-bafa-00220740c857,SKU003756,7737,5912.45,23.58,2026-09-20
12ed7e4a-b055-4cd4-aa49-93fdca204c42,SKU003757,785,757.41,3.51,2026-09-20
9f974935-3849-4d36-b3d8-c8cab2af65c0,SKU003758,14465,14299.64,1.14,2026-09-20
e6dd1d2b-eb30-462f-9ffa-c6d459393182,SKU003759,8991,5695.46,36.65,2026-09-20
e588d5c5-8614-470d-8cba-ca21ef1daf3d,SKU003760,7334,5410.42,26.23,2026-09-20
aed189b4-84da-4c6b-870d-89d829034e35,SKU003761,10604,9323.9,12.07,2026-09-20
1b0555dc-17dc-449e-93dd-86441096e526,SKU003762,3159,1974.41,37.5,2026-09-20
42ad28d4-051d-498f-a6e2-902e43d175d1,SKU003763,13203,6973.54,47.18,2026-09-20
4e00d823-eebc-426b-9d84-dbae1eb68daa,SKU003764,7166,5206.2,27.35,2026-09-20
fe3cacfb-f868-4d1e-9e09-4aff72abd973,SKU003765,2884,2155.23,25.27,2026-09-20
2dbf4d07-ae1c-4d96-b6d8-45b8447c3448,SKU003766,8043,4726.41,41.24,2026-09-20
b60288fd-ff1b-45b3-8399-3895f7d12702,SKU003767,12666,11612.33,8.32,2026-09-20
04ffefc5-f263-4b4c-9bff-9caae4993dc8,SKU003768,7826,7474.87,4.49,2026-09-20
3badd655-9d67-4806-8e82-a8cfb4b947e6,SKU003769,5546,2990.09,46.09,2026-09-20
8e8d7cb1-4cdd-48f3-91d9-59a54c56eefe,SKU003770,7145,5730.89,19.79,2026-09-20
2a6d1f64-029a-4e55-91f8-002713c009b6,SKU003771,3436,2801.84,18.46,2026-09-20
10f211a8-ce60-45b5-a469-f9a7ae10a4bc,SKU003772,2884,2814.13,2.42,2026-09-20
4cb54c30-77f1-4a46-8117-7be910afa001,SKU003773,3282,3260.72,0.65,2026-09-20
5de4e85a-c1d2-44aa-969f-3d0a36f50d53,SKU003774,5766,4237.83,26.5,2026-09-20
43259dfb-dbfc-4a81-9f67-e1237d3fc1ae,SKU003775,14458,8850.93,38.78,2026-09-20
3f255bee-c05c-4d89-86e4-597a30bfc5cb,SKU003776,8871,7261.6,18.14,2026-09-20
afd24f70-d3a4-4a5b-b649-a809624cd353,SKU003777,3544,3093.42,12.71,2026-09-20
c7f1d03d-c8b5-42be-841b-21731dc00053,SKU003778,9307,6244.46,32.91,2026-09-20
a0489a9b-6e13-4622-961f-b3851c6bc8df,SKU003779,6412,3933.06,38.66,2026-09-20
3468157b-91a4-43c0-80de-c3a40c2273a8,SKU003780,8401,7243.72,13.78,2026-09-20
c429292e-4bb7-4177-b7f2-1c82105acf7e,SKU003781,4430,2220.68,49.87,2026-09-20
c7b26795-a663-4a07-855c-294a9178fdad,SKU003782,5417,5265.18,2.8,2026-09-20
efe413b0-bbbb-4181-9b59-164b27218372,SKU003783,7687,4414.05,42.58,2026-09-20
3837d3af-c908-416f-96cf-833328cb2fc2,SKU003784,13094,12800.71,2.24,2026-09-20
dcb5d06f-b24f-4dbc-aee2-ec764c9f2363,SKU003785,2051,1850.86,9.76,2026-09-20
e4c05bb5-879a-4c40-97cf-b712fd25d32e,SKU003786,4924,2620.84,46.77,2026-09-20
8de17c0b-d056-4ae1-a372-9eecf3f1c2f6,SKU003787,13873,9451.03,31.87,2026-09-20
ff4aeab4-91cb-442c-bfeb-5c01222b9c0b,SKU003788,1206,1021.88,15.27,2026-09-20
c0330ba5-4a14-4b30-9cdf-040541b4aac2,SKU003789,1253,1157.07,7.66,2026-09-20
8678bcc4-634f-432e-886a-96ed95efe56c,SKU003790,7952,4701.02,40.88,2026-09-20
4f2d1125-a795-43e0-87eb-aed5b2f97185,SKU003791,9328,9125.92,2.17,2026-09-20
4799f9da-3bf1-4508-959b-5806c3bd77b4,SKU003792,14380,13310.1,7.44,2026-09-20
51df5b96-5e18-46d2-b7fa-4da14476e9ef,SKU003793,5979,4480.08,25.07,2026-09-20
6dd71712-a3d4-49bb-9b50-af8aa30a0b29,SKU003794,9014,6874.21,23.74,2026-09-20
67ec62bd-38a4-42ba-949b-94da8629a6cd,SKU003795,2694,2404.45,10.75,2026-09-20
87ca0dee-921d-41ba-a035-938f5baab9f2,SKU003796,12443,8961.84,27.98,2026-09-20
894afe53-f425-4b57-9171-e312af249762,SKU003797,10446,6723.97,35.63,2026-09-20
3e0b9bc4-1522-453e-b36b-550733952e4f,SKU003798,7493,5282.74,29.5,2026-09-20
f52ce19b-59e3-411c-941a-da93bf69cec7,SKU003799,11598,7464.64,35.64,2026-09-20
bcda7adf-426a-43d1-a09e-9f0e0221fe0a,SKU003800,11055,9570.42,13.43,2026-09-20
ade20b08-742a-4a96-85b6-22bddac24d16,SKU003801,1606,1290.66,19.64,2026-09-20
369549b1-9eab-4bb2-9c4e-6d55e0d76d84,SKU003802,12879,10314.56,19.91,2026-09-20
89212eaa-efc3-4319-abd8-159f96260ed4,SKU003803,6239,4822.58,22.7,2026-09-20
75a77c72-2bfb-4a4b-b6d3-65c1990df7d1,SKU003804,3715,1998.09,46.22,2026-09-20
6edd14a7-f91f-46e9-a266-e4b3aa075b3b,SKU003805,8308,6707.8,19.26,2026-09-20
d60a7040-a796-4f7e-9206-4d9daef9ea75,SKU003806,7061,5449.0,22.83,2026-09-20
ec745c6e-0f03-4370-ba89-2bf421c62bee,SKU003807,12150,10251.89,15.62,2026-09-20
ad8c699e-91b0-463a-b6db-7c34a0092d2d,SKU003808,1137,731.36,35.68,2026-09-20
4955cfe2-0a4f-48ec-9a20-89e67c09ff53,SKU003809,13472,7376.55,45.25,2026-09-20
a2ac679c-bcf6-4786-9820-a123560b8173,SKU003810,14578,13901.44,4.64,2026-09-20
a2c17681-3087-46d1-b497-d175050303e3,SKU003811,5064,4230.7,16.46,2026-09-20
922f54ef-2c45-4c43-a4f8-eff0f73f8179,SKU003812,3538,3243.4,8.33,2026-09-20
9b3232a4-abe8-448a-9636-2f29c925c9f3,SKU003813,3810,2640.6,30.69,2026-09-20
b355e243-1a15-43d7-bfd3-c6194ae925c3,SKU003814,10753,9242.07,14.05,2026-09-20
c1a1c454-b6c0-4346-a9a7-0314693ad726,SKU003815,2796,2777.39,0.67,2026-09-20
bed2cf8e-28a5-4301-ae8e-e065f6e79069,SKU003816,5047,4400.85,12.8,2026-09-20
a087ede3-0ffd-44cf-ab70-705fe186e17e,SKU003817,14177,12457.52,12.13,2026-09-20
c509292b-c6ba-4c88-84d0-dec5f82212e4,SKU003818,13939,13615.91,2.32,2026-09-20
42ae4410-9e50-465d-a9b1-6333da241758,SKU003819,2980,2913.04,2.25,2026-09-20
0b786f1a-9772-4f80-8aaa-33364daaa084,SKU003820,875,864.43,1.21,2026-09-20
d6a8e0b8-60ae-4d9d-8460-ea6874d1d7ef,SKU003821,10283,9848.57,4.22,2026-09-20
1da34056-456d-4bad-bc36-14516d276b5f,SKU003822,8582,5358.7,37.56,2026-09-20
df63328d-9d76-4d98-91a1-639eaeac4e03,SKU003823,10014,7600.57,24.1,2026-09-20
cda675ee-f88b-4704-bdf7-c0208de669cc,SKU003824,10679,6706.75,37.2,2026-09-20
7da89213-c077-45e1-9375-1838b58ec502,SKU003825,12504,8559.32,31.55,2026-09-20
b035b8ea-4506-4044-b50a-e0a3714a70fc,SKU003826,11400,6658.68,41.59,2026-09-20
f13ff1f7-c949-4c47-9de0-1834944f3ef4,SKU003827,4677,2500.2,46.54,2026-09-20
c0b3bd06-dec3-427c-9e80-231c02f430ae,SKU003828,1833,1278.25,30.26,2026-09-20
cbabc1e4-1fab-4cad-9155-81b6bcadd698,SKU003829,6877,4297.89,37.5,2026-09-20
04501a9d-c55b-407d-bbcf-3194833d1fec,SKU003830,5982,5791.37,3.19,2026-09-20
17c742bf-5daa-45c1-aa88-64d5e8b0ced6,SKU003831,5500,4060.19,26.18,2026-09-20
8325c279-be4c-49bf-bfc8-070c2561b13d,SKU003832,4000,3584.3,10.39,2026-09-20
c4099734-8d87-471b-bbda-aa4d4cbed2c4,SKU003833,13751,7339.69,46.62,2026-09-20
b5665d40-15a8-4ccf-963b-09022d8e6eb5,SKU003834,1312,1037.3,20.94,2026-09-20
c19913e8-31e4-4353-9302-53a9c77972f4,SKU003835,3280,2954.3,9.93,2026-09-20
5c979307-449e-4ffc-8b0a-39d69fcfa4c8,SKU003836,3623,2362.67,34.79,2026-09-20
046fe8b0-9185-407a-a663-7b296f996018,SKU003837,8299,4779.11,42.41,2026-09-20
021a57c5-5e33-464e-a978-55f9d1622aca,SKU003838,13026,9601.72,26.29,2026-09-20
fc1485cb-6f4e-4654-aab1-59e89362a793,SKU003839,13979,13378.21,4.3,2026-09-20
776d13f5-b8dc-4ea4-9035-330a14a3c3c3,SKU003840,6277,5112.09,18.56,2026-09-20
01db096c-40f7-451e-915b-2d9ec0f8ff75,SKU003841,13707,11630.0,15.15,2026-09-20
f560ee69-c286-415e-b2fb-f1c91e2d28ac,SKU003842,10828,7713.67,28.76,2026-09-20
fc41f207-1b8b-4d95-b7ed-01afb984ef59,SKU003843,13411,11555.18,13.84,2026-09-20
6c4889ba-738a-423f-834e-019e401089a7,SKU003844,14646,11916.96,18.63,2026-09-20
713e0ea3-11de-445b-91a7-d73e7b46e3ac,SKU003845,11956,7029.19,41.21,2026-09-20
aa1d9114-d94d-4e1a-b8cc-fbd075df6c05,SKU003846,1376,1034.74,24.8,2026-09-20
95717cbb-24e6-4fcc-bc6b-db5a566d9fb0,SKU003847,9789,6159.94,37.07,2026-09-20
f6a414cd-42b2-4f68-af24-a5697197c6c0,SKU003848,8030,5808.06,27.67,2026-09-20
461dee67-6c6b-44fc-b96b-bb909a0c4fa2,SKU003849,12514,7023.93,43.87,2026-09-20
4c3632fa-bcf5-496b-96eb-023bd6516fa3,SKU003850,9657,8163.77,15.46,2026-09-20
76f80a3c-f6da-4d51-b8d4-84b6e71d7e1a,SKU003851,3469,2020.67,41.75,2026-09-20
863154c7-ea53-49dc-b954-acdd6aea45c2,SKU003852,14327,13908.39,2.92,2026-09-20
a6461451-e4a4-4baa-8243-4dcbaeb6ad97,SKU003853,3028,2501.94,17.37,2026-09-20
70aafae0-8885-4d19-b990-6b4cb234a243,SKU003854,4601,4526.53,1.62,2026-09-20
19b94cda-8cb1-4ce7-9054-bacb3068c85b,SKU003855,2750,2300.22,16.36,2026-09-20
79fe946c-6e0c-4fce-a1a2-205d3a422759,SKU003856,9325,8067.55,13.48,2026-09-20
b4e3276a-8de3-4311-afd4-7ae6f4a5c8fc,SKU003857,9387,8126.05,13.43,2026-09-20
58fe3b00-a39a-4722-9c87-788088307bbc,SKU003858,12259,7800.44,36.37,2026-09-20
3a1c5cdb-f031-412d-8960-36dc42e21de2,SKU003859,14184,10568.32,25.49,2026-09-20
66bf2af6-108f-4627-84cb-d1b8261c3633,SKU003860,14976,12568.15,16.08,2026-09-20
bdd4bd70-3759-49ec-b30f-eab2462417f9,SKU003861,10042,8597.47,14.38,2026-09-20
f30e2650-2ee7-4a9f-8710-ad2da4b49cf1,SKU003862,13426,8885.6,33.82,2026-09-20
0d3d5ab2-9fd9-40a6-b447-029db17978d2,SKU003863,6696,5160.06,22.94,2026-09-20
17a1a95c-cc06-4812-b732-986408241ab3,SKU003864,10337,8223.42,20.45,2026-09-20
891f4e50-1a38-4019-9a50-3c4c8f11b144,SKU003865,9878,5803.12,41.25,2026-09-20
2b3c0034-8ce9-4ce0-afe1-f96be90288de,SKU003866,11841,7185.79,39.31,2026-09-20
3e06f521-68bb-4641-a0b6-2bfe008838d7,SKU003867,7549,7351.29,2.62,2026-09-20
207b1e25-492e-4f54-8167-e77eeff91730,SKU003868,7109,6486.8,8.75,2026-09-20
55264493-ae29-491a-9cbd-32956965fed8,SKU003869,4114,3781.65,8.08,2026-09-20
a8e70e5d-a9e0-49ce-9dee-64fdd68e1b3f,SKU003870,7754,6909.46,10.89,2026-09-20
0a40e41d-eb93-4c72-bf9e-951096ccde67,SKU003871,11948,8246.29,30.98,2026-09-20
92482534-174a-4861-9179-375174c21f7f,SKU003872,4507,3719.18,17.48,2026-09-20
b8161962-3ca6-4744-a9df-00bd506c8513,SKU003873,5089,4192.62,17.61,2026-09-20
fc109d29-7f3d-4f01-80ae-b98f23c69d27,SKU003874,2711,2054.31,24.22,2026-09-20
69868493-2323-43c5-8daf-7e2038cff4e0,SKU003875,14648,10065.54,31.28,2026-09-20
5dd244d2-7a40-4772-9b9e-54a44885e6d1,SKU003876,1630,1396.73,14.31,2026-09-20
afe100d7-e96e-4b99-9039-ecd29881c020,SKU003877,6521,5089.62,21.95,2026-09-20
5c559921-984c-42bd-a012-e6b9bc9c2bad,SKU003878,7060,4886.18,30.79,2026-09-20
090efb95-5333-491f-9994-275c9c60c7de,SKU003879,1963,1154.52,41.19,2026-09-20
44749169-cfd1-4fe4-81ca-a1be05f7bb41,SKU003880,1152,825.48,28.34,2026-09-20
60f30d0f-f36a-4f54-b435-ebe107a81293,SKU003881,4754,4075.06,14.28,2026-09-20
33d56e0a-f8ec-45e5-a87c-f04d88db5e6f,SKU003882,12906,7210.67,44.13,2026-09-20
2c891386-e11f-4249-9c42-19e0c457ebe3,SKU003883,13714,9782.29,28.67,2026-09-20
736a0b36-d24e-4a89-b54b-fd4d6ad10497,SKU003884,8985,6453.77,28.17,2026-09-20
de271321-6742-4684-9913-d3399a547cef,SKU003885,13963,8993.59,35.59,2026-09-20
3f8b8e49-0b0e-4b8b-96f5-f68f056d848a,SKU003886,12674,12076.77,4.71,2026-09-20
9ef20ece-6ec6-43fc-9bad-8ef1aca959db,SKU003887,12015,8365.4,30.38,2026-09-20
45460ed8-c5bf-466f-af4d-55f7b04a882a,SKU003888,8977,4765.9,46.91,2026-09-20
84582007-e921-485e-961f-041bf2b9180d,SKU003889,2409,2018.54,16.21,2026-09-20
48ef4c3c-ba67-41b0-b0c8-60c0d25f9bd4,SKU003890,9237,7681.46,16.84,2026-09-20
c1b8cd10-d383-472e-83a6-f0ac6ff102d2,SKU003891,12909,7291.69,43.51,2026-09-20
86c86d80-579a-44cb-b969-a4be34704f8d,SKU003892,14134,13607.43,3.73,2026-09-20
1bc94fb8-78e4-4218-b966-b2a1ecdce666,SKU003893,4011,2648.75,33.96,2026-09-20
1b30ae24-8ecc-4e1e-abbf-50270015cb71,SKU003894,11515,7650.16,33.56,2026-09-20
548c408e-a694-4796-a519-3ab53ab87595,SKU003895,13778,11417.43,17.13,2026-09-20
e1d64e0b-7a58-42ed-83b2-42a1069a8673,SKU003896,2431,1684.96,30.69,2026-09-20
f371700b-8f43-426a-8b4d-289603fcd610,SKU003897,914,483.41,47.11,2026-09-20
1e43ffcc-a356-4a5c-b1d4-aa38c9491767,SKU003898,12855,7746.09,39.74,2026-09-20
16c67a90-936e-4fe5-af3e-e91505b0d2aa,SKU003899,12284,7378.34,39.94,2026-09-20
61d8584e-f06c-4119-af35-ebc24b5090f6,SKU003900,9211,4992.78,45.8,2026-09-20
3a2ace91-293f-4615-9a95-f211d2976326,SKU003901,7355,5869.43,20.2,2026-09-20
4cdbc8ff-4738-400b-b887-225aac9e7d48,SKU003902,9013,7547.0,16.27,2026-09-20
93b20220-e212-4735-962b-4146eeec799b,SKU003903,14613,13221.69,9.52,2026-09-20
26b3fb75-c9d2-44ea-9e3e-e78185ad36e5,SKU003904,2772,2187.57,21.08,2026-09-20
226560df-074e-44fd-8145-df0ef9a0f8a5,SKU003905,10369,6016.48,41.98,2026-09-20
0927dc7a-b591-4fce-ba23-185a0789a38d,SKU003906,8235,8028.78,2.5,2026-09-20
2cff7216-4139-437a-93ca-68378f40c510,SKU003907,618,507.22,17.93,2026-09-20
78a454be-9464-49f0-b4ba-91e75de45e39,SKU003908,6777,5059.47,25.34,2026-09-20
5c22a0e8-3f39-448e-831c-58961e53f0e0,SKU003909,3368,2083.26,38.15,2026-09-20
cffddf99-a61a-4a60-a183-708f213f836b,SKU003910,1782,1019.51,42.79,2026-09-20
387017d1-6212-4e81-a168-3e9cabccfbfc,SKU003911,13230,7103.47,46.31,2026-09-20
7c76f8ba-01d0-42bd-9118-31df13e1553f,SKU003912,12470,9378.78,24.79,2026-09-20
59d7d147-621d-4ff6-a422-e59a4d5c9c98,SKU003913,5278,4523.18,14.3,2026-09-20
11bc9670-88bb-48d7-85a4-1ec4a8f51680,SKU003914,13727,9510.01,30.72,2026-09-20
842d3f7d-39cd-456b-9ab3-0b6c3169f38c,SKU003915,10550,9788.95,7.21,2026-09-20
ed3f617e-6aa1-4fc6-aa15-775f6f079f97,SKU003916,4486,3699.13,17.54,2026-09-20
54a9c9a3-ddef-40fa-9aef-bbf714949b0a,SKU003917,5821,4232.64,27.29,2026-09-20
fcc6b016-0318-4541-8664-38d9b0b87086,SKU003918,2279,1852.19,18.73,2026-09-20
6c29a578-766f-406b-ae07-182ce8780c52,SKU003919,10190,5925.04,41.85,2026-09-20
331d49f1-ae4b-4647-8079-157420155821,SKU003920,8755,8450.83,3.47,2026-09-20
ffe51b88-908b-4d32-9d65-a551eabab703,SKU003921,2338,1597.44,31.67,2026-09-20
a06d7d6e-3a45-4fbf-9250-bb28ce6eaa50,SKU003922,4160,2537.78,39.0,2026-09-20
226d6916-eac3-40a3-a77c-459e4299baab,SKU003923,2299,1559.73,32.16,2026-09-20
0f1bbe33-5ee5-4266-935f-456f653c6207,SKU003924,5270,2719.31,48.4,2026-09-20
fdc98e0a-8aba-42cb-bce6-03ea63baf227,SKU003925,8646,5464.03,36.8,2026-09-20
927db1cc-5ce6-463c-adba-b9279acba08f,SKU003926,7016,4265.88,39.2,2026-09-20
ccfacf98-4866-4965-a516-35f50e3878c6,SKU003927,6765,6551.32,3.16,2026-09-20
4af04e1c-6865-46e8-924f-f9de979fac1e,SKU003928,7852,4456.58,43.24,2026-09-20
08bca459-ed4e-4ee3-839d-1c0088d2b446,SKU003929,6993,4701.43,32.77,2026-09-20
ca0c38f2-e3db-440f-ba96-905b5514977c,SKU003930,3321,2815.48,15.22,2026-09-20
1993f481-6fd2-4513-a6a5-ca7e28301368,SKU003931,5781,3832.13,33.71,2026-09-20
48b3dda7-7a6d-4de0-82cf-0b13f2a3a36a,SKU003932,12748,7600.94,40.38,2026-09-20
82f9f61b-8234-4fd2-bf21-9b8991842aa1,SKU003933,8112,5096.43,37.17,2026-09-20
55ab6e74-d827-47f6-87b7-ca3926a20286,SKU003934,5487,5074.92,7.51,2026-09-20
790982b2-801e-4f37-bdbe-2d0fded939d5,SKU003935,10420,5216.29,49.94,2026-09-20
267de61c-f9be-449f-b1a2-e6b8d58c4873,SKU003936,10785,7307.58,32.24,2026-09-20
7b99edff-faea-44ca-9595-751e72d3b18e,SKU003937,13657,10363.29,24.12,2026-09-20
548e6caa-4503-49e2-8402-ffb8348667a6,SKU003938,12895,7601.68,41.05,2026-09-20
1b7537c1-2a25-4b9d-b3f8-98afdd161a07,SKU003939,2151,2065.58,3.97,2026-09-20
2951a21a-a854-4cba-adab-17442104b0e1,SKU003940,10200,7800.73,23.52,2026-09-20
43073eea-80aa-4f62-838b-93f4d0b8f48d,SKU003941,7387,7283.1,1.41,2026-09-20
00bab06b-c88f-40e6-847c-a965a5e75c1b,SKU003942,7844,4388.2,44.06,2026-09-20
55dd90ee-a712-4a07-af40-5b25ee6b92d7,SKU003943,5923,5613.65,5.22,2026-09-20
998d7592-f3d3-47a3-b725-ceadc1576170,SKU003944,10254,9297.35,9.33,2026-09-20
29e02cbb-9076-4fbf-bd25-536413fe4650,SKU003945,4403,2904.84,34.03,2026-09-20
f3252aae-fa8e-4663-ab76-38c77d4c38e4,SKU003946,9127,6804.68,25.44,2026-09-20
7b58683c-88f3-4eac-b845-b5e4fa6743df,SKU003947,11419,7969.76,30.21,2026-09-20
7b1510a8-6fb3-46c0-a525-e49077f2141c,SKU003948,7428,6432.6,13.4,2026-09-20
303913de-4980-486f-994b-b31ed5995638,SKU003949,3939,3044.56,22.71,2026-09-20
ab14b6ec-c67f-4be9-8b7e-b6cf02c2d06c,SKU003950,12487,6528.87,47.71,2026-09-20
aca25ebe-16f8-4752-9b5d-2fc5fc59a5aa,SKU003951,8227,4334.61,47.31,2026-09-20
ee3826b7-f13d-4497-931a-7a9031831c98,SKU003952,10131,6360.61,37.22,2026-09-20
525d2f58-61fd-46e9-b118-91c6f34c3e21,SKU003953,10625,8167.56,23.13,2026-09-20
1567a546-42e6-457d-819a-106c48e38f7a,SKU003954,9535,6422.29,32.65,2026-09-20
e8ccfed9-375e-424c-ab7d-8442c8863517,SKU003955,8993,7179.42,20.17,2026-09-20
0208af23-805e-45d6-b7fb-75f8bbc1cbde,SKU003956,1401,1145.09,18.27,2026-09-20
98b32cb7-ed96-4555-9a15-615849154a40,SKU003957,3344,2244.39,32.88,2026-09-20
fabca9fa-fbd6-4cce-88b3-ce0f2f4be14c,SKU003958,5142,3152.94,38.68,2026-09-20
c6532f11-f1b1-4be4-a287-8b1caf289fe6,SKU003959,1662,1611.9,3.01,2026-09-20
5bdf00bd-886e-422e-8333-9daf52a6c1da,SKU003960,5001,4846.98,3.08,2026-09-20
89885768-42b2-46d4-b12b-5c199aa72b96,SKU003961,10180,10054.39,1.23,2026-09-20
c11107d5-57a6-46b1-aa7a-c1a3e3b9c3d2,SKU003962,11782,9960.69,15.46,2026-09-20
8af41e18-35fa-4ba3-a891-ab635ca1e521,SKU003963,9120,7717.96,15.37,2026-09-20
75def07c-81e1-428e-ade7-fdf763a55957,SKU003964,735,677.04,7.89,2026-09-20
54c4a30a-bb29-42e3-8b27-c55449599a61,SKU003965,14198,8734.26,38.48,2026-09-20
4803ed7a-0c36-4ae9-9f0f-57ef6053562b,SKU003966,12447,6425.59,48.38,2026-09-20
e96de544-f61e-4e35-ba0c-0dada4ccdaeb,SKU003967,4254,2585.04,39.23,2026-09-20
9c6211b1-fcbe-4447-a640-d418f6bb5016,SKU003968,5273,3705.31,29.73,2026-09-20
c4a31218-27bf-4d17-a245-0feb815f3c54,SKU003969,8363,6779.1,18.94,2026-09-20
af81b7b3-51cd-4b65-93ae-d9e2c94280d7,SKU003970,1954,1621.74,17.0,2026-09-20
67f2bf5f-d5c0-4cc0-97a8-4f9777cb7339,SKU003971,7914,6988.08,11.7,2026-09-20
830687f2-8e85-4378-8b31-934f1ac65046,SKU003972,11937,10267.09,13.99,2026-09-20
8ccffaaa-0eb7-40fe-9d47-f8e1f3730e71,SKU003973,1926,1656.29,14.0,2026-09-20
45b22c4f-1642-4216-9154-0a6a49a0747f,SKU003974,4479,3516.67,21.49,2026-09-20
437a8515-4c32-4048-a443-e7774bad6629,SKU003975,1629,1293.88,20.57,2026-09-20
f0423f13-3c7b-4002-bfcc-633da27dcfae,SKU003976,3862,2289.84,40.71,2026-09-20
e104ada8-40eb-44bb-87a7-fdbf3e4690e8,SKU003977,2490,1542.24,38.06,2026-09-20
d40cd025-9caf-4be8-94bb-d3c200909b35,SKU003978,7870,7369.61,6.36,2026-09-20
05e851a4-b824-4f17-b365-6689e9f9a0cc,SKU003979,11411,7700.51,32.52,2026-09-20
471234ef-9739-4eec-936f-ee3cb5639d5c,SKU003980,4396,4043.79,8.01,2026-09-20
bdbd1c20-aec9-4ce2-86d2-a9a38a28efe9,SKU003981,7981,5702.85,28.54,2026-09-20
2d4cbe82-b348-40c7-8a6a-ea91f4b1e999,SKU003982,6738,6166.93,8.48,2026-09-20
944a90d4-0b92-4ca3-981b-69f4cb949a15,SKU003983,6417,4788.84,25.37,2026-09-20
d646790c-5b29-4010-bc5d-9df977402895,SKU003984,14189,8932.85,37.04,2026-09-20
57e06911-7e25-4ad9-8aee-06eaa3780e96,SKU003985,12731,11660.21,8.41,2026-09-20
dfb3ab59-7c15-4526-a477-8e95c539935f,SKU003986,2727,1428.94,47.6,2026-09-20
a86a8ac4-aba0-4f40-979a-c41b6280b3f0,SKU003987,1028,997.89,2.93,2026-09-20
016de618-1fca-48d7-b4ff-5d35b336cba1,SKU003988,7692,6966.83,9.43,2026-09-20
e858d3e0-3f87-4091-bd70-f1a3bcb9b58a,SKU003989,11160,6963.31,37.6,2026-09-20
67d26009-54df-4cb7-b4e5-2fc6f93b528c,SKU003990,7385,7054.06,4.48,2026-09-20
e12469a2-0435-4df3-89b0-79bcacc2b671,SKU003991,2321,2172.07,6.42,2026-09-20
4978c3dd-ca4c-45f4-9c6d-af25ce9cd94d,SKU003992,14310,14269.26,0.28,2026-09-20
1bbb472d-e0c0-4bfb-b0f6-af0946c9a5a4,SKU003993,3127,2196.85,29.75,2026-09-20
5f72e6fd-319d-4379-ae15-fe960af598f1,SKU003994,14389,13106.84,8.91,2026-09-20
1c47bb33-6bf9-46bc-84a3-7436e17f5f6d,SKU003995,6182,5785.27,6.42,2026-09-20
55966f46-a816-4051-9cfe-8534ff526f42,SKU003996,8018,6773.13,15.53,2026-09-20
79146849-ebcc-4183-8b66-8183139b625f,SKU003997,4707,4337.94,7.84,2026-09-20
158664ef-9025-4aa6-883c-8ffaf6a0944a,SKU003998,8183,7871.14,3.81,2026-09-20
cd55e249-4205-4a57-85e5-da17476f2b95,SKU003999,3935,1968.19,49.98,2026-09-20
a979d68b-0bc4-4ecc-95f7-ab9c226b158c,SKU004000,2117,1749.3,17.37,2026-09-20
0ca441d8-b470-4614-bf82-b192e4574c67,SKU004001,1778,1539.1,13.44,2026-09-20
9ce839fe-84bf-465c-9c02-0caac081926c,SKU004002,8982,5297.47,41.02,2026-09-20
7f4381ee-0251-440d-9f19-5d6e7369a704,SKU004003,10641,7884.39,25.91,2026-09-20
366447c7-cc22-4954-8a57-78c9f0a8c686,SKU004004,10756,8547.44,20.53,2026-09-20
82c500ce-7a63-4118-9546-83c2b7a280f4,SKU004005,10621,5399.23,49.16,2026-09-20
e34c10c1-a45b-44c0-8f19-2b7efdc8d7cf,SKU004006,4463,4302.61,3.59,2026-09-20
0b9eb59e-8d3b-4873-82ce-80278582904a,SKU004007,13867,7731.57,44.24,2026-09-20
fca9be15-8907-4622-aae4-dec9166e9a55,SKU004008,1432,1080.74,24.53,2026-09-20
ba8511c3-ba24-4c72-bf6c-0b0b15ed17a8,SKU004009,5656,3157.81,44.17,2026-09-20
20ab2323-279c-4ae8-9ab4-9df52838d42b,SKU004010,4095,3916.55,4.36,2026-09-20
761e0deb-12f4-47a7-9a4a-30ea8d67038d,SKU004011,2632,1884.38,28.41,2026-09-20
663f31e5-6d6e-4407-85de-e7f69c455dd0,SKU004012,5857,4901.75,16.31,2026-09-20
5308adcd-cb92-4488-9797-ea115202d426,SKU004013,7005,5670.96,19.04,2026-09-20
0bcd9d2c-7087-4ff5-8e0c-ca01b1b654bb,SKU004014,13131,7331.16,44.17,2026-09-20
46581ec9-e573-4a88-ac7c-423a9f16efa4,SKU004015,5849,4709.8,19.48,2026-09-20
a69906cf-06d3-4acf-8fb7-1b643bc29285,SKU004016,13323,13212.99,0.83,2026-09-20
24d35d89-2433-41df-a59d-ed4631c2ebc9,SKU004017,14353,13197.0,8.05,2026-09-20
44e01d5f-0056-4217-9de4-4368f8e848ec,SKU004018,13268,9297.88,29.92,2026-09-20
4aae6fac-120f-4bf8-8df9-43056c7a9e2d,SKU004019,10566,6722.19,36.38,2026-09-20
8a8b1092-e963-49e8-aaaa-7ea4abfb2aec,SKU004020,4219,4092.53,3.0,2026-09-20
ac683048-5fd9-4af3-af8c-0e7f944a62e3,SKU004021,6386,3833.78,39.97,2026-09-20
188beee3-64dc-4d71-afae-aa8fcb6ab157,SKU004022,13639,9577.65,29.78,2026-09-20
0958ee27-5896-487c-9b6e-e88b6844c246,SKU004023,3597,3403.98,5.37,2026-09-20
2d0178d7-9516-4b0d-9fe8-e5343302771b,SKU004024,13149,6586.06,49.91,2026-09-20
c9e0d09a-0af2-4f57-a937-79adf5fa4da4,SKU004025,13558,8566.18,36.82,2026-09-20
727ec5ec-2b19-4b79-8a94-455815e5bf6f,SKU004026,9246,7975.4,13.74,2026-09-20
95ca9c03-5a96-4acb-849e-5d029ecb04e6,SKU004027,1181,1016.45,13.93,2026-09-20
3c4f4ed3-bc2c-464f-9c92-2ba787c879d8,SKU004028,7588,6353.64,16.27,2026-09-20
858bf296-7086-4a78-b4c7-8e73fc673beb,SKU004029,10064,7570.75,24.77,2026-09-20
76acea81-91ac-4ca9-be24-3c18b1bfcce6,SKU004030,6569,5616.27,14.5,2026-09-20
3e599c20-548a-473e-9234-3635a06eab5f,SKU004031,9183,5719.09,37.72,2026-09-20
3fafba76-c9f6-481b-b4c8-27627e21ed6b,SKU004032,6502,6321.88,2.77,2026-09-20
7da3d7f6-ce5a-470c-846b-ff25301c8939,SKU004033,9912,7596.3,23.36,2026-09-20
d05ffcce-d748-4470-9a56-44c6756ceb11,SKU004034,14753,12741.52,13.63,2026-09-20
21283517-4b5a-4c24-8051-4053e3f91ab5,SKU004035,4654,2329.46,49.95,2026-09-20
8dd889e0-e3d4-4b94-a68d-b5e819721036,SKU004036,13475,9796.3,27.3,2026-09-20
5f0a413b-c0fd-42c5-9bbd-c73b6fe10407,SKU004037,5383,4830.72,10.26,2026-09-20
c17c29a0-35b2-4d2a-9438-6769d12b1f42,SKU004038,8193,8069.04,1.51,2026-09-20
0114ca9b-20cc-492d-a2d3-9f93ae947cfa,SKU004039,5224,5188.51,0.68,2026-09-20
3af3b7c8-c294-44c8-a266-6b0ec7ca0169,SKU004040,7717,4598.83,40.41,2026-09-20
2d20da57-75eb-4b05-b871-5f8f36f20ea1,SKU004041,10203,9344.86,8.41,2026-09-20
ade6bdd7-d700-4f3c-9dad-ba4ecb7d41ef,SKU004042,5613,3745.75,33.27,2026-09-20
73c0cd08-ddbd-4d79-95eb-8da72c1b4f68,SKU004043,9540,8753.78,8.24,2026-09-20
dc66992c-f9c7-4841-b1d6-f548a3a1b898,SKU004044,712,526.51,26.05,2026-09-20
fecaf103-9ece-4880-9184-d2ddb97972f0,SKU004045,3515,2508.34,28.64,2026-09-20
946f36e5-31ab-4be9-ae76-cdb17d7f3cfc,SKU004046,12130,10394.43,14.31,2026-09-20
4bf88ca6-efea-47bb-98c1-76155ae2c895,SKU004047,10646,5948.33,44.13,2026-09-20
7403e481-9890-4b1a-825e-af0b4b989596,SKU004048,3848,2795.54,27.35,2026-09-20
7244b1a6-6927-430b-b756-af29af0ec3dc,SKU004049,14015,12741.85,9.08,2026-09-20
41133182-b347-43a6-80fc-cd6b1efff0fc,SKU004050,14877,8672.5,41.71,2026-09-20
53b6a8b4-d697-4593-aeff-ebf51d683045,SKU004051,9077,4903.75,45.98,2026-09-20
669f5966-c421-43e9-9494-40c8655be5c9,SKU004052,5884,4772.07,18.9,2026-09-20
4c546b99-39cd-4b07-b84c-8784ed457541,SKU004053,11907,6584.02,44.7,2026-09-20
f4645e7c-502f-4e79-9541-ae5a8181de01,SKU004054,7419,4713.23,36.47,2026-09-20
5c07e114-340f-4608-afef-0d3a97c0581e,SKU004055,4383,2693.46,38.55,2026-09-20
c006a574-88ee-4457-b333-ffd552f47679,SKU004056,10280,6745.92,34.38,2026-09-20
e0329ffb-2890-4cce-8857-0728be656b16,SKU004057,1800,1561.19,13.27,2026-09-20
f5ba98da-907a-4bfd-b547-ed0b2386282c,SKU004058,14435,12847.94,10.99,2026-09-20
98ff3e3b-73d2-4072-9256-b8332bb85a7a,SKU004059,11775,6196.72,47.37,2026-09-20
8ddb915d-af70-4b28-ac3e-8060fcf05999,SKU004060,4181,3899.38,6.74,2026-09-20
de684854-c221-4685-83f3-4feb01e8fcd2,SKU004061,13263,7912.31,40.34,2026-09-20
60ddf52d-300b-4f16-a110-aa01860f8f22,SKU004062,761,427.9,43.77,2026-09-20
8646647f-9457-445d-b2fc-4a3bbae0fa32,SKU004063,13029,12899.21,1.0,2026-09-20
bc7d27a3-6ef8-470f-a842-f8cfcbf06776,SKU004064,5519,4349.18,21.2,2026-09-20
cc3aec1a-9d3b-411a-842f-7e52fe526186,SKU004065,13251,10677.3,19.42,2026-09-20
d1027857-335a-4980-b823-ff410ebade34,SKU004066,13311,10064.23,24.39,2026-09-20
e8994ffb-3c2d-44e3-b628-9c9e9b6fd8a3,SKU004067,1001,700.73,30.0,2026-09-20
b85f633b-d86b-4f24-9f82-f4cc3b908951,SKU004068,12062,7056.0,41.5,2026-09-20
8abc1083-3b01-426b-a174-575be9ad7d81,SKU004069,1136,785.44,30.86,2026-09-20
cc85f4a7-a871-4974-92fa-5b17ba06a21c,SKU004070,6817,5330.78,21.8,2026-09-20
5dc33c3d-98ab-4698-b862-166faeae3462,SKU004071,11680,7984.84,31.64,2026-09-20
64d13b14-862d-4a56-97e5-4f0ae6687f5a,SKU004072,2750,1865.51,32.16,2026-09-20
cbde60ef-3a6d-41b8-8312-a25e36d980ac,SKU004073,4015,3861.88,3.81,2026-09-20
357397b6-0401-4d77-8cbe-dec79eff47c9,SKU004074,9150,5429.47,40.66,2026-09-20
711d97f6-42f8-4c50-8308-13d1cd047f83,SKU004075,954,815.03,14.57,2026-09-20
3f74da0b-dd30-4847-985e-5ca9bcd7e66f,SKU004076,10551,9450.28,10.43,2026-09-20
7f5f1983-1f1b-4ef3-b00f-3901d5c12b26,SKU004077,13550,12203.31,9.94,2026-09-20
4ae51f07-9613-4fe4-a914-ca0e9a874419,SKU004078,6092,3054.33,49.86,2026-09-20
00bf463a-486b-4113-82a3-a5969d6b81e7,SKU004079,13538,10716.51,20.84,2026-09-20
6f5b749f-b8c3-4164-9052-6cfffa7028b5,SKU004080,2518,2008.82,20.22,2026-09-20
54d8e039-ce70-4ff7-a70e-5743049f7051,SKU004081,13178,7703.98,41.54,2026-09-20
13b893d1-9e19-426f-a324-9103b6b50f10,SKU004082,1836,1468.55,20.01,2026-09-20
d7979180-be98-4c1c-9c5d-0548c3653874,SKU004083,1428,808.34,43.39,2026-09-20
1d2cf5d7-affc-4232-bc28-dd971c8d6155,SKU004084,8869,6318.57,28.76,2026-09-20
46b1682a-48f5-449f-a4ad-6963ecdff57a,SKU004085,2516,1976.59,21.44,2026-09-20
c12d5819-873f-47ea-8335-4c3e0e477a5a,SKU004086,10772,5472.04,49.2,2026-09-20
d968d424-12e4-4a34-b918-95b9f5dfc22b,SKU004087,6017,4702.19,21.85,2026-09-20
f935146a-d5d0-4f6a-a643-7cb5b03f9412,SKU004088,12611,10328.27,18.1,2026-09-20
bfe56d0f-e8b1-4be3-8b62-fc4e720e0c0d,SKU004089,12955,12149.85,6.21,2026-09-20
49389fae-266a-4f94-9753-7193c4e7e56f,SKU004090,9796,8317.83,15.09,2026-09-20
fc1a0163-4657-4cac-9254-fe5a0a60144e,SKU004091,3767,3737.77,0.78,2026-09-20
0f915622-b77f-4960-85c0-6065e415c9c2,SKU004092,1391,1168.75,15.98,2026-09-20
c7993456-2646-4cf8-9578-2df5dc1767e4,SKU004093,9303,6015.43,35.34,2026-09-20
5208b022-f526-4095-93d8-5030056b4a4c,SKU004094,8682,8376.68,3.52,2026-09-20
f761b631-3f73-420e-8604-48cb7f978fac,SKU004095,3891,3409.8,12.37,2026-09-20
20f85de1-3c17-4f80-a6dd-84d70d54d794,SKU004096,7733,5962.42,22.9,2026-09-20
1ebf39c7-a423-41ed-86a0-68dc750fe72c,SKU004097,6673,6621.91,0.77,2026-09-20
b33cfdae-adfd-4723-84d8-35f3e76da6fb,SKU004098,1185,751.67,36.57,2026-09-20
4731b036-5a57-4ec8-8de3-49414f01cb60,SKU004099,8041,7674.44,4.56,2026-09-20
43779b1c-7f5f-48b9-b86a-8aee8ce02518,SKU004100,8770,8478.11,3.33,2026-09-20
46375951-cf77-4f7c-b172-a5f7a5234183,SKU004101,4290,4074.13,5.03,2026-09-20
7be3a6a1-298a-484a-a55f-ed89357c3421,SKU004102,4549,3469.33,23.73,2026-09-20
c41c7fa9-0b78-4aa3-8173-c0159b4cce2a,SKU004103,5899,3035.95,48.53,2026-09-20
9a9917b1-1537-4ddb-aaf7-7faaca232b1c,SKU004104,5189,2647.04,48.99,2026-09-20
6611268d-51bd-402e-af0b-4ff12106ab33,SKU004105,7845,4924.97,37.22,2026-09-20
2b93c6f4-6a87-4a71-81c6-bc684064a577,SKU004106,14507,11513.42,20.64,2026-09-20
8c2702ee-3caf-4569-b5a2-885249b16b9d,SKU004107,8764,6542.44,25.35,2026-09-20
668e23c9-6af8-499f-864b-05f8d0f00f5f,SKU004108,10769,5915.04,45.07,2026-09-20
9151add6-54d2-4ec5-ab0e-983310e3a0bb,SKU004109,10228,9029.06,11.72,2026-09-20
bfa85d1f-8367-4eee-b77d-1889faa0dcf6,SKU004110,7690,5040.23,34.46,2026-09-20
097f6632-ecc9-499e-9360-f0d000a0057d,SKU004111,1356,920.38,32.13,2026-09-20
d17d94ac-f4bb-4e0a-9bbb-2ad835c6cd17,SKU004112,11783,7682.44,34.8,2026-09-20
44548551-b902-4adc-ae0c-f9968633142f,SKU004113,11358,10349.21,8.88,2026-09-20
fde28ea2-8398-4571-9dc3-7e56e3d8cf19,SKU004114,3081,1594.74,48.24,2026-09-20
1e403d5e-e73e-437d-985b-cfd6699fcd13,SKU004115,10880,6287.99,42.21,2026-09-20
b40463ef-9861-44e5-a6d2-a110f5ec67e0,SKU004116,563,562.09,0.16,2026-09-20
24cb5a89-493d-4c08-a0aa-70b76f97d9ec,SKU004117,9068,8739.68,3.62,2026-09-20
f39def9d-452f-4cd5-a994-a386cbece29c,SKU004118,12361,9629.12,22.1,2026-09-20
f37e71b0-eb03-491a-b672-50c814a93efc,SKU004119,14408,7980.8,44.61,2026-09-20
f40fc14a-0e71-4b86-8b79-babd102e1650,SKU004120,2068,2018.64,2.39,2026-09-20
2bb6f08f-8fca-4519-ab03-a3a23479051a,SKU004121,14439,12282.53,14.94,2026-09-20
98c455e6-828f-4c98-9de3-13e08f654962,SKU004122,7056,3971.03,43.72,2026-09-20
ebd650d6-d6df-42a7-8178-4d4eefdf9272,SKU004123,6496,5637.29,13.22,2026-09-20
36ca0a34-bcf2-420b-8738-25e6a4e986d3,SKU004124,7907,4114.3,47.97,2026-09-20
3a8b1338-04ef-44ee-8155-ac32862bf691,SKU004125,1459,848.19,41.86,2026-09-20
130c769e-73a5-4bbe-9b74-0800b9b1c45e,SKU004126,4395,2876.64,34.55,2026-09-20
b1277416-81c3-4054-9f4b-e8c2cb3e926a,SKU004127,9441,5524.1,41.49,2026-09-20
04966708-6517-45a1-a887-8770c695ffdc,SKU004128,9215,8678.35,5.82,2026-09-20
734f7643-9c5c-4fe9-8363-82290877c78f,SKU004129,9148,5434.99,40.59,2026-09-20
b9447ae2-92a8-481e-8a92-f58a6940955d,SKU004130,13753,8402.44,38.9,2026-09-20
74e98e71-f56f-471b-9362-8977b2eb2342,SKU004131,11923,7551.35,36.67,2026-09-20
7758617e-bb7d-45d1-88d8-016373da2fd5,SKU004132,3813,3683.18,3.4,2026-09-20
0b5237a1-9b79-45bc-9de0-4db4e6583ef3,SKU004133,6673,4825.47,27.69,2026-09-20
84aa0019-3678-4002-993d-97d508234b6a,SKU004134,12481,8816.11,29.36,2026-09-20
eb979fee-5d73-4bf9-94b0-cb37374181fc,SKU004135,8344,4839.81,42.0,2026-09-20
b3488d86-9dfe-4735-815a-0994cfe848f2,SKU004136,8871,6520.37,26.5,2026-09-20
651a1d9b-a419-47fb-9939-b38561d8dfd6,SKU004137,8156,7226.22,11.4,2026-09-20
83e1ae5e-6256-46d3-96f8-57d0d99f5437,SKU004138,12326,11465.86,6.98,2026-09-20
db8b0a3e-d215-4680-b552-c75261f003e6,SKU004139,3707,2757.82,25.61,2026-09-20
3777e499-ad3e-477d-9d8b-33f23f2e328e,SKU004140,5983,5086.44,14.99,2026-09-20
1ede33fe-3c0c-4114-9cf3-fbe20863452a,SKU004141,10635,6932.41,34.82,2026-09-20
c5015970-b66b-4822-8ea9-149360555fb1,SKU004142,11286,8791.98,22.1,2026-09-20
566286dd-e345-4a29-8bdd-3de60c0d8c00,SKU004143,2098,2005.18,4.42,2026-09-20
f6ac0a69-ca4d-410a-8671-93f227141284,SKU004144,3175,2087.68,34.25,2026-09-20
9e097ca9-9270-4dac-b624-bc0365591ba0,SKU004145,3884,2450.03,36.92,2026-09-20
4d7231c8-fe3b-4494-a150-f7caf1d2267d,SKU004146,9115,5670.89,37.79,2026-09-20
0df2d1e8-9470-436d-92dd-8b6ebd4be371,SKU004147,11739,7791.94,33.62,2026-09-20
d0d5e19d-f36d-468d-addd-e75531692be7,SKU004148,4722,4707.63,0.3,2026-09-20
8414b7a5-7d3a-417a-a9c8-748afd57a362,SKU004149,3101,2209.53,28.75,2026-09-20
d5ea8ee8-b112-46d1-b949-48b077453c51,SKU004150,3464,3117.87,9.99,2026-09-20
8032d147-8c89-4617-ba1c-cb58dd8e252c,SKU004151,3300,2252.34,31.75,2026-09-20
74660c99-cf54-491c-873a-9606059e3121,SKU004152,8546,8002.96,6.35,2026-09-20
8c806654-d0b8-4975-bee0-4c9fd40a9b2f,SKU004153,9642,7713.5,20.0,2026-09-20
d8394102-7f27-402a-aa5a-7d63c63ea80a,SKU004154,10471,7376.52,29.55,2026-09-20
30c8725b-6226-4bf7-9402-5ecf9974507a,SKU004155,7223,6638.29,8.1,2026-09-20
4180ce6d-0a1a-4fcb-be07-54bd200cb716,SKU004156,9103,6391.41,29.79,2026-09-20
6d00b1f8-3763-406a-a85f-374fa053aca5,SKU004157,10845,8262.68,23.81,2026-09-20
6c66be12-25aa-4b42-a8bb-1c3021141764,SKU004158,7437,5226.61,29.72,2026-09-20
b4b175a3-2c0f-4cf8-9f53-8ac148d07db7,SKU004159,2996,1796.23,40.05,2026-09-20
037fbcda-d2b2-4f64-8878-829e15294aa0,SKU004160,6940,5010.84,27.8,2026-09-20
cc9a0bc7-e4b8-4907-b80d-1514302da0a4,SKU004161,13745,13011.51,5.34,2026-09-20
f44177e2-a31d-4372-9c07-3930aad7f172,SKU004162,4048,2140.55,47.12,2026-09-20
4c210a38-9bf0-4d73-82f6-7e60637af3e7,SKU004163,6062,4356.0,28.14,2026-09-20
be071e9a-0295-4b7e-8af3-218b8131f1b8,SKU004164,6180,5746.8,7.01,2026-09-20
bbc9d2da-8435-49fa-8579-af80aeebd65d,SKU004165,10807,7470.77,30.87,2026-09-20
79affbad-9453-4bef-932c-070aa12b3f35,SKU004166,3446,2601.01,24.52,2026-09-20
29d7750f-8085-435b-8a9b-9a933d41c77c,SKU004167,8466,4461.29,47.3,2026-09-20
8d7de921-f828-4148-97c9-9602aa1a7161,SKU004168,11752,10133.14,13.78,2026-09-20
a72be090-4365-43a9-8ff0-696a6edb2e2b,SKU004169,3344,1978.42,40.84,2026-09-20
d64ea775-03ca-443f-9298-642a607adb8e,SKU004170,9555,6325.7,33.8,2026-09-20
1711a5e0-059e-45fa-8c19-ac190d7b29ee,SKU004171,10662,6268.46,41.21,2026-09-20
4c059190-4e57-48ee-b346-a500a73c5853,SKU004172,11252,5626.9,49.99,2026-09-20
83f76ab8-c592-42c1-9527-1e51394d3f42,SKU004173,9287,6589.45,29.05,2026-09-20
ad696bf7-d886-42a0-87f7-080c08c98213,SKU004174,8172,6433.52,21.27,2026-09-20
735960a6-db98-4db6-98f9-cfd3c75016ae,SKU004175,10850,9200.17,15.21,2026-09-20
eb2db47e-a9d3-4c5d-997d-6e4da4d57fcb,SKU004176,5126,3842.75,25.03,2026-09-20
59c8af20-405f-4b00-b33e-e94e8fbe8b23,SKU004177,11205,6220.77,44.48,2026-09-20
6ff239f4-82cf-4896-93b2-dfbaf14464e7,SKU004178,5431,2973.52,45.25,2026-09-20
7193d79b-ebba-4a0b-9ac3-4fa34ad95aab,SKU004179,12127,6791.34,44.0,2026-09-20
58c8686d-fe06-4354-bd42-709d4028fce1,SKU004180,1423,843.63,40.71,2026-09-20
50e7bb94-31a0-475a-91ef-5b8a7f44c010,SKU004181,2690,1746.57,35.07,2026-09-20
c14fc434-84bc-4941-ac55-4a059b0abc8d,SKU004182,10909,7682.26,29.58,2026-09-20
89d05e75-26eb-4a45-aa95-cf7edc05c399,SKU004183,13612,10773.55,20.85,2026-09-20
d4f38e6c-b27b-46f7-af41-bb77e40df367,SKU004184,9069,8961.55,1.18,2026-09-20
cde1a550-478f-44b3-a396-9639f3e38065,SKU004185,11932,9559.45,19.88,2026-09-20
54ddc8fc-066e-44f9-b623-6accbea76f86,SKU004186,9373,7590.42,19.02,2026-09-20
42123f54-1abc-499f-bd43-04a1f506230c,SKU004187,3223,2073.52,35.66,2026-09-20
fe87f3ea-5a21-4f54-96c7-7bb613d1e35f,SKU004188,13508,11275.97,16.52,2026-09-20
a11b8a19-8a26-45e3-8ad9-99ff5ae7b222,SKU004189,3690,3303.82,10.47,2026-09-20
2aabf1fb-b8a2-477f-b41d-fa925c0d1fb7,SKU004190,4807,3361.45,30.07,2026-09-20
124a946c-38ad-4d7b-ba7f-e3b4f5442ff3,SKU004191,4704,4619.62,1.79,2026-09-20
bb4d0ebf-2d8b-4baf-968c-445474ac694e,SKU004192,14630,9558.57,34.66,2026-09-20
fd2cc134-df05-4264-b209-735581f3a036,SKU004193,696,671.85,3.47,2026-09-20
12fc0fbf-75da-4f11-a5f2-8bfdeee1af7b,SKU004194,8083,5376.09,33.49,2026-09-20
de34ce24-d224-4eda-a6bd-0f8f0e241ae3,SKU004195,10201,6954.58,31.82,2026-09-20
b2ab5fe6-4adb-4b59-a93c-8a05ea44101a,SKU004196,4621,3887.31,15.88,2026-09-20
43b5db30-d2e3-403c-9e3c-bb56ac69be47,SKU004197,1032,876.44,15.07,2026-09-20
b4275ed7-1011-47a3-9eb1-ece8a470ce6c,SKU004198,10825,9518.55,12.07,2026-09-20
66c53277-250c-46dd-b3d4-b205dd01ba1d,SKU004199,7071,6784.69,4.05,2026-09-20
cce55103-6606-457c-b839-e7543156d7e3,SKU004200,5733,2987.49,47.89,2026-09-20
11beb30c-d690-4d53-985c-0e2246f04c41,SKU004201,13767,10558.78,23.3,2026-09-20
d24dfdbb-2e5b-4060-8689-72290eda6766,SKU004202,11132,10955.69,1.58,2026-09-20
76c18fcd-4ee6-44f6-97d8-adf8960b7dfd,SKU004203,1266,707.86,44.09,2026-09-20
a2489646-139f-488c-9da9-dc5e1c1e89b9,SKU004204,3564,3504.53,1.67,2026-09-20
9b2fe072-6cb6-42c6-a445-9024c65671aa,SKU004205,2116,2034.12,3.87,2026-09-20
0dc2f616-31b3-4920-adcc-a92ad76623d1,SKU004206,2597,2303.58,11.3,2026-09-20
9cf66827-d2d2-47d0-8f9a-90f053fdb535,SKU004207,14841,8194.13,44.79,2026-09-20
deff1ce6-a395-452e-b566-7bea80fc1128,SKU004208,12729,11333.21,10.97,2026-09-20
fce405a8-2936-4a94-a100-6ea5acc744bc,SKU004209,3882,3260.3,16.01,2026-09-20
958e26bf-5e15-4bb1-9f25-7d5e0a931bfb,SKU004210,9041,4574.42,49.4,2026-09-20
db4bc0f2-73f8-4bee-a3e9-09b5ab389a3c,SKU004211,9694,5038.74,48.02,2026-09-20
6dcdc7e1-d9ea-4a43-b875-6345efe95e64,SKU004212,10542,9188.36,12.84,2026-09-20
f80e4eef-2c58-4a9c-b51c-c3417e1adf69,SKU004213,8001,4978.23,37.78,2026-09-20
acc7a12f-4488-410f-9b99-ff3b62a8b806,SKU004214,13045,6699.11,48.65,2026-09-20
b205bd26-6c0b-4cf9-84ab-2f68da15ebec,SKU004215,3369,2614.56,22.39,2026-09-20
72ccd02e-faec-441c-a649-608df3bfc0ce,SKU004216,9742,8872.33,8.93,2026-09-20
69b31ed3-13b2-479a-97dc-d2b44198ba43,SKU004217,11508,7817.68,32.07,2026-09-20
4ade4cf5-920b-4c26-83bd-683af78c511d,SKU004218,822,694.29,15.54,2026-09-20
c045c09d-2db6-4234-b39e-bdf50a5a7fac,SKU004219,5303,2881.32,45.67,2026-09-20
a1d6ced9-f967-42b6-81f4-083b12e0e858,SKU004220,9430,5894.69,37.49,2026-09-20
ce6c22d1-d00f-463a-9eb2-4c26d5e53628,SKU004221,12567,12285.3,2.24,2026-09-20
214721f5-a294-42f0-b901-951ac962073d,SKU004222,12259,7767.78,36.64,2026-09-20
afb9e4f6-1a38-4174-a910-72ddead2ee12,SKU004223,6210,4870.77,21.57,2026-09-20
be50ab5b-4dc8-4385-9900-94b03125b361,SKU004224,7123,5496.7,22.83,2026-09-20
bd4080ff-de9b-4fce-a65c-169426c10f4c,SKU004225,14005,12926.09,7.7,2026-09-20
ea01f7bd-9714-4ead-8f51-3941d74a02a0,SKU004226,11468,6009.06,47.6,2026-09-20
a8a0d7c9-ff54-4269-bb9d-820609732c4e,SKU004227,12654,9739.01,23.04,2026-09-20
3b62861b-3a46-4f29-8449-ebb683310323,SKU004228,13367,7003.38,47.61,2026-09-20
f5ad6a46-8c47-44f7-a94c-c0cf889c04e2,SKU004229,5359,4321.22,19.37,2026-09-20
c36a5faa-93cd-4bc7-a826-80f10c621416,SKU004230,6348,5693.06,10.32,2026-09-20
e1e7bf32-44a6-4ae5-89c1-79921d22d9ca,SKU004231,5291,2803.06,47.02,2026-09-20
35ba9a75-5541-4781-b930-d64cd75a8344,SKU004232,8604,7431.34,13.63,2026-09-20
dfbdf8e2-63ee-4d6b-a9a6-0404f61b7ea2,SKU004233,10075,6071.97,39.73,2026-09-20
2c8ef13e-718e-4407-8f2d-e031cad879ac,SKU004234,11639,6537.78,43.83,2026-09-20
d4aeb8b4-745a-4a4b-ab4f-5756231f4458,SKU004235,8955,4902.34,45.26,2026-09-20
c99a70e5-2692-4d60-a542-60b4922774a9,SKU004236,13585,6838.03,49.66,2026-09-20
19204b6c-f799-4390-8fe2-ed31842462d8,SKU004237,6182,5840.85,5.52,2026-09-20
ff10f758-7305-4fa9-9321-fe5fccaf72fb,SKU004238,5147,3953.94,23.18,2026-09-20
c2a4f7d3-e409-40c6-afce-f48387348d9b,SKU004239,3055,2339.13,23.43,2026-09-20
4628872a-4cbc-44c0-8269-4e67431687e0,SKU004240,13158,11190.3,14.95,2026-09-20
94b16693-5c13-4fef-827d-225f3e89ac37,SKU004241,2766,1567.15,43.34,2026-09-20
92959511-0a91-49e1-ba40-d390ba68dc71,SKU004242,7818,6368.47,18.54,2026-09-20
7e5ee69d-cbb3-45a0-a9e0-7441069b9e0f,SKU004243,12440,8709.81,29.99,2026-09-20
4fd513c8-b5ec-4792-8362-4828a34b9320,SKU004244,7413,4200.1,43.34,2026-09-20
cc20af49-4801-4179-8339-51155a7454ab,SKU004245,10602,9617.11,9.29,2026-09-20
d6e1e45c-7351-44ca-8f67-a4a91bab24d8,SKU004246,7705,5088.14,33.96,2026-09-20
42cc1af2-6224-4395-a19e-e27060f24b66,SKU004247,8062,4213.33,47.74,2026-09-20
51981cb9-6ded-4c7e-ad3e-68fd807f69a2,SKU004248,7250,3971.03,45.23,2026-09-20
9666a8e7-8b7a-45ff-8a7d-7d6ba317f253,SKU004249,11570,10095.63,12.74,2026-09-20
de936c30-5909-4077-ae42-2053f8d184d0,SKU004250,4152,3910.74,5.81,2026-09-20
e8705935-9a09-4898-820d-625151577760,SKU004251,542,540.74,0.23,2026-09-20
1e762e89-a1b3-497a-a2e4-2593a90beba8,SKU004252,1029,991.68,3.63,2026-09-20
96c66e67-01e4-4601-b783-9664f7efd00a,SKU004253,10874,5491.99,49.49,2026-09-20
9f891d9c-5368-4070-ac40-74b712c1ebbf,SKU004254,4261,2799.64,34.3,2026-09-20
712276f7-cb42-4fb0-8c2e-dde449c70b5e,SKU004255,8594,8230.13,4.23,2026-09-20
07d93904-a443-49e1-9e5b-b29e90efc233,SKU004256,13248,10211.6,22.92,2026-09-20
18f1465f-2c3b-4b08-9416-1e481998cf4a,SKU004257,8866,6998.03,21.07,2026-09-20
1ba7f05d-2360-4de9-9386-fe6e9ba4ae32,SKU004258,4639,4243.42,8.53,2026-09-20
cea49422-36fb-4d11-bcdf-20cdab7e61fa,SKU004259,4521,4027.23,10.92,2026-09-20
59fcf1a5-e571-4ae3-be3e-724e10d86285,SKU004260,6430,3871.16,39.8,2026-09-20
b89bf48a-8b12-4056-b2cc-03bc8487d469,SKU004261,9275,5872.38,36.69,2026-09-20
f560ec20-45e3-4a3b-8cf6-6181f2ed62db,SKU004262,4345,2294.94,47.18,2026-09-20
45003945-db81-4eac-8cda-6ab803afb210,SKU004263,14041,10662.65,24.06,2026-09-20
0fb5450d-4f50-48b9-a7d3-2f740a32cf3a,SKU004264,9146,8775.45,4.05,2026-09-20
aeae5c05-ddf2-4d3a-91dc-04c67a413b50,SKU004265,2891,1838.79,36.4,2026-09-20
498f4ef2-0fbf-45ae-a97e-3cb064aac2e2,SKU004266,1241,620.83,49.97,2026-09-20
06e59c71-a1b4-4a89-8d01-4d623a660d13,SKU004267,9588,7971.89,16.86,2026-09-20
19be75b4-9b0e-4e72-a4d9-81ff969f2f27,SKU004268,6613,5898.95,10.8,2026-09-20
e0b05dca-1018-476f-a27f-9bb45a45f9c4,SKU004269,7567,4024.1,46.82,2026-09-20
5e435dea-c061-4d34-8b40-375c684d3f75,SKU004270,3107,2004.68,35.48,2026-09-20
b3df5821-a12a-4519-ac0a-61770d81bbb9,SKU004271,1058,536.68,49.27,2026-09-20
8b812a50-bce8-4e7f-a113-3df2ba8ebebb,SKU004272,9629,8074.55,16.14,2026-09-20
626fd0f7-73d9-48d3-9fa4-42b7b03811a0,SKU004273,10979,7366.88,32.9,2026-09-20
527dca98-0334-472e-8ce7-4ec872d8b8a5,SKU004274,1337,1011.62,24.34,2026-09-20
5b45dfc0-15f2-4c01-9fda-74aec71732fc,SKU004275,5129,3541.58,30.95,2026-09-20
0934ef87-8bad-422b-add4-80c43cefd4b7,SKU004276,6954,6095.37,12.35,2026-09-20
5bfd2ee1-d531-4d98-97f8-1131fa459655,SKU004277,8549,4473.54,47.67,2026-09-20
bf7ff1da-e1e3-49fd-9afd-eef76aaab88c,SKU004278,1593,1001.9,37.11,2026-09-20
dc2878b8-0486-4fe5-a4ce-dadf885d084f,SKU004279,10442,8668.59,16.98,2026-09-20
1f952275-387e-4ebb-9e94-bc8d2e2d296b,SKU004280,13700,7745.02,43.47,2026-09-20
4fb1dfea-3286-463b-b88c-14bcae9f75c6,SKU004281,11161,9925.18,11.07,2026-09-20
6d0fcb12-b538-4a70-8833-8868468c7fd9,SKU004282,971,890.0,8.34,2026-09-20
fa3e8953-2fb4-4166-b718-46eff6f8f7bb,SKU004283,12168,7962.47,34.56,2026-09-20
0a66d76f-b850-4041-bb9c-64ea42e1359c,SKU004284,11549,11214.21,2.9,2026-09-20
9364f394-7656-40e5-88ae-155acadd05ab,SKU004285,4701,2990.83,36.38,2026-09-20
b4a8a0c2-fa50-46d5-be32-cc2ab26d8f92,SKU004286,3953,3783.3,4.29,2026-09-20
d3c031c8-0606-4ae6-ab47-fb32dd832f07,SKU004287,5469,5371.78,1.78,2026-09-20
0ea905f8-f37c-449f-9429-fb8d65cedd3c,SKU004288,5458,4565.75,16.35,2026-09-20
405ed269-3ad7-4307-8fc5-e44487c3b6e3,SKU004289,10834,5921.54,45.34,2026-09-20
7a903d08-c398-4782-98f4-24830c14ee65,SKU004290,2366,2035.68,13.96,2026-09-20
7e47bf59-ba94-4990-bc35-e7af327e1d0c,SKU004291,7908,5709.86,27.8,2026-09-20
e17c134a-2ed9-4a03-a246-f98f2c7d1253,SKU004292,13002,7877.65,39.41,2026-09-20
2eb80232-9740-48ab-9824-bc8c8f2aa419,SKU004293,13500,9177.12,32.02,2026-09-20
2ad0702d-d687-42b4-beb0-d660acba8038,SKU004294,3602,2275.99,36.81,2026-09-20
530e1847-fd73-471f-bd50-33b1225de080,SKU004295,13159,11818.3,10.19,2026-09-20
5691d306-20cf-4262-9611-bfa7efb6dc56,SKU004296,10331,8277.02,19.88,2026-09-20
6de64b50-1f72-4bd4-8386-4ff509a2d3a2,SKU004297,2914,1762.9,39.5,2026-09-20
ee11a71c-6317-4efc-89bf-1fe64277df92,SKU004298,13916,8044.38,42.19,2026-09-20
a633c7c2-9533-431e-9d82-4023a0516880,SKU004299,7348,4011.16,45.41,2026-09-20
b82b7403-2ef3-465d-a43e-8b4fb08a131e,SKU004300,9017,5892.22,34.65,2026-09-20
b98dac86-c4d2-460c-a772-74cddb6890ee,SKU004301,11615,10446.48,10.06,2026-09-20
1bfffe3e-9856-4c19-bba5-99f41b249230,SKU004302,10091,6073.3,39.81,2026-09-20
88db84c1-a439-4ee5-9f0a-93604c6866f3,SKU004303,5597,3397.82,39.29,2026-09-20
92efb0c3-adcc-42fa-8754-c7b7f4c31ebd,SKU004304,614,405.92,33.89,2026-09-20
c93e5795-c6cb-48c2-9776-873171294467,SKU004305,1775,1083.71,38.95,2026-09-20
d5353409-f971-4b2c-9c01-d31bc3d41ad9,SKU004306,10569,9708.22,8.14,2026-09-20
2b6c73cb-3a65-4cfa-bd78-fa4905ba08ba,SKU004307,5584,4960.89,11.16,2026-09-20
b114c603-b06e-422b-8f65-14f204a21404,SKU004308,709,676.0,4.65,2026-09-20
3a687483-c55a-4fdd-94c5-206083256c74,SKU004309,515,419.11,18.62,2026-09-20
e9321f1f-5829-46bb-85b6-b8da5cbc77de,SKU004310,12432,7140.19,42.57,2026-09-20
fc29de18-641f-4477-8fd0-3878f7190c3c,SKU004311,13478,10784.54,19.98,2026-09-20
deb18635-52d5-4bf8-9c70-bac6bd000385,SKU004312,6540,5602.47,14.34,2026-09-20
2f4f9fef-5e49-41a7-b3d4-15d3881c06f1,SKU004313,1243,968.99,22.04,2026-09-20
7216ec4d-6389-4080-bd0c-b06fce965385,SKU004314,3167,2830.92,10.61,2026-09-20
b397de92-89b1-46b0-b10b-7588888ce763,SKU004315,10846,6923.4,36.17,2026-09-20
3f64d928-f19c-4175-8eb1-638d9a52f9fe,SKU004316,3308,2909.43,12.05,2026-09-20
41296034-ea3c-4186-b7b7-7d82346eb6b6,SKU004317,3919,2449.77,37.49,2026-09-20
40cf488a-f544-4bea-8ca5-3dc1cf87c5ed,SKU004318,3757,2608.46,30.57,2026-09-20
69f3ea7a-00c4-4b33-8544-28f499ba7e66,SKU004319,12974,8920.56,31.24,2026-09-20
0fc030fa-9e0b-4adb-a595-8a328f06b117,SKU004320,7632,5905.87,22.62,2026-09-20
76da4e7c-2f0e-45cb-88c0-98bf8829b3d1,SKU004321,7808,6079.1,22.14,2026-09-20
2c2095f9-1e47-4c8b-807b-eadea7c37f97,SKU004322,10637,6054.65,43.08,2026-09-20
581bd93a-7812-4ffb-9936-cbb0e13789fe,SKU004323,4197,3287.57,21.67,2026-09-20
1367399f-03a0-4008-a87b-bf69ddf189b7,SKU004324,1762,1415.33,19.67,2026-09-20
497f769c-3d60-410a-911e-b92b4fafd7a5,SKU004325,12397,8354.43,32.61,2026-09-20
b580390e-954c-43ba-9f89-e6f8b9441893,SKU004326,12562,8128.64,35.29,2026-09-20
ac56c9d6-009d-443c-a866-66c0721e58cb,SKU004327,12544,10659.28,15.02,2026-09-20
edb45223-a405-48b1-9136-f3ad36497246,SKU004328,11970,10648.73,11.04,2026-09-20
fc8bc06b-c378-419b-872b-34144bf552a1,SKU004329,7001,6727.06,3.91,2026-09-20
d00b0262-1a32-4986-be17-53b8df603ef2,SKU004330,6308,3940.0,37.54,2026-09-20
86c0815b-d362-4d19-ab53-668f26f3114f,SKU004331,14711,13467.63,8.45,2026-09-20
2c847c82-2f6d-45e4-be49-35ceb20045e9,SKU004332,12260,9832.6,19.8,2026-09-20
0cc95d87-9cdd-48b3-a6ab-0f391938f5f3,SKU004333,13103,12883.56,1.67,2026-09-20
ab8de19c-5625-45f1-ac9a-98a490c00bbb,SKU004334,7727,6213.28,19.59,2026-09-20
5bd1bf00-565f-4686-8ce0-1ae348582c0d,SKU004335,9056,7314.35,19.23,2026-09-20
d4b0f13e-e3f5-4961-bbbf-7de7d2358ad0,SKU004336,14065,9761.18,30.6,2026-09-20
f4872345-a368-4e22-9032-68b62e4c9c14,SKU004337,7085,6178.01,12.8,2026-09-20
43da237a-ca52-4cb3-a185-7f28c44f07af,SKU004338,2800,1584.15,43.42,2026-09-20
3f216c11-5713-4e10-8167-37600243a952,SKU004339,2902,2457.69,15.31,2026-09-20
76e728b9-a85d-4742-a4f6-c7f9804f96f9,SKU004340,8310,4679.5,43.69,2026-09-20
d037c7d8-d959-47f4-9e05-6e1665c4a372,SKU004341,4563,3436.1,24.7,2026-09-20
2e306e61-5d52-4f69-bdc7-445e7acc8221,SKU004342,576,474.34,17.65,2026-09-20
d669a031-6e13-4045-8936-e29f40822bd6,SKU004343,1192,1101.52,7.59,2026-09-20
641bcaac-a8b0-4993-8d0a-5b0d6e5aad70,SKU004344,8478,4416.74,47.9,2026-09-20
a56f2308-b689-464d-8ec2-c6a515e9e4bf,SKU004345,9145,6556.3,28.31,2026-09-20
21c2aa37-b63a-4158-8b6b-50014f4942d3,SKU004346,8844,7457.95,15.67,2026-09-20
e7642404-0ebc-4641-b9e2-6b48a7d61514,SKU004347,10884,10098.15,7.22,2026-09-20
91590500-a8a3-4ab8-ae49-8c8d307bbe44,SKU004348,14183,8357.9,41.07,2026-09-20
21ee8832-333d-426f-a7e3-b5862a89e87a,SKU004349,10150,6829.54,32.71,2026-09-20
cafe9262-8a93-4f55-87ad-3d711dd9f4da,SKU004350,14908,13976.59,6.25,2026-09-20
b6eaad44-de25-4c83-9891-72da96a12647,SKU004351,10086,7782.24,22.84,2026-09-20
2215ef72-828e-46ad-a51a-5f9ebe6ec78a,SKU004352,2644,1700.74,35.68,2026-09-20
1df75434-4701-427d-a1c4-8cd54c2a0658,SKU004353,13297,9002.21,32.3,2026-09-20
70cfe155-522d-4cba-8953-83ef331a4c8a,SKU004354,3781,3407.1,9.89,2026-09-20
4256f9c2-8f6d-4c24-b883-191a419e0b5b,SKU004355,1140,905.85,20.54,2026-09-20
529a3eb9-b988-4e6f-aaba-dad4b2d69c9a,SKU004356,5495,3717.48,32.35,2026-09-20
59eea828-71c0-40c4-b114-5f12e1b1a8e0,SKU004357,5785,3070.67,46.92,2026-09-20
a7a731aa-7476-49d7-bfa1-d82db0b7fd41,SKU004358,8931,4618.58,48.29,2026-09-20
ee41e6c2-54cd-409a-922a-8c3ce91998db,SKU004359,9759,7106.56,27.18,2026-09-20
2d5270c4-4bce-486e-911f-d11fa33ed2ce,SKU004360,7540,5232.6,30.6,2026-09-20
b3ceedfb-6f86-4b98-a7e3-2a61f05bea83,SKU004361,11149,6823.55,38.8,2026-09-20
43c87aaf-6512-4cc3-b9d4-831593573839,SKU004362,5013,3916.26,21.88,2026-09-20
c86ce559-9b05-4fff-99b6-27056a00fe9b,SKU004363,10558,5463.93,48.25,2026-09-20
886a4284-e730-4556-a292-ba693ad30fed,SKU004364,4470,3822.55,14.48,2026-09-20
97ecd2c0-0791-4d19-911a-3308f8ccfcbf,SKU004365,10710,6010.37,43.88,2026-09-20
d8aa9b56-6054-4a7d-b396-4edc685a0d4e,SKU004366,4683,4543.47,2.98,2026-09-20
76498dc4-108f-4872-84c4-c8e328dd98fc,SKU004367,4409,3381.35,23.31,2026-09-20
f02c9ae6-7acb-433a-a7b0-1d1c14c6342f,SKU004368,10134,10048.7,0.84,2026-09-20
890d6854-1c2f-4ad3-b5b0-592f48450a75,SKU004369,9075,5443.75,40.01,2026-09-20
50cdaadd-5f18-4e3c-97d1-040421ddd824,SKU004370,1242,716.86,42.28,2026-09-20
ad141c87-0fb2-42c8-81b8-41615d1db9d2,SKU004371,13843,13520.44,2.33,2026-09-20
68ce4cd5-a0c3-4a90-9856-43988af1a646,SKU004372,10629,9151.94,13.9,2026-09-20
46fec30d-417a-4966-9751-cb1c9ebc3da8,SKU004373,13011,10239.04,21.3,2026-09-20
c151fe52-9846-4eb2-a5be-0b0b7bbafbce,SKU004374,9423,7251.97,23.04,2026-09-20
6eaf9a5e-2dea-4c3c-9a80-395412d7407b,SKU004375,3525,2486.08,29.47,2026-09-20
12b92f3d-9af6-4aeb-840b-e8c37f4d559c,SKU004376,7305,4296.05,41.19,2026-09-20
a71509ec-0518-42b2-a7ea-3a5892e30e9d,SKU004377,4421,3560.05,19.47,2026-09-20
dfb5387d-f0f6-4359-999c-ad070b1e1030,SKU004378,3637,3074.77,15.46,2026-09-20
f4a39347-920f-422c-b506-8d75cf9ffae2,SKU004379,11777,10427.01,11.46,2026-09-20
a8cce00d-961e-47b0-9dc5-40b62511e0e1,SKU004380,6385,3921.45,38.58,2026-09-20
0fadcc78-8f64-4d39-a037-868d6a218504,SKU004381,6481,5321.06,17.9,2026-09-20
7b023d15-fd96-4ea4-85dd-c667cbc0f51c,SKU004382,11830,7055.05,40.36,2026-09-20
2a3d4ff8-2c36-42ec-842a-de0d79f3c175,SKU004383,7554,5379.82,28.78,2026-09-20
bfd637c2-a9bd-4baa-aceb-179ceff25674,SKU004384,9642,9611.12,0.32,2026-09-20
079dfa77-7f85-45d0-94ac-5ac41d22c718,SKU004385,12226,8214.68,32.81,2026-09-20
928ad95a-055c-4e31-8b65-a6c275f941eb,SKU004386,7069,4650.02,34.22,2026-09-20
5ce5d89c-f742-4ae4-b8c4-8748acf02997,SKU004387,11206,8433.06,24.75,2026-09-20
575ee38f-8fe1-4bbb-9f7b-96bfb7cf92dc,SKU004388,9371,7552.16,19.41,2026-09-20
712393aa-d66b-493f-b5fd-8ce9927d6dc3,SKU004389,5889,3604.88,38.79,2026-09-20
b1487584-1794-4865-bff4-3f96a8a9f19a,SKU004390,14329,10279.84,28.26,2026-09-20
27d1dac0-2c4e-41dd-b1b1-51d98006fc06,SKU004391,4461,3064.77,31.3,2026-09-20
9cd0354a-e00d-4f39-9f9e-1bc2f6e289f9,SKU004392,5313,4409.84,17.0,2026-09-20
51b51027-4552-41de-9734-f054a953a361,SKU004393,2034,1748.25,14.05,2026-09-20
4371ac54-2e2a-450b-a262-4c8ac1e06370,SKU004394,4135,3525.66,14.74,2026-09-20
03ad7fb1-01a3-40cb-86f4-04f3d8aee88a,SKU004395,12599,8409.03,33.26,2026-09-20
333fa171-02b7-46b1-a29d-33da18b17979,SKU004396,13921,12101.32,13.07,2026-09-20
899bc6d7-f735-4dd0-84db-edeff24a0d72,SKU004397,1907,1635.57,14.23,2026-09-20
b436b906-fc24-4000-9f14-d2c80ec7e45a,SKU004398,14860,12406.88,16.51,2026-09-20
289b5caf-fdff-4ad0-9c05-4f19c41cda8a,SKU004399,6580,3834.25,41.73,2026-09-20
20b874e8-feab-4164-b39e-90054d91aedd,SKU004400,767,383.65,49.98,2026-09-20
0761f98d-2153-4f4e-97bb-f28f2778a694,SKU004401,1483,1233.04,16.86,2026-09-20
5834f1f9-d4e8-4db0-a5d4-e3d35fc6fb21,SKU004402,2347,1753.9,25.27,2026-09-20
5934b3ea-c78d-40e5-8c4b-8dfd0455a095,SKU004403,12210,10668.75,12.62,2026-09-20
a5d51a57-6b29-46bc-ab27-70c8e5d63002,SKU004404,12062,7227.11,40.08,2026-09-20
b778b06b-63fa-48e0-8e08-4154a6526311,SKU004405,10593,6527.23,38.38,2026-09-20
8e039000-aae6-4ccb-b430-65c82c5fad06,SKU004406,5605,5019.74,10.44,2026-09-20
e153aa97-27ef-4fac-8986-bfc2ecf60c6d,SKU004407,8695,4763.64,45.21,2026-09-20
c7636fcd-8c03-49c2-9b6e-beae16f6395a,SKU004408,3052,2044.26,33.02,2026-09-20
e393648f-0e81-4670-8015-ce300b9604e7,SKU004409,14854,13905.11,6.39,2026-09-20
59a95a21-689e-427c-8c83-36033ee91852,SKU004410,12416,9817.39,20.93,2026-09-20
6ec5289c-ea46-442a-a016-f5f0d4243b01,SKU004411,4808,3625.85,24.59,2026-09-20
ada9f816-4208-4e6a-a024-b773669cc3cd,SKU004412,14014,11083.35,20.91,2026-09-20
5d03a913-cf59-4aa1-8eb1-a6b853e6c31d,SKU004413,10098,9974.52,1.22,2026-09-20
ea4a057a-ae8b-4314-bc33-6c9dda43f00f,SKU004414,14300,9614.53,32.77,2026-09-20
51d05397-1d4c-4234-a2c0-f73e67e4f7d4,SKU004415,3380,1984.7,41.28,2026-09-20
3e257d83-15b2-49c6-8ba2-4565e45daa87,SKU004416,5103,3205.45,37.18,2026-09-20
c72ae24f-87b3-4470-b22d-bb0a746b4b6c,SKU004417,8150,5076.94,37.71,2026-09-20
b2fd998b-d57b-4922-aa12-158d10e5643a,SKU004418,4543,2902.92,36.1,2026-09-20
e33dce4b-bdb6-44a5-9dcb-4957fe141437,SKU004419,1073,729.87,31.98,2026-09-20
e0030b5b-274c-407b-998b-559d8de320c3,SKU004420,8786,7076.16,19.46,2026-09-20
990019bb-524a-4813-bff1-fea5537fdbfd,SKU004421,5342,4439.58,16.89,2026-09-20
209df3ec-4b52-44b1-84af-59a4fd40cabb,SKU004422,5776,4949.35,14.31,2026-09-20
8777fd59-79db-44ba-91c8-ef2520321f72,SKU004423,8088,4361.49,46.07,2026-09-20
d788063e-1aa3-4357-ba35-f961b186f449,SKU004424,11286,7171.61,36.46,2026-09-20
35efd69c-49ee-4800-9185-47927535e3b6,SKU004425,7495,7078.53,5.56,2026-09-20
2999cb90-546f-4c40-8cde-fd5d2942cf8a,SKU004426,7582,7164.65,5.5,2026-09-20
b520d160-6765-40c4-b74b-1a84f0e07ea4,SKU004427,8424,6514.07,22.67,2026-09-20
5f10787f-f7eb-4bcb-9a70-cfa2170ebbb7,SKU004428,6695,4326.5,35.38,2026-09-20
10dbe0cd-83ff-4b19-b4c3-42d8e423e8a0,SKU004429,11611,8947.73,22.94,2026-09-20
3cbcf3e9-cac9-49dd-9743-71f1525928d4,SKU004430,2071,1757.57,15.13,2026-09-20
41d5f6b6-63a5-49ba-a50a-beedfc495365,SKU004431,10469,8598.13,17.87,2026-09-20
ab1a873e-69d2-4404-8f8b-f91dd65f9f72,SKU004432,5046,2534.81,49.77,2026-09-20
df972e24-44eb-432f-9a33-9078aebbae22,SKU004433,3222,2565.69,20.37,2026-09-20
de732693-0189-4b54-a26a-173fa97b3adb,SKU004434,2278,1450.33,36.33,2026-09-20
9a89c505-fb36-4aea-882f-3bc9fd9f8458,SKU004435,12345,9794.94,20.66,2026-09-20
c69cf26e-5f88-4183-bf46-86450c15438e,SKU004436,3335,1980.15,40.63,2026-09-20
c906104c-89cd-4d61-89f1-a175a661d618,SKU004437,6156,4600.98,25.26,2026-09-20
2152816c-1c62-4c49-9760-38077b1b76bc,SKU004438,6374,5515.36,13.47,2026-09-20
02d74b64-5ac1-469e-94ef-3f04b0f623c9,SKU004439,1160,975.86,15.87,2026-09-20
a4ad4ad4-0e12-4938-8958-ce5ee0ed9319,SKU004440,14347,7426.04,48.24,2026-09-20
4ef83fbd-086d-4b16-bf80-12b3381509e1,SKU004441,8681,4948.88,42.99,2026-09-20
d7d694d4-7f08-4171-9cd8-3c572713411d,SKU004442,11283,6378.5,43.47,2026-09-20
13b4a80d-ed90-450c-9569-5451952f1018,SKU004443,1852,1326.61,28.37,2026-09-20
d0670bfc-0f3e-46b9-b9ff-df802636f8a7,SKU004444,1891,1078.12,42.99,2026-09-20
d59b2101-a67d-4225-b77e-c0431f4697cf,SKU004445,4164,3433.3,17.55,2026-09-20
7733c177-79bd-4901-8397-499380065701,SKU004446,3444,2875.06,16.52,2026-09-20
1f67f4d8-31d1-45b5-a845-09cb24477a81,SKU004447,6084,4951.54,18.61,2026-09-20
7e18e419-2b1e-4663-8e51-6f431fa3029b,SKU004448,13214,11713.8,11.35,2026-09-20
e0ae5c84-7f4d-4456-993e-15f02e35a130,SKU004449,2442,1287.74,47.27,2026-09-20
5f1047eb-a98d-4a2a-9da3-9df59702ca5e,SKU004450,6917,4057.76,41.34,2026-09-20
68287349-c1b6-406e-88dc-28f6e52c4290,SKU004451,3859,2208.72,42.76,2026-09-20
82d8c1f3-a084-40d9-a6ba-3217abfc8547,SKU004452,10064,8636.93,14.18,2026-09-20
01ee5432-ae35-4578-be72-fd9260cb0aa5,SKU004453,11846,11064.11,6.6,2026-09-20
f5cba317-fc31-4ffe-803e-0ec996526afc,SKU004454,6836,5218.04,23.67,2026-09-20
ae49c7b6-f4d6-4db2-a4f2-1c2f285df434,SKU004455,13925,10021.37,28.03,2026-09-20
32c88c1d-7b2b-40e8-b39b-299574c15cbc,SKU004456,2765,1441.41,47.87,2026-09-20
bc7a9dde-987f-4147-8114-f35d92dbcbbb,SKU004457,14515,10145.02,30.11,2026-09-20
1b61d7c5-9e27-4b10-bfd0-7dfa1ecb6ead,SKU004458,8128,4106.94,49.47,2026-09-20
ec7e1d9f-ca2c-4178-b996-c13ba756ff8b,SKU004459,904,727.17,19.56,2026-09-20
05c0e14c-bf12-4949-9ce1-e49ed6830bf8,SKU004460,4637,4516.54,2.6,2026-09-20
ca26eaa7-9a3d-4306-8528-5f257d11b85f,SKU004461,13111,12547.24,4.3,2026-09-20
4e28a9da-b78f-4325-8cb5-438bda76e101,SKU004462,9583,7647.45,20.2,2026-09-20
8f69df79-dcc8-44fe-b2df-28d6564d4f22,SKU004463,11933,9220.87,22.73,2026-09-20
09327b18-f03b-4317-acde-b445d45132b4,SKU004464,12302,10566.95,14.1,2026-09-20
c92ac31b-ba83-40a7-96a4-7353d507478a,SKU004465,6274,5779.7,7.88,2026-09-20
68da018f-2708-4725-ac39-efc785be7600,SKU004466,7109,5458.74,23.21,2026-09-20
7fb58265-d56e-4935-be19-f17e7e916f2b,SKU004467,500,380.0,24.0,2026-09-20
86dadeb3-b6a0-4dd2-9703-271d3a718c1a,SKU004468,13164,9200.99,30.1,2026-09-20
61e6b780-dae3-4b77-b4ec-7850087ddc34,SKU004469,13682,13140.22,3.96,2026-09-20
d6c24d75-1dd5-4ce9-a092-9927345e4865,SKU004470,1642,992.33,39.57,2026-09-20
400c4d71-c891-495b-9d72-6e34bae906cb,SKU004471,6591,5323.47,19.23,2026-09-20
6fb1867f-f80e-452b-b131-ce8e6dd4b591,SKU004472,13755,7178.87,47.81,2026-09-20
6c8a9436-881b-479a-91c0-894265a6286b,SKU004473,620,514.56,17.01,2026-09-20
06a7904a-f85e-428c-8461-02223da79c2a,SKU004474,11983,7717.23,35.6,2026-09-20
e5bce527-4df4-4ff8-a51b-459f8c32f673,SKU004475,11241,6720.92,40.21,2026-09-20
0791a15b-d4c8-440f-b86a-561021f22170,SKU004476,3335,2415.58,27.57,2026-09-20
4b9108fb-faa9-4e6a-ab70-c33e531c28cf,SKU004477,8051,7962.37,1.1,2026-09-20
a997e0f5-2863-4120-a19b-b2441730fe5b,SKU004478,13878,12215.85,11.98,2026-09-20
afae0a04-d436-4e8b-807c-b485ca7881a5,SKU004479,10795,8430.29,21.91,2026-09-20
7b1a26a4-010b-437d-9d7b-ac4137d53f33,SKU004480,3288,2394.79,27.17,2026-09-20
36bfeb8d-37cd-4e1f-a1e3-cce41285274f,SKU004481,3939,2834.04,28.05,2026-09-20
0a91169d-90e8-46f9-88be-26e6c780f9d8,SKU004482,11737,9664.39,17.66,2026-09-20
eb5d720f-ce38-4ffe-9fe4-83586c2ff466,SKU004483,14995,13726.51,8.46,2026-09-20
4fae31b9-1e35-4eea-aa50-db51812ec188,SKU004484,6488,3825.19,41.04,2026-09-20
bd1624d6-1f13-40a7-9f54-501386b8a9b9,SKU004485,5629,4844.61,13.93,2026-09-20
276094c1-0b38-4a67-afa0-2cbf4c0bab3e,SKU004486,4417,4182.04,5.32,2026-09-20
2f7a8fb2-06f8-4990-a4c0-d1bdac784dcf,SKU004487,8493,7963.41,6.24,2026-09-20
134e18ac-3573-4331-81d7-6b8b442a936a,SKU004488,4947,3068.99,37.96,2026-09-20
e75db03a-dcd6-4aef-bdb1-2131d2cacb73,SKU004489,11557,8726.29,24.49,2026-09-20
c217b751-3baa-4477-9828-96bb971b1a05,SKU004490,5618,4969.89,11.54,2026-09-20
baf49f44-8877-488c-9352-77f82bf1ee50,SKU004491,599,331.12,44.72,2026-09-20
4b4ead39-9a59-44c5-8f8d-f8c5bf196a67,SKU004492,14446,13922.38,3.62,2026-09-20
3c20ebaa-6531-4b24-a284-643fb76c6f0c,SKU004493,11141,9182.01,17.58,2026-09-20
a55416d7-1c9e-47c6-8a27-9b171fa08a00,SKU004494,10336,7179.64,30.54,2026-09-20
f8f738d7-5ca9-43dd-b41c-65b90ebe7c24,SKU004495,9118,8891.59,2.48,2026-09-20
358e123f-b6c3-4edd-a4d8-311ab4c3afa9,SKU004496,11535,9224.96,20.03,2026-09-20
b89c9a6e-0317-4d62-893c-f74e6fcb7914,SKU004497,7486,7455.67,0.41,2026-09-20
4a881afc-e415-4191-a64f-d01a071a66c5,SKU004498,2222,2000.22,9.98,2026-09-20
28facb49-f870-46df-a4d0-d76d0d7e4072,SKU004499,6573,5823.74,11.4,2026-09-20
121d36f2-9328-4a32-86c4-53bfa57caecc,SKU004500,6731,6171.16,8.32,2026-09-20
cde0998a-91aa-419f-af64-932ec360c3fb,SKU004501,10897,6946.25,36.26,2026-09-20
0120f41d-2f08-49c5-8654-833da94627f2,SKU004502,3250,1892.4,41.77,2026-09-20
f82e6272-aec2-4c4b-8cde-a8e5ec352341,SKU004503,5572,3756.19,32.59,2026-09-20
611f4606-bbce-46cb-8121-69f8545f7383,SKU004504,4020,3006.79,25.2,2026-09-20
482b5c33-4041-402c-a876-cf3a1208ca0d,SKU004505,4298,2364.66,44.98,2026-09-20
f1dd0310-a265-47bf-86ed-5c96ba2ffa45,SKU004506,7269,4096.57,43.64,2026-09-20
d36d52d4-c87f-4ed2-9ce5-6237cfc35e37,SKU004507,898,813.84,9.37,2026-09-20
ed292753-18dc-4869-8c4e-fb117a143fe1,SKU004508,11323,7146.36,36.89,2026-09-20
a0496954-1952-4936-b7d4-f02a67b935c0,SKU004509,5177,4875.64,5.82,2026-09-20
cbafeff3-1207-4927-a8b9-038dc1967db7,SKU004510,6775,3482.44,48.6,2026-09-20
3f2ee873-dbf2-40f8-8374-1cdb70305f42,SKU004511,1194,941.2,21.17,2026-09-20
2a2cbb0c-dfa2-4032-9ef0-ec9cc5f5ebf6,SKU004512,4786,4758.86,0.57,2026-09-20
cb1165bf-ad2b-4095-9494-c281334df35b,SKU004513,838,797.58,4.82,2026-09-20
bf093105-b782-4afc-90ea-d952310804a2,SKU004514,5579,3713.23,33.44,2026-09-20
63533bd6-75c9-4744-adb9-48464000f8d5,SKU004515,8041,6931.3,13.8,2026-09-20
c9ae2023-5712-46a9-b88e-14ca169df17d,SKU004516,3714,2771.79,25.37,2026-09-20
9c4d9b6a-4b15-4c59-8223-bfa98814861c,SKU004517,10920,7394.53,32.28,2026-09-20
21c894e6-ac00-4f5f-a4ca-8058a000c535,SKU004518,7511,7474.55,0.49,2026-09-20
7d99f4e6-ba57-40d2-b3e0-a9b421b8e3c4,SKU004519,5366,3661.03,31.77,2026-09-20
2487573f-6942-4d2f-9f69-a6f575287fb8,SKU004520,14575,12121.61,16.83,2026-09-20
fc71bef9-23d4-4e63-be5a-ea77d73e8363,SKU004521,2837,2630.57,7.28,2026-09-20
45f4cef6-07b6-4498-86f6-5bf49d935f9a,SKU004522,6248,3610.49,42.21,2026-09-20
caa0bbb8-8834-45ce-8b59-2016aa649551,SKU004523,1700,1126.54,33.73,2026-09-20
0a101d7d-7374-4384-8460-e815ab278f54,SKU004524,4514,3106.75,31.18,2026-09-20
f9baa47c-d77a-401d-942f-d3ca0bcef91a,SKU004525,8915,4501.23,49.51,2026-09-20
09fed5c2-300d-42c5-bc36-c5ee89ef8b60,SKU004526,1146,691.99,39.62,2026-09-20
b632bc1b-8c0e-443e-be82-3243fe491239,SKU004527,11828,6513.44,44.93,2026-09-20
3c0c6f30-ca08-48d4-8cb3-d736b2471ecb,SKU004528,3077,3057.99,0.62,2026-09-20
0d047ab2-f7d2-4deb-885e-2b0b961b2ecb,SKU004529,6815,3653.0,46.4,2026-09-20
4b531c81-bca4-4bf0-8d91-9e0dff8c5114,SKU004530,5717,4592.96,19.66,2026-09-20
d087e97a-e3dc-4a8b-a50b-9920000d1eaa,SKU004531,6907,6282.97,9.03,2026-09-20
e2bc91d0-d410-4bb9-97c1-f9777d842943,SKU004532,4549,3621.88,20.38,2026-09-20
9c41bcdb-3c07-44dd-b872-78d8ada08124,SKU004533,11482,11366.8,1.0,2026-09-20
e8d14baa-ccd0-4e35-a67a-6740e51d71c2,SKU004534,9581,8284.71,13.53,2026-09-20
cb9108c3-f484-4b93-87d1-e86d3ab15f77,SKU004535,4062,3287.24,19.07,2026-09-20
6243e611-4d2e-4ddb-9f5e-30b270f865e3,SKU004536,11311,6106.1,46.02,2026-09-20
33d326dd-b0ce-4580-a4dd-0646779f9dc7,SKU004537,10336,7775.08,24.78,2026-09-20
51ce2ab9-2087-4359-8061-fdc21ec4c60f,SKU004538,2856,2197.46,23.06,2026-09-20
ec0b06a8-f999-4a30-9d8e-626d4f2227b9,SKU004539,10892,6156.0,43.48,2026-09-20
ff23457c-fb83-4a29-aa62-8028fa67f258,SKU004540,2982,1636.52,45.12,2026-09-20
fca6b988-ced2-421e-a7f6-5abdbe8823a2,SKU004541,6591,5449.85,17.31,2026-09-20
3209464c-2372-4c74-9740-25309b6e2c81,SKU004542,12585,6504.39,48.32,2026-09-20
22086f0b-1c37-49cc-ab24-32b187216163,SKU004543,3597,2464.0,31.5,2026-09-20
69b69a24-0f1c-47b1-a290-fc18445466f0,SKU004544,8823,8739.07,0.95,2026-09-20
affb87ef-c54b-4de2-9106-3d02e768908a,SKU004545,9024,8861.12,1.8,2026-09-20
96276c55-62ce-498e-975f-db1a7cc34cf3,SKU004546,8234,4883.87,40.69,2026-09-20
cb287f68-6fc8-4e86-8265-0c0ef2b9a8b7,SKU004547,4782,4277.54,10.55,2026-09-20
5a3efed3-06c3-4bfe-a684-350ca46e14df,SKU004548,7153,3881.39,45.74,2026-09-20
61d0ad8f-467a-4207-9b04-9253b256c670,SKU004549,3314,1937.02,41.55,2026-09-20
939366d7-da58-48d8-8e41-5ed78442355d,SKU004550,1791,1188.49,33.64,2026-09-20
e0d756a1-9590-420f-8c55-65781bab03c3,SKU004551,2373,1652.63,30.36,2026-09-20
ad4200eb-c7bf-4e4e-8b71-381a165da9b8,SKU004552,9000,5314.73,40.95,2026-09-20
7942b0e3-754c-40f7-866e-971b1e77779a,SKU004553,1094,874.95,20.02,2026-09-20
c7a06486-5de5-4c55-bacc-6713033b1099,SKU004554,12097,9081.76,24.93,2026-09-20
f45bd751-72b1-4491-a47a-777266cadbae,SKU004555,1702,1288.61,24.29,2026-09-20
03f1bd19-c98b-4ddc-a61b-ef5d695ea178,SKU004556,1736,1263.22,27.23,2026-09-20
c32dd384-32e0-4e97-aa62-3804fcd45f3e,SKU004557,5638,5211.72,7.56,2026-09-20
e9d98006-fc38-4406-babe-77e53d32d5ce,SKU004558,5964,4445.12,25.47,2026-09-20
414f1a3b-42f3-4f67-81cd-6ecabc9f4568,SKU004559,5636,5164.31,8.37,2026-09-20
6528e56a-d0e9-4938-bc5e-f97da3b19306,SKU004560,4842,4274.27,11.73,2026-09-20
f54ae7d0-9f70-4a48-baf5-1f23473ec22c,SKU004561,1823,1185.06,34.99,2026-09-20
2956881e-fd1e-4ab3-b6c0-95d015be2f59,SKU004562,7660,6833.06,10.8,2026-09-20
c144d036-beb8-4429-b654-c4d3aae1e36a,SKU004563,1243,845.44,31.98,2026-09-20
2301161e-4d63-4e85-9e8f-679308c4b4c5,SKU004564,1843,1343.77,27.09,2026-09-20
71b48c26-743f-47a3-8503-60c943a73c34,SKU004565,10850,8999.95,17.05,2026-09-20
25e05c60-17a1-4220-9419-c7a7417e9ba8,SKU004566,8274,6494.17,21.51,2026-09-20
fabd2472-0076-4289-bdcf-9a2854704b95,SKU004567,2563,2484.33,3.07,2026-09-20
73bd5a4b-c890-4692-ae45-d6e3224340af,SKU004568,10994,6355.74,42.19,2026-09-20
95bdf1b0-1b44-493b-8d1e-936e815bae63,SKU004569,11814,9753.55,17.44,2026-09-20
cca7a038-6106-435f-96f4-14f1c0005fd5,SKU004570,12558,12192.89,2.91,2026-09-20
1a45e34f-876f-47f0-b838-07342b12d39c,SKU004571,1616,1428.13,11.63,2026-09-20
b373b153-66ad-4573-9347-867d33d00b43,SKU004572,14196,12183.97,14.17,2026-09-20
2c8cebd2-3cb3-41a5-8b42-0869d57ac7bc,SKU004573,11868,8000.43,32.59,2026-09-20
30d7e30f-d3eb-4bd9-9d9a-d091c442a50b,SKU004574,1070,975.09,8.87,2026-09-20
308fb3a2-523f-425a-83ce-524c35722a0e,SKU004575,4951,4207.16,15.02,2026-09-20
83192248-48b5-4f29-9842-d0dc11e97e56,SKU004576,9640,5878.47,39.02,2026-09-20
20148c7e-844c-4b93-8cee-3de896ab5dd9,SKU004577,5158,3727.45,27.73,2026-09-20
6c475160-22ef-4610-bb12-f2a49f562ebb,SKU004578,6348,3430.15,45.96,2026-09-20
90737a15-e7be-46f0-a3c8-94d2203c89e5,SKU004579,6293,5598.05,11.04,2026-09-20
72067fc1-e77b-423c-9963-5a7ce4030646,SKU004580,4368,2486.74,43.07,2026-09-20
b0c35f25-0c44-484a-ac1a-711a0266ea2a,SKU004581,10681,7103.93,33.49,2026-09-20
e5e599db-6729-42ca-a8a9-0bd9764f051b,SKU004582,8202,4968.02,39.43,2026-09-20
6faa3853-4e45-4e9b-8eec-7029ba5cb613,SKU004583,2205,1733.69,21.37,2026-09-20
fe7e39d0-1c4b-48ef-83b4-ea488b047153,SKU004584,10646,10111.23,5.02,2026-09-20
3004d620-6f52-4087-8c2e-eb55cfdabc99,SKU004585,10296,6890.73,33.07,2026-09-20
0ab7a199-1bdb-452d-8a86-762aec521161,SKU004586,8836,5655.81,35.99,2026-09-20
c2091810-b32e-4e2c-b678-50e096b4f41f,SKU004587,4526,2317.06,48.81,2026-09-20
1b8f06bd-c4a8-4472-9a77-70c50aedfc95,SKU004588,9484,9198.16,3.01,2026-09-20
978e8950-e481-4608-921d-d4b81f83cd4c,SKU004589,4250,2593.42,38.98,2026-09-20
1b584465-295a-49df-a9df-bc7d8ac2fe2b,SKU004590,8707,5052.03,41.98,2026-09-20
4fc9f30d-e21b-406f-be21-1415ecea8647,SKU004591,5607,3299.11,41.16,2026-09-20
7b1252f5-b484-4287-8e80-0c8cfa8fe42c,SKU004592,7310,6961.02,4.77,2026-09-20
267e0c17-4e6a-4d31-a9f5-48c1b9525523,SKU004593,14072,8480.95,39.73,2026-09-20
b63d7bec-fb1b-4700-928b-7a4c2b51b046,SKU004594,10177,6376.08,37.35,2026-09-20
650b2046-e701-46e0-ba24-4d5e5be890df,SKU004595,3799,2333.44,38.58,2026-09-20
adcec82a-1ee4-41cf-ba7b-2bb7363ffc38,SKU004596,14458,7540.28,47.85,2026-09-20
e2c15bbf-cc0d-4ec8-b041-614f7c9742ee,SKU004597,3592,2418.41,32.67,2026-09-20
3a969057-9488-4627-ae7d-b6740a04601a,SKU004598,8710,7211.7,17.2,2026-09-20
8b3a14d9-9454-498a-ac6b-fa03c87320ba,SKU004599,1268,694.12,45.26,2026-09-20
5461d1fc-70ce-436e-b38a-119f632d8522,SKU004600,4490,2655.12,40.87,2026-09-20
db44f8f3-6b1e-4359-9b2a-97473b836249,SKU004601,5265,4138.23,21.4,2026-09-20
e1fc88e1-6fb2-4d91-af42-d96f3702edc1,SKU004602,6716,5990.27,10.81,2026-09-20
0ae3f958-f61f-4c12-a57c-b3a0b96d798c,SKU004603,10522,8628.45,18.0,2026-09-20
9da01324-77f1-4eac-9931-0542d20a14f3,SKU004604,7043,3891.32,44.75,2026-09-20
3e372ba6-59cc-4aea-b821-af891f822b2b,SKU004605,7697,7219.59,6.2,2026-09-20
eed300f4-f69c-4e28-8e88-ff5d07714291,SKU004606,10074,7637.72,24.18,2026-09-20
a77c7977-6391-4878-b3d4-5b441db76888,SKU004607,14367,10649.3,25.88,2026-09-20
6143e637-d66a-4ce6-a9f1-84cff8035961,SKU004608,9769,6080.4,37.76,2026-09-20
b6c43ab6-e26c-4ee7-ad77-8acc30c545aa,SKU004609,14044,7548.89,46.25,2026-09-20
576266ee-a715-4881-9108-738c47bed780,SKU004610,8975,7034.3,21.62,2026-09-20
3c050c26-6f48-409b-b52e-476332b1e667,SKU004611,8424,8023.37,4.76,2026-09-20
3c4c18a0-5e8d-4c14-b1dd-4a754a15bd28,SKU004612,4747,4252.2,10.42,2026-09-20
488457c4-6e79-4839-8fe2-72386c34ad5f,SKU004613,591,374.54,36.63,2026-09-20
6abea001-13bc-4c9f-8d74-d0e0f0eafe93,SKU004614,10728,6655.61,37.96,2026-09-20
7926344b-f3b2-46c7-9a1a-abc42ee6c761,SKU004615,8534,4875.92,42.86,2026-09-20
d6d15cb1-236b-42f3-8ec0-7204c756b700,SKU004616,11190,10471.86,6.42,2026-09-20
1dbeeb3b-0204-4f75-92e7-c1d1669a7973,SKU004617,1926,1419.07,26.32,2026-09-20
f93acc31-83a5-4e41-9bdf-5f7cf2b6d9a1,SKU004618,13906,11270.23,18.95,2026-09-20
428bfa0c-7a70-4388-9a30-c7957b84a692,SKU004619,10594,8643.92,18.41,2026-09-20
6802e0ad-3d33-43fc-bf1c-fbb7b3b23aa9,SKU004620,13337,8923.12,33.09,2026-09-20
6c3c72a8-d074-46c8-b632-0d096f892e28,SKU004621,7198,6032.71,16.19,2026-09-20
46560bdf-bdb9-4aa6-b0cc-ab11bc747fd3,SKU004622,12069,8082.93,33.03,2026-09-20
b366e889-eb60-4a78-afe9-d17f32a7e639,SKU004623,12252,9113.32,25.62,2026-09-20
467d87ee-0f67-491c-a283-7caaacb140eb,SKU004624,8393,6101.64,27.3,2026-09-20
b6ef7fbf-9263-4da2-b757-6daae85c23ab,SKU004625,8329,5962.49,28.41,2026-09-20
67beb8dc-51bb-477e-8cf4-43e981802a37,SKU004626,5531,2923.95,47.14,2026-09-20
985c3c96-e0e0-47c5-a999-92c14ac09ace,SKU004627,1928,1388.29,27.99,2026-09-20
1e499695-f199-4f80-b291-1b11c6f842e6,SKU004628,4974,3796.58,23.67,2026-09-20
0b82886a-37e3-4e7f-b382-da603b01778c,SKU004629,6648,5750.38,13.5,2026-09-20
11971ef1-6209-4a49-8208-b11517762ae0,SKU004630,11343,10599.23,6.56,2026-09-20
ade42733-3ecd-41e9-a906-74f3b3804369,SKU004631,9896,6084.56,38.51,2026-09-20
ca66c8e8-8854-4922-8ae9-09606b048e1e,SKU004632,11363,11084.01,2.46,2026-09-20
8ed6ce7a-afae-4d15-a66e-f9520dafcaa3,SKU004633,572,338.6,40.8,2026-09-20
0ef01838-b9f9-47d8-8920-7009c8f51149,SKU004634,2569,1856.82,27.72,2026-09-20
9363e9a9-7cd5-4569-875c-4433b4031f94,SKU004635,11741,10777.48,8.21,2026-09-20
670cb20b-48ff-41fd-880c-94d6bb9f60fa,SKU004636,9077,7424.41,18.21,2026-09-20
367932b4-372e-4ef9-b2ae-3e5831497af6,SKU004637,14881,13382.66,10.07,2026-09-20
09fdc0b3-cca1-42ef-b9e8-479cd925dcdf,SKU004638,12659,7680.48,39.33,2026-09-20
c16d5155-b82b-4670-b96f-7463ef465f60,SKU004639,9807,8867.89,9.58,2026-09-20
18abddbf-04cb-488b-bf4d-eede2bbb9d3a,SKU004640,9586,9404.7,1.89,2026-09-20
611d68ac-fc63-4101-af64-e1ab982a7522,SKU004641,1499,1374.39,8.31,2026-09-20
632e1192-4b8d-435e-b12e-3a006817fc91,SKU004642,5108,4954.83,3.0,2026-09-20
b29b3351-ed4e-4ae2-8200-a2e5f3d79551,SKU004643,14403,8190.78,43.13,2026-09-20
f7bb934a-4946-4636-a150-442adfdeb55f,SKU004644,9782,5852.17,40.17,2026-09-20
e9e07264-2d40-46d3-9803-9fa35fa2103a,SKU004645,7377,5790.75,21.5,2026-09-20
6d992612-c763-4fb5-9837-09e643f9191d,SKU004646,5675,2891.98,49.04,2026-09-20
deafbe50-9789-43cc-8e60-803fb4bfe5de,SKU004647,9694,5162.55,46.74,2026-09-20
3ea69c1d-a75d-488f-ad33-7805488d315a,SKU004648,3451,2536.46,26.5,2026-09-20
6da10900-f145-40a1-8490-2d2d196451b8,SKU004649,2374,1687.23,28.93,2026-09-20
4b3cd99c-e821-44cf-8969-dcb483e960c6,SKU004650,12605,7993.0,36.59,2026-09-20
8ff640ff-f071-40ee-8909-5b87f5930789,SKU004651,14761,14249.04,3.47,2026-09-20
715147a1-34a6-4ca5-afbc-9e140a77f1f3,SKU004652,3471,3152.34,9.18,2026-09-20
d34843f9-ea4a-4a87-94e5-6567828f4125,SKU004653,14449,7384.06,48.9,2026-09-20
f96eb4d0-afd9-4396-be59-cd175de477a6,SKU004654,13137,8109.73,38.27,2026-09-20
a069c838-d0c1-4f68-9985-16c6e5d142d3,SKU004655,13130,8336.23,36.51,2026-09-20
1d4e8ab2-2e1a-4061-b9e5-0509a1718c39,SKU004656,3193,2739.39,14.21,2026-09-20
25231d4b-0d14-4cbf-891d-e973ea9322d2,SKU004657,12799,11674.73,8.78,2026-09-20
0dd35b37-1ec3-4bea-b92f-adcff8e7c10a,SKU004658,7236,5255.12,27.38,2026-09-20
b4446779-d5f3-4a63-99c0-c40e7264b437,SKU004659,5447,3041.07,44.17,2026-09-20
0606517f-69fb-4d17-b3d9-ef8e4a849836,SKU004660,9320,9312.67,0.08,2026-09-20
ae465064-3a0b-4d17-b5d3-49515f97bdf7,SKU004661,7053,5269.08,25.29,2026-09-20
e8a246f4-88ce-43ea-809c-c4de47cc8d8b,SKU004662,12984,12001.42,7.57,2026-09-20
4b80798f-2066-4238-9d67-8f64e94b11ff,SKU004663,4294,2967.54,30.89,2026-09-20
6d3250b8-7679-4ca4-a61c-6f021dd0e00c,SKU004664,8556,7576.25,11.45,2026-09-20
f1b32465-84dd-41f1-aa29-1f3baa85f69d,SKU004665,5150,5084.81,1.27,2026-09-20
2ace34bc-e044-49f6-aec6-a25bb7c8368a,SKU004666,13160,12091.82,8.12,2026-09-20
5bc065e2-0b9d-4118-b0e4-a11bd735f5d4,SKU004667,7957,6109.97,23.21,2026-09-20
e965b973-1bd4-41e0-837b-46101685f7a7,SKU004668,1739,1364.48,21.54,2026-09-20
dd78497b-d392-420d-8619-f305b2e56a34,SKU004669,3910,3522.69,9.91,2026-09-20
6e40571c-4710-4b68-bacd-e3536223f1b7,SKU004670,628,328.85,47.64,2026-09-20
45c86a01-c093-44c9-b6f2-8181ed6773c8,SKU004671,8948,8287.43,7.38,2026-09-20
3aac2f02-69ae-4e48-86fa-85adffb7838e,SKU004672,3976,2481.13,37.6,2026-09-20
a7d32dfe-1309-48b8-b68b-0dd091f8cff9,SKU004673,13275,12964.12,2.34,2026-09-20
f2898574-044c-4f20-b554-48d8ccfa0dbb,SKU004674,1814,1354.87,25.31,2026-09-20
c9a91a4a-03b2-4941-8cdc-9b3025e06f8a,SKU004675,5749,4220.14,26.59,2026-09-20
59b05ec7-89c9-4f7e-80a6-e4815175c60c,SKU004676,7684,6268.07,18.43,2026-09-20
45cccc26-88c4-4c70-aed5-6acb8168da7b,SKU004677,10634,8488.31,20.18,2026-09-20
333d9ba0-e5fd-4580-984c-d6ab0056f7a6,SKU004678,6631,4259.45,35.76,2026-09-20
b69508c0-6cd4-4137-a494-62ba6760374f,SKU004679,1991,1509.88,24.16,2026-09-20
31829ae7-9432-437d-b510-c7013450e31e,SKU004680,8430,5576.43,33.85,2026-09-20
e8379257-0283-4009-8c17-13b92e378e8d,SKU004681,2905,1656.39,42.98,2026-09-20
e3469b24-d375-4abb-b33f-607c8ecb725c,SKU004682,10614,6053.93,42.96,2026-09-20
abcca10c-58fa-489a-a1a2-945588bc4e47,SKU004683,8524,6225.29,26.97,2026-09-20
cbac1805-6d50-49c3-b1b7-8c891eb73585,SKU004684,7906,7264.33,8.12,2026-09-20
9007c119-e57a-4abd-bb07-914b43eaef1b,SKU004685,7240,5554.89,23.27,2026-09-20
1d0c7bd8-602a-44e5-a19d-54947e7c8084,SKU004686,14830,13999.87,5.6,2026-09-20
48eea66c-f989-42c0-b813-7145d9424b95,SKU004687,4253,2737.76,35.63,2026-09-20
89c722f6-0963-4d5d-9d20-82a83bf2ede3,SKU004688,10988,9030.1,17.82,2026-09-20
6ee2c688-577c-4b96-abe3-f93cf6bd6a0e,SKU004689,9578,8566.98,10.56,2026-09-20
ed428408-7cee-4b7d-ad5d-862aee89a7ca,SKU004690,9328,5558.72,40.41,2026-09-20
42986fa7-e96b-4dc3-a6a1-96fdda3da97f,SKU004691,7634,4979.02,34.78,2026-09-20
2c1827c8-adda-49d3-aa5b-90a49f4a86ac,SKU004692,13803,13542.43,1.89,2026-09-20
8af5826f-b19c-4bd6-88e7-10a40397dc8d,SKU004693,7041,6127.74,12.97,2026-09-20
192e6b5a-34f4-4ed8-b772-e92c35bb3d91,SKU004694,1555,1548.08,0.45,2026-09-20
dc704f5a-8f8c-492e-ba9d-4e73e1cd56f1,SKU004695,11567,6457.33,44.17,2026-09-20
55cfa504-c89e-4401-957a-733ca198eb6c,SKU004696,11367,7422.18,34.7,2026-09-20
03a55a31-141e-4cc3-9aca-a4245977fff1,SKU004697,14663,10579.23,27.85,2026-09-20
1c330e6b-7530-413e-b5d4-67620d32b7f8,SKU004698,6320,3937.79,37.69,2026-09-20
1d595cc2-6edf-4531-acb5-d6e5c143f22d,SKU004699,5979,3720.38,37.78,2026-09-20
e6106c33-7197-4ec6-b12e-13f505481ad0,SKU004700,13861,13328.32,3.84,2026-09-20
bd809151-cc35-4d95-83b9-77e100f03c3f,SKU004701,3053,2516.56,17.57,2026-09-20
b3ea230b-5464-41c9-baa9-c419225c048b,SKU004702,6355,4193.26,34.02,2026-09-20
f8862fc3-10f7-4f52-a436-6e923bf11a21,SKU004703,1137,653.04,42.56,2026-09-20
02f8a740-2889-4012-9b2b-5cdc8ae5e324,SKU004704,8876,5069.81,42.88,2026-09-20
f8b53142-e008-4cb4-8a3f-ce75c7da39ae,SKU004705,12402,6643.6,46.43,2026-09-20
b3d72319-42f3-45d9-b8f0-062a8aabe2c0,SKU004706,13430,11786.08,12.24,2026-09-20
88feb719-9b63-43c8-bae5-cc0e9df5d673,SKU004707,4821,3562.55,26.1,2026-09-20
c27504ce-f950-4b97-8815-59d3e81f48ff,SKU004708,10118,8644.62,14.56,2026-09-20
d438e3e1-2bd8-4c10-89a8-5c60626f7ab3,SKU004709,10803,5825.82,46.07,2026-09-20
94916ced-dbb1-4309-ab0a-a03a1be1be73,SKU004710,11571,5925.24,48.79,2026-09-20
6343f8df-6b12-48f5-894a-27889d6721a4,SKU004711,13658,12962.3,5.09,2026-09-20
d96c6012-7f75-48b9-8f58-b5051ba052e8,SKU004712,11614,6730.71,42.05,2026-09-20
2b8eaf66-e998-4a03-b82b-e78c0dd42b3a,SKU004713,9952,6240.4,37.3,2026-09-20
fde13300-0ae2-4777-82c3-ac1a27aacf6b,SKU004714,8614,6877.83,20.16,2026-09-20
c566afee-ec3a-4c2e-9f7b-1d542c971cde,SKU004715,13382,11265.5,15.82,2026-09-20
ecefa6ec-d8ab-4c2b-b673-930cd1853561,SKU004716,5264,5248.2,0.3,2026-09-20
3bbff2ce-4040-49e5-af9c-ecfa99f4ce28,SKU004717,9598,8978.23,6.46,2026-09-20
dd29bf52-6690-4e86-9cc8-a56615820396,SKU004718,6419,5997.41,6.57,2026-09-20
e327e5c5-32f5-42cb-b7ae-8471485dc510,SKU004719,11288,10012.04,11.3,2026-09-20
fce082a3-8d30-4eae-8634-0b189f7eef39,SKU004720,13750,11951.01,13.08,2026-09-20
cad05d9a-1d8b-4702-916b-02d08c728ea8,SKU004721,12144,7050.85,41.94,2026-09-20
afc0d6e9-d51a-4c0c-8179-eb2171fe44c7,SKU004722,12054,9562.95,20.67,2026-09-20
8d975119-b356-46cc-9d20-6e44426cb649,SKU004723,7926,5745.12,27.52,2026-09-20
d71b452d-e489-48cd-928f-e673bb6feaac,SKU004724,10998,10991.33,0.06,2026-09-20
5d6b1788-ddb7-4f28-9dbb-703d54a16630,SKU004725,2275,1834.47,19.36,2026-09-20
a1108cd9-45ce-44f7-aeca-6e6be0e07f88,SKU004726,12927,8473.48,34.45,2026-09-20
5c5f8255-ab31-433b-835a-9e79bdfc9b4c,SKU004727,9839,8574.07,12.86,2026-09-20
9ba5564d-88ae-46d2-8ca8-f81d85e17dd8,SKU004728,5430,5284.54,2.68,2026-09-20
3ab19698-b9d0-4a34-bfca-3c454c62813a,SKU004729,2936,1926.49,34.38,2026-09-20
44031b50-bbb8-4e64-8aa2-617c40642d57,SKU004730,10700,6062.49,43.34,2026-09-20
9ca9903e-8925-49e9-8bde-9aeb47f14f84,SKU004731,9176,4787.26,47.83,2026-09-20
734a4705-9f2d-4762-b9eb-f7356dafa0a1,SKU004732,7384,5408.02,26.76,2026-09-20
06ae5729-4845-4a8c-a34e-d217bb1fe32a,SKU004733,13839,7115.04,48.59,2026-09-20
a80fece9-57cd-480a-87e0-c680e35cd258,SKU004734,7328,6428.09,12.28,2026-09-20
9826b7ba-b1e8-400b-99ee-ac7a07178c20,SKU004735,3143,1820.59,42.07,2026-09-20
bb8642b2-50f6-4d58-996b-381880e32ba2,SKU004736,8660,5795.07,33.08,2026-09-20
413d2349-a644-4cbb-9712-3c185b3c15d3,SKU004737,10699,8749.63,18.22,2026-09-20
162a8400-835e-48b2-8d52-29fff86ca3a5,SKU004738,14252,9340.12,34.46,2026-09-20
1833113d-1b51-4ebc-b2f5-4e974d48d9a4,SKU004739,2637,1339.12,49.22,2026-09-20
b57480c9-f9e9-4da8-bb3a-f07c45f3d7e1,SKU004740,14457,13162.39,8.95,2026-09-20
d4b529cb-7e19-4907-b6f0-c7e652148e67,SKU004741,13710,11724.63,14.48,2026-09-20
a0494ae5-389f-4cc4-8868-abf798859eaa,SKU004742,7509,3950.16,47.39,2026-09-20
e4afb81e-929c-4200-820b-ddc83175f7fd,SKU004743,6386,5548.69,13.11,2026-09-20
0b08685f-13e1-4a07-a8fa-e07e2746dc5a,SKU004744,519,389.54,24.94,2026-09-20
73af3f3d-0ac9-4ba1-943d-de0f88494878,SKU004745,2959,1817.23,38.59,2026-09-20
beb81d1c-0510-4db6-be16-dc0a16b700be,SKU004746,2067,1442.64,30.21,2026-09-20
81d4d184-a845-42ea-9dd9-e919a311cfec,SKU004747,6111,6050.4,0.99,2026-09-20
63f763af-6acc-4792-9fe1-bf4b4580fa7b,SKU004748,4072,2110.01,48.18,2026-09-20
c37d7820-c8b9-4b4f-9946-057378d03c6e,SKU004749,12833,6941.77,45.91,2026-09-20
882fb38a-46f8-428d-a331-9307c789b775,SKU004750,1929,1340.31,30.52,2026-09-20
7572bc59-18f9-4203-959e-5725b02e17cd,SKU004751,5132,4079.85,20.5,2026-09-20
92c43f24-bcfa-4210-8386-26d1b43a2c8d,SKU004752,1196,859.13,28.17,2026-09-20
69e0184b-a2db-4bf8-bad9-950b689e5989,SKU004753,552,529.65,4.05,2026-09-20
4570a3fb-aa1a-4d88-9c3b-d7155e717f48,SKU004754,2879,2808.25,2.46,2026-09-20
de0b4bb6-6802-4fe7-9df1-604d5eb5ff56,SKU004755,13802,13603.39,1.44,2026-09-20
52f2a13d-ea86-4e28-b306-323e986343bc,SKU004756,13811,11298.33,18.19,2026-09-20
dfab68c7-c58c-4d6a-a894-54fe854bcbaf,SKU004757,11469,9090.2,20.74,2026-09-20
7219a70d-8fb3-4d34-9be6-3921fa4c5cbc,SKU004758,7635,5458.16,28.51,2026-09-20
ddaf032d-ebdf-4b18-929e-2e2a49613f8a,SKU004759,4087,2557.12,37.43,2026-09-20
09917ee2-a46f-4986-8e65-bba2c19f5232,SKU004760,6083,3270.56,46.23,2026-09-20
f88d813d-d5cf-4532-ad72-398c5702c138,SKU004761,13893,7328.4,47.25,2026-09-20
393e71de-3d15-4bea-987b-eebf4570b5da,SKU004762,9544,5512.48,42.24,2026-09-20
57091195-1505-4acd-b9dd-4fe9e2e59d67,SKU004763,3299,3294.0,0.15,2026-09-20
17159533-2afd-4bdf-a24b-b04c26369376,SKU004764,10511,8314.88,20.89,2026-09-20
03b8c0f0-f981-45ed-9e15-fd03b166ee64,SKU004765,12892,6972.39,45.92,2026-09-20
64f0c12a-4877-47b4-9f8b-1a4963777cfe,SKU004766,6106,3799.86,37.77,2026-09-20
cd7bcd08-3587-4d8f-9f8d-ac148b6a1b3b,SKU004767,12171,8434.16,30.7,2026-09-20
826a1e5a-7ca4-4385-950d-047e006a9b36,SKU004768,14313,12346.49,13.74,2026-09-20
561a2a3a-c9c1-4422-8da4-c357db5a866b,SKU004769,9753,5408.11,44.55,2026-09-20
14be2552-f3ab-4ac8-a3d8-68fe88620bd4,SKU004770,4315,4113.83,4.66,2026-09-20
4860ab72-71b3-4398-b589-57e748a697d8,SKU004771,3685,2951.88,19.89,2026-09-20
a150ddd5-c2f9-476c-b52b-788a6be698f6,SKU004772,12389,11936.37,3.65,2026-09-20
5a575587-1f1e-40a9-b786-837627323804,SKU004773,7946,4828.43,39.23,2026-09-20
31c972ea-2c5d-4526-81a5-747ac59730e5,SKU004774,1893,1725.9,8.83,2026-09-20
afd11d55-bd50-405a-a67d-acc3bd6bd1bb,SKU004775,9834,6442.31,34.49,2026-09-20
2487c4b1-f7cc-4f00-80d5-e59dcf59fb01,SKU004776,10622,9056.99,14.73,2026-09-20
0d1de2c2-004e-41ae-84a2-0bd49bef269a,SKU004777,2610,2232.72,14.46,2026-09-20
157a782b-bc21-4a2d-a14f-c0c2bd6f16fe,SKU004778,1281,1088.01,15.07,2026-09-20
3a93f692-5c33-4f9e-9446-f527ad449ed6,SKU004779,10542,10022.46,4.93,2026-09-20
92b49e11-af93-4982-944e-799c46044c08,SKU004780,8158,4278.34,47.56,2026-09-20
b26d70f5-9592-489a-9b10-dbce2084c0c7,SKU004781,1841,1293.9,29.72,2026-09-20
b4da6ba3-2f6e-4c24-bf40-8417242190c2,SKU004782,2737,2101.18,23.23,2026-09-20
1897e762-8c1f-48c2-82c0-9b5009c420f5,SKU004783,2175,1521.39,30.05,2026-09-20
c4617dc0-39d4-4e8e-b61f-195badcb8225,SKU004784,6452,4154.19,35.61,2026-09-20
af0eab95-b627-4c29-ad3b-25c6107a2f28,SKU004785,11559,10453.41,9.56,2026-09-20
b5986458-a92a-4c6e-abcf-5d7672944118,SKU004786,11398,10588.86,7.1,2026-09-20
9e55f1db-1658-4528-abd8-38c5a8802ce9,SKU004787,12341,9213.4,25.34,2026-09-20
2a22c2f9-73f8-4fcc-b954-93c9b733865a,SKU004788,4785,3001.6,37.27,2026-09-20
f8c8abeb-3f7f-40b1-8b8a-7eadcce48c3b,SKU004789,7330,4894.84,33.22,2026-09-20
be4a166d-3ccc-46c3-bfc1-65afb3cc7fb9,SKU004790,6735,5171.91,23.21,2026-09-20
9534c3f2-34dd-4ddb-82e5-f75ab64e61b9,SKU004791,13952,11837.14,15.16,2026-09-20
7e6f5b9b-32a4-4571-9ab7-653a3a461947,SKU004792,8609,4678.63,45.65,2026-09-20
5443cfc6-e14b-4162-bd46-154836f1012e,SKU004793,2657,1978.95,25.52,2026-09-20
5c3216e3-6ba3-4f7b-83fd-40b13108ab98,SKU004794,3764,3437.68,8.67,2026-09-20
6e82a763-36f7-47b3-8973-a49f5993e700,SKU004795,4965,4794.26,3.44,2026-09-20
8db19698-08b9-42a1-ae99-31bac1d27443,SKU004796,13359,7529.12,43.64,2026-09-20
20ecec7e-0fda-43a2-996d-eb74eed145fb,SKU004797,11548,8359.33,27.61,2026-09-20
29899b47-ec6b-4b02-ae02-cfa79a099749,SKU004798,2931,2573.02,12.21,2026-09-20
0c8c4e05-3306-4282-a0fc-b2f9000e7064,SKU004799,11828,7752.92,34.45,2026-09-20
12f31d3d-1665-4ca0-85d5-c561bc510865,SKU004800,9463,5896.82,37.69,2026-09-20
849950d8-989d-46c6-98f8-7884910686a1,SKU004801,10821,6620.8,38.82,2026-09-20
a262d4ea-3d70-4944-9816-68bc77560b06,SKU004802,12923,9615.57,25.59,2026-09-20
49e478b1-b1ee-4051-ac71-362ef44012c8,SKU004803,4762,3378.36,29.06,2026-09-20
28cfd355-3f2f-41e2-a518-e2210dca4086,SKU004804,1538,1060.44,31.05,2026-09-20
73589e53-88cd-40b5-856e-414f58f9c3ec,SKU004805,10256,6221.6,39.34,2026-09-20
463cf73a-6f50-4e58-8291-8626a9a2bab0,SKU004806,12384,10975.03,11.38,2026-09-20
2a458e1e-405e-4c99-a42b-1e65b7973793,SKU004807,12256,6836.23,44.22,2026-09-20
1a0ed022-a0e1-42c8-9cca-8bc750457a07,SKU004808,14766,7445.48,49.58,2026-09-20
aa7f87bd-53d1-4b5c-9a60-415aef96aeaa,SKU004809,6605,4621.08,30.04,2026-09-20
61bba461-fea1-4772-9274-fb4d9d132c82,SKU004810,3154,2466.6,21.79,2026-09-20
4abb780a-49b5-4852-b194-4b035a5f387f,SKU004811,10714,6148.49,42.61,2026-09-20
9fd88907-a680-4ce3-a342-5b99530d51e5,SKU004812,6273,4405.41,29.77,2026-09-20
d3fe4485-1af3-47de-965e-728751f3910d,SKU004813,12109,6927.61,42.79,2026-09-20
48d28d87-a863-4f59-8e46-f99e2d29a671,SKU004814,11801,10038.52,14.94,2026-09-20
2b8a5228-27ca-47f0-8699-bf0d94a95356,SKU004815,10004,6982.68,30.2,2026-09-20
e9c237b3-3f57-4c2a-a32f-0c254131c3e2,SKU004816,2046,1105.92,45.95,2026-09-20
70de89c0-55cf-4398-b102-2060212a92cf,SKU004817,616,390.98,36.53,2026-09-20
1db0588d-7ca6-4c4a-8b1b-7af480c571af,SKU004818,4087,2839.01,30.54,2026-09-20
3bba2676-536f-4d4d-a8ee-824e3dd59ab0,SKU004819,4834,4184.64,13.43,2026-09-20
e7889b52-0a5e-4403-bb50-c3fbff668eb2,SKU004820,2449,1790.85,26.87,2026-09-20
41f653ca-6388-4ac3-abcd-20669b1b8d6d,SKU004821,898,841.41,6.3,2026-09-20
83b21ba0-a74f-4a23-88b2-695e5b1ad380,SKU004822,2875,1651.79,42.55,2026-09-20
f72f8b97-d997-4b74-bd1f-8cc0042ed8e5,SKU004823,4140,3649.86,11.84,2026-09-20
cd90e271-ca25-4e0b-a3ba-ba3e2b060551,SKU004824,947,910.28,3.88,2026-09-20
582bd496-21eb-433a-9044-7e73c8bf44fc,SKU004825,10798,6703.26,37.92,2026-09-20
d6772eab-7c23-4aa4-bd37-259d4510a750,SKU004826,14963,10661.12,28.75,2026-09-20
c3924686-712d-4818-bce9-a45b7f1fb049,SKU004827,3330,2890.07,13.21,2026-09-20
d3ed050a-bad9-438f-9b5e-35516dbd3b30,SKU004828,5611,3613.51,35.6,2026-09-20
cdd2e3b1-d6de-4ad0-b1ff-e6e97cdacb67,SKU004829,4456,3211.72,27.92,2026-09-20
4e30bbed-c1bd-4754-aef5-b6af2da02596,SKU004830,10677,6367.63,40.36,2026-09-20
6064342e-f17f-4cf7-aafc-14cf32d132f1,SKU004831,1868,1787.02,4.34,2026-09-20
f1001b8e-b137-4bae-8a4e-bc3dcf2b1b25,SKU004832,7691,6458.36,16.03,2026-09-20
89895187-9109-463d-bca1-04b22057ef41,SKU004833,5139,4604.47,10.4,2026-09-20
0028c5c8-0471-4d39-82c2-d32e5b216752,SKU004834,10242,6947.02,32.17,2026-09-20
7fe9b2e9-e422-4f60-8f15-8cc222f09700,SKU004835,11418,6412.93,43.83,2026-09-20
f745dfeb-9772-4d73-b0f7-0dd29719ab3d,SKU004836,5571,4993.21,10.37,2026-09-20
803cd9a3-de1c-46e3-8c83-e4b42d451a6c,SKU004837,10588,7873.95,25.63,2026-09-20
f4c7ad34-9b7e-48ad-bcc8-b849bbfd86be,SKU004838,548,428.98,21.72,2026-09-20
c71a63d8-9e7a-465c-ae48-c6653e61bbef,SKU004839,13850,11956.11,13.67,2026-09-20
c5973caa-2fa5-419f-9627-9663fe829887,SKU004840,2795,2280.46,18.41,2026-09-20
c16f6e32-f3a6-4131-a255-66fe5313ea39,SKU004841,10212,7806.8,23.55,2026-09-20
8f5a106e-0348-4435-a049-36ce936998c8,SKU004842,11543,7400.84,35.88,2026-09-20
da12e5dc-6bfe-4a9a-bfea-e0566ae8f831,SKU004843,3752,2471.76,34.12,2026-09-20
9416f529-585d-4721-b29a-45b489f09019,SKU004844,2969,1949.21,34.35,2026-09-20
4c935bb7-96c7-40ae-a312-6350db10d0d0,SKU004845,9247,8222.08,11.08,2026-09-20
d211625c-8ff2-425d-9e1e-fca848c8f7c1,SKU004846,9770,7260.64,25.68,2026-09-20
42665f94-3401-49c6-b9f2-5bcee473a677,SKU004847,1340,924.32,31.02,2026-09-20
abef79f5-1ac4-4ca4-98cd-58827f156d71,SKU004848,13741,11096.56,19.24,2026-09-20
444f703a-44a6-4be0-a3d9-af9492888bea,SKU004849,13705,12150.57,11.34,2026-09-20
326bfcd5-2d92-4066-ac70-f59d8ffc2b1f,SKU004850,13121,10171.09,22.48,2026-09-20
86d80b98-8b35-4491-a4b8-d62cfaaf0852,SKU004851,4064,3877.33,4.59,2026-09-20
3a84c63f-6e60-4cf4-b33c-08902c5748d3,SKU004852,1406,1222.93,13.02,2026-09-20
9a79cafb-7629-4341-ba66-5cec8211b362,SKU004853,6576,4102.27,37.62,2026-09-20
6153ce8e-879e-4828-b60f-46ba3e20ba5a,SKU004854,11964,10079.51,15.75,2026-09-20
adb3fa53-2c26-4c60-b8dc-bd6aefa6f4de,SKU004855,5272,3454.08,34.48,2026-09-20
6441b022-d509-46e4-8e6d-a13cb99ad6ad,SKU004856,2373,2106.11,11.25,2026-09-20
83bca4c6-732c-4832-8e8e-71a459832a60,SKU004857,9022,6052.69,32.91,2026-09-20
a9181352-6f2a-4017-8b6b-158935352545,SKU004858,7855,6671.74,15.06,2026-09-20
2164761e-52e1-4edf-93ce-dc6a0d40f159,SKU004859,6167,5448.66,11.65,2026-09-20
9822dd02-adda-4438-b98e-d64f2a73b02d,SKU004860,10081,6880.84,31.74,2026-09-20
ebac08c2-b842-432d-bbe2-31d304acb7df,SKU004861,2978,1749.63,41.25,2026-09-20
05a4df58-e839-4b97-8a70-02aff792f1b9,SKU004862,5396,2842.71,47.32,2026-09-20
906d34ac-946f-4b5b-930c-2f56d99342db,SKU004863,9599,9531.91,0.7,2026-09-20
4633330e-7876-4246-beeb-2314cb0a4ad0,SKU004864,8228,6302.99,23.4,2026-09-20
b599dbd3-6b6e-42e5-bdce-f57fbbd8d830,SKU004865,5571,4314.23,22.56,2026-09-20
1e76c29e-278b-465b-b91f-7fe1e63a8bfb,SKU004866,8150,7313.36,10.27,2026-09-20
a52c6e86-fe4c-4a78-a64c-0d5a122a3036,SKU004867,8266,7034.86,14.89,2026-09-20
7901bbaa-83b1-4425-821d-5e3854c97585,SKU004868,3747,2033.85,45.72,2026-09-20
5ac40431-2028-4959-aeae-948de3ff66ed,SKU004869,4246,2578.95,39.26,2026-09-20
5073ac6f-f74c-4b92-b34c-b654d0924951,SKU004870,661,395.42,40.18,2026-09-20
01c52ccb-3d73-44c0-8f33-3a7c47b74754,SKU004871,13870,13619.62,1.81,2026-09-20
3db8818e-7bd0-4fa9-bf3a-acd97b36c4a3,SKU004872,2719,1443.92,46.9,2026-09-20
cd4049b2-e84d-47b8-87ea-941b3977759f,SKU004873,4385,4068.74,7.21,2026-09-20
e8a918e4-c7e7-4693-b5df-13ee3ce50962,SKU004874,1701,1494.96,12.11,2026-09-20
68de8475-986c-449c-b647-321241c9c512,SKU004875,3490,3188.8,8.63,2026-09-20
5cea56a2-6de9-462a-8afa-85be59b6b062,SKU004876,2856,1598.35,44.04,2026-09-20
0bca5955-0361-43d4-a43a-f1ab8a8b3904,SKU004877,2115,1964.06,7.14,2026-09-20
c40920bb-9933-4a7a-9941-3c5b335e130d,SKU004878,9591,5539.14,42.25,2026-09-20
1fb9cac1-7d7e-42af-93c3-f981dfab3c93,SKU004879,629,590.61,6.1,2026-09-20
1267bfdd-198e-4c88-8339-2938379371a0,SKU004880,3031,2863.75,5.52,2026-09-20
1b5e8f10-6b6f-42df-bd15-e34807be11d7,SKU004881,14587,11779.13,19.25,2026-09-20
0ac87b71-d933-4b46-bbd8-edd35b850c61,SKU004882,10545,6926.67,34.31,2026-09-20
1298bd66-193c-4081-99cf-10cc63e179d2,SKU004883,10995,10367.03,5.71,2026-09-20
05feb657-79b3-40bb-8172-c63901fd980a,SKU004884,13370,7253.28,45.75,2026-09-20
d168c4d3-547f-4086-be36-f577f96f53ae,SKU004885,4576,2400.17,47.55,2026-09-20
1a257126-39fb-41b2-8242-00e953780134,SKU004886,12618,9586.79,24.02,2026-09-20
83052c38-a3e6-4a0c-be34-f56f31eeb9e4,SKU004887,14666,12472.44,14.96,2026-09-20
b6c6ba4c-7926-4bd6-b406-1a0fe3ef1663,SKU004888,10934,9454.89,13.53,2026-09-20
f0c170a3-ae7f-43e4-ab3d-b5db2f9daed3,SKU004889,13917,9239.51,33.61,2026-09-20
db861735-3c7d-4780-a7fb-39953d30fa66,SKU004890,5451,3439.66,36.9,2026-09-20
03b7cc08-72f8-42d3-8cfe-8cf98475cdae,SKU004891,8313,7279.52,12.43,2026-09-20
9d679bd7-821d-4587-be54-3710d78f68da,SKU004892,4077,3758.23,7.82,2026-09-20
4ecc9061-5430-4f30-9527-de7d0707a6a1,SKU004893,10413,8231.67,20.95,2026-09-20
84c5ea83-f017-49a8-89e0-bb7aa584b4ac,SKU004894,7713,4418.12,42.72,2026-09-20
862d4c69-a8e4-49b8-b45c-a25dfc7aa4fd,SKU004895,539,518.45,3.81,2026-09-20
4bca4c34-0df6-43eb-a456-60f71b56c387,SKU004896,14686,12597.65,14.22,2026-09-20
f5a87cfc-6a69-4d04-82e0-68b9a4756fc9,SKU004897,13544,10543.6,22.15,2026-09-20
216b65e7-0019-4099-90f9-e98e9128af69,SKU004898,560,452.36,19.22,2026-09-20
dedc7ca5-16dc-47ee-842f-bf4eba8cde97,SKU004899,7025,6820.42,2.91,2026-09-20
df98da10-0b0b-4383-b537-62d541092eb3,SKU004900,9608,6598.57,31.32,2026-09-20
755a10ea-12c4-41ce-aa8c-44d822a156ba,SKU004901,5782,2961.5,48.78,2026-09-20
d0850916-1a66-4a76-81d5-307f2e3d2f26,SKU004902,635,503.23,20.75,2026-09-20
89d6bd0e-16e3-479e-99bd-c60b6141a4e2,SKU004903,8301,5109.27,38.45,2026-09-20
769e3bcc-cede-4e73-a1e7-9c5ddc340f33,SKU004904,4253,4041.76,4.97,2026-09-20
594b83bc-909e-4a2a-b51f-cf5fdc775518,SKU004905,4499,2874.35,36.11,2026-09-20
a5e2d94a-35c2-497f-84e1-da7b252fb416,SKU004906,10782,7714.7,28.45,2026-09-20
fb41b20e-7c92-4ead-bde3-f752528ad8d4,SKU004907,13156,12037.02,8.51,2026-09-20
7f237615-a2f0-478d-a35d-950e89dc347b,SKU004908,9844,7114.29,27.73,2026-09-20
de50da26-83b0-4653-93b9-2c31782f0faa,SKU004909,10686,9577.86,10.37,2026-09-20
177ba663-15ac-4e6e-b640-f47ae1a3874d,SKU004910,549,284.63,48.15,2026-09-20
dca3fc53-642c-4da7-a207-c7d67158b429,SKU004911,4564,3407.24,25.35,2026-09-20
b513dfff-8c2b-476a-a57d-7ec74b720752,SKU004912,3625,1886.12,47.97,2026-09-20
d75bb1ab-a668-4794-8461-d5a654f57c7f,SKU004913,8226,6038.03,26.6,2026-09-20
bc4c2cbe-a785-4cca-a21a-d1abff1cce08,SKU004914,14021,10894.19,22.3,2026-09-20
50e7b7de-6e94-414e-9282-b505341f8404,SKU004915,10541,5558.89,47.26,2026-09-20
0f92d124-675e-4d46-b9e3-be8dd23ee1c4,SKU004916,797,594.17,25.45,2026-09-20
3fb9c5ac-6a46-4723-b5b1-7dde64dc20bd,SKU004917,14091,9471.4,32.78,2026-09-20
044e53ff-efb4-40f4-bf63-2acf6d7a5efd,SKU004918,10132,9963.18,1.67,2026-09-20
66f103d3-849a-46e5-a9bf-043fb2ff1e86,SKU004919,9713,6494.56,33.14,2026-09-20
8e9d16e0-5c0c-4585-958e-6749f0098b31,SKU004920,11999,9468.91,21.09,2026-09-20
064aa8c7-4c43-48e5-a4ad-ea58c2ac69d9,SKU004921,10862,8593.47,20.89,2026-09-20
b9885e03-ecca-4501-b015-f8a91e5d388d,SKU004922,5771,3664.66,36.5,2026-09-20
7eff371a-9b30-4803-9b4c-8805c7071cd5,SKU004923,8023,5321.73,33.67,2026-09-20
45c01b41-b638-4b91-9f48-4cc0400f4300,SKU004924,6920,3943.22,43.02,2026-09-20
ef4c063e-d852-4d6f-91c6-6d7e81ec0c55,SKU004925,1459,929.39,36.3,2026-09-20
065a9b0c-00b8-41ec-b358-d69737bf7c2c,SKU004926,10777,9238.51,14.28,2026-09-20
dfee5f05-70d6-4ff8-871a-72a5d4baa25d,SKU004927,10982,8225.28,25.1,2026-09-20
d7d7016d-9e09-487b-8522-d58d4b3d513d,SKU004928,2957,2769.73,6.33,2026-09-20
1d9162e0-2e6f-4776-8e96-d0c5f93bda0b,SKU004929,5030,2916.67,42.01,2026-09-20
84ff382a-68a2-498c-b571-9bd7fabd55d9,SKU004930,9736,6522.64,33.0,2026-09-20
3fb51b84-2f40-4aab-b3f4-12c990703950,SKU004931,3999,3122.96,21.91,2026-09-20
03ad5169-d918-46a9-8757-41bb11af401c,SKU004932,5283,4288.64,18.82,2026-09-20
31ba6910-0be0-4cd1-9961-d5981cfad6e0,SKU004933,2037,2016.09,1.03,2026-09-20
f0ed75f7-d766-48a4-93d0-48ffe6a419ea,SKU004934,1245,722.83,41.94,2026-09-20
d589724d-fe85-4d34-b943-702e600dca1f,SKU004935,1619,1304.23,19.44,2026-09-20
a8f46e18-542c-4738-a624-bd66f3a93483,SKU004936,5687,4373.33,23.1,2026-09-20
8bc05472-134f-4d29-89a2-b369a1be7905,SKU004937,2975,2947.66,0.92,2026-09-20
e12c2b2f-e067-43e7-8e4c-3fd6eebe9745,SKU004938,5077,4998.06,1.55,2026-09-20
57ec7564-617b-4ad7-9ff5-4c4e102bde61,SKU004939,12752,8606.85,32.51,2026-09-20
ae243a60-1f82-49e3-912d-d2e45b73689d,SKU004940,10599,10180.41,3.95,2026-09-20
e4e5285b-4ee7-4eca-9565-0b01a43dc984,SKU004941,8494,4301.47,49.36,2026-09-20
2827eaf1-13f0-439e-81dc-d45286b1f997,SKU004942,2989,2196.42,26.52,2026-09-20
3eb3f311-fe7e-442b-a16e-b4224606ed17,SKU004943,12549,6395.25,49.04,2026-09-20
9dbe775a-fc21-4548-838b-44ddac009ac9,SKU004944,6388,3619.8,43.33,2026-09-20
d4a4c396-b0d0-43bf-95cc-1d25db2fc333,SKU004945,5792,3055.31,47.25,2026-09-20
3c2f4f06-8e52-4dfa-825f-0fe12a7a2b17,SKU004946,11639,6786.94,41.69,2026-09-20
96bf4f81-3b55-4064-8c8c-b283d280d276,SKU004947,8192,5899.01,27.99,2026-09-20
a9f0024d-991d-464f-91be-2c9c1721c578,SKU004948,757,553.4,26.9,2026-09-20
d48f7f46-2830-4ea6-8dc0-d1c46359708d,SKU004949,7595,3915.04,48.45,2026-09-20
d88301d0-7533-434e-9b27-c2e82a9c836d,SKU004950,12091,10610.47,12.24,2026-09-20
0730917d-0731-45e7-9994-b151ea8a9164,SKU004951,10367,7560.14,27.07,2026-09-20
72575c17-d0a3-48c3-b258-2a5c3155cf49,SKU004952,7707,6130.93,20.45,2026-09-20
c9bd3e92-43ca-42ad-84f5-1a15693dedc8,SKU004953,9729,7496.68,22.95,2026-09-20
8dc873be-2a10-4de0-9e3b-d10f98617728,SKU004954,1377,1290.98,6.25,2026-09-20
85463a9a-f51f-4ff6-8c18-9bdb5011261e,SKU004955,4598,3107.19,32.42,2026-09-20
ee087a22-27a2-4fba-a514-af284bb5430c,SKU004956,2704,2187.69,19.09,2026-09-20
d06e3ace-76cb-49e2-a01c-98a40e902507,SKU004957,9537,5563.02,41.67,2026-09-20
dcab9ad1-2d5f-4f72-a13d-9fa7bad346bb,SKU004958,14464,13233.15,8.51,2026-09-20
93935f97-6a18-421e-ad17-0394b0eba0d9,SKU004959,8745,5133.46,41.3,2026-09-20
7fa0d037-d8e2-4893-9634-926ffbeba39c,SKU004960,7838,6886.27,12.14,2026-09-20
97ff351a-3e0b-4a63-b3e7-43326d4520e2,SKU004961,6341,5929.66,6.49,2026-09-20
b372ba7e-0248-417f-aeb7-136589652487,SKU004962,504,353.47,29.87,2026-09-20
d6b43ce6-a741-495e-82c1-8fc3d344b37d,SKU004963,12399,7205.09,41.89,2026-09-20
851e92f3-8635-4a86-b71b-2ed61ea5d754,SKU004964,12585,8203.93,34.81,2026-09-20
bd1dd5dc-6fdc-406c-93bc-3c3898755486,SKU004965,6573,4959.94,24.54,2026-09-20
c858c58d-c27c-41dd-8d7e-40649883df73,SKU004966,1335,1234.31,7.54,2026-09-20
1d5f2a2a-71de-4161-a1e0-f11d81ee43c3,SKU004967,11170,5778.08,48.27,2026-09-20
d73f8138-f3a5-48d3-8af7-2792743c8715,SKU004968,14123,9449.75,33.09,2026-09-20
86dfa813-e6ce-44a8-9f34-011903a3aa76,SKU004969,9364,7099.19,24.19,2026-09-20
6d03bd30-230e-4a86-aae3-d500d37e6ff6,SKU004970,7565,4945.13,34.63,2026-09-20
311eef0e-6bee-45f6-a7a4-ddc4944df1a7,SKU004971,1695,1254.19,26.01,2026-09-20
579605af-8b23-4193-b26e-ced7823a5836,SKU004972,8448,4860.8,42.46,2026-09-20
62d0472f-929a-4cf1-9d5d-81d60f7e26ec,SKU004973,6941,4487.64,35.35,2026-09-20
41368d72-3f82-4d0f-8fc8-83cbb084e15c,SKU004974,8554,8038.85,6.02,2026-09-20
1564e051-94e3-44bb-87e8-e7981a9feeed,SKU004975,13932,9503.98,31.78,2026-09-20
6e471686-ca4c-432f-a35c-6709c3f58480,SKU004976,6191,3983.75,35.65,2026-09-20
9e4fdfe3-2eb9-4ff9-88cd-6ae139ffdebe,SKU004977,540,370.25,31.44,2026-09-20
9e5e5d6d-96b6-459c-9b03-01326750e4ac,SKU004978,14411,9051.41,37.19,2026-09-20
3edfbbed-3060-4101-8b82-72dc5a19369e,SKU004979,2447,1893.9,22.6,2026-09-20
ee8be050-5b8c-42bd-8fe9-eff2fb071ed8,SKU004980,12015,6305.85,47.52,2026-09-20
3d3d70bf-d7b1-4c60-b107-6a79b273dbfb,SKU004981,4651,2711.15,41.71,2026-09-20
720f0329-8337-4ea4-a2d1-d9e1b33bf031,SKU004982,1080,614.14,43.14,2026-09-20
dc8ca1ba-8eee-4cb9-aa72-025aa57beb07,SKU004983,9086,8746.73,3.73,2026-09-20
69e4ceb9-6d21-493b-bd4c-f8fb0b3427fb,SKU004984,13702,12368.6,9.73,2026-09-20
1e76101f-19f1-4364-a541-111c6869d586,SKU004985,3698,2650.1,28.34,2026-09-20
0b11325d-88d7-4ae3-9142-caec6dd14d12,SKU004986,11145,6923.63,37.88,2026-09-20
85d3874a-bf6d-4f9d-8faa-c11b241105df,SKU004987,14379,12428.42,13.57,2026-09-20
88493b01-577b-470b-af7b-1a52fa4c7740,SKU004988,13755,12199.3,11.31,2026-09-20
46935ec9-ca73-4ad7-8649-b7ba1f9b803d,SKU004989,669,500.3,25.22,2026-09-20
4cfbfef3-64f3-4f41-8ad7-40365675437a,SKU004990,14727,8126.58,44.82,2026-09-20
5aeae028-b94e-4707-b37c-23a19f99585a,SKU004991,12051,11603.66,3.71,2026-09-20
e628826f-fa5f-41cf-bdc3-5b43c06d17b4,SKU004992,2553,2331.82,8.66,2026-09-20
f1b45c1f-cbdb-4e9a-9e04-f68afb14e89a,SKU004993,3169,2487.88,21.49,2026-09-20
8035162b-16ab-44b1-b24e-0733f29ec506,SKU004994,3460,2395.04,30.78,2026-09-20
8380f21c-3790-487f-9a81-fad78a836ad4,SKU004995,12099,12078.21,0.17,2026-09-20
ecc69e17-bf38-4721-9592-adf1840678e1,SKU004996,8378,6242.91,25.48,2026-09-20
9d60aee5-f8d7-4a6f-9401-ae9b946f32de,SKU004997,9310,8796.77,5.51,2026-09-20
d11de081-ff70-4950-bfaa-2b1b144474e5,SKU004998,7382,4410.69,40.25,2026-09-20
e811a374-e1d1-4087-a7a7-e44687fa5468,SKU004999,8803,8504.8,3.39,2026-09-20
