product_id,sku_id,product_name,brand_id,category_id,description,launch_date,status
P000000,SKU000000,Jacket 249,BR00067,CAT002,Someone stand carry affect good. West we nearly establish reduce.,2024-02-23,ACTIVE
P000001,SKU000001,Watch 685,BR00022,CAT005,Themselves beyond compare even much situation ok.,2024-09-25,ACTIVE
P000002,SKU000002,Watch 694,BR00098,CAT004,Door culture edge.,2025-01-29,ACTIVE
P000003,SKU000003,Watch 593,BR00062,CAT002,Strategy store base military its amount to. Health process soldier fine news tree.,2026-04-28,ACTIVE
P000004,SKU000004,Jacket 369,BR00011,CAT001,Community should charge give series. Partner his relate. Child deep nature where talk.,2024-02-29,ACTIVE
P000005,SKU000005,Laptop 711,BR00050,CAT002,Need generation section three protect. Security society song near occur.,2025-10-05,ACTIVE
P000006,SKU000006,Backpack 721,BR00005,CAT001,Health keep attorney evening direction phone. Message establish no run son.,2024-08-20,ACTIVE
P000007,SKU000007,Watch 450,BR00074,CAT002,Wide for necessary. Capital let raise see should standard with beyond.,2023-11-19,ACTIVE
P000008,SKU000008,Watch 87,BR00054,CAT001,East job forget speech indeed. More air find interesting inside tell star pick.,2024-06-01,ACTIVE
P000009,SKU000009,Jeans 121,BR00064,CAT002,Leave such tax rock institution agree. Color body huge information American.,2024-04-12,ACTIVE
P000010,SKU000010,Jeans 887,BR00095,CAT003,Drive traditional throughout manage about even western high. Rate occur task security.,2024-02-08,ACTIVE
P000011,SKU000011,Sneakers 402,BR00015,CAT001,Contain right imagine difference.,2026-06-15,ACTIVE
P000012,SKU000012,T-Shirt 70,BR00093,CAT002,Individual claim role what people. Hundred music just write have. Make chance hand.,2025-04-30,ACTIVE
P000013,SKU000013,Jacket 768,BR00014,CAT001,Yeah may answer those stop end. Role fight country make.,2026-01-28,ACTIVE
P000014,SKU000014,Sneakers 629,BR00049,CAT005,Security pull second continue. Girl such worker chair.,2024-10-03,ACTIVE
P000015,SKU000015,Saree 732,BR00084,CAT002,Open good class blue. Read go democratic. Best particular skin responsibility last whole.,2024-08-12,ACTIVE
P000016,SKU000016,Jeans 519,BR00039,CAT001,Behavior magazine out protect learn recent question. Federal our down apply.,2024-03-24,ACTIVE
P000017,SKU000017,Backpack 367,BR00022,CAT001,Or ten audience benefit what. Mention nor small moment few drug. Game ask now wish dark.,2024-12-23,ACTIVE
P000018,SKU000018,Sneakers 562,BR00071,CAT004,Level store from white. Soldier direction agree nature.,2025-01-16,ACTIVE
P000019,SKU000019,T-Shirt 341,BR00041,CAT001,Better night less word year center feeling. Deal yet health.,2025-09-11,ACTIVE
P000020,SKU000020,Backpack 742,BR00061,CAT002,Positive money film dinner between song. Than plan education expert.,2025-05-29,ACTIVE
P000021,SKU000021,Backpack 418,BR00006,CAT002,Price nothing interview three.,2026-05-11,ACTIVE
P000022,SKU000022,T-Shirt 602,BR00054,CAT002,Common decade tend single meeting body. Collection book small sit. Face each oil table arrive.,2025-03-25,ACTIVE
P000023,SKU000023,Sneakers 44,BR00043,CAT005,"Provide fall college various interest. First it phone glass school certain.
Level see big.",2025-04-22,ACTIVE
P000024,SKU000024,Laptop 199,BR00022,CAT004,Whatever play serious central down reduce especially. Peace thank should entire could front.,2025-09-20,ACTIVE
P000025,SKU000025,Headphones 590,BR00002,CAT001,Ask character particularly believe enjoy yes. Rule resource church base suddenly.,2024-02-21,ACTIVE
P000026,SKU000026,Headphones 584,BR00066,CAT002,Eat past light under. Impact apply most tell idea ready. Popular stand run mind so.,2023-12-22,ACTIVE
P000027,SKU000027,Sneakers 762,BR00016,CAT002,Should right bit natural prevent stop. West time thought sell campaign travel capital.,2024-08-01,ACTIVE
P000028,SKU000028,Sneakers 481,BR00079,CAT004,Page he past near order friend option place. Question well sometimes.,2024-05-27,ACTIVE
P000029,SKU000029,Backpack 218,BR00071,CAT002,Attack government they. Career defense movie. Off interesting network for sport election well.,2024-02-08,ACTIVE
P000030,SKU000030,Headphones 982,BR00000,CAT001,Concern professional participant thus treatment.,2023-12-25,ACTIVE
P000031,SKU000031,Watch 200,BR00090,CAT002,Sense so under. Talk left upon consider. Nor relationship big.,2023-10-30,ACTIVE
P000032,SKU000032,Laptop 362,BR00017,CAT005,Politics out against mention plant thing. Sit range red four officer race.,2025-12-01,ACTIVE
P000033,SKU000033,Jacket 394,BR00067,CAT005,Suggest but east eight letter. Good environment their write than language size.,2026-06-28,ACTIVE
P000034,SKU000034,Headphones 736,BR00068,CAT003,Painting employee write. Various scientist plant practice.,2025-09-18,ACTIVE
P000035,SKU000035,Watch 434,BR00090,CAT004,Smile nation image great or staff. Between your story chance enter.,2024-03-31,ACTIVE
P000036,SKU000036,Jeans 14,BR00043,CAT003,Look amount ask week. While indeed reach include. Work interview ok film marriage real often.,2024-11-14,ACTIVE
P000037,SKU000037,Sneakers 519,BR00051,CAT004,Forget growth player. Cold military sometimes.,2026-03-20,ACTIVE
P000038,SKU000038,T-Shirt 635,BR00000,CAT005,Wait catch language rate contain about.,2024-03-15,ACTIVE
P000039,SKU000039,Sneakers 497,BR00022,CAT002,Drug appear south everybody in. Style best change executive.,2026-08-11,ACTIVE
P000040,SKU000040,Backpack 770,BR00008,CAT005,School herself any well. Billion season growth tough summer design happy.,2025-10-06,ACTIVE
P000041,SKU000041,Sneakers 696,BR00047,CAT005,Reason develop happen wife against finally. Word ball play now rise strategy.,2026-02-07,ACTIVE
P000042,SKU000042,Laptop 243,BR00036,CAT003,Already own hope consider film citizen. Guess public here by.,2026-07-06,ACTIVE
P000043,SKU000043,Laptop 621,BR00018,CAT003,Admit song only generation hope. Few whether collection research once.,2025-01-31,ACTIVE
P000044,SKU000044,Jeans 542,BR00099,CAT003,Particular network American. Others example evidence figure avoid my.,2025-10-04,ACTIVE
P000045,SKU000045,Laptop 696,BR00025,CAT005,Director on can station down consumer. Black dark reduce hit here.,2025-12-25,ACTIVE
P000046,SKU000046,Jacket 957,BR00027,CAT005,Generation world different under discuss. Realize land born mean our.,2024-04-26,ACTIVE
P000047,SKU000047,Jeans 57,BR00029,CAT003,And yet town language too.,2024-10-27,ACTIVE
P000048,SKU000048,Jeans 749,BR00018,CAT005,Single recent home despite. Everything remember onto threat care father scientist.,2025-02-17,ACTIVE
P000049,SKU000049,Laptop 36,BR00039,CAT002,Day western later notice leader. Leg common add reason.,2025-08-06,ACTIVE
P000050,SKU000050,T-Shirt 220,BR00004,CAT001,List assume half doctor. New wrong today yourself alone difficult natural.,2025-09-23,ACTIVE
P000051,SKU000051,Jeans 245,BR00022,CAT001,Building well quality could someone send. Any activity themselves kid suddenly.,2025-10-21,ACTIVE
P000052,SKU000052,Headphones 482,BR00058,CAT001,Certain table project could teach. Long then speak choose case more.,2023-11-06,ACTIVE
P000053,SKU000053,T-Shirt 425,BR00014,CAT004,Lawyer sea rich eat. Money something sure example card.,2024-05-26,ACTIVE
P000054,SKU000054,Watch 929,BR00076,CAT005,Herself central success image. Push less knowledge condition theory its cup former.,2025-12-26,ACTIVE
P000055,SKU000055,Saree 168,BR00066,CAT002,Practice write decade ball black read.,2024-01-20,ACTIVE
P000056,SKU000056,Saree 880,BR00058,CAT004,Player memory feel project debate pass politics. Poor born more town measure him say.,2024-02-25,ACTIVE
P000057,SKU000057,Headphones 793,BR00061,CAT004,Others central safe century future will. Project brother take consumer every.,2025-06-18,ACTIVE
P000058,SKU000058,Jacket 553,BR00071,CAT001,Improve strong nature like kid not. Lay where field walk chair rather.,2026-02-04,ACTIVE
P000059,SKU000059,Jacket 219,BR00047,CAT005,Cost along bag. Environment property president probably interview throughout.,2024-06-06,ACTIVE
P000060,SKU000060,Jacket 203,BR00035,CAT003,Owner doctor power. Glass accept evidence accept.,2024-01-15,ACTIVE
P000061,SKU000061,Laptop 691,BR00087,CAT004,Candidate another seven else.,2026-02-28,ACTIVE
P000062,SKU000062,Laptop 608,BR00033,CAT001,Possible push middle price something few our.,2025-04-20,ACTIVE
P000063,SKU000063,Watch 686,BR00070,CAT004,Site poor bill Mr. Democrat key son again author. System anything subject finish.,2025-11-22,ACTIVE
P000064,SKU000064,Backpack 908,BR00081,CAT004,Necessary kitchen matter science phone at. Own special alone draw.,2026-08-27,ACTIVE
P000065,SKU000065,Watch 920,BR00028,CAT005,Bit a degree talk scientist weight. Environment employee positive such.,2026-08-21,ACTIVE
P000066,SKU000066,Jeans 781,BR00031,CAT001,Understand color chance tell allow.,2025-04-26,ACTIVE
P000067,SKU000067,Jeans 785,BR00030,CAT005,Grow pull inside feel. Stage number give decision play recently rule far.,2023-12-21,ACTIVE
P000068,SKU000068,Headphones 408,BR00064,CAT004,Turn affect into practice positive idea. Care hit weight natural sister.,2026-04-03,ACTIVE
P000069,SKU000069,Laptop 113,BR00018,CAT003,Myself including kind. Charge your accept energy take choice though.,2025-03-31,ACTIVE
P000070,SKU000070,Sneakers 670,BR00075,CAT001,Serve toward they scene hour. Never writer mother science meet understand myself.,2024-12-14,ACTIVE
P000071,SKU000071,Saree 54,BR00039,CAT005,Lawyer interest together when. Everything clear study.,2025-04-10,ACTIVE
P000072,SKU000072,T-Shirt 174,BR00060,CAT003,To close itself school high. This second his school role.,2025-10-03,ACTIVE
P000073,SKU000073,Headphones 372,BR00023,CAT002,All activity sport authority. New be state hit you.,2024-03-12,ACTIVE
P000074,SKU000074,Jacket 43,BR00041,CAT002,Finish able audience on former. Form event big in their.,2025-10-30,ACTIVE
P000075,SKU000075,Backpack 470,BR00049,CAT001,Paper question international join have. Whatever deep clear.,2024-09-06,ACTIVE
P000076,SKU000076,Headphones 500,BR00010,CAT001,"Tell once indicate budget article practice analysis.
Talk respond police wait board but.",2026-03-04,ACTIVE
P000077,SKU000077,Sneakers 593,BR00047,CAT005,Protect central protect too describe.,2024-08-03,ACTIVE
P000078,SKU000078,Laptop 865,BR00029,CAT002,Reach ahead more laugh. Moment too skill party. Manager old entire suggest site successful.,2025-04-28,ACTIVE
P000079,SKU000079,Headphones 549,BR00004,CAT001,Weight account drop car charge. Team player nothing direction democratic dark.,2024-01-18,ACTIVE
P000080,SKU000080,Sneakers 447,BR00041,CAT004,Since test trial source former occur stop. Group result behavior media.,2025-11-26,ACTIVE
P000081,SKU000081,Jeans 723,BR00059,CAT003,Certain partner investment really. Land all agree rule economy threat.,2026-06-29,ACTIVE
P000082,SKU000082,Watch 188,BR00081,CAT004,Month specific rest them late. Bank performance within child. List shoulder clearly.,2026-02-03,ACTIVE
P000083,SKU000083,Laptop 492,BR00002,CAT004,Structure more above hot have beautiful six. Evidence yeah owner sign growth either.,2024-09-15,ACTIVE
P000084,SKU000084,Jeans 329,BR00080,CAT002,Issue more group different personal. Maintain well food television.,2025-03-27,ACTIVE
P000085,SKU000085,Backpack 575,BR00020,CAT004,Thousand girl item chance. They gas memory address. Other heavy social nature.,2025-11-11,ACTIVE
P000086,SKU000086,T-Shirt 849,BR00033,CAT005,Part agreement bill. Service source say plant.,2025-12-12,ACTIVE
P000087,SKU000087,T-Shirt 504,BR00048,CAT001,Same production organization show. Sense during born arm anything.,2024-01-08,ACTIVE
P000088,SKU000088,Sneakers 752,BR00073,CAT004,Recent this benefit think officer green anyone. Whatever marriage event in skill despite area.,2025-06-07,ACTIVE
P000089,SKU000089,T-Shirt 146,BR00034,CAT001,Student various little rise sound manager popular why. Whom present more. Market charge bad.,2024-01-17,ACTIVE
P000090,SKU000090,Watch 579,BR00052,CAT005,"Democratic media break others me west. Let American shoulder.
Training we ground those goal shake.",2023-10-10,ACTIVE
P000091,SKU000091,Jacket 965,BR00032,CAT004,Build factor southern there since. Analysis lay into market trial finish.,2024-04-23,ACTIVE
P000092,SKU000092,Saree 138,BR00010,CAT005,Sense program environment its growth in add. Perhaps eat when my. Feel accept fear trip.,2026-09-06,ACTIVE
P000093,SKU000093,Saree 301,BR00065,CAT002,Order cut big three political appear too team. Spring simply marriage form.,2025-09-14,ACTIVE
P000094,SKU000094,Headphones 487,BR00046,CAT005,Career cut arm provide amount media born. Wife several special available not either.,2024-08-28,ACTIVE
P000095,SKU000095,Saree 527,BR00086,CAT004,Manager money kid use stand he need. By walk political another.,2024-09-09,ACTIVE
P000096,SKU000096,Laptop 950,BR00061,CAT003,Tell would real far. Doctor finish them girl. Better of customer or behind.,2026-06-08,ACTIVE
P000097,SKU000097,Jacket 891,BR00063,CAT003,Wife detail particularly education trade. Up discover relationship.,2024-09-01,ACTIVE
P000098,SKU000098,Watch 769,BR00050,CAT001,Course stand against walk college thousand. Almost rest performance consumer college foreign low.,2024-06-26,ACTIVE
P000099,SKU000099,Jeans 75,BR00007,CAT003,She can western. These new industry civil much.,2025-06-13,ACTIVE
P000100,SKU000100,Saree 941,BR00035,CAT004,Technology group citizen son. Wait smile few yes.,2023-09-27,ACTIVE
P000101,SKU000101,Jacket 17,BR00041,CAT002,Congress trade stage indicate whether never management.,2023-10-19,ACTIVE
P000102,SKU000102,Laptop 353,BR00023,CAT003,Employee them affect course necessary bank poor. Our arm when news accept. Walk note sort.,2026-06-13,ACTIVE
P000103,SKU000103,Laptop 234,BR00030,CAT004,Feeling clearly development visit local. Whose just report up suggest.,2025-08-30,ACTIVE
P000104,SKU000104,Headphones 928,BR00008,CAT005,Democrat run movie. Daughter through figure type break west. Stock blood spend trade avoid.,2024-03-13,ACTIVE
P000105,SKU000105,T-Shirt 261,BR00092,CAT003,Environment test kind appear. Always ahead yes. Area quickly employee approach.,2024-06-23,ACTIVE
P000106,SKU000106,Saree 226,BR00029,CAT005,Memory particular down. Term market trouble. Hotel particular money response rather answer billion.,2026-05-27,ACTIVE
P000107,SKU000107,Jacket 993,BR00044,CAT002,Area today film month amount. Official method character yard alone stuff door personal.,2025-08-13,ACTIVE
P000108,SKU000108,Jacket 51,BR00055,CAT004,Term quickly federal member. Magazine speak wide community represent argue south.,2026-02-12,ACTIVE
P000109,SKU000109,Sneakers 531,BR00070,CAT004,Majority nearly where pattern quite.,2025-04-01,ACTIVE
P000110,SKU000110,Jeans 352,BR00089,CAT002,Science American call feeling. Red expect personal indeed class full key thank.,2025-10-22,ACTIVE
P000111,SKU000111,Backpack 769,BR00008,CAT004,Source crime resource.,2025-06-21,ACTIVE
P000112,SKU000112,Jeans 106,BR00030,CAT004,Such true investment more force.,2025-05-20,ACTIVE
P000113,SKU000113,Laptop 765,BR00023,CAT004,See street glass cut up be subject state.,2023-10-11,ACTIVE
P000114,SKU000114,Backpack 653,BR00090,CAT002,Key hour effect its college. Writer treat color recently any sort.,2024-10-12,ACTIVE
P000115,SKU000115,Headphones 500,BR00034,CAT001,One ball even commercial fine. Simply walk red billion before dream.,2024-05-06,ACTIVE
P000116,SKU000116,T-Shirt 5,BR00022,CAT003,Or difficult through return perhaps coach behind. Be industry consumer.,2025-04-26,ACTIVE
P000117,SKU000117,Jeans 406,BR00024,CAT004,Shake yet defense town. Style view young least find. Ready thus while theory music.,2024-01-10,ACTIVE
P000118,SKU000118,Laptop 204,BR00008,CAT004,Own throughout number expert democratic. Feeling whom event so economy.,2025-08-11,ACTIVE
P000119,SKU000119,T-Shirt 701,BR00065,CAT003,Another pattern instead baby century. Speech help over customer senior.,2024-04-16,ACTIVE
P000120,SKU000120,Watch 926,BR00006,CAT002,Do catch court reason yes. Attention lot concern me term.,2025-02-13,ACTIVE
P000121,SKU000121,Backpack 871,BR00016,CAT002,Receive mean nor growth pass. Hour later sign him player. Long type TV.,2025-06-16,ACTIVE
P000122,SKU000122,Jacket 626,BR00005,CAT001,Receive authority gun perform draw energy. Few official personal south than bar letter.,2025-11-18,ACTIVE
P000123,SKU000123,Watch 315,BR00013,CAT004,Low art cultural southern write on weight. Center feeling every year. With my worker law may.,2026-01-15,ACTIVE
P000124,SKU000124,T-Shirt 894,BR00052,CAT003,Section space imagine chance. Tv success project huge my. Live effort media thank later from court.,2026-07-14,ACTIVE
P000125,SKU000125,Backpack 964,BR00061,CAT002,Civil table least official south believe. Whether finish around lose environmental for must.,2024-08-03,ACTIVE
P000126,SKU000126,Jeans 824,BR00025,CAT002,Medical remain skin feeling better where live. Heart simple development day.,2026-08-30,ACTIVE
P000127,SKU000127,Sneakers 32,BR00079,CAT001,Participant become even drug find significant. Defense again pressure hundred.,2024-08-23,ACTIVE
P000128,SKU000128,Saree 364,BR00039,CAT002,Official long between cost participant beat remain. Eight couple instead city bag unit.,2024-04-12,ACTIVE
P000129,SKU000129,Backpack 229,BR00092,CAT005,Discussion else job life truth certain official. Region vote voice leave black occur.,2024-08-19,ACTIVE
P000130,SKU000130,Sneakers 686,BR00045,CAT001,Course crime money must. Moment strategy me money.,2024-07-24,ACTIVE
P000131,SKU000131,Headphones 633,BR00077,CAT004,Population thing shake day. Consumer high style result.,2024-04-19,ACTIVE
P000132,SKU000132,Jeans 305,BR00001,CAT001,Scene sound watch study. Owner skill seat position avoid.,2026-01-20,ACTIVE
P000133,SKU000133,Saree 6,BR00004,CAT004,Whatever future prepare exist. Look ahead seem report industry on.,2026-02-06,ACTIVE
P000134,SKU000134,Headphones 399,BR00036,CAT005,Matter seat whom career very chair culture amount. Remember decade today while view street live.,2026-06-28,ACTIVE
P000135,SKU000135,Backpack 329,BR00072,CAT003,Scientist watch move both upon help billion. Team heart outside focus. Heart authority lead.,2025-05-02,ACTIVE
P000136,SKU000136,Jeans 431,BR00061,CAT001,Network region way ability. Score structure yourself father.,2024-05-07,ACTIVE
P000137,SKU000137,Headphones 539,BR00021,CAT002,Dog try together husband true able prevent. Receive quickly also successful TV.,2026-01-29,ACTIVE
P000138,SKU000138,Backpack 234,BR00048,CAT004,Cost him cause tend rule book. Herself against make rise. More appear these use beyond.,2025-10-27,ACTIVE
P000139,SKU000139,Saree 621,BR00098,CAT004,Property show rather true practice inside difficult.,2025-09-11,ACTIVE
P000140,SKU000140,Saree 684,BR00013,CAT003,Physical young responsibility soon blue. Loss house present dinner lawyer.,2023-11-26,ACTIVE
P000141,SKU000141,T-Shirt 709,BR00058,CAT004,Back big degree final. Wrong job sport place with.,2026-01-03,ACTIVE
P000142,SKU000142,Backpack 70,BR00068,CAT002,Popular crime child building raise image beat.,2025-02-04,ACTIVE
P000143,SKU000143,Watch 744,BR00038,CAT004,Record whom always court support Democrat some. Majority now me add.,2024-06-16,ACTIVE
P000144,SKU000144,Laptop 529,BR00089,CAT002,"Movement get public save local region candidate.
Loss plant cover trip west attention.",2024-09-07,ACTIVE
P000145,SKU000145,Watch 608,BR00078,CAT005,Common buy line another. Arm view sense let. Perhaps part study would.,2025-01-20,ACTIVE
P000146,SKU000146,Jeans 207,BR00010,CAT005,Business control foot action color. Tv whose edge.,2023-12-21,ACTIVE
P000147,SKU000147,Jeans 340,BR00088,CAT002,Bad five within. Assume because before. Might reflect street.,2026-06-16,ACTIVE
P000148,SKU000148,Watch 256,BR00082,CAT005,Where their vote song court. Friend beyond television wrong interest it activity.,2024-11-17,ACTIVE
P000149,SKU000149,Laptop 318,BR00000,CAT001,Experience doctor generation.,2024-05-03,ACTIVE
P000150,SKU000150,Saree 740,BR00035,CAT003,Drop point value consumer wide win center. Natural true read structure others simply.,2024-09-26,ACTIVE
P000151,SKU000151,Sneakers 985,BR00079,CAT005,Fact write federal candidate.,2025-07-07,ACTIVE
P000152,SKU000152,Laptop 386,BR00086,CAT003,Answer religious drive four probably miss pass. Thought study resource watch relationship daughter.,2025-06-21,ACTIVE
P000153,SKU000153,Sneakers 812,BR00099,CAT003,High agent smile value television explain expect. Just ever fight hot become.,2024-10-29,ACTIVE
P000154,SKU000154,Backpack 223,BR00069,CAT005,Week issue face how chance. High indicate research tend have.,2024-03-26,ACTIVE
P000155,SKU000155,Watch 685,BR00022,CAT001,Create central close be fly full city. Painting whose example whatever.,2024-01-20,ACTIVE
P000156,SKU000156,Saree 142,BR00084,CAT002,From camera tree base. Few see stay job later partner. Risk current election.,2024-08-28,ACTIVE
P000157,SKU000157,Sneakers 26,BR00073,CAT002,Before financial boy.,2024-06-12,ACTIVE
P000158,SKU000158,T-Shirt 454,BR00055,CAT002,Thought seat pay leader man remember whatever. Responsibility under forward. City seek we.,2026-07-05,ACTIVE
P000159,SKU000159,Sneakers 236,BR00009,CAT001,Nothing movie no industry successful be enjoy.,2024-01-31,ACTIVE
P000160,SKU000160,T-Shirt 678,BR00046,CAT002,Different leave beyond image remain yeah test. Rate son expect strong.,2024-07-03,ACTIVE
P000161,SKU000161,Saree 796,BR00035,CAT003,Page investment spend community reason no score. Congress local certain pay fact can.,2024-06-08,ACTIVE
P000162,SKU000162,Watch 684,BR00035,CAT005,Deep range senior day plan our. Despite region institution center help reach admit.,2024-04-28,ACTIVE
P000163,SKU000163,Jeans 439,BR00036,CAT001,These could position. Wind mission part machine help child.,2025-11-27,ACTIVE
P000164,SKU000164,Jacket 125,BR00061,CAT003,Suffer ten when if. Sea wait fast respond series animal field.,2024-01-05,ACTIVE
P000165,SKU000165,Laptop 956,BR00026,CAT001,Hotel Congress bed above teacher. Tell pass these.,2025-08-29,ACTIVE
P000166,SKU000166,Jacket 648,BR00036,CAT002,Father mean campaign loss something worker section.,2024-11-23,ACTIVE
P000167,SKU000167,Sneakers 483,BR00053,CAT004,Shoulder billion democratic.,2024-11-24,ACTIVE
P000168,SKU000168,Watch 397,BR00067,CAT002,Some smile during know matter arm. Back whether common whose. Beyond medical couple rich base tend.,2026-06-24,ACTIVE
P000169,SKU000169,Headphones 586,BR00042,CAT004,Level thank world explain. Southern reality mother soldier. Article fish example.,2025-07-09,ACTIVE
P000170,SKU000170,Saree 411,BR00037,CAT002,Rate program reach however personal mind pull. Cost bar including only later charge house.,2024-03-07,ACTIVE
P000171,SKU000171,Laptop 659,BR00021,CAT004,View force whole economy prevent company. Place for own think.,2024-06-15,ACTIVE
P000172,SKU000172,Jacket 273,BR00039,CAT004,May important together team hour. Many decide brother be.,2024-10-27,ACTIVE
P000173,SKU000173,Jeans 47,BR00049,CAT005,Late PM charge senior network simple. New cause lot open.,2024-04-03,ACTIVE
P000174,SKU000174,Backpack 858,BR00021,CAT005,Material month despite end what take. Language heavy mind offer. White throughout star relate.,2024-11-29,ACTIVE
P000175,SKU000175,Sneakers 210,BR00004,CAT002,Growth effect color. Success middle benefit name ten prevent food. Allow still wall today measure.,2023-12-06,ACTIVE
P000176,SKU000176,Saree 904,BR00021,CAT005,Material while according. Without cultural adult him state administration.,2024-11-01,ACTIVE
P000177,SKU000177,Saree 296,BR00081,CAT005,Trouble point husband specific city example. Lose customer radio those situation born away wall.,2025-07-14,ACTIVE
P000178,SKU000178,T-Shirt 188,BR00097,CAT002,Last require risk within wide care rest. Here theory resource reason son large.,2024-01-07,ACTIVE
P000179,SKU000179,Jeans 749,BR00089,CAT003,"Activity effect media least.
Large morning during.",2024-06-07,ACTIVE
P000180,SKU000180,Watch 225,BR00086,CAT002,Young key million organization action next agency. Soon necessary heavy recent management class.,2025-11-20,ACTIVE
P000181,SKU000181,Jeans 371,BR00080,CAT003,Project west fine deep goal. Employee event window.,2025-12-19,ACTIVE
P000182,SKU000182,T-Shirt 280,BR00075,CAT001,For likely door official discussion morning admit. Wide subject cold indicate per.,2023-12-19,ACTIVE
P000183,SKU000183,Jacket 135,BR00070,CAT005,"Cold environment need specific.
Couple item against rule. Enter hand join last.",2024-08-15,ACTIVE
P000184,SKU000184,Backpack 892,BR00000,CAT002,Have maintain relationship response gas. That agency growth explain expect measure through make.,2025-09-30,ACTIVE
P000185,SKU000185,Jeans 471,BR00025,CAT003,Newspaper policy role view. Deep like source card audience point.,2024-05-29,ACTIVE
P000186,SKU000186,Laptop 788,BR00071,CAT003,Data cut follow phone surface something entire. Red seek direction five.,2024-12-01,ACTIVE
P000187,SKU000187,T-Shirt 480,BR00047,CAT003,Federal main instead product we. Theory late activity reflect.,2023-12-18,ACTIVE
P000188,SKU000188,Jacket 383,BR00037,CAT003,Simple meet forward trial cell drive. Talk push born.,2023-09-25,ACTIVE
P000189,SKU000189,Jacket 581,BR00042,CAT001,Open indicate serve. Position read dinner style possible sister.,2024-06-23,ACTIVE
P000190,SKU000190,Watch 625,BR00033,CAT003,Federal easy need total customer. Key option cover major responsibility to just four.,2025-09-01,ACTIVE
P000191,SKU000191,Backpack 427,BR00049,CAT002,Degree condition he central young. Data move American break year.,2026-04-14,ACTIVE
P000192,SKU000192,Watch 61,BR00030,CAT001,Fill accept health foreign. Hotel process change during.,2026-03-18,ACTIVE
P000193,SKU000193,Jacket 257,BR00063,CAT002,Maintain themselves energy establish assume total. Me free side soldier activity.,2024-07-17,ACTIVE
P000194,SKU000194,Sneakers 945,BR00077,CAT003,Yet expect world none upon learn center painting. Share from hour yard national.,2024-11-02,ACTIVE
P000195,SKU000195,Sneakers 654,BR00087,CAT001,Our sound news recently program less sort. Parent add example about example.,2026-02-26,ACTIVE
P000196,SKU000196,Laptop 488,BR00015,CAT004,Vote west husband recognize beat be effort scene. Friend seem bill doctor.,2024-02-02,ACTIVE
P000197,SKU000197,T-Shirt 579,BR00068,CAT005,At hear artist old future pass. Few as whose project memory.,2025-11-30,ACTIVE
P000198,SKU000198,T-Shirt 564,BR00081,CAT004,Degree resource various pick work wife. Sign not anyone crime whom attorney fund.,2025-09-21,ACTIVE
P000199,SKU000199,Laptop 375,BR00020,CAT002,Wrong have page. Through reach experience serve watch beat plan.,2025-03-03,ACTIVE
P000200,SKU000200,Laptop 273,BR00059,CAT001,Machine thing majority ago.,2024-06-14,ACTIVE
P000201,SKU000201,T-Shirt 905,BR00005,CAT003,Half store training garden. Case grow fund she knowledge.,2025-03-05,ACTIVE
P000202,SKU000202,Sneakers 573,BR00024,CAT005,Interview manage owner anything social. Herself against hotel very although study dog.,2025-03-10,ACTIVE
P000203,SKU000203,Backpack 171,BR00025,CAT003,Protect type understand knowledge. Report than put raise. Population more boy.,2025-01-09,ACTIVE
P000204,SKU000204,Jacket 360,BR00077,CAT003,Nearly example prove. Can animal majority stop prevent offer. Word suggest coach east former.,2025-11-14,ACTIVE
P000205,SKU000205,T-Shirt 221,BR00025,CAT001,Skin popular clearly manager power environmental. Physical hair Congress keep arrive project west.,2025-02-18,ACTIVE
P000206,SKU000206,Headphones 838,BR00066,CAT001,Mean trouble attention speech test around yet mind. Together us enough alone.,2024-02-09,ACTIVE
P000207,SKU000207,Saree 340,BR00027,CAT001,Fire radio instead size leave blood. Side sea city most become through information.,2024-09-22,ACTIVE
P000208,SKU000208,T-Shirt 376,BR00013,CAT003,Candidate treat investment. Recently again close none.,2024-04-16,ACTIVE
P000209,SKU000209,Watch 805,BR00056,CAT002,Hotel who approach glass your.,2024-08-04,ACTIVE
P000210,SKU000210,Saree 178,BR00069,CAT003,Reduce for operation daughter free finish. City set simply whom clear.,2023-10-12,ACTIVE
P000211,SKU000211,Laptop 705,BR00026,CAT005,Dark practice trip contain field understand blue.,2025-11-11,ACTIVE
P000212,SKU000212,Backpack 101,BR00072,CAT003,Quite produce camera. Whole age small assume wind.,2025-12-22,ACTIVE
P000213,SKU000213,Backpack 179,BR00083,CAT004,Magazine season that. As hit care.,2026-04-23,ACTIVE
P000214,SKU000214,Watch 448,BR00082,CAT002,Artist serve energy letter small trade part sing. Gun set real hold scene.,2026-07-03,ACTIVE
P000215,SKU000215,T-Shirt 563,BR00084,CAT001,Bad decision maintain enter main half main.,2026-06-28,ACTIVE
P000216,SKU000216,Headphones 410,BR00071,CAT004,"Remember see use.
Fly special play wait those. List operation pay beat young discover.",2024-09-16,ACTIVE
P000217,SKU000217,Jacket 679,BR00044,CAT004,Save talk glass hard defense politics ready. East learn radio admit red board anything.,2023-10-12,ACTIVE
P000218,SKU000218,Headphones 203,BR00055,CAT001,Tough reveal remain stop marriage. Me before report management wife pull cause.,2026-03-04,ACTIVE
P000219,SKU000219,Laptop 494,BR00062,CAT002,Government use order ahead relationship adult. Pull attack green practice name do.,2025-02-01,ACTIVE
P000220,SKU000220,Laptop 794,BR00073,CAT004,List if trouble allow maintain. Discussion support artist prepare artist wind.,2024-08-27,ACTIVE
P000221,SKU000221,Laptop 999,BR00018,CAT003,Manage most the education fill. Issue ago reason might. Memory lay early interesting key little.,2024-02-09,ACTIVE
P000222,SKU000222,T-Shirt 825,BR00093,CAT003,High yes indeed house treatment. Contain up image contain money energy.,2024-06-29,ACTIVE
P000223,SKU000223,Jeans 254,BR00040,CAT003,Situation per before miss perform rate. Heart media since main that probably.,2024-04-24,ACTIVE
P000224,SKU000224,Saree 499,BR00082,CAT002,Machine shoulder rich finish institution. There least property operation mission each.,2025-09-26,ACTIVE
P000225,SKU000225,Watch 263,BR00095,CAT002,Red fact hour leader it but poor. View amount international chair air. Defense nature measure.,2025-08-22,ACTIVE
P000226,SKU000226,T-Shirt 258,BR00008,CAT001,Thought give group director movie stay along. Reach pick rock born send.,2024-06-02,ACTIVE
P000227,SKU000227,Backpack 745,BR00083,CAT005,Television visit wife quality send safe water. Nearly language experience.,2025-07-12,ACTIVE
P000228,SKU000228,T-Shirt 576,BR00065,CAT004,Data standard answer financial. Sometimes customer president reality price dark special skin.,2026-02-20,ACTIVE
P000229,SKU000229,Sneakers 241,BR00004,CAT001,Box here we final. Chance lay red expert.,2024-09-09,ACTIVE
P000230,SKU000230,Jeans 843,BR00045,CAT004,Performance low answer sign lot road. Long board require me hundred.,2025-11-05,ACTIVE
P000231,SKU000231,Watch 440,BR00093,CAT002,Large listen rock where. Fly far always side similar huge. Individual some hard.,2024-06-01,ACTIVE
P000232,SKU000232,Sneakers 37,BR00002,CAT005,Interesting senior his federal. Fill approach where focus lose. Some moment production view.,2024-08-03,ACTIVE
P000233,SKU000233,Backpack 713,BR00070,CAT001,For show behavior group center pretty. Condition how behind send director heart.,2026-07-10,ACTIVE
P000234,SKU000234,Watch 903,BR00000,CAT003,"After ago piece ever recently reveal.
Each subject their fire remain recent. Tough stand sea book.",2025-06-24,ACTIVE
P000235,SKU000235,T-Shirt 134,BR00045,CAT004,Type set push. Reduce available effect say quality evidence.,2025-04-26,ACTIVE
P000236,SKU000236,Backpack 668,BR00070,CAT001,Car occur opportunity tax. Night fall agree tree say. Employee head kind type sit soon air.,2025-10-27,ACTIVE
P000237,SKU000237,T-Shirt 368,BR00091,CAT003,While herself traditional animal for foreign something.,2025-10-23,ACTIVE
P000238,SKU000238,Watch 735,BR00008,CAT003,Themselves deal list summer still. Mouth board mind rate same certain.,2024-09-18,ACTIVE
P000239,SKU000239,T-Shirt 998,BR00018,CAT003,Morning central Congress some color item.,2026-05-29,ACTIVE
P000240,SKU000240,Backpack 622,BR00050,CAT001,Majority life manager dinner. Well green training goal industry.,2025-05-15,ACTIVE
P000241,SKU000241,Headphones 871,BR00081,CAT005,Past activity glass. Change policy specific Mr matter.,2026-09-16,ACTIVE
P000242,SKU000242,Sneakers 793,BR00025,CAT003,Establish sing speak play partner. Simply recent certain oil system PM still pass.,2023-12-11,ACTIVE
P000243,SKU000243,Watch 57,BR00038,CAT003,Level which occur late western voice usually. Color try team information land.,2025-05-31,ACTIVE
P000244,SKU000244,Watch 448,BR00055,CAT003,Road hope another whatever.,2026-05-19,ACTIVE
P000245,SKU000245,Headphones 469,BR00079,CAT002,Ever forget send there present. Exist front parent newspaper left tax friend.,2024-04-17,ACTIVE
P000246,SKU000246,Headphones 462,BR00024,CAT005,Teach firm expect camera structure. Exist around kind discover let accept.,2024-01-11,ACTIVE
P000247,SKU000247,Backpack 385,BR00081,CAT004,Quickly might fire maintain section mean. Case affect whatever nation win.,2024-05-10,ACTIVE
P000248,SKU000248,Sneakers 950,BR00004,CAT004,Impact deal indeed subject field agree contain. Worker second sit letter.,2026-01-21,ACTIVE
P000249,SKU000249,Watch 460,BR00019,CAT004,Social approach remain whatever response present. Less foreign only song live shake.,2025-09-27,ACTIVE
P000250,SKU000250,Saree 238,BR00002,CAT001,Myself guy respond people industry.,2025-08-27,ACTIVE
P000251,SKU000251,Jacket 3,BR00041,CAT002,Student lay class nature maintain catch. Cover available account involve.,2025-01-09,ACTIVE
P000252,SKU000252,Backpack 893,BR00083,CAT002,Seem them skin explain back ready performance. Subject news forget just two.,2023-11-03,ACTIVE
P000253,SKU000253,Backpack 622,BR00086,CAT003,Yet unit executive unit year. Pass product we seat director strong his theory.,2024-08-20,ACTIVE
P000254,SKU000254,Headphones 460,BR00075,CAT004,Rule base a community enjoy central. Senior tell tough senior subject.,2025-01-13,ACTIVE
P000255,SKU000255,Laptop 899,BR00093,CAT003,Less peace individual sure beat might trial. Natural individual over side trade.,2026-08-07,ACTIVE
P000256,SKU000256,Saree 170,BR00043,CAT005,Time newspaper vote family five month very. Color would series law magazine.,2025-06-08,ACTIVE
P000257,SKU000257,Jeans 877,BR00044,CAT003,"Minute adult shoulder tree. Economy while financial show good such.
Outside western chair summer.",2023-11-29,ACTIVE
P000258,SKU000258,Backpack 212,BR00024,CAT002,Recent once produce sometimes. Wife movie myself doctor land right inside. Whose tree result key.,2024-04-03,ACTIVE
P000259,SKU000259,Jacket 237,BR00040,CAT004,Spend need there realize side practice. Purpose bank listen box true must morning.,2026-08-20,ACTIVE
P000260,SKU000260,Saree 628,BR00018,CAT004,Focus sure from pretty size this. Single account maintain century represent certainly.,2023-10-23,ACTIVE
P000261,SKU000261,Sneakers 804,BR00047,CAT001,Would Congress person summer responsibility approach walk. Company black education score month.,2024-05-25,ACTIVE
P000262,SKU000262,Saree 597,BR00016,CAT002,Alone sport ago make back edge. Outside believe woman company.,2026-02-05,ACTIVE
P000263,SKU000263,Sneakers 685,BR00032,CAT001,Them race close we. Agent relate event near effect side.,2023-12-18,ACTIVE
P000264,SKU000264,Headphones 674,BR00011,CAT004,Whatever bag man fall there offer. Safe responsibility region. Attorney still six new.,2023-10-24,ACTIVE
P000265,SKU000265,Watch 881,BR00004,CAT001,Others letter yet ball remain. Few administration me wall husband. Whom room effect.,2025-10-29,ACTIVE
P000266,SKU000266,Sneakers 619,BR00080,CAT002,Maintain of eat clearly response. Local base test fund. Seek generation student campaign anyone.,2026-03-31,ACTIVE
P000267,SKU000267,Jacket 272,BR00015,CAT003,Born arm occur central. Any set door speech much who list center. I every man oil major.,2026-03-04,ACTIVE
P000268,SKU000268,Sneakers 923,BR00093,CAT005,Enough happen night speech especially government. Control picture especially.,2024-06-04,ACTIVE
P000269,SKU000269,Backpack 502,BR00028,CAT004,Customer hear expect age those. Son growth environmental.,2024-02-02,ACTIVE
P000270,SKU000270,Watch 237,BR00048,CAT002,Particularly morning note toward design two player. President soldier beyond receive early.,2025-08-22,ACTIVE
P000271,SKU000271,Backpack 107,BR00059,CAT002,"Exist democratic we make relate many.
Than leave improve put there choice visit.",2026-06-21,ACTIVE
P000272,SKU000272,Backpack 297,BR00098,CAT003,Fine crime change detail interesting exist commercial. All almost onto early deal.,2023-11-13,ACTIVE
P000273,SKU000273,Laptop 111,BR00031,CAT001,Too ok building start. Call generation add house important your.,2026-03-29,ACTIVE
P000274,SKU000274,Saree 235,BR00089,CAT005,South none air city leader east budget.,2025-07-07,ACTIVE
P000275,SKU000275,Jacket 604,BR00048,CAT004,Hard better door woman. Offer character energy.,2025-06-19,ACTIVE
P000276,SKU000276,Watch 706,BR00033,CAT001,Option later leader follow as. Hair sister by.,2025-01-17,ACTIVE
P000277,SKU000277,Jeans 248,BR00044,CAT003,Range nation lay month fish base. Way across after beat.,2025-04-10,ACTIVE
P000278,SKU000278,Watch 894,BR00093,CAT005,Matter couple around point recognize. A movie send value. Range recently manage law race.,2024-10-18,ACTIVE
P000279,SKU000279,Watch 793,BR00033,CAT001,Situation medical seek consider loss candidate yourself.,2025-08-21,ACTIVE
P000280,SKU000280,Backpack 281,BR00015,CAT005,Tell spring realize different. Since player space measure son interview forward care.,2025-01-06,ACTIVE
P000281,SKU000281,Laptop 640,BR00034,CAT005,Industry down address attorney study. One choose get create itself appear fast.,2024-09-02,ACTIVE
P000282,SKU000282,Jeans 263,BR00091,CAT004,Mouth ability network tend heart concern feeling. Miss easy although. Show police late large.,2024-10-24,ACTIVE
P000283,SKU000283,Backpack 698,BR00046,CAT004,Commercial move fish worry. Kid role but writer. Use contain somebody believe money base site.,2024-11-10,ACTIVE
P000284,SKU000284,Laptop 809,BR00067,CAT004,Be cold remain live create player. Strategy suddenly magazine professional.,2024-05-19,ACTIVE
P000285,SKU000285,T-Shirt 389,BR00059,CAT002,Blue too after fight. You prepare positive news.,2024-03-15,ACTIVE
P000286,SKU000286,Backpack 299,BR00031,CAT002,Table law nothing sing. Stop third threat past big anything. Paper property say.,2025-04-17,ACTIVE
P000287,SKU000287,Jeans 978,BR00081,CAT002,Benefit city nation blue suggest recent exist. Follow world body the lot. Trade almost war level.,2024-10-22,ACTIVE
P000288,SKU000288,Sneakers 377,BR00052,CAT005,Else another unit because response cover. Glass candidate too dog thank industry better.,2025-03-24,ACTIVE
P000289,SKU000289,Sneakers 881,BR00040,CAT003,Turn likely high ask society suffer often. Better new produce wind form.,2024-04-10,ACTIVE
P000290,SKU000290,Watch 926,BR00054,CAT002,Can body conference administration. Several financial cut coach total reach.,2026-08-16,ACTIVE
P000291,SKU000291,Sneakers 649,BR00075,CAT001,Onto according course city turn.,2024-03-19,ACTIVE
P000292,SKU000292,Laptop 222,BR00099,CAT001,Center on particularly drug part. Close room success successful truth from. Ball north half.,2024-01-04,ACTIVE
P000293,SKU000293,Laptop 164,BR00000,CAT003,Hand happen ground subject sure. Return throughout though well understand move.,2024-04-19,ACTIVE
P000294,SKU000294,T-Shirt 165,BR00076,CAT003,Able when director. Daughter late decade organization sound suddenly.,2026-04-22,ACTIVE
P000295,SKU000295,Headphones 526,BR00037,CAT004,Least describe operation season remain wish. Front north professional cover their.,2025-09-29,ACTIVE
P000296,SKU000296,Sneakers 162,BR00005,CAT001,Final affect doctor action trip mouth fear.,2025-10-28,ACTIVE
P000297,SKU000297,Saree 556,BR00040,CAT001,"War charge husband. Nor growth coach memory ahead.
Local agree yeah sing town realize.",2023-10-15,ACTIVE
P000298,SKU000298,Headphones 556,BR00072,CAT004,Play two arm continue.,2024-05-01,ACTIVE
P000299,SKU000299,Backpack 681,BR00052,CAT005,Boy one debate theory skin. Particular probably write network according.,2025-04-08,ACTIVE
P000300,SKU000300,Jeans 311,BR00087,CAT001,Anyone business accept raise only after guy. Must room policy rock. Media picture religious.,2026-05-23,ACTIVE
P000301,SKU000301,Sneakers 411,BR00010,CAT003,Education meet though public. Focus particularly reflect especially include.,2026-01-28,ACTIVE
P000302,SKU000302,Headphones 878,BR00097,CAT001,Change from hold on reality against. Week represent about deal.,2025-02-14,ACTIVE
P000303,SKU000303,Backpack 58,BR00014,CAT001,Sort catch election opportunity. Catch second interest although. Consumer agency mean thing.,2025-06-29,ACTIVE
P000304,SKU000304,Headphones 920,BR00012,CAT002,Hard professional indicate particular exist blood. Hear address today subject.,2025-12-05,ACTIVE
P000305,SKU000305,Sneakers 799,BR00063,CAT005,Itself high defense trial truth event.,2024-09-14,ACTIVE
P000306,SKU000306,Watch 998,BR00024,CAT002,Tonight with that of fly. Situation relate professional either white one. Marriage mother certain.,2026-08-19,ACTIVE
P000307,SKU000307,Backpack 666,BR00097,CAT002,Prevent early everything else cell. Parent development even young democratic. Policy that table.,2024-08-23,ACTIVE
P000308,SKU000308,Watch 891,BR00040,CAT001,Probably performance culture. Message win treat better industry coach detail.,2026-05-21,ACTIVE
P000309,SKU000309,Jeans 805,BR00053,CAT004,Man will coach measure maintain.,2023-09-20,ACTIVE
P000310,SKU000310,Laptop 381,BR00050,CAT005,Test our present place policy carry. Dinner half thing. Exactly build challenge mean term.,2023-12-22,ACTIVE
P000311,SKU000311,Headphones 474,BR00026,CAT001,Hour threat question figure news. Citizen kid design left.,2023-11-27,ACTIVE
P000312,SKU000312,Saree 45,BR00011,CAT001,Official my performance popular its up enough. Environmental shoulder benefit senior name.,2024-08-05,ACTIVE
P000313,SKU000313,Laptop 985,BR00052,CAT002,Guy hold visit price offer but mission.,2024-02-11,ACTIVE
P000314,SKU000314,Headphones 222,BR00056,CAT002,Car nearly only boy participant. Couple whatever college thought. Pm push reason much hand.,2026-01-24,ACTIVE
P000315,SKU000315,Jeans 998,BR00023,CAT005,Treat everyone drug speech lead with.,2026-06-25,ACTIVE
P000316,SKU000316,T-Shirt 117,BR00046,CAT005,Give keep trouble talk speak accept have. Stock suffer trade enter responsibility.,2024-03-17,ACTIVE
P000317,SKU000317,Jacket 127,BR00001,CAT002,Television more finally center back truth sister. This able item world.,2024-08-05,ACTIVE
P000318,SKU000318,Jacket 359,BR00035,CAT005,Let his worry create skill. Set increase key tax. Deep world market anyone ok.,2023-10-26,ACTIVE
P000319,SKU000319,Jacket 52,BR00078,CAT002,Two rich respond analysis wind.,2025-11-20,ACTIVE
P000320,SKU000320,Laptop 400,BR00017,CAT002,Business cold must change general follow. Service sound join card plan.,2024-05-30,ACTIVE
P000321,SKU000321,Sneakers 790,BR00099,CAT004,Pattern newspaper than agent. Side lay change.,2024-02-16,ACTIVE
P000322,SKU000322,Saree 630,BR00007,CAT005,We least garden during. Choice leader history character quite lot.,2025-03-23,ACTIVE
P000323,SKU000323,Laptop 430,BR00010,CAT002,Physical face blood off thing.,2024-12-31,ACTIVE
P000324,SKU000324,Laptop 28,BR00048,CAT005,Form once item never administration newspaper where. Hour recognize lay challenge.,2025-05-28,ACTIVE
P000325,SKU000325,Jeans 549,BR00026,CAT003,Kind early couple century benefit.,2025-05-18,ACTIVE
P000326,SKU000326,Jeans 533,BR00062,CAT005,Company raise seven box later effort. Nice arrive test carry.,2024-05-19,ACTIVE
P000327,SKU000327,Watch 617,BR00095,CAT002,Plan protect produce matter ability have. Send make up paper economic.,2024-08-20,ACTIVE
P000328,SKU000328,Jacket 673,BR00072,CAT002,City bag small similar.,2025-02-13,ACTIVE
P000329,SKU000329,Jeans 395,BR00020,CAT004,Everything at team adult less century north. Arm study require green campaign ten career.,2025-07-15,ACTIVE
P000330,SKU000330,Laptop 464,BR00010,CAT005,Land work soon reveal health offer network. Prepare fall black series.,2023-10-10,ACTIVE
P000331,SKU000331,Headphones 983,BR00031,CAT005,"Those mean religious movement where.
Upon exactly certainly sort. Military throughout nature us.",2024-09-02,ACTIVE
P000332,SKU000332,T-Shirt 766,BR00069,CAT001,Office room capital material.,2024-03-28,ACTIVE
P000333,SKU000333,Saree 920,BR00092,CAT001,Event response they data music. Remember list direction. True themselves information five.,2025-07-11,ACTIVE
P000334,SKU000334,T-Shirt 835,BR00014,CAT001,Street miss appear eat. Able research none oil source responsibility ball.,2026-02-16,ACTIVE
P000335,SKU000335,Watch 187,BR00080,CAT004,Tree price specific. President yourself leader probably author natural reality.,2026-06-24,ACTIVE
P000336,SKU000336,Laptop 782,BR00005,CAT004,Watch nor right imagine table but. Type interesting property over west level attention.,2025-11-30,ACTIVE
P000337,SKU000337,Headphones 142,BR00054,CAT002,Her country hear charge. Out various about moment company treatment space.,2024-06-08,ACTIVE
P000338,SKU000338,Watch 428,BR00039,CAT005,Continue light beyond recently movement lot. Hour small small no.,2024-08-26,ACTIVE
P000339,SKU000339,Watch 798,BR00052,CAT004,Hold goal art can affect. Natural agreement name Congress my. Maintain oil sometimes lay.,2026-04-18,ACTIVE
P000340,SKU000340,T-Shirt 672,BR00049,CAT002,Brother sit level strong. Opportunity task policy contain. Game result site popular responsibility.,2025-06-19,ACTIVE
P000341,SKU000341,Saree 900,BR00086,CAT003,Get itself one. Of be station wind shoulder. Defense what threat mean wait most soon.,2024-10-20,ACTIVE
P000342,SKU000342,Headphones 899,BR00031,CAT002,Father figure system about. Stay nothing site music girl fly business.,2023-11-18,ACTIVE
P000343,SKU000343,Jacket 854,BR00051,CAT005,Job page word sure anything service notice eight. Sit school sign take choose camera cut leave.,2025-02-20,ACTIVE
P000344,SKU000344,Laptop 469,BR00054,CAT005,Great dog support wife he difficult. Difference responsibility and total raise.,2024-06-30,ACTIVE
P000345,SKU000345,Backpack 962,BR00059,CAT003,Cover realize stage. Next piece father quality.,2026-03-14,ACTIVE
P000346,SKU000346,Sneakers 859,BR00052,CAT002,Democratic effort mention which summer moment.,2024-06-24,ACTIVE
P000347,SKU000347,Jacket 149,BR00019,CAT002,Ready main because knowledge. Onto home above general move.,2025-06-20,ACTIVE
P000348,SKU000348,Jeans 967,BR00074,CAT002,Happen important phone next season. Prepare person phone major view.,2024-02-19,ACTIVE
P000349,SKU000349,Watch 847,BR00097,CAT005,Institution else present raise power on final drug.,2024-01-16,ACTIVE
P000350,SKU000350,Jacket 811,BR00000,CAT001,Possible huge entire movie reason through along. Morning section sure father.,2025-08-07,ACTIVE
P000351,SKU000351,Sneakers 813,BR00078,CAT002,"Yourself forget specific last heavy up.
Bed indicate above produce serve. Seven finally kind.",2024-12-06,ACTIVE
P000352,SKU000352,Sneakers 835,BR00066,CAT004,Town film group old him little financial.,2024-10-03,ACTIVE
P000353,SKU000353,Jeans 409,BR00058,CAT004,Fall nation analysis I evening old plan. Certainly environmental program figure.,2026-02-22,ACTIVE
P000354,SKU000354,Backpack 384,BR00066,CAT003,Defense step money at reduce. Concern significant lead language pressure.,2025-09-14,ACTIVE
P000355,SKU000355,Laptop 245,BR00033,CAT005,Give authority unit mind. With tree military raise quality foreign bad.,2026-08-02,ACTIVE
P000356,SKU000356,T-Shirt 785,BR00029,CAT003,Loss opportunity morning personal color. Hear beat option himself.,2025-10-13,ACTIVE
P000357,SKU000357,Sneakers 607,BR00033,CAT001,Huge you former really mission mean. Protect between say. Room someone fast charge.,2024-06-20,ACTIVE
P000358,SKU000358,Headphones 966,BR00042,CAT002,Behavior environmental charge. Indicate their stay able. Me factor good though official ready.,2025-08-22,ACTIVE
P000359,SKU000359,Watch 149,BR00050,CAT003,By spring ball stage. Remain image since truth necessary. Open affect push matter receive court.,2023-12-03,ACTIVE
P000360,SKU000360,T-Shirt 386,BR00051,CAT001,Rest future program management during real. Network sea similar.,2024-03-24,ACTIVE
P000361,SKU000361,Sneakers 875,BR00099,CAT001,Ever different memory think put. Together black behind area risk fly. Guess among yard.,2025-09-14,ACTIVE
P000362,SKU000362,Laptop 622,BR00008,CAT003,Factor positive serve choice require.,2026-08-03,ACTIVE
P000363,SKU000363,Jacket 812,BR00005,CAT002,Relate return him government wall them. Red increase walk tend meet big.,2024-12-23,ACTIVE
P000364,SKU000364,Jacket 852,BR00066,CAT003,Factor reflect color. Travel know morning expert.,2025-03-11,ACTIVE
P000365,SKU000365,T-Shirt 639,BR00032,CAT001,Fund because fine popular people sign. North recently wonder trade this we.,2025-09-22,ACTIVE
P000366,SKU000366,Jeans 674,BR00032,CAT004,"Little bar recognize might. Ten order win day.
Deal sure art shoulder.",2026-06-13,ACTIVE
P000367,SKU000367,Sneakers 74,BR00047,CAT003,Their media method main in mean. Form seven natural TV.,2025-10-10,ACTIVE
P000368,SKU000368,T-Shirt 394,BR00051,CAT005,Page successful into local teacher seem. Social make others prove pass continue interesting.,2025-03-02,ACTIVE
P000369,SKU000369,Laptop 582,BR00048,CAT003,Already financial use avoid sell. Card than degree present. Culture we film actually.,2025-05-05,ACTIVE
P000370,SKU000370,T-Shirt 321,BR00022,CAT002,She class structure song. Stay impact act. Food right special tough.,2026-03-20,ACTIVE
P000371,SKU000371,Headphones 308,BR00047,CAT005,Heavy left mission teacher future nothing. Away listen region.,2025-07-25,ACTIVE
P000372,SKU000372,T-Shirt 225,BR00001,CAT005,Produce actually happen painting candidate contain seven hard. Growth history forward window yard.,2025-07-14,ACTIVE
P000373,SKU000373,Saree 279,BR00043,CAT001,Long stand catch evidence increase hold where. Series whatever want collection.,2024-10-22,ACTIVE
P000374,SKU000374,T-Shirt 13,BR00066,CAT004,Suggest candidate answer billion. He husband peace unit process.,2024-04-14,ACTIVE
P000375,SKU000375,Backpack 289,BR00033,CAT004,President apply floor sea plant least vote single.,2025-07-23,ACTIVE
P000376,SKU000376,Watch 709,BR00073,CAT001,Information wide stop movement should. East risk former theory improve policy easy.,2026-02-01,ACTIVE
P000377,SKU000377,Watch 750,BR00045,CAT004,Yet too career she short within. Sister pick week just art want. Enough require policy affect deal.,2025-05-12,ACTIVE
P000378,SKU000378,Laptop 631,BR00062,CAT003,Factor parent staff thus believe bank establish. Young part time machine modern treatment.,2026-08-07,ACTIVE
P000379,SKU000379,Sneakers 540,BR00087,CAT004,Area fast radio ever same movie course. Local quite father huge. Avoid risk police staff level.,2024-08-27,ACTIVE
P000380,SKU000380,Laptop 620,BR00066,CAT004,Sound by day show Mr. Sing page make would. Purpose special southern father down.,2026-01-04,ACTIVE
P000381,SKU000381,Saree 959,BR00033,CAT004,Protect enter conference. Continue senior minute candidate.,2025-08-28,ACTIVE
P000382,SKU000382,Jeans 21,BR00032,CAT004,Clear TV offer end talk. Whole benefit form man later budget quite.,2024-02-07,ACTIVE
P000383,SKU000383,Watch 329,BR00002,CAT004,Marriage miss write life language. Take figure their live.,2025-09-20,ACTIVE
P000384,SKU000384,Headphones 667,BR00059,CAT003,Admit white either later picture production happen. Lose day base have why issue. Box trouble fill.,2024-03-21,ACTIVE
P000385,SKU000385,Backpack 810,BR00064,CAT004,Age social however since. Work difference strategy consumer when bed. Brother meeting war step she.,2024-10-12,ACTIVE
P000386,SKU000386,Backpack 629,BR00081,CAT005,Find him drop wall fast computer.,2026-09-13,ACTIVE
P000387,SKU000387,T-Shirt 526,BR00037,CAT002,Lot effort three nothing cause realize sometimes. Traditional country hard gas.,2024-12-08,ACTIVE
P000388,SKU000388,Backpack 970,BR00039,CAT001,Reduce federal between investment history deal. Successful recently half likely prevent important.,2025-08-31,ACTIVE
P000389,SKU000389,Sneakers 239,BR00006,CAT003,Social think two result wait. Mission as rest speak form almost.,2024-09-25,ACTIVE
P000390,SKU000390,Watch 350,BR00013,CAT003,Address boy seat work if wait. Probably generation often baby suffer.,2025-01-25,ACTIVE
P000391,SKU000391,Jacket 505,BR00094,CAT005,"Treat enough nothing imagine.
Low leg mouth church concern great without.",2025-04-21,ACTIVE
P000392,SKU000392,T-Shirt 65,BR00021,CAT003,Soldier thank section phone lawyer. Much health turn hair name three.,2026-01-13,ACTIVE
P000393,SKU000393,Jacket 957,BR00055,CAT002,Weight indicate performance data career. Federal head property avoid size whether.,2024-02-26,ACTIVE
P000394,SKU000394,Sneakers 991,BR00098,CAT002,Million chance property go media. Deal land suggest give carry effort.,2026-06-03,ACTIVE
P000395,SKU000395,Backpack 767,BR00004,CAT005,Than against no hair stand drive heart.,2026-06-28,ACTIVE
P000396,SKU000396,Sneakers 594,BR00072,CAT003,Hair rise admit. Performance town indeed.,2026-05-28,ACTIVE
P000397,SKU000397,Jacket 964,BR00063,CAT004,Less section determine story hit hospital. Life reduce cover act various official above.,2026-02-17,ACTIVE
P000398,SKU000398,Sneakers 524,BR00050,CAT005,Buy add kind owner. Blue middle guy father.,2024-12-03,ACTIVE
P000399,SKU000399,Watch 424,BR00068,CAT003,Push every him away either improve. Discover dream note group guy artist.,2024-09-26,ACTIVE
P000400,SKU000400,Watch 220,BR00080,CAT003,Take almost democratic doctor. Even article let travel. About yourself arm several do once might.,2024-09-04,ACTIVE
P000401,SKU000401,T-Shirt 68,BR00053,CAT005,Yeah grow prevent which. Shoulder purpose reduce lawyer.,2024-07-10,ACTIVE
P000402,SKU000402,Watch 15,BR00048,CAT003,Mission particularly pull history north. Employee dark cultural speak onto magazine.,2025-12-15,ACTIVE
P000403,SKU000403,Jacket 606,BR00088,CAT002,"Early address decide budget value through control mouth. Prove view join.
Phone seat relate might.",2024-06-06,ACTIVE
P000404,SKU000404,Jeans 692,BR00084,CAT002,Realize near many claim husband. General activity although knowledge.,2025-08-30,ACTIVE
P000405,SKU000405,Jeans 569,BR00072,CAT001,Interesting pattern Democrat career room despite develop home.,2025-10-29,ACTIVE
P000406,SKU000406,T-Shirt 573,BR00072,CAT003,Sort citizen share or through analysis person. Discover body question yes safe despite consumer.,2024-11-04,ACTIVE
P000407,SKU000407,T-Shirt 932,BR00049,CAT001,How south Congress impact relationship. Song appear free.,2026-06-19,ACTIVE
P000408,SKU000408,Laptop 77,BR00051,CAT004,Section leader light ready group.,2025-02-21,ACTIVE
P000409,SKU000409,Backpack 705,BR00032,CAT004,Order rate yard. Find huge four race cold true.,2026-01-05,ACTIVE
P000410,SKU000410,T-Shirt 585,BR00066,CAT003,Ball worker season wide. Anything stuff last project.,2025-01-14,ACTIVE
P000411,SKU000411,Sneakers 38,BR00008,CAT002,Goal high yeah condition. Once relate teacher him certainly yard.,2026-09-17,ACTIVE
P000412,SKU000412,Watch 107,BR00076,CAT004,Above past themselves fly clear shoulder expert cause. That discover value matter must already.,2025-05-12,ACTIVE
P000413,SKU000413,Saree 98,BR00080,CAT004,Option region wonder light simple. Today price series toward agreement. Toward effect watch.,2026-05-07,ACTIVE
P000414,SKU000414,Laptop 510,BR00082,CAT001,Mrs story beautiful military green establish west low. Police within best meeting beat.,2024-01-10,ACTIVE
P000415,SKU000415,Jacket 752,BR00062,CAT002,Finally financial least campaign large beautiful standard. Take everyone mean know.,2025-12-22,ACTIVE
P000416,SKU000416,Sneakers 311,BR00013,CAT003,State south edge staff opportunity whether wide film. Detail real again cut president.,2026-02-08,ACTIVE
P000417,SKU000417,Sneakers 558,BR00026,CAT001,Best up explain pretty country enjoy. Enter wear production eight speech all.,2026-09-09,ACTIVE
P000418,SKU000418,Jeans 22,BR00011,CAT002,Hold major meeting debate gun without away. Together between quite world learn town.,2024-10-23,ACTIVE
P000419,SKU000419,Headphones 11,BR00020,CAT005,Rest buy contain style TV. Himself feeling book room your.,2025-03-09,ACTIVE
P000420,SKU000420,Laptop 597,BR00084,CAT001,Practice they usually catch suggest national. Your figure game husband nice choose little.,2025-02-21,ACTIVE
P000421,SKU000421,Jeans 674,BR00054,CAT001,Every western size clearly mean food. Interview herself bad interest.,2024-05-04,ACTIVE
P000422,SKU000422,Sneakers 90,BR00003,CAT003,"And everyone win treat least side.
Foreign call last take. Husband eye continue participant.",2024-12-12,ACTIVE
P000423,SKU000423,Backpack 15,BR00097,CAT002,Send kitchen government director fill crime understand.,2025-09-14,ACTIVE
P000424,SKU000424,Watch 104,BR00061,CAT004,To ok network decide oil before the.,2023-11-25,ACTIVE
P000425,SKU000425,Saree 746,BR00027,CAT005,Huge movie wear trouble book. Speak machine note.,2024-09-09,ACTIVE
P000426,SKU000426,Watch 931,BR00043,CAT003,Arm finally Democrat worker power group senior bag. Material side line now local.,2025-10-31,ACTIVE
P000427,SKU000427,Laptop 778,BR00006,CAT005,Deep truth alone similar. Their evening which factor. Change explain clear.,2024-09-26,ACTIVE
P000428,SKU000428,Jeans 843,BR00062,CAT003,Create hope father worker race any without evening. Arm far add view.,2025-11-06,ACTIVE
P000429,SKU000429,Jeans 990,BR00077,CAT003,Your every visit thing contain long any if. Meet state away about positive.,2026-05-04,ACTIVE
P000430,SKU000430,Watch 446,BR00012,CAT005,Early wonder finally new south. Protect beyond matter live it mind represent.,2024-01-26,ACTIVE
P000431,SKU000431,Headphones 340,BR00035,CAT005,Pattern hear soldier bit car democratic marriage. Mean land finish director.,2025-08-15,ACTIVE
P000432,SKU000432,Jacket 57,BR00001,CAT005,Into minute situation sell central remember fire power. Difficult man list particularly.,2025-05-16,ACTIVE
P000433,SKU000433,Backpack 734,BR00056,CAT003,Middle relationship support. Really than check month.,2024-02-12,ACTIVE
P000434,SKU000434,Watch 123,BR00022,CAT001,Clear student audience plan. For seven land on. Weight you east green reduce top TV.,2025-07-28,ACTIVE
P000435,SKU000435,Jacket 321,BR00029,CAT005,Down easy table. Wide red reality west order. Different little art treatment most rest.,2024-12-29,ACTIVE
P000436,SKU000436,Backpack 804,BR00052,CAT002,Computer suddenly chance those reality. Billion guy usually. Dog future difference performance.,2024-11-24,ACTIVE
P000437,SKU000437,Sneakers 460,BR00038,CAT001,Arm movie education ever myself.,2024-10-06,ACTIVE
P000438,SKU000438,T-Shirt 828,BR00069,CAT001,Fact scene color conference lawyer. Beautiful amount admit field partner include quite hit.,2023-12-01,ACTIVE
P000439,SKU000439,Saree 751,BR00050,CAT004,Always very of claim subject cut its forget. Opportunity positive listen action with.,2025-11-26,ACTIVE
P000440,SKU000440,Watch 124,BR00047,CAT004,Then spring energy several strategy. Customer defense difference.,2026-07-08,ACTIVE
P000441,SKU000441,Watch 547,BR00011,CAT001,Business begin task agreement.,2024-07-22,ACTIVE
P000442,SKU000442,Jeans 575,BR00015,CAT004,Structure little behavior friend well picture. Certain walk end. Light sometimes relate truth cut.,2025-08-28,ACTIVE
P000443,SKU000443,Saree 329,BR00086,CAT002,Appear summer style speech next administration. Deal nothing practice.,2026-01-28,ACTIVE
P000444,SKU000444,T-Shirt 693,BR00041,CAT005,Still side technology. See party animal sure walk. Myself past agree or.,2025-09-11,ACTIVE
P000445,SKU000445,Backpack 278,BR00053,CAT005,Say own enter individual he. Front wide inside guy born. Her central western piece for.,2023-09-29,ACTIVE
P000446,SKU000446,Saree 128,BR00066,CAT005,A support million firm determine couple. Win toward call eat sure.,2024-01-10,ACTIVE
P000447,SKU000447,Jeans 679,BR00052,CAT001,That its investment lawyer among off realize owner. Person subject various see.,2026-05-13,ACTIVE
P000448,SKU000448,Jacket 549,BR00045,CAT002,Above stay too shoulder anything. Not show speech beyond institution class writer week.,2026-06-24,ACTIVE
P000449,SKU000449,T-Shirt 621,BR00028,CAT003,Peace couple lay. Upon major poor. Include firm instead smile.,2025-06-11,ACTIVE
P000450,SKU000450,Backpack 70,BR00055,CAT003,Support discussion year drop as. With environment loss game crime.,2023-10-26,ACTIVE
P000451,SKU000451,Watch 749,BR00042,CAT002,Assume every improve. Avoid letter themselves. Success generation area how.,2024-06-24,ACTIVE
P000452,SKU000452,Sneakers 24,BR00050,CAT004,Expect theory voice radio smile couple court compare. Would claim song subject.,2024-09-23,ACTIVE
P000453,SKU000453,Backpack 14,BR00023,CAT002,"Traditional according mean group. Available present million baby adult leg.
Agency remain on she.",2024-02-21,ACTIVE
P000454,SKU000454,Headphones 433,BR00049,CAT003,Own country against per anyone. Meeting dark partner ball.,2026-08-02,ACTIVE
P000455,SKU000455,Jeans 468,BR00081,CAT005,Short rise however when top left nature. Your computer guy opportunity old.,2023-11-24,ACTIVE
P000456,SKU000456,Saree 640,BR00053,CAT001,Adult leave affect. Difficult right financial party.,2024-11-19,ACTIVE
P000457,SKU000457,Saree 893,BR00068,CAT005,Everyone whatever last collection firm.,2024-02-16,ACTIVE
P000458,SKU000458,Backpack 544,BR00065,CAT004,Yourself me news be ask doctor. Of nature quickly. Year or step early success I level.,2023-10-08,ACTIVE
P000459,SKU000459,Backpack 522,BR00041,CAT005,Sort level back for avoid case her.,2025-12-29,ACTIVE
P000460,SKU000460,Headphones 542,BR00069,CAT001,Pm dream ready officer. Operation day end. Subject mean name give fight recently though.,2025-04-30,ACTIVE
P000461,SKU000461,Watch 948,BR00092,CAT005,Late people why. Window example consumer race guy fund.,2026-04-01,ACTIVE
P000462,SKU000462,Sneakers 953,BR00017,CAT004,Season eat maybe rather short there contain. Look meeting onto name respond.,2025-07-12,ACTIVE
P000463,SKU000463,Jeans 684,BR00060,CAT005,Opportunity wrong serve book. Whole claim can face image.,2025-01-14,ACTIVE
P000464,SKU000464,Watch 887,BR00009,CAT003,Bar worker why before physical. Work guy treat cost consider article.,2026-02-13,ACTIVE
P000465,SKU000465,Jacket 688,BR00016,CAT001,Window political everything bring with amount bed per. Five newspaper behavior couple.,2024-06-16,ACTIVE
P000466,SKU000466,Headphones 56,BR00065,CAT003,Each bring since loss. May cultural sound. Much movement operation right avoid language.,2025-12-31,ACTIVE
P000467,SKU000467,Jacket 967,BR00026,CAT001,News do second culture. Surface dinner address strategy cut.,2026-09-12,ACTIVE
P000468,SKU000468,Jeans 667,BR00004,CAT003,Although again also town benefit respond. Everybody standard system.,2024-10-17,ACTIVE
P000469,SKU000469,T-Shirt 577,BR00005,CAT002,Total yet let fish impact. Require amount almost although claim.,2023-09-24,ACTIVE
P000470,SKU000470,Backpack 38,BR00062,CAT001,Help leave least radio hour ever include. Sound threat name level ok. Relate hotel maybe tax.,2026-01-25,ACTIVE
P000471,SKU000471,T-Shirt 216,BR00051,CAT004,Government hold consumer. Father example per year.,2025-12-09,ACTIVE
P000472,SKU000472,Headphones 569,BR00000,CAT004,Catch matter fast phone my.,2026-08-02,ACTIVE
P000473,SKU000473,Watch 937,BR00052,CAT002,Politics soon where concern well rather you. Loss power region present box whose day.,2024-01-03,ACTIVE
P000474,SKU000474,Laptop 308,BR00001,CAT001,"Thus maintain its have. Nearly yes total unit lead understand.
Executive city may expert page.",2024-07-10,ACTIVE
P000475,SKU000475,Laptop 630,BR00053,CAT004,How loss save. Teach final set build responsibility until movie heavy.,2024-02-18,ACTIVE
P000476,SKU000476,Laptop 398,BR00036,CAT002,Pick new ability firm support.,2024-02-29,ACTIVE
P000477,SKU000477,Watch 816,BR00076,CAT001,Southern foreign happy source.,2024-03-11,ACTIVE
P000478,SKU000478,Backpack 630,BR00064,CAT003,Large physical our notice style may. Change yeah claim able early.,2024-01-09,ACTIVE
P000479,SKU000479,Backpack 296,BR00038,CAT004,Drive night at scene detail. Management every middle rich discover too main.,2024-06-28,ACTIVE
P000480,SKU000480,Jeans 49,BR00013,CAT005,Study culture personal short fine point option for. Research able party where possible try.,2025-09-16,ACTIVE
P000481,SKU000481,Watch 856,BR00039,CAT003,Its finish car. Treat computer kind yet both.,2025-09-10,ACTIVE
P000482,SKU000482,Saree 171,BR00006,CAT004,Push mind age bill. Case change poor modern ability.,2024-06-09,ACTIVE
P000483,SKU000483,T-Shirt 144,BR00097,CAT003,Itself edge close quite. Service mouth or hotel edge rise research. Direction part property.,2026-01-13,ACTIVE
P000484,SKU000484,Sneakers 802,BR00032,CAT005,Research produce fall prevent purpose. Fill shoulder speak yet. Us create loss avoid to social.,2026-01-05,ACTIVE
P000485,SKU000485,Watch 613,BR00047,CAT004,Minute picture not economic child appear dog. Of care agreement series. Subject about positive.,2025-03-31,ACTIVE
P000486,SKU000486,Backpack 214,BR00010,CAT002,Professor rich red cost to. Top former offer network term.,2025-02-13,ACTIVE
P000487,SKU000487,T-Shirt 502,BR00061,CAT003,Least arrive worker thank have term. Cold population money instead. Letter line drop film.,2025-06-13,ACTIVE
P000488,SKU000488,Sneakers 224,BR00058,CAT001,Rise seat less. Cause choose maintain among measure.,2023-10-31,ACTIVE
P000489,SKU000489,Jacket 94,BR00026,CAT002,Right security dog left for you include. Several social simply benefit. Eight gas key it miss.,2025-03-24,ACTIVE
P000490,SKU000490,T-Shirt 166,BR00003,CAT001,Again century executive trouble page. Green education then at be.,2025-09-18,ACTIVE
P000491,SKU000491,Watch 787,BR00014,CAT005,Discover impact perform have. Suffer window situation yes we hair alone.,2023-10-05,ACTIVE
P000492,SKU000492,Backpack 324,BR00025,CAT003,Ever without her bar significant rest every. Situation win nearly job character type admit.,2024-10-21,ACTIVE
P000493,SKU000493,Watch 446,BR00043,CAT005,Man south would finish. Reality return other four. Painting what these information plan.,2026-09-08,ACTIVE
P000494,SKU000494,T-Shirt 357,BR00089,CAT003,Want president site about blood keep. These appear town realize avoid. Key hot else remember.,2026-08-01,ACTIVE
P000495,SKU000495,Backpack 796,BR00010,CAT001,Crime car age white whose each. Believe view debate population.,2025-05-20,ACTIVE
P000496,SKU000496,T-Shirt 195,BR00037,CAT004,Size run know we suddenly. Piece serious information.,2025-09-06,ACTIVE
P000497,SKU000497,Laptop 373,BR00099,CAT001,"Your natural rather next above specific.
Pick answer keep should pass.",2026-06-09,ACTIVE
P000498,SKU000498,Headphones 521,BR00051,CAT005,Painting short character only traditional wonder. Another choose suggest dark in.,2025-10-03,ACTIVE
P000499,SKU000499,Saree 666,BR00074,CAT003,Young cause beat condition. More animal guess maintain.,2025-07-19,ACTIVE
P000500,SKU000500,Jacket 847,BR00025,CAT001,All life article on fall too artist. Who ability animal cultural green.,2024-06-20,ACTIVE
P000501,SKU000501,Jeans 718,BR00041,CAT001,He report nearly old issue media almost. Include after become assume back term act away.,2025-08-13,ACTIVE
P000502,SKU000502,Saree 449,BR00004,CAT001,"Mission her discuss political three sense. Share those however.
Democratic enough black.",2024-06-22,ACTIVE
P000503,SKU000503,Backpack 133,BR00058,CAT003,Table authority edge develop candidate there rest. Source stuff arrive thousand film.,2026-06-30,ACTIVE
P000504,SKU000504,Jacket 394,BR00056,CAT001,Increase some maintain action although. Color rest town rock contain surface.,2026-04-09,ACTIVE
P000505,SKU000505,Saree 963,BR00014,CAT003,Some anyone couple growth suddenly door. Model own remain floor bit practice.,2024-04-30,ACTIVE
P000506,SKU000506,Headphones 480,BR00001,CAT004,In expect concern third consumer church community where. Say take test seven speak agree difficult.,2025-09-11,ACTIVE
P000507,SKU000507,Watch 394,BR00097,CAT002,Discussion result assume born. Final poor determine Republican only onto range.,2024-06-03,ACTIVE
P000508,SKU000508,Watch 664,BR00048,CAT002,"Easy staff fine focus both end. Create you alone despite likely staff.
Until either PM.",2025-08-11,ACTIVE
P000509,SKU000509,T-Shirt 787,BR00050,CAT002,This defense capital on against white.,2025-05-24,ACTIVE
P000510,SKU000510,Headphones 313,BR00045,CAT005,Street cup recognize nor whatever share. Agent field production education oil.,2024-07-04,ACTIVE
P000511,SKU000511,Jacket 211,BR00051,CAT001,Color why during. Seat notice seek offer third.,2023-12-02,ACTIVE
P000512,SKU000512,Watch 601,BR00034,CAT002,Mission American nothing popular if effort travel perhaps.,2025-05-18,ACTIVE
P000513,SKU000513,Headphones 12,BR00097,CAT001,Ask indicate red into agree dream short.,2026-07-22,ACTIVE
P000514,SKU000514,Jeans 816,BR00025,CAT004,Set edge out anyone senior.,2024-01-31,ACTIVE
P000515,SKU000515,Jeans 876,BR00046,CAT002,Cultural show benefit others anything. Around evening about surface.,2024-06-08,ACTIVE
P000516,SKU000516,Saree 673,BR00097,CAT005,Everything might word. Couple black church.,2024-09-15,ACTIVE
P000517,SKU000517,Jeans 929,BR00026,CAT001,Way arm might bring goal. Modern work high pick.,2024-01-27,ACTIVE
P000518,SKU000518,Headphones 340,BR00045,CAT002,Such school worker. Yard dog mouth window occur need question.,2024-10-01,ACTIVE
P000519,SKU000519,Sneakers 762,BR00079,CAT002,Force make build officer boy interview memory. Commercial raise better plant.,2024-06-10,ACTIVE
P000520,SKU000520,Saree 257,BR00089,CAT003,Hair baby production oil term industry. Subject walk suffer three.,2026-01-07,ACTIVE
P000521,SKU000521,Headphones 271,BR00063,CAT005,Pay attention certainly get. Arrive assume rate. Role lead policy still speak.,2025-09-18,ACTIVE
P000522,SKU000522,Headphones 216,BR00060,CAT005,Office some each. Life cut machine bit me.,2026-05-04,ACTIVE
P000523,SKU000523,Sneakers 348,BR00068,CAT005,Onto successful task special whose operation nice. Old she traditional majority year firm positive.,2026-01-20,ACTIVE
P000524,SKU000524,Headphones 743,BR00031,CAT001,Before son tough team pretty lay management. Shake place likely leg amount forget guess yet.,2025-02-22,ACTIVE
P000525,SKU000525,Watch 674,BR00066,CAT002,Provide return speak ever month rest cultural.,2025-09-02,ACTIVE
P000526,SKU000526,Watch 945,BR00040,CAT003,Around it window us scientist that red them. Fish interest too current director.,2025-01-07,ACTIVE
P000527,SKU000527,Backpack 570,BR00087,CAT004,Live good white miss easy moment health throughout. Guess sell glass course civil nor company.,2023-10-12,ACTIVE
P000528,SKU000528,Headphones 787,BR00083,CAT004,Story state magazine share.,2026-09-03,ACTIVE
P000529,SKU000529,Jeans 835,BR00051,CAT005,Eye well safe cup listen industry none probably. Increase speech understand forward.,2024-06-15,ACTIVE
P000530,SKU000530,Jacket 346,BR00068,CAT005,Wind gun speech yes fill choose large. Try woman former southern only degree course.,2024-12-11,ACTIVE
P000531,SKU000531,Saree 459,BR00031,CAT003,Fish push a share she herself international. Statement center best western our indeed.,2024-12-11,ACTIVE
P000532,SKU000532,Sneakers 408,BR00084,CAT001,Light agent level lay institution wear. Federal order however.,2026-07-20,ACTIVE
P000533,SKU000533,Watch 226,BR00077,CAT004,Rather reflect look recognize. Decade he modern whole wide must. Standard card here surface.,2025-07-21,ACTIVE
P000534,SKU000534,Jacket 238,BR00069,CAT004,Chair data charge study. Foreign color me adult question second. Help enough industry throw.,2026-07-07,ACTIVE
P000535,SKU000535,Watch 981,BR00039,CAT001,Why education computer material leg white.,2023-12-05,ACTIVE
P000536,SKU000536,Backpack 849,BR00059,CAT005,Skill factor interview view audience. Energy identify choose society he more.,2025-09-03,ACTIVE
P000537,SKU000537,Sneakers 740,BR00094,CAT003,Summer seem impact let treatment poor. Ready perhaps them.,2023-10-15,ACTIVE
P000538,SKU000538,Jeans 767,BR00024,CAT005,"Least team start some watch control.
Themselves say race. Fast process note trip.",2024-07-26,ACTIVE
P000539,SKU000539,Headphones 445,BR00054,CAT003,Early particularly and exist throughout model. Sing help wrong. Its hour whose real.,2024-08-28,ACTIVE
P000540,SKU000540,Backpack 947,BR00081,CAT002,Thus themselves poor finally so. True hold left national wife dog. Beyond account season.,2025-01-25,ACTIVE
P000541,SKU000541,Watch 941,BR00096,CAT005,That music few finally bring bit. Difficult watch marriage.,2024-02-03,ACTIVE
P000542,SKU000542,Saree 249,BR00030,CAT001,Watch environmental about coach. Data prepare collection establish.,2024-02-14,ACTIVE
P000543,SKU000543,T-Shirt 308,BR00097,CAT001,Result moment discuss. Summer her human.,2025-10-06,ACTIVE
P000544,SKU000544,T-Shirt 510,BR00025,CAT001,Also loss painting. Bring beyond offer decade instead morning.,2023-10-30,ACTIVE
P000545,SKU000545,Backpack 185,BR00084,CAT002,Usually those attention contain couple choose rather. They weight free.,2026-04-04,ACTIVE
P000546,SKU000546,Backpack 517,BR00064,CAT002,Land Congress board window capital film. Affect couple happy the check. Available stand argue want.,2026-09-11,ACTIVE
P000547,SKU000547,Watch 774,BR00048,CAT003,"Note just resource level dinner money heavy.
Front wonder control bed. Hard pass training.",2026-08-07,ACTIVE
P000548,SKU000548,Jeans 440,BR00071,CAT003,Green write father impact actually. Stage they especially loss chair.,2024-09-26,ACTIVE
P000549,SKU000549,Jeans 567,BR00074,CAT001,"Pattern list how all.
Best his western tonight. Hot central wait issue worry just.",2024-12-21,ACTIVE
P000550,SKU000550,Saree 847,BR00071,CAT001,Amount wrong difficult different. Great now begin.,2024-08-14,ACTIVE
P000551,SKU000551,Headphones 43,BR00008,CAT005,He employee class include field contain popular. World four this control.,2024-08-01,ACTIVE
P000552,SKU000552,Laptop 695,BR00065,CAT002,At assume task dark manage. Land account tax appear free you.,2025-07-03,ACTIVE
P000553,SKU000553,Watch 250,BR00049,CAT005,Seven right experience free. Church audience phone give live individual.,2026-08-15,ACTIVE
P000554,SKU000554,Laptop 244,BR00025,CAT004,Summer charge red join director area bad. Green lay industry particular. Other head go garden.,2025-09-21,ACTIVE
P000555,SKU000555,T-Shirt 424,BR00060,CAT004,Thought should wear firm hand. Page bank small billion couple social.,2024-04-18,ACTIVE
P000556,SKU000556,Jeans 171,BR00095,CAT003,Attention list contain listen which. Enjoy nor technology attorney best turn someone.,2025-03-10,ACTIVE
P000557,SKU000557,Jacket 836,BR00034,CAT005,Side national she set letter. Picture beautiful type service. Move brother policy leave.,2026-04-14,ACTIVE
P000558,SKU000558,Sneakers 111,BR00077,CAT004,Man type fact response worker data offer network. Issue arrive rise. Time me material quality as.,2023-10-25,ACTIVE
P000559,SKU000559,Laptop 877,BR00043,CAT003,Ago statement past consumer. Our free culture both wind. Dog around area board million then enter.,2026-04-20,ACTIVE
P000560,SKU000560,T-Shirt 268,BR00013,CAT002,Baby specific study network join. This trouble around go.,2025-05-20,ACTIVE
P000561,SKU000561,Sneakers 332,BR00082,CAT003,Answer must son nice. Only avoid star nothing company stay newspaper. Certainly camera thank body.,2026-01-13,ACTIVE
P000562,SKU000562,Laptop 2,BR00067,CAT001,Often glass camera growth and mention range. Manage side accept local factor now Republican.,2024-07-26,ACTIVE
P000563,SKU000563,Backpack 429,BR00001,CAT001,Shoulder stand couple purpose hope tree that. Field Republican move visit above happy.,2025-05-27,ACTIVE
P000564,SKU000564,Saree 137,BR00003,CAT003,Throw school white scene eye director admit. Customer show decide will.,2025-08-31,ACTIVE
P000565,SKU000565,Headphones 867,BR00020,CAT004,"Compare remain side night. Region try record tonight which.
Bag task such.",2026-08-02,ACTIVE
P000566,SKU000566,Laptop 634,BR00012,CAT004,Live space have occur difficult return very. In key leave information find pattern.,2023-11-07,ACTIVE
P000567,SKU000567,T-Shirt 487,BR00005,CAT004,Reveal that organization skin hit return bar.,2023-12-29,ACTIVE
P000568,SKU000568,T-Shirt 454,BR00050,CAT001,Yourself evening use close put south hope. Human doctor cut anyone its.,2023-12-04,ACTIVE
P000569,SKU000569,Laptop 744,BR00054,CAT005,Our white like human letter stuff view.,2025-03-28,ACTIVE
P000570,SKU000570,Watch 895,BR00084,CAT004,Rate fish threat. Factor season paper discussion experience state heart.,2024-03-14,ACTIVE
P000571,SKU000571,Sneakers 303,BR00078,CAT001,Participant development pay attack doctor. Adult wait class eight though opportunity.,2026-03-17,ACTIVE
P000572,SKU000572,Headphones 373,BR00060,CAT003,Her few general make indicate. Vote glass attorney piece represent force by.,2024-05-29,ACTIVE
P000573,SKU000573,Headphones 391,BR00006,CAT004,Large time through Congress. Investment finally prove card. Start money their.,2024-06-09,ACTIVE
P000574,SKU000574,Laptop 50,BR00026,CAT003,Wide ten special hair. Drop color same account when often.,2023-12-16,ACTIVE
P000575,SKU000575,Laptop 786,BR00074,CAT005,South letter question weight young discussion. Tax big last now better feel.,2023-10-12,ACTIVE
P000576,SKU000576,Saree 663,BR00019,CAT001,Indeed hear person section stock thank. Drug increase each none every color author future.,2024-08-10,ACTIVE
P000577,SKU000577,Headphones 947,BR00005,CAT005,Character race station least. Skill which stage at door who open.,2024-04-27,ACTIVE
P000578,SKU000578,Watch 501,BR00077,CAT005,Able rich visit factor. Figure may center both responsibility.,2026-07-15,ACTIVE
P000579,SKU000579,Watch 983,BR00047,CAT005,None idea almost take short. Different modern design do goal whole right.,2026-01-22,ACTIVE
P000580,SKU000580,Laptop 239,BR00000,CAT004,Save during over car size spend. Than raise service long.,2026-09-06,ACTIVE
P000581,SKU000581,Sneakers 614,BR00006,CAT002,Write sea whom how cold me. Whether understand natural should quickly.,2025-05-27,ACTIVE
P000582,SKU000582,Jeans 30,BR00038,CAT004,Military time discussion soon girl wide. Everything pull hotel question important decade heart.,2025-09-28,ACTIVE
P000583,SKU000583,Saree 674,BR00033,CAT003,American president short other executive large. Decide general fact late consumer often may.,2023-12-20,ACTIVE
P000584,SKU000584,Jeans 647,BR00026,CAT003,Born site school half support change. They sea together raise woman ground bank.,2023-12-10,ACTIVE
P000585,SKU000585,Laptop 875,BR00021,CAT003,Treatment agency view certainly business such. Sometimes election purpose wrong.,2026-04-14,ACTIVE
P000586,SKU000586,Jacket 957,BR00005,CAT004,Artist close computer whether series. Suggest behind it rule teacher role really discussion.,2025-06-07,ACTIVE
P000587,SKU000587,Jacket 205,BR00085,CAT003,Rule team show weight health trade west. Discussion establish event point day lay.,2024-10-07,ACTIVE
P000588,SKU000588,Headphones 689,BR00079,CAT002,Score onto big economy. Manager really worker vote trial. Author hundred difficult city statement.,2025-04-10,ACTIVE
P000589,SKU000589,Saree 46,BR00097,CAT003,"Strong vote sense among soldier yet.
Amount can hard one throughout growth.",2026-05-17,ACTIVE
P000590,SKU000590,Headphones 167,BR00080,CAT005,"My old popular impact catch fill bank.
College able employee party ok trial two.",2024-06-16,ACTIVE
P000591,SKU000591,Headphones 326,BR00031,CAT005,Scene usually indeed significant mind. Late out then training positive.,2026-01-11,ACTIVE
P000592,SKU000592,Backpack 841,BR00065,CAT001,"Score step answer allow.
Consumer recent again successful action economic.",2026-08-27,ACTIVE
P000593,SKU000593,Watch 267,BR00018,CAT002,Memory standard any relate PM yourself on. Born follow doctor office effect phone sea.,2026-01-21,ACTIVE
P000594,SKU000594,Saree 701,BR00097,CAT003,Shoulder song enjoy ground vote bit high. Mind friend factor particular.,2025-02-18,ACTIVE
P000595,SKU000595,Sneakers 790,BR00079,CAT001,Explain power kid interview.,2026-06-24,ACTIVE
P000596,SKU000596,T-Shirt 88,BR00088,CAT002,Reason none drop catch large. Law because treat his south.,2025-01-01,ACTIVE
P000597,SKU000597,Headphones 250,BR00033,CAT004,Mission challenge indicate never hundred down job value. Level born push way woman themselves.,2025-07-07,ACTIVE
P000598,SKU000598,T-Shirt 847,BR00087,CAT004,Pay left amount.,2026-08-03,ACTIVE
P000599,SKU000599,Backpack 944,BR00076,CAT002,Growth great table television continue. Main student write run off.,2024-10-17,ACTIVE
P000600,SKU000600,Saree 44,BR00086,CAT003,Leader pressure outside significant professor.,2024-06-13,ACTIVE
P000601,SKU000601,Jacket 432,BR00079,CAT002,Ground size picture politics cut.,2025-10-11,ACTIVE
P000602,SKU000602,Sneakers 972,BR00071,CAT001,Nice her land brother.,2024-03-23,ACTIVE
P000603,SKU000603,Sneakers 585,BR00021,CAT005,Travel hold strong dog cut. Peace force throughout traditional science life.,2025-07-13,ACTIVE
P000604,SKU000604,Sneakers 421,BR00098,CAT001,Expect strategy director. Participant sing action song new point also apply.,2024-11-08,ACTIVE
P000605,SKU000605,Jacket 65,BR00010,CAT001,Clearly option term debate official common. Short race kid human opportunity wait event.,2025-01-19,ACTIVE
P000606,SKU000606,T-Shirt 795,BR00091,CAT005,West real none radio win. Spend song several free. Already eye political sister either way quickly.,2024-01-26,ACTIVE
P000607,SKU000607,Headphones 585,BR00068,CAT004,Alone will measure value trouble. Personal group official performance foot white real.,2026-01-08,ACTIVE
P000608,SKU000608,Headphones 932,BR00068,CAT005,Down yard answer serious benefit onto politics. Something phone participant arrive.,2025-11-10,ACTIVE
P000609,SKU000609,T-Shirt 439,BR00037,CAT002,Every thought so price effort also either. Ready establish avoid say process able make help.,2024-09-18,ACTIVE
P000610,SKU000610,Watch 569,BR00084,CAT003,Value later say factor grow person. Maintain military language.,2024-05-03,ACTIVE
P000611,SKU000611,Sneakers 889,BR00084,CAT005,"Station news front cup thousand attorney cell.
Class too upon candidate.",2025-08-02,ACTIVE
P000612,SKU000612,Jeans 321,BR00052,CAT002,Election explain medical detail floor. Minute pass this today while. Life man training impact.,2025-09-23,ACTIVE
P000613,SKU000613,Backpack 477,BR00073,CAT002,Senior may course. Quite thing reach individual situation.,2024-10-20,ACTIVE
P000614,SKU000614,Watch 430,BR00020,CAT005,Tv force true money still.,2024-03-31,ACTIVE
P000615,SKU000615,Laptop 626,BR00068,CAT001,Raise site artist. Statement simple personal other. Investment window movement product.,2026-04-09,ACTIVE
P000616,SKU000616,Jacket 230,BR00050,CAT004,Main game over keep magazine unit read.,2023-11-08,ACTIVE
P000617,SKU000617,Headphones 368,BR00082,CAT005,So scene name type anyone. Economic blue young.,2026-05-21,ACTIVE
P000618,SKU000618,Saree 43,BR00024,CAT002,Show north claim help ask. She prepare put in buy consider.,2023-09-24,ACTIVE
P000619,SKU000619,Backpack 924,BR00022,CAT004,White present story will. More bad soldier word building a understand.,2026-08-25,ACTIVE
P000620,SKU000620,Saree 916,BR00059,CAT002,Discover more minute brother miss maintain open. Past standard today increase.,2024-05-15,ACTIVE
P000621,SKU000621,Jacket 180,BR00053,CAT005,Treatment score method. Style study old nature anyone fish dark. Nation cell able ability edge.,2025-09-21,ACTIVE
P000622,SKU000622,Sneakers 63,BR00047,CAT003,"Record important bag skill.
Most first fight game grow world. What everybody majority sing.",2025-10-19,ACTIVE
P000623,SKU000623,Watch 562,BR00020,CAT004,Half participant same meet yard. Wind movement eat weight organization way.,2025-03-12,ACTIVE
P000624,SKU000624,Saree 686,BR00016,CAT003,Study prepare region clearly assume exactly. Two third own figure notice down.,2026-06-14,ACTIVE
P000625,SKU000625,Headphones 231,BR00024,CAT002,Mission way experience candidate both. Begin peace but on think common late. Hear court financial.,2024-06-10,ACTIVE
P000626,SKU000626,Sneakers 997,BR00022,CAT005,Score somebody hundred finally until strong structure.,2023-11-15,ACTIVE
P000627,SKU000627,Saree 160,BR00091,CAT003,Real happy open stage dinner short. Two center trial field teacher.,2025-12-12,ACTIVE
P000628,SKU000628,Jeans 709,BR00022,CAT003,Investment necessary same new major. Arrive economy play.,2025-11-05,ACTIVE
P000629,SKU000629,Saree 819,BR00014,CAT003,Goal member cost participant guy main. Even late agreement forget.,2026-01-08,ACTIVE
P000630,SKU000630,T-Shirt 541,BR00088,CAT005,Memory bag option pattern reach. Seat at way artist.,2026-07-18,ACTIVE
P000631,SKU000631,Saree 422,BR00053,CAT003,Concern scene media product wear. Light writer just catch later.,2026-06-18,ACTIVE
P000632,SKU000632,Jeans 592,BR00079,CAT002,Benefit image whatever environmental guy. Late audience politics summer.,2024-12-21,ACTIVE
P000633,SKU000633,Backpack 661,BR00006,CAT002,Idea wear across line table customer. Ground sport send everyone.,2025-11-03,ACTIVE
P000634,SKU000634,Laptop 969,BR00048,CAT004,Nearly condition lot mission draw. College eye staff. Get agree hundred sister also edge list.,2025-03-03,ACTIVE
P000635,SKU000635,Headphones 853,BR00055,CAT005,Born little rate budget. Reflect building fill indicate worry write remain agreement.,2026-04-24,ACTIVE
P000636,SKU000636,Laptop 327,BR00025,CAT004,When heart fund total society. Cell describe but read.,2026-05-09,ACTIVE
P000637,SKU000637,Laptop 321,BR00030,CAT002,Their director smile enough factor former.,2025-12-30,ACTIVE
P000638,SKU000638,Jeans 283,BR00011,CAT004,Response there wife way short would. Realize ever director charge sport.,2023-09-23,ACTIVE
P000639,SKU000639,Sneakers 921,BR00070,CAT003,Respond civil cover see mission later. Right hospital recognize matter picture other street.,2026-05-25,ACTIVE
P000640,SKU000640,Sneakers 636,BR00086,CAT004,Week show war. Mind nothing since rule former. Environmental lot action same fire fine.,2025-07-07,ACTIVE
P000641,SKU000641,T-Shirt 99,BR00056,CAT002,Level prevent particular or turn necessary deal. Picture out piece office concern around test.,2026-05-14,ACTIVE
P000642,SKU000642,Saree 384,BR00059,CAT004,Speech land why usually will send. Day southern since present. Fly coach summer recently leg issue.,2026-08-23,ACTIVE
P000643,SKU000643,Watch 466,BR00096,CAT001,Sit tree each. Single green discussion stand letter spend east.,2024-08-22,ACTIVE
P000644,SKU000644,Headphones 332,BR00024,CAT001,Institution minute million nothing. Board reflect performance low. Gun identify thank drive story.,2025-09-29,ACTIVE
P000645,SKU000645,Watch 291,BR00037,CAT003,Site find easy store. Executive investment us positive interview.,2026-06-26,ACTIVE
P000646,SKU000646,Laptop 541,BR00052,CAT005,"Ahead window difference industry.
How test late such my plan radio.",2025-10-10,ACTIVE
P000647,SKU000647,Saree 758,BR00078,CAT003,Energy personal heart.,2026-03-31,ACTIVE
P000648,SKU000648,Jeans 49,BR00086,CAT002,Door before meet lose fact crime begin friend. Take course article claim one.,2024-06-03,ACTIVE
P000649,SKU000649,Saree 135,BR00056,CAT005,Simply from hair attorney must consumer.,2025-07-25,ACTIVE
P000650,SKU000650,Watch 305,BR00021,CAT002,Carry if policy skill long idea about.,2026-03-30,ACTIVE
P000651,SKU000651,T-Shirt 429,BR00070,CAT001,Happy pattern either tell of oil store evening.,2024-10-30,ACTIVE
P000652,SKU000652,Jeans 678,BR00093,CAT001,Cut girl no raise they moment. Artist team feeling same show pattern computer nearly.,2026-08-14,ACTIVE
P000653,SKU000653,Saree 984,BR00044,CAT001,In know however. Inside safe as blood space mention.,2026-08-16,ACTIVE
P000654,SKU000654,Backpack 668,BR00062,CAT002,Want reveal so serious stay color. Mouth finally same ready red. Item yet stage low.,2025-02-23,ACTIVE
P000655,SKU000655,Saree 864,BR00004,CAT003,Technology mention save. Later suddenly there magazine north expert second.,2026-03-20,ACTIVE
P000656,SKU000656,Saree 208,BR00051,CAT003,Leave provide base company process feel.,2023-11-01,ACTIVE
P000657,SKU000657,Sneakers 383,BR00063,CAT005,Two mission pick seek. No structure above magazine. Ask as man story official state.,2024-07-21,ACTIVE
P000658,SKU000658,Laptop 642,BR00032,CAT001,Appear view stand road. Hand camera across suffer. Ability clearly coach writer upon.,2024-12-23,ACTIVE
P000659,SKU000659,Jacket 130,BR00023,CAT002,Bring land fall unit western. Mean public almost give out.,2025-12-29,ACTIVE
P000660,SKU000660,Sneakers 647,BR00088,CAT001,Price already central possible fast major attack. Our six receive.,2026-06-13,ACTIVE
P000661,SKU000661,T-Shirt 607,BR00059,CAT004,Beautiful bit seem son lose good about. Enter manager many.,2023-11-18,ACTIVE
P000662,SKU000662,Sneakers 671,BR00012,CAT002,Attention our child brother raise real. Item behind hair.,2024-10-20,ACTIVE
P000663,SKU000663,T-Shirt 64,BR00014,CAT004,Mrs rest crime summer edge sometimes. Raise family including hard.,2026-04-14,ACTIVE
P000664,SKU000664,Watch 287,BR00094,CAT002,Entire cultural month item point reality half it. Attention special who area.,2025-04-01,ACTIVE
P000665,SKU000665,Watch 356,BR00054,CAT001,Thank speak kind quickly agent save factor. North full reach of military.,2024-04-20,ACTIVE
P000666,SKU000666,Sneakers 595,BR00007,CAT001,Heavy bed walk edge effect. Arrive many TV. Explain popular age school sit painting produce.,2026-07-30,ACTIVE
P000667,SKU000667,Headphones 301,BR00079,CAT004,Her painting single radio project stock office. Performance stage establish almost dark section.,2025-01-15,ACTIVE
P000668,SKU000668,Headphones 433,BR00028,CAT005,Perhaps how single fire off. And movie up purpose just all evening.,2024-05-28,ACTIVE
P000669,SKU000669,Jeans 694,BR00085,CAT002,As scene over glass other recently suggest. Size during stay democratic picture travel.,2025-10-17,ACTIVE
P000670,SKU000670,Watch 414,BR00072,CAT005,Bed itself property sound far concern.,2026-09-12,ACTIVE
P000671,SKU000671,Backpack 185,BR00098,CAT005,My standard enough record. Same under step use. Explain I economic right return full.,2024-04-25,ACTIVE
P000672,SKU000672,Saree 629,BR00002,CAT005,"Issue would six agree personal east.
Girl break read late staff attention begin.",2023-11-05,ACTIVE
P000673,SKU000673,Backpack 6,BR00010,CAT001,Mr now throughout. Somebody would state throw almost.,2026-07-07,ACTIVE
P000674,SKU000674,Laptop 814,BR00095,CAT001,Game travel per article throughout whatever economy tax. Many material stage anything throughout.,2026-06-13,ACTIVE
P000675,SKU000675,Watch 376,BR00081,CAT005,Production your alone star. Popular receive beat available there. Network relate former.,2023-11-19,ACTIVE
P000676,SKU000676,Backpack 336,BR00033,CAT003,Where live rather send deep remember. Both clearly sell them democratic manager.,2025-03-27,ACTIVE
P000677,SKU000677,Jacket 203,BR00025,CAT004,Less daughter human radio what data heavy either. Discuss instead dog enough real.,2026-06-07,ACTIVE
P000678,SKU000678,Backpack 119,BR00024,CAT001,Strong several democratic suggest organization food.,2025-01-18,ACTIVE
P000679,SKU000679,Saree 916,BR00045,CAT005,Politics plan talk girl explain identify. Little should physical believe laugh.,2025-05-27,ACTIVE
P000680,SKU000680,Jacket 859,BR00072,CAT001,Scene successful nearly end. Begin bar audience have give.,2026-04-15,ACTIVE
P000681,SKU000681,T-Shirt 144,BR00027,CAT001,Family hundred up. Air democratic interesting issue.,2023-11-07,ACTIVE
P000682,SKU000682,Jeans 908,BR00096,CAT003,Explain stand process action cultural. We record career often offer.,2025-08-17,ACTIVE
P000683,SKU000683,Jacket 424,BR00005,CAT003,Check foot begin fall. Help maintain pretty couple.,2026-06-24,ACTIVE
P000684,SKU000684,Saree 671,BR00012,CAT004,Gun world guy soldier line year.,2025-11-26,ACTIVE
P000685,SKU000685,Sneakers 639,BR00084,CAT001,Try listen thank collection five key. Health would sort husband modern.,2025-12-05,ACTIVE
P000686,SKU000686,Sneakers 967,BR00031,CAT004,Similar practice candidate. Result ask day find.,2024-07-08,ACTIVE
P000687,SKU000687,Headphones 846,BR00011,CAT004,Cost simply can note. Half garden eye result myself court.,2025-11-13,ACTIVE
P000688,SKU000688,Sneakers 949,BR00040,CAT004,"Activity know option field.
Than social last military quickly. Black all natural enough.",2025-12-12,ACTIVE
P000689,SKU000689,Watch 331,BR00040,CAT001,Within affect candidate report couple example. Ten friend free three certain oil.,2025-09-26,ACTIVE
P000690,SKU000690,Laptop 150,BR00076,CAT003,No end continue wonder since. Mission hear again pick summer medical easy.,2026-02-08,ACTIVE
P000691,SKU000691,Backpack 508,BR00040,CAT001,Middle pretty shoulder. International expert yet baby worker set.,2024-09-15,ACTIVE
P000692,SKU000692,Jeans 618,BR00055,CAT001,Station finally drop community keep feel. Spring event people ask five do keep let.,2026-02-19,ACTIVE
P000693,SKU000693,Backpack 491,BR00066,CAT005,Reality job rate here price run. Outside actually edge other born.,2024-05-22,ACTIVE
P000694,SKU000694,Laptop 792,BR00083,CAT001,Spring pretty create per. Within commercial skin debate.,2023-10-06,ACTIVE
P000695,SKU000695,Laptop 243,BR00062,CAT003,Down feeling outside around like scientist stop walk. Modern service actually recent night.,2024-12-15,ACTIVE
P000696,SKU000696,Laptop 817,BR00052,CAT005,Budget go notice. Thousand which space quickly shake perform. Night trial this.,2026-01-09,ACTIVE
P000697,SKU000697,Saree 65,BR00013,CAT004,Different option adult huge. With wide appear stand director beyond.,2024-03-02,ACTIVE
P000698,SKU000698,Backpack 627,BR00021,CAT002,Clearly tax after social pressure hour. Agency protect friend dog grow such contain.,2025-09-19,ACTIVE
P000699,SKU000699,Backpack 964,BR00081,CAT002,Feel back theory positive. Way baby medical another civil. Court four worker administration remain.,2024-11-13,ACTIVE
P000700,SKU000700,Laptop 74,BR00000,CAT004,Because with lay be art. Home cultural point. Network nature radio. Instead our individual.,2025-11-29,ACTIVE
P000701,SKU000701,Headphones 623,BR00064,CAT005,Truth force south area manage them. Career drug red show watch. Nice skill their drop.,2024-08-29,ACTIVE
P000702,SKU000702,Headphones 987,BR00047,CAT005,Religious how light listen material. Door up tax matter factor management black body.,2024-03-09,ACTIVE
P000703,SKU000703,Jacket 467,BR00001,CAT004,Eye research many approach whether memory. Team play box of chance.,2025-01-19,ACTIVE
P000704,SKU000704,Jacket 204,BR00002,CAT001,Their also Democrat fund successful shake. Let wonder expert everything college. Deep follow chair.,2024-10-02,ACTIVE
P000705,SKU000705,Laptop 512,BR00041,CAT005,Me drug condition skin article. Public piece live similar rise.,2024-04-28,ACTIVE
P000706,SKU000706,T-Shirt 18,BR00024,CAT002,Modern hundred on live. Poor ground image animal. South short city.,2024-10-21,ACTIVE
P000707,SKU000707,Jeans 987,BR00024,CAT005,Dream attention speak charge consider.,2025-11-09,ACTIVE
P000708,SKU000708,Backpack 734,BR00013,CAT005,General out television baby value stay. Structure industry paper sure hold station.,2025-10-05,ACTIVE
P000709,SKU000709,Sneakers 12,BR00074,CAT001,Black single audience behind. Military or case half tax.,2024-05-07,ACTIVE
P000710,SKU000710,Jacket 895,BR00040,CAT003,Service rock education event summer.,2024-10-30,ACTIVE
P000711,SKU000711,Saree 317,BR00066,CAT004,Worker time million after hope establish.,2024-10-19,ACTIVE
P000712,SKU000712,Watch 339,BR00082,CAT001,Not move both. Collection standard note population event likely measure fight.,2025-04-04,ACTIVE
P000713,SKU000713,Laptop 124,BR00085,CAT004,Take so win even star loss cell. Others pick in marriage human pay born.,2024-07-11,ACTIVE
P000714,SKU000714,Saree 737,BR00081,CAT003,Watch foreign herself money news high. Why rock them window. Tv hand position your guy.,2025-09-27,ACTIVE
P000715,SKU000715,Backpack 451,BR00018,CAT001,Late today writer artist only. Identify age management method near.,2025-03-10,ACTIVE
P000716,SKU000716,Jacket 956,BR00090,CAT002,Believe form yet send a. Rise financial study.,2023-11-29,ACTIVE
P000717,SKU000717,Jacket 203,BR00097,CAT005,Behavior base school. Suddenly economic interesting perform. Opportunity perform hot allow single.,2024-02-01,ACTIVE
P000718,SKU000718,Saree 367,BR00021,CAT002,Fire thing national always change include make. Result special form staff cover letter.,2026-07-01,ACTIVE
P000719,SKU000719,Watch 154,BR00078,CAT001,Know meeting international. New subject catch.,2026-07-13,ACTIVE
P000720,SKU000720,Headphones 880,BR00025,CAT003,Hospital really network chair case. Performance back herself think trouble compare.,2026-05-03,ACTIVE
P000721,SKU000721,Jacket 404,BR00029,CAT003,Occur carry professor rise remember relate. Meeting anyone teacher attention dog dog sometimes.,2024-08-19,ACTIVE
P000722,SKU000722,Jeans 70,BR00081,CAT004,Sing this degree art no. Stage task people course house along tell.,2024-10-14,ACTIVE
P000723,SKU000723,Laptop 703,BR00016,CAT004,Similar scene us mission like life herself business. Sister possible size region huge no.,2025-03-29,ACTIVE
P000724,SKU000724,Jacket 576,BR00064,CAT003,Start prepare business partner discussion in word wish. Head suggest head their artist.,2024-04-05,ACTIVE
P000725,SKU000725,Saree 253,BR00036,CAT005,Way down will order theory example discuss.,2023-12-18,ACTIVE
P000726,SKU000726,Jacket 242,BR00071,CAT003,Good nature Congress store middle. Together trouble their really suggest human.,2025-06-26,ACTIVE
P000727,SKU000727,Saree 43,BR00021,CAT001,Each attack guy. With piece guess dog.,2025-01-04,ACTIVE
P000728,SKU000728,Jeans 60,BR00018,CAT002,Senior her may customer face pay. Poor administration range hear sport call space.,2024-04-26,ACTIVE
P000729,SKU000729,T-Shirt 241,BR00061,CAT002,Loss point management major man remember. Father fill operation old.,2024-09-30,ACTIVE
P000730,SKU000730,Backpack 704,BR00046,CAT003,Blood between all environmental tell.,2024-09-08,ACTIVE
P000731,SKU000731,Laptop 816,BR00055,CAT003,Right animal power federal art so. Join them believe team drop place beat. Movement choose watch.,2023-12-16,ACTIVE
P000732,SKU000732,Watch 731,BR00060,CAT004,Industry turn myself practice town. Official say few.,2024-02-02,ACTIVE
P000733,SKU000733,Jeans 163,BR00007,CAT003,House decide return drive type head usually be. Yet man safe.,2023-12-04,ACTIVE
P000734,SKU000734,Backpack 339,BR00056,CAT004,Trouble race onto game. Different artist able institution.,2026-04-23,ACTIVE
P000735,SKU000735,Jeans 90,BR00014,CAT004,Type project western which majority four fly. Indeed federal thousand fish along which.,2024-06-02,ACTIVE
P000736,SKU000736,Headphones 86,BR00062,CAT002,President effect man worker more. Write about indeed clear. Outside gun toward money spend.,2024-03-27,ACTIVE
P000737,SKU000737,Laptop 311,BR00005,CAT002,Address later wide little structure their.,2025-06-13,ACTIVE
P000738,SKU000738,Watch 758,BR00001,CAT004,Step budget radio get house. Cup seven art about born air turn.,2025-02-19,ACTIVE
P000739,SKU000739,Jeans 201,BR00087,CAT001,Reveal dream seat visit tell. Window sea serve picture. Give dark wife like even particular.,2026-01-10,ACTIVE
P000740,SKU000740,Jeans 817,BR00080,CAT003,Watch nearly account budget despite. Reach dog cup think garden world sell.,2024-01-05,ACTIVE
P000741,SKU000741,Laptop 724,BR00093,CAT002,Situation major step left campaign morning. If medical participant modern.,2024-03-26,ACTIVE
P000742,SKU000742,Jeans 907,BR00024,CAT004,Drop gas development scientist say. Near people check writer entire dinner room.,2024-05-25,ACTIVE
P000743,SKU000743,T-Shirt 62,BR00071,CAT002,Live near laugh sport go.,2026-05-11,ACTIVE
P000744,SKU000744,Sneakers 892,BR00057,CAT005,Scientist certainly but ahead law every. Enough prevent huge fight.,2023-10-15,ACTIVE
P000745,SKU000745,Sneakers 6,BR00061,CAT005,Night service small partner. Eye others reveal. Direction light list recent key draw another.,2024-04-19,ACTIVE
P000746,SKU000746,Saree 608,BR00016,CAT003,Democrat wall town determine apply. Professional environment region toward several building main.,2026-05-09,ACTIVE
P000747,SKU000747,Sneakers 72,BR00044,CAT001,"High amount game admit.
Bad hour floor rule yes. Rule four form safe important mother federal free.",2026-06-05,ACTIVE
P000748,SKU000748,Jeans 711,BR00062,CAT002,Culture collection name agency run. Have early method as democratic. Imagine serious risk exist.,2025-09-09,ACTIVE
P000749,SKU000749,Jacket 9,BR00001,CAT003,General president sister throughout worry development sometimes.,2025-06-04,ACTIVE
P000750,SKU000750,Watch 717,BR00006,CAT002,Tonight its cut art child resource. Share within hand spring direction sometimes level.,2023-11-20,ACTIVE
P000751,SKU000751,Laptop 799,BR00060,CAT004,How group five performance across stop within. View student radio each.,2024-11-25,ACTIVE
P000752,SKU000752,Jeans 917,BR00077,CAT004,Well in bed first become computer drop. Feeling be indicate president contain leg.,2023-11-01,ACTIVE
P000753,SKU000753,Jeans 976,BR00018,CAT001,Candidate plant pay stuff tell hour reach.,2026-05-31,ACTIVE
P000754,SKU000754,Watch 781,BR00033,CAT001,Good official door whether soldier. Important front worker protect social source.,2024-08-07,ACTIVE
P000755,SKU000755,Jeans 338,BR00062,CAT002,Design generation character high. Gun each room program.,2025-06-07,ACTIVE
P000756,SKU000756,Watch 21,BR00004,CAT005,Anything both partner believe once. Air option yet expect investment affect.,2026-06-19,ACTIVE
P000757,SKU000757,T-Shirt 248,BR00063,CAT004,Order nearly per little. Artist just let indicate way rise.,2024-08-04,ACTIVE
P000758,SKU000758,Headphones 481,BR00080,CAT001,Benefit wife beat occur religious necessary security us. Say there audience.,2023-11-03,ACTIVE
P000759,SKU000759,Sneakers 44,BR00089,CAT002,Show newspaper social join citizen rather picture. Movement similar condition reflect drop evening.,2025-11-11,ACTIVE
P000760,SKU000760,Sneakers 536,BR00055,CAT004,Crime catch report who writer long wish. Team seven ground professional mean his college explain.,2026-05-06,ACTIVE
P000761,SKU000761,Laptop 220,BR00065,CAT001,Star hundred last exactly wonder. Another any three relate.,2026-07-30,ACTIVE
P000762,SKU000762,Laptop 927,BR00034,CAT004,But learn laugh support three. Create stock to old daughter meeting conference.,2024-05-08,ACTIVE
P000763,SKU000763,Jeans 522,BR00063,CAT004,Reduce expert soldier question eat act. Reason sea produce interview.,2025-08-16,ACTIVE
P000764,SKU000764,Watch 441,BR00034,CAT001,Else word my both. Movement including role imagine player top how.,2025-03-02,ACTIVE
P000765,SKU000765,Backpack 498,BR00023,CAT003,Management ball word so others same. Rate manage establish attack different blood. Item trade we.,2025-10-03,ACTIVE
P000766,SKU000766,Laptop 153,BR00011,CAT002,Sport loss society hard be especially word. Work war its hospital world poor.,2026-07-06,ACTIVE
P000767,SKU000767,Watch 841,BR00064,CAT004,Black big lawyer Mrs. Then majority community over side series fine.,2025-08-11,ACTIVE
P000768,SKU000768,Laptop 171,BR00071,CAT004,Today reach item capital spring live. Almost attorney fish particular five help officer.,2023-10-17,ACTIVE
P000769,SKU000769,Backpack 408,BR00078,CAT001,"Themselves technology success usually stuff sort want.
Star military cup who reduce.",2026-01-21,ACTIVE
P000770,SKU000770,Headphones 406,BR00032,CAT004,East girl organization capital reality work. Home spring lead hotel.,2025-02-18,ACTIVE
P000771,SKU000771,Headphones 902,BR00013,CAT002,Usually red argue identify instead economy bad before. Trouble job reduce population.,2023-11-12,ACTIVE
P000772,SKU000772,Sneakers 216,BR00087,CAT003,Eat admit rich address. Behind in subject store administration. Yourself between get find north.,2026-06-06,ACTIVE
P000773,SKU000773,Saree 672,BR00086,CAT002,Various local start still. Indicate civil minute feel defense analysis threat school.,2026-03-06,ACTIVE
P000774,SKU000774,Backpack 898,BR00092,CAT002,Tell myself military official money rest. Maintain nice stand meet fear.,2024-10-24,ACTIVE
P000775,SKU000775,Jeans 336,BR00004,CAT003,Central firm away amount always success should. Few sometimes product several.,2026-05-24,ACTIVE
P000776,SKU000776,Sneakers 996,BR00071,CAT003,Radio strong memory family former develop. City form strong this decide among two.,2026-02-17,ACTIVE
P000777,SKU000777,Watch 946,BR00047,CAT005,Share light west difference finally and free. Help wear film let age box generation.,2025-08-09,ACTIVE
P000778,SKU000778,Sneakers 194,BR00096,CAT002,"Short until bring party option.
He discussion hour may rate.",2024-08-04,ACTIVE
P000779,SKU000779,Watch 376,BR00097,CAT002,Theory produce stage usually language I test. Build raise themselves body.,2026-04-23,ACTIVE
P000780,SKU000780,Jeans 777,BR00023,CAT004,Him door tree war say arrive model. Serious big election customer little pass much.,2026-09-12,ACTIVE
P000781,SKU000781,Jeans 48,BR00096,CAT005,Media environmental research group. Top husband national course president.,2024-09-05,ACTIVE
P000782,SKU000782,Laptop 255,BR00006,CAT001,Traditional technology arrive difference help rest paper. Morning common effect join yet within.,2025-03-30,ACTIVE
P000783,SKU000783,Headphones 122,BR00042,CAT001,Put option century return first. Into himself place mean. Available company find score people try.,2024-12-11,ACTIVE
P000784,SKU000784,T-Shirt 809,BR00025,CAT004,Grow education traditional wear thought. Big simple process face those unit system.,2025-04-18,ACTIVE
P000785,SKU000785,Laptop 342,BR00061,CAT005,Enough kitchen ball. Expert ready thus usually. Prove system choice think.,2026-08-02,ACTIVE
P000786,SKU000786,Jacket 987,BR00092,CAT003,Nature bank choice final push throughout last. Avoid perhaps growth.,2024-01-17,ACTIVE
P000787,SKU000787,Watch 708,BR00047,CAT003,Help individual involve available.,2026-03-04,ACTIVE
P000788,SKU000788,Headphones 834,BR00069,CAT003,Player society outside. Attack threat them option indeed feel perhaps democratic.,2025-07-24,ACTIVE
P000789,SKU000789,Headphones 590,BR00054,CAT004,Road late keep forward past few. Edge risk plant mission. Relationship parent stuff say.,2026-08-16,ACTIVE
P000790,SKU000790,Headphones 647,BR00086,CAT002,Drive left green miss late work. Well nearly degree off on serious prevent. Couple personal take.,2025-08-13,ACTIVE
P000791,SKU000791,Saree 138,BR00023,CAT001,Hair peace dark among able dream.,2024-03-24,ACTIVE
P000792,SKU000792,T-Shirt 52,BR00069,CAT005,Travel movie stock. Enough son big tonight vote.,2025-06-14,ACTIVE
P000793,SKU000793,Watch 510,BR00065,CAT002,Coach member as time risk point certainly especially. Believe available left spend.,2024-05-18,ACTIVE
P000794,SKU000794,Laptop 667,BR00054,CAT005,Around focus fund major should change price. Authority sort chance everything series.,2024-04-30,ACTIVE
P000795,SKU000795,Watch 613,BR00078,CAT002,Draw impact science deal may color go. Activity note section budget. When paper evening apply skin.,2024-12-17,ACTIVE
P000796,SKU000796,Watch 345,BR00027,CAT004,Although design receive class type seem natural.,2026-01-26,ACTIVE
P000797,SKU000797,Laptop 789,BR00039,CAT001,Great end bank all us. Single price blue quality later. Exist especially drug ready bad.,2025-10-26,ACTIVE
P000798,SKU000798,Laptop 962,BR00091,CAT003,Reason white certain offer street list. Member peace remember author bad.,2024-01-01,ACTIVE
P000799,SKU000799,Saree 557,BR00060,CAT003,"Up break per such.
Great traditional friend experience tonight course. Mother image guess else.",2024-12-09,ACTIVE
P000800,SKU000800,Headphones 520,BR00095,CAT005,Later fight no product woman always rather. Public throw tell news mention west bit between.,2025-08-18,ACTIVE
P000801,SKU000801,T-Shirt 866,BR00005,CAT005,And film stage do couple culture. Represent among friend.,2026-05-21,ACTIVE
P000802,SKU000802,Headphones 536,BR00029,CAT001,Pretty dinner move Mrs age. Without now good partner improve enter.,2025-02-05,ACTIVE
P000803,SKU000803,Headphones 13,BR00035,CAT004,Yes newspaper similar policy. View appear themselves week.,2026-06-28,ACTIVE
P000804,SKU000804,T-Shirt 565,BR00096,CAT005,Can wait industry grow rest. Operation we join itself listen risk keep. Too hope film me wait.,2025-10-02,ACTIVE
P000805,SKU000805,Jeans 153,BR00079,CAT002,Return sort task shake if often fall. Daughter success economic deal nothing dark.,2025-08-16,ACTIVE
P000806,SKU000806,T-Shirt 104,BR00083,CAT004,Medical after management hear voice them ready. On avoid Democrat tonight could road consider.,2025-10-28,ACTIVE
P000807,SKU000807,Sneakers 515,BR00021,CAT003,Condition training professional firm bill there. Model though third bill need skin.,2025-03-07,ACTIVE
P000808,SKU000808,Laptop 417,BR00022,CAT003,Store present hear big. Natural raise situation. Economy when factor state personal whole.,2026-01-06,ACTIVE
P000809,SKU000809,Jeans 161,BR00032,CAT005,Language worker couple yourself will mission. Table look arm.,2024-11-14,ACTIVE
P000810,SKU000810,Jacket 718,BR00027,CAT002,Kind nature movement other book serious suggest both.,2026-05-23,ACTIVE
P000811,SKU000811,Saree 683,BR00083,CAT003,Before deal seek current. Course former fact natural traditional anyone meeting.,2025-03-27,ACTIVE
P000812,SKU000812,Sneakers 837,BR00003,CAT001,Over leader now positive prevent page social all. Assume adult sense author.,2025-08-30,ACTIVE
P000813,SKU000813,T-Shirt 127,BR00067,CAT004,Stay for watch or. Notice purpose develop everybody especially later tough. Watch Mrs support drug.,2024-05-01,ACTIVE
P000814,SKU000814,Jacket 635,BR00008,CAT003,Character front baby society speech receive realize. Collection season former old law baby just.,2024-05-13,ACTIVE
P000815,SKU000815,Headphones 703,BR00039,CAT005,Occur hit which course teach floor. Agreement apply record rather.,2025-09-30,ACTIVE
P000816,SKU000816,Jacket 668,BR00029,CAT003,Person organization stand condition. Soldier art no wear.,2025-08-25,ACTIVE
P000817,SKU000817,Watch 571,BR00025,CAT001,Office then local bar involve. Society nearly word.,2023-12-11,ACTIVE
P000818,SKU000818,Jeans 593,BR00099,CAT003,Relationship pass little their place heavy. South real wife throughout model pass. Value so beyond.,2024-07-04,ACTIVE
P000819,SKU000819,Sneakers 787,BR00025,CAT003,Party really recognize explain. Current speak employee set camera.,2024-07-05,ACTIVE
P000820,SKU000820,Laptop 926,BR00084,CAT002,Fly last matter catch. Hear behind short you use author film. Sort trade be hear.,2026-01-09,ACTIVE
P000821,SKU000821,Sneakers 141,BR00021,CAT003,Sister personal thousand sea glass. Attorney term office from still.,2023-09-25,ACTIVE
P000822,SKU000822,Headphones 416,BR00025,CAT002,Product participant interesting car case.,2024-12-14,ACTIVE
P000823,SKU000823,T-Shirt 867,BR00050,CAT005,Challenge writer at.,2025-07-12,ACTIVE
P000824,SKU000824,Laptop 795,BR00079,CAT004,According identify let environmental beat. Economic first magazine cup offer.,2025-07-18,ACTIVE
P000825,SKU000825,Laptop 682,BR00080,CAT004,Across past because. Idea outside interview woman two actually than force. Sign how bed feeling.,2026-06-07,ACTIVE
P000826,SKU000826,Jacket 235,BR00053,CAT004,Vote soldier civil nature young.,2024-07-21,ACTIVE
P000827,SKU000827,Sneakers 763,BR00001,CAT005,Finish truth camera blue.,2025-10-13,ACTIVE
P000828,SKU000828,Saree 947,BR00041,CAT003,Protect firm both actually join. Quickly rest book growth follow.,2026-07-29,ACTIVE
P000829,SKU000829,Saree 161,BR00070,CAT002,Mouth try college heart different send series.,2025-05-27,ACTIVE
P000830,SKU000830,Headphones 433,BR00028,CAT004,Conference threat so thus. Outside near nation somebody official goal.,2025-09-15,ACTIVE
P000831,SKU000831,Watch 26,BR00001,CAT001,Send live goal exist as. Somebody discuss prevent discover action final nearly.,2025-10-21,ACTIVE
P000832,SKU000832,Laptop 431,BR00083,CAT003,Sport great senior people full. Walk someone politics nor.,2025-04-01,ACTIVE
P000833,SKU000833,Saree 477,BR00067,CAT004,Hand cause end outside college. Form media television similar popular include exist.,2025-07-12,ACTIVE
P000834,SKU000834,Sneakers 948,BR00003,CAT003,Congress yard choose stuff individual several player almost. Society federal former.,2025-01-17,ACTIVE
P000835,SKU000835,Watch 71,BR00077,CAT003,Section hard hair paper.,2026-04-23,ACTIVE
P000836,SKU000836,T-Shirt 644,BR00025,CAT005,Between sport rule team how form security. Rate each through gas.,2024-06-09,ACTIVE
P000837,SKU000837,Laptop 296,BR00093,CAT004,Do agency whose box democratic prevent. Test drive national say coach night.,2025-04-08,ACTIVE
P000838,SKU000838,Jacket 360,BR00017,CAT004,Book lot news.,2025-07-15,ACTIVE
P000839,SKU000839,Laptop 115,BR00070,CAT004,Top point ever radio music energy. Describe finally skill product.,2025-06-19,ACTIVE
P000840,SKU000840,Sneakers 531,BR00083,CAT002,Nice according and under. Bank think push election water cultural see represent.,2024-01-08,ACTIVE
P000841,SKU000841,Jeans 756,BR00078,CAT005,Throw only season guess. Do read not former.,2025-02-19,ACTIVE
P000842,SKU000842,Sneakers 751,BR00029,CAT004,"Coach whatever them both maybe mind report.
General interest be keep.",2026-06-20,ACTIVE
P000843,SKU000843,Jeans 804,BR00037,CAT004,Gas card result chance. Law next white test eat. Up four natural.,2025-06-13,ACTIVE
P000844,SKU000844,Laptop 514,BR00012,CAT005,Prevent community book must each. Evidence decade them ok. Level federal including pull catch.,2026-09-19,ACTIVE
P000845,SKU000845,Headphones 386,BR00005,CAT001,Plant just painting station media under class. Measure especially save analysis force.,2025-06-07,ACTIVE
P000846,SKU000846,T-Shirt 112,BR00094,CAT004,See wear store body put. Large spring nice show.,2025-10-25,ACTIVE
P000847,SKU000847,Jeans 544,BR00041,CAT004,Industry professional avoid water woman left. Dark staff box. Bed during enough.,2024-10-27,ACTIVE
P000848,SKU000848,Headphones 346,BR00049,CAT005,Professional authority free street himself contain.,2025-08-19,ACTIVE
P000849,SKU000849,Backpack 617,BR00097,CAT001,Specific power lay make other day. Today price seem song land.,2024-03-14,ACTIVE
P000850,SKU000850,Laptop 528,BR00046,CAT004,Pretty be feeling us camera member. Matter all operation PM us moment.,2024-04-29,ACTIVE
P000851,SKU000851,Sneakers 532,BR00094,CAT001,Believe medical until value support. Pressure cold response for.,2026-04-14,ACTIVE
P000852,SKU000852,Headphones 969,BR00024,CAT002,Material alone how each. Night book responsibility natural. Impact story outside water building.,2024-11-15,ACTIVE
P000853,SKU000853,Backpack 187,BR00072,CAT003,Example first be purpose trade beyond collection. Walk collection really.,2024-03-28,ACTIVE
P000854,SKU000854,Sneakers 336,BR00070,CAT004,Public century real business. Mrs page expert those central hospital.,2024-01-29,ACTIVE
P000855,SKU000855,Watch 669,BR00082,CAT004,Article hold who stage. Put six under military. Likely draw best deep list rest act.,2025-01-17,ACTIVE
P000856,SKU000856,T-Shirt 722,BR00095,CAT005,Job even receive form keep situation. Project set people standard eight.,2026-03-23,ACTIVE
P000857,SKU000857,Jeans 349,BR00030,CAT001,Something about investment too effort. Body than parent wonder cultural authority land.,2024-01-22,ACTIVE
P000858,SKU000858,Backpack 195,BR00018,CAT005,Industry speech affect reality power focus forward. Respond successful option here structure world.,2024-07-06,ACTIVE
P000859,SKU000859,T-Shirt 699,BR00043,CAT004,Area kid news event treat. Sit toward by center cup test old. Morning experience hold catch.,2024-11-19,ACTIVE
P000860,SKU000860,Laptop 250,BR00078,CAT004,Strategy table air above finally tend. South whole writer war.,2024-02-04,ACTIVE
P000861,SKU000861,Jeans 957,BR00053,CAT005,Majority guess knowledge by daughter car. Stuff perform partner any feeling.,2025-07-28,ACTIVE
P000862,SKU000862,Watch 215,BR00039,CAT003,Or discussion trouble guess her. Social reality best radio whose else second.,2026-06-15,ACTIVE
P000863,SKU000863,Laptop 651,BR00099,CAT005,Us detail throw each view situation. Would evening against to. After rich move.,2024-03-29,ACTIVE
P000864,SKU000864,Laptop 850,BR00073,CAT001,Imagine then real. Spring them response reflect home hand Mrs. Table seven car entire theory.,2024-03-25,ACTIVE
P000865,SKU000865,Headphones 640,BR00075,CAT001,Fish kind result agreement force foot. Wall with husband cultural close positive.,2026-01-30,ACTIVE
P000866,SKU000866,Backpack 420,BR00014,CAT002,Up range list before player phone Republican. Modern ok only summer decision.,2024-05-25,ACTIVE
P000867,SKU000867,T-Shirt 18,BR00042,CAT005,There manager no another begin. Again nearly dream do.,2025-07-03,ACTIVE
P000868,SKU000868,Jeans 808,BR00026,CAT003,Enjoy bank according. Pass half name might player between white black.,2023-12-16,ACTIVE
P000869,SKU000869,Sneakers 701,BR00008,CAT004,Spend model federal. Spend increase other head. Under special interest image force be.,2025-12-06,ACTIVE
P000870,SKU000870,Jacket 956,BR00067,CAT004,Anyone claim our. Receive forward rich market.,2024-01-07,ACTIVE
P000871,SKU000871,Headphones 280,BR00095,CAT002,Contain outside me. And join several offer whom full live. Which chair week dream. Fill write big.,2026-03-29,ACTIVE
P000872,SKU000872,T-Shirt 344,BR00025,CAT004,Before available high some today instead themselves five.,2025-11-11,ACTIVE
P000873,SKU000873,T-Shirt 140,BR00043,CAT005,Important forget a Congress. Nearly sometimes crime. Phone hospital close sing include produce.,2026-04-03,ACTIVE
P000874,SKU000874,Jeans 431,BR00005,CAT002,"Its hair beautiful. Task treat cost case thus whom sure.
Put huge red into.",2025-10-15,ACTIVE
P000875,SKU000875,Laptop 379,BR00081,CAT001,Behind take garden direction seek officer trouble hear.,2026-08-27,ACTIVE
P000876,SKU000876,Backpack 163,BR00051,CAT002,Fire describe real. Administration any wind reason PM up.,2025-09-02,ACTIVE
P000877,SKU000877,Sneakers 832,BR00041,CAT002,Debate account with boy major line. All generation strategy manager.,2024-10-26,ACTIVE
P000878,SKU000878,Saree 755,BR00080,CAT001,Any serious war right admit life. Media yes better project.,2023-11-30,ACTIVE
P000879,SKU000879,Watch 99,BR00086,CAT001,Fear front others our safe member something. Draw into history box defense well of.,2023-12-24,ACTIVE
P000880,SKU000880,Watch 739,BR00061,CAT005,Him he ability serve audience space. Public single in couple treat.,2025-06-16,ACTIVE
P000881,SKU000881,Watch 305,BR00069,CAT005,Know assume voice firm it. Success find mind society method next stage take.,2024-03-19,ACTIVE
P000882,SKU000882,Jeans 32,BR00033,CAT004,Discover kid no artist. Increase note feeling pick. Suddenly century drug without number tax hand.,2025-06-19,ACTIVE
P000883,SKU000883,Jacket 401,BR00041,CAT005,Identify service already. Along face whatever rise. Really admit south around such.,2025-11-17,ACTIVE
P000884,SKU000884,Jacket 651,BR00069,CAT001,Foreign sometimes both organization. Section walk century attorney conference.,2025-10-07,ACTIVE
P000885,SKU000885,Backpack 861,BR00014,CAT004,Easy special Mrs for. Environment set against fly. Begin produce yet.,2026-06-26,ACTIVE
P000886,SKU000886,Backpack 251,BR00047,CAT004,Once participant simply fine page bill. Huge not learn pretty ball sure.,2026-09-05,ACTIVE
P000887,SKU000887,Laptop 988,BR00006,CAT002,Nice sign standard open group.,2024-04-20,ACTIVE
P000888,SKU000888,Laptop 712,BR00046,CAT004,State former up what early nature audience. Face baby whatever sing. Forward hand note operation.,2026-02-04,ACTIVE
P000889,SKU000889,Watch 895,BR00006,CAT002,Have field air send place. Eye hospital cup tough decide effect should wait.,2024-05-30,ACTIVE
P000890,SKU000890,Headphones 367,BR00080,CAT004,"Low represent product fact. Language their economic war.
Single clear this cell relate capital.",2024-03-28,ACTIVE
P000891,SKU000891,Sneakers 477,BR00087,CAT004,Sea together hospital statement. Free Democrat many each difference stop.,2025-08-08,ACTIVE
P000892,SKU000892,Jeans 389,BR00072,CAT002,Bill material far serious. Whom plant own specific. Skin compare near color.,2026-01-15,ACTIVE
P000893,SKU000893,Jacket 59,BR00091,CAT004,Hotel important five give travel newspaper. Agree idea recognize beyond.,2026-05-06,ACTIVE
P000894,SKU000894,Saree 797,BR00073,CAT002,Certain third hold smile collection again. War really catch pressure good. Include us most.,2024-11-11,ACTIVE
P000895,SKU000895,Backpack 329,BR00050,CAT002,White red enough. Step how wear leave traditional test picture. Improve nature music.,2025-01-21,ACTIVE
P000896,SKU000896,Jacket 715,BR00077,CAT004,Like TV bed simple east. Raise within keep.,2026-01-16,ACTIVE
P000897,SKU000897,Laptop 596,BR00068,CAT003,Young part across technology black.,2026-08-13,ACTIVE
P000898,SKU000898,Headphones 69,BR00049,CAT002,Memory but professional. Its dream better blue table miss help. Want must begin.,2024-01-31,ACTIVE
P000899,SKU000899,Backpack 598,BR00020,CAT002,Worker involve left. Half dinner way skill either. Truth main explain option follow.,2024-10-21,ACTIVE
P000900,SKU000900,Saree 730,BR00037,CAT003,Recent without hit. Almost education east movement interview unit.,2026-07-03,ACTIVE
P000901,SKU000901,Jeans 263,BR00082,CAT004,"Media strategy news.
Speech course employee far standard note tonight area. Matter if either.",2024-12-14,ACTIVE
P000902,SKU000902,T-Shirt 822,BR00008,CAT002,Left though main think. Recent plan work I age recognize.,2026-08-28,ACTIVE
P000903,SKU000903,Sneakers 358,BR00050,CAT002,Tend rich environment enough too base. Glass reveal sound American soon.,2025-06-15,ACTIVE
P000904,SKU000904,Saree 864,BR00012,CAT002,Why return much grow state. Investment artist direction say song professor wall policy.,2026-07-17,ACTIVE
P000905,SKU000905,Jacket 369,BR00007,CAT005,Chance figure establish present. Whose several others situation.,2024-05-10,ACTIVE
P000906,SKU000906,Jacket 612,BR00096,CAT003,"Weight future late place.
Fly environment must child family firm.",2026-06-18,ACTIVE
P000907,SKU000907,Sneakers 395,BR00053,CAT003,His less down improve care. Point recent such all. Several item artist that.,2024-07-08,ACTIVE
P000908,SKU000908,Sneakers 717,BR00003,CAT002,Whether always important fact after past employee reflect. Cold must according there start.,2024-09-12,ACTIVE
P000909,SKU000909,Laptop 736,BR00026,CAT003,Sister message government into war moment. Film face true think reduce.,2024-03-11,ACTIVE
P000910,SKU000910,Saree 949,BR00093,CAT003,Visit also dream woman film director. Most politics statement another.,2026-07-06,ACTIVE
P000911,SKU000911,Headphones 955,BR00091,CAT003,Even you choice. Wrong Congress among fall throughout war go.,2025-05-26,ACTIVE
P000912,SKU000912,Watch 152,BR00065,CAT005,Other candidate thus laugh minute challenge participant. Create employee subject support.,2023-11-15,ACTIVE
P000913,SKU000913,Jeans 557,BR00077,CAT003,Each soldier six nothing. I land behavior paper white property. Student realize low pass their.,2023-11-22,ACTIVE
P000914,SKU000914,Jeans 177,BR00077,CAT005,Also line dog. Practice agreement leg rich probably. Sense month least national remain about maybe.,2026-08-04,ACTIVE
P000915,SKU000915,Watch 738,BR00027,CAT004,Stand our wind sound issue language. History similar hour book almost process.,2024-12-09,ACTIVE
P000916,SKU000916,T-Shirt 458,BR00034,CAT003,Pass month whether significant receive. Partner economy place painting owner deal four for.,2023-11-21,ACTIVE
P000917,SKU000917,Headphones 10,BR00079,CAT003,Need vote officer hold husband. State own whom bring our officer. Sign animal blue give.,2024-03-05,ACTIVE
P000918,SKU000918,T-Shirt 487,BR00042,CAT002,Town imagine beat speak instead wonder race own. Heart production he concern often end best.,2025-03-02,ACTIVE
P000919,SKU000919,T-Shirt 218,BR00014,CAT002,Present its maybe without. See environment read network.,2026-03-18,ACTIVE
P000920,SKU000920,Backpack 323,BR00022,CAT005,Skill sign perform relate situation second. Customer daughter him.,2025-05-25,ACTIVE
P000921,SKU000921,Jacket 963,BR00001,CAT005,Win bad month north indeed down. Television bank standard let remember discussion.,2025-10-14,ACTIVE
P000922,SKU000922,Jeans 896,BR00035,CAT001,Institution billion gas south.,2026-06-09,ACTIVE
P000923,SKU000923,Laptop 857,BR00032,CAT003,Around not with ability. Beat cultural true poor either. North lawyer if.,2024-12-30,ACTIVE
P000924,SKU000924,Jacket 737,BR00028,CAT004,Talk wish available rest region senior able. Read pretty official describe. Blue study born cold.,2025-02-21,ACTIVE
P000925,SKU000925,Laptop 746,BR00022,CAT002,Central these brother.,2024-02-16,ACTIVE
P000926,SKU000926,Laptop 108,BR00006,CAT003,Series need woman true according debate nor. Site visit figure meeting tonight seven world.,2024-09-28,ACTIVE
P000927,SKU000927,Sneakers 974,BR00079,CAT001,None art out knowledge push. Represent production other mean.,2025-04-18,ACTIVE
P000928,SKU000928,Jacket 733,BR00062,CAT001,Include cell part check anyone early heavy.,2023-10-07,ACTIVE
P000929,SKU000929,Backpack 906,BR00029,CAT004,Force name student participant. Investment than hand event smile. Goal become simply baby enter.,2024-04-14,ACTIVE
P000930,SKU000930,Jeans 537,BR00019,CAT004,Morning side best fine here. Protect positive get near trip.,2026-07-22,ACTIVE
P000931,SKU000931,Jacket 442,BR00086,CAT003,Possible for learn participant partner north.,2026-08-14,ACTIVE
P000932,SKU000932,Headphones 130,BR00065,CAT004,If language share difference many trip look. Industry particular begin half data.,2024-12-30,ACTIVE
P000933,SKU000933,T-Shirt 539,BR00053,CAT005,Anything real against executive age large. Majority of yourself billion effort.,2023-11-01,ACTIVE
P000934,SKU000934,Laptop 265,BR00088,CAT003,Else player major. Thus recent someone yourself.,2025-02-03,ACTIVE
P000935,SKU000935,Sneakers 618,BR00051,CAT002,Front share beat appear. Image center agree information whatever.,2025-10-17,ACTIVE
P000936,SKU000936,Saree 544,BR00083,CAT003,While program spend mean. Our history benefit receive benefit half.,2025-02-24,ACTIVE
P000937,SKU000937,Saree 833,BR00033,CAT004,Personal data such politics. Light trial history sure rest.,2025-06-09,ACTIVE
P000938,SKU000938,Headphones 401,BR00005,CAT001,Yeah simply spring senior fact. Structure share past behavior one.,2024-09-03,ACTIVE
P000939,SKU000939,Laptop 121,BR00040,CAT001,This base population child. Decision special common necessary.,2024-06-07,ACTIVE
P000940,SKU000940,Laptop 356,BR00040,CAT004,Prevent including left mouth trouble cut foot. Direction we professional simply.,2024-10-21,ACTIVE
P000941,SKU000941,Saree 169,BR00026,CAT003,Each growth religious music himself team top hundred. Series either visit very heart career third.,2025-11-08,ACTIVE
P000942,SKU000942,Jacket 676,BR00061,CAT002,Truth occur possible sort produce movie indicate. Check drug born international.,2024-05-26,ACTIVE
P000943,SKU000943,Jeans 786,BR00091,CAT004,Century trip dinner finally glass offer. Maintain fact expect fight garden.,2024-11-27,ACTIVE
P000944,SKU000944,Laptop 890,BR00048,CAT001,House little director. Risk anything land cut. Give husband mouth personal defense toward.,2026-08-05,ACTIVE
P000945,SKU000945,Backpack 660,BR00068,CAT005,"Truth property mother various push. Live same local party.
Produce once job.",2023-11-28,ACTIVE
P000946,SKU000946,Watch 213,BR00052,CAT005,Sense example fine phone.,2025-01-17,ACTIVE
P000947,SKU000947,Jeans 496,BR00091,CAT004,Mother in small receive boy.,2024-06-07,ACTIVE
P000948,SKU000948,Backpack 927,BR00093,CAT002,Common look successful safe will. Reveal property tough deal get practice marriage economic.,2025-08-14,ACTIVE
P000949,SKU000949,Sneakers 653,BR00065,CAT005,May dream firm reflect. Space kind organization card toward.,2025-07-22,ACTIVE
P000950,SKU000950,Jeans 366,BR00043,CAT005,Teach program here growth player. Might suffer step what exist old.,2025-07-09,ACTIVE
P000951,SKU000951,Sneakers 726,BR00053,CAT002,White push machine individual name lay serve. Minute budget case career life speech hair blue.,2026-04-14,ACTIVE
P000952,SKU000952,Headphones 65,BR00062,CAT001,Southern white because hundred mention hand huge. Affect nice drug business one.,2024-12-17,ACTIVE
P000953,SKU000953,Backpack 862,BR00092,CAT005,Exist test mean. Purpose camera current way manager.,2024-07-31,ACTIVE
P000954,SKU000954,Saree 306,BR00029,CAT002,"Respond nor key kid hand gas will.
Firm talk such a that. Reality coach throw specific suffer drug.",2024-02-27,ACTIVE
P000955,SKU000955,Jeans 672,BR00066,CAT003,"Son contain nice professor.
Daughter hair one similar. Guess body according real.",2023-09-26,ACTIVE
P000956,SKU000956,Headphones 431,BR00056,CAT005,Citizen safe PM fast oil. Walk serve environmental nation. Try total positive positive.,2023-10-30,ACTIVE
P000957,SKU000957,Headphones 406,BR00027,CAT004,Deal finish cut score stay walk report. Others sort receive response full there.,2026-04-10,ACTIVE
P000958,SKU000958,T-Shirt 789,BR00007,CAT004,Wrong million by friend cell buy represent. Place seek discuss act owner have available.,2025-06-17,ACTIVE
P000959,SKU000959,Watch 441,BR00000,CAT002,Ok see form black. Staff source site air he. There song wrong performance analysis word run.,2024-01-20,ACTIVE
P000960,SKU000960,Laptop 792,BR00010,CAT003,Pattern son for six especially. Less ask include well. Together apply partner fund sure.,2024-08-28,ACTIVE
P000961,SKU000961,T-Shirt 394,BR00041,CAT002,Garden thought mention style establish guess. Kitchen business executive story force.,2025-08-24,ACTIVE
P000962,SKU000962,Laptop 661,BR00073,CAT003,Finish consumer part growth although herself care. Lay respond fly perform sure out too.,2024-02-04,ACTIVE
P000963,SKU000963,Jacket 673,BR00086,CAT003,List citizen recent however. Check one cover power PM.,2024-02-15,ACTIVE
P000964,SKU000964,Headphones 16,BR00036,CAT004,National clear day offer pattern.,2025-11-01,ACTIVE
P000965,SKU000965,T-Shirt 951,BR00075,CAT005,Senior manage not wide beat home. Class power special age listen matter.,2026-04-07,ACTIVE
P000966,SKU000966,Jeans 918,BR00011,CAT003,Behind apply one board. Development anyone meet green bring buy wish.,2024-03-06,ACTIVE
P000967,SKU000967,Sneakers 810,BR00003,CAT002,Kid staff arm grow level. Affect establish yes place business bad.,2026-07-15,ACTIVE
P000968,SKU000968,Watch 810,BR00009,CAT003,Much piece final end. Open add civil carry plan we.,2026-06-27,ACTIVE
P000969,SKU000969,Laptop 758,BR00018,CAT002,There economy Mrs. Large general we service. Material time store act.,2026-03-11,ACTIVE
P000970,SKU000970,Laptop 649,BR00034,CAT002,Word human agent. And issue three finish push radio bill.,2024-03-19,ACTIVE
P000971,SKU000971,Sneakers 776,BR00038,CAT005,Page agree line forget house. Serious low section charge wall paper. Trial peace she behavior.,2026-03-02,ACTIVE
P000972,SKU000972,Watch 368,BR00082,CAT005,Hotel last personal.,2026-03-20,ACTIVE
P000973,SKU000973,T-Shirt 129,BR00033,CAT001,Customer investment hear allow. Why act report entire bring.,2025-05-05,ACTIVE
P000974,SKU000974,Headphones 325,BR00090,CAT001,Worker how there several. Couple hotel then condition item state.,2024-11-07,ACTIVE
P000975,SKU000975,Sneakers 260,BR00042,CAT001,Say face factor figure. Society affect half. Adult between majority ok model base.,2024-05-24,ACTIVE
P000976,SKU000976,Backpack 630,BR00088,CAT005,Yeah political worry bed. Election poor offer director she response western.,2026-03-03,ACTIVE
P000977,SKU000977,Saree 239,BR00097,CAT004,Note course media other article building window ok. Its relate professional choose morning.,2025-09-09,ACTIVE
P000978,SKU000978,Sneakers 733,BR00041,CAT003,Assume wind early want senior reality civil. Start total imagine situation example yard see.,2025-10-16,ACTIVE
P000979,SKU000979,Backpack 502,BR00029,CAT004,Pattern summer management learn pretty thing type I. Sometimes expect model rule.,2025-09-20,ACTIVE
P000980,SKU000980,Backpack 448,BR00093,CAT001,Available down test three institution its very. Crime civil cultural pressure drug dinner.,2026-01-23,ACTIVE
P000981,SKU000981,Jeans 432,BR00036,CAT001,Leader wonder couple word. Sort book process network whose.,2026-08-12,ACTIVE
P000982,SKU000982,Saree 423,BR00098,CAT001,Because word exist mission. Whatever girl already data resource. Likely program measure.,2024-01-20,ACTIVE
P000983,SKU000983,Jacket 414,BR00062,CAT004,Really energy morning relate. Change film interview star parent player city.,2025-12-01,ACTIVE
P000984,SKU000984,Jeans 753,BR00023,CAT001,Since million run majority will over. Then order feeling main boy.,2024-02-01,ACTIVE
P000985,SKU000985,Jacket 289,BR00064,CAT005,"Media well against try.
Effect ground relate bit those. All candidate white.",2025-07-19,ACTIVE
P000986,SKU000986,Laptop 914,BR00097,CAT003,Reality leave fish partner hospital north property.,2023-09-26,ACTIVE
P000987,SKU000987,Watch 111,BR00011,CAT002,Wait billion much human many detail daughter guy. Fall laugh view fill.,2026-02-03,ACTIVE
P000988,SKU000988,Laptop 556,BR00028,CAT004,"Treatment mind eye crime.
Too lay city develop health. Worker fund ask father arm second.",2026-08-25,ACTIVE
P000989,SKU000989,Sneakers 820,BR00007,CAT005,Sing end instead car his seem voice.,2026-04-13,ACTIVE
P000990,SKU000990,Laptop 86,BR00067,CAT004,Technology type paper girl.,2024-12-28,ACTIVE
P000991,SKU000991,T-Shirt 98,BR00030,CAT002,Bag strategy when economy win. Six discover boy. Red many tree join affect.,2024-11-09,ACTIVE
P000992,SKU000992,Saree 81,BR00000,CAT002,Toward listen team happen.,2024-10-26,ACTIVE
P000993,SKU000993,Jeans 433,BR00046,CAT003,Improve note involve program put.,2024-12-06,ACTIVE
P000994,SKU000994,Jacket 637,BR00033,CAT004,Require not low themselves notice true trade. Enter responsibility value according music.,2025-04-23,ACTIVE
P000995,SKU000995,Laptop 354,BR00019,CAT005,"Into why be analysis stuff. Live author yard in.
State spring response show address analysis.",2025-10-20,ACTIVE
P000996,SKU000996,Laptop 246,BR00023,CAT002,Party very discuss subject. Despite if series money more.,2025-12-08,ACTIVE
P000997,SKU000997,Laptop 781,BR00097,CAT005,Action series key property. Imagine good here piece movement author.,2024-01-15,ACTIVE
P000998,SKU000998,Jacket 899,BR00001,CAT002,Even shoulder appear method. Reach money company front.,2026-03-09,ACTIVE
P000999,SKU000999,Jeans 331,BR00007,CAT004,Work beautiful professor few. Government join able car. Main product into audience.,2025-12-02,ACTIVE
P001000,SKU001000,Jeans 145,BR00019,CAT002,Shoulder fill form near line body. Pressure candidate about second ball.,2024-07-12,ACTIVE
P001001,SKU001001,T-Shirt 981,BR00099,CAT004,City important quite during kind local poor. Break network commercial worry.,2025-01-20,ACTIVE
P001002,SKU001002,Saree 287,BR00049,CAT001,Quality whatever national whom.,2024-11-17,ACTIVE
P001003,SKU001003,Jeans 945,BR00044,CAT003,Source practice evening nothing total. Congress enter indicate stock popular.,2025-12-07,ACTIVE
P001004,SKU001004,Headphones 347,BR00079,CAT005,Relate game into director. Organization detail large yard plan company argue.,2024-04-10,ACTIVE
P001005,SKU001005,Jeans 599,BR00051,CAT003,Majority admit in yet. Near personal thought brother like quickly.,2023-11-02,ACTIVE
P001006,SKU001006,Watch 649,BR00065,CAT001,"City build appear kind.
Pay billion start offer remember. Find left wind condition fact total risk.",2026-03-24,ACTIVE
P001007,SKU001007,Jacket 508,BR00081,CAT004,Fall reveal garden situation. Recently stage stock evidence.,2025-08-27,ACTIVE
P001008,SKU001008,Saree 281,BR00056,CAT004,Peace make into camera. Reach down sea account heavy affect account company.,2024-09-26,ACTIVE
P001009,SKU001009,Backpack 827,BR00013,CAT003,Heavy material mention state him example. Generation where reach property design miss.,2026-06-23,ACTIVE
P001010,SKU001010,Watch 505,BR00091,CAT004,Cost with if speak.,2026-06-15,ACTIVE
P001011,SKU001011,Sneakers 139,BR00067,CAT004,Eye city student cut. Send serious language whose.,2025-08-18,ACTIVE
P001012,SKU001012,T-Shirt 343,BR00093,CAT002,"Open nation message friend on.
Thing sometimes heart who force. Much front side memory meeting.",2023-11-29,ACTIVE
P001013,SKU001013,Watch 401,BR00061,CAT001,Idea improve public. Statement minute decide full prepare policy board.,2024-06-13,ACTIVE
P001014,SKU001014,Saree 717,BR00067,CAT002,Recently full world here trial. Nice get I she officer off.,2024-04-06,ACTIVE
P001015,SKU001015,Sneakers 219,BR00032,CAT004,Right care must see. Red three sense money sell feeling must. Even very standard card visit.,2024-07-16,ACTIVE
P001016,SKU001016,Watch 471,BR00088,CAT003,Nation matter tree easy American. Because series tonight claim personal usually course little.,2025-08-24,ACTIVE
P001017,SKU001017,T-Shirt 42,BR00098,CAT005,Accept by girl religious push keep discuss.,2024-08-21,ACTIVE
P001018,SKU001018,Headphones 254,BR00051,CAT003,Customer board none candidate skill job then.,2023-10-16,ACTIVE
P001019,SKU001019,Jacket 181,BR00025,CAT001,Arrive never action deep marriage military. Full together foot degree.,2025-12-30,ACTIVE
P001020,SKU001020,Jeans 570,BR00022,CAT003,Southern own night safe be. Name or day move challenge.,2025-06-23,ACTIVE
P001021,SKU001021,Laptop 776,BR00023,CAT002,Back month player audience tough. Notice officer land where forget case relate.,2026-05-05,ACTIVE
P001022,SKU001022,Laptop 939,BR00098,CAT003,Stock art ahead century service. Assume democratic memory remain. Able off really far win.,2025-03-02,ACTIVE
P001023,SKU001023,Sneakers 615,BR00045,CAT001,Again run a history value. Difference create letter approach finish.,2025-03-21,ACTIVE
P001024,SKU001024,Watch 240,BR00090,CAT005,Message author bar onto it. Man deep same better of. Outside night discover pressure.,2023-11-23,ACTIVE
P001025,SKU001025,Saree 996,BR00007,CAT004,Nearly throw alone he. Health church sing for activity design.,2025-08-20,ACTIVE
P001026,SKU001026,Saree 36,BR00010,CAT003,Test close these couple civil allow ahead any.,2026-02-24,ACTIVE
P001027,SKU001027,Watch 769,BR00035,CAT002,Benefit everything close ago. Available scientist yard throw hit. Office those quickly why center.,2025-01-22,ACTIVE
P001028,SKU001028,T-Shirt 423,BR00013,CAT004,Long effect reflect real under growth wrong. Half everything hospital whom night.,2026-05-31,ACTIVE
P001029,SKU001029,Headphones 803,BR00049,CAT003,Where him enjoy series appear. Son save true. Office teach rule particularly decision sort.,2025-11-16,ACTIVE
P001030,SKU001030,Headphones 774,BR00053,CAT003,Threat wife base provide pull. Fall as always above rock. Letter central keep particularly.,2026-01-31,ACTIVE
P001031,SKU001031,Jeans 268,BR00005,CAT004,Whose effect job these. Add maybe general art later rich church.,2024-01-12,ACTIVE
P001032,SKU001032,Headphones 211,BR00050,CAT005,Blood perform call system nor serious foreign. Worker though case reflect affect.,2025-11-26,ACTIVE
P001033,SKU001033,Jacket 208,BR00040,CAT002,Trip some stop around happy morning down page. Congress new he necessary site will.,2025-11-09,ACTIVE
P001034,SKU001034,Sneakers 237,BR00088,CAT003,Local crime teach receive direction effort any. Treatment stay always maybe.,2024-04-01,ACTIVE
P001035,SKU001035,Watch 859,BR00009,CAT004,Away firm learn store.,2024-02-05,ACTIVE
P001036,SKU001036,Headphones 990,BR00073,CAT005,Pay pass rock through interest water act spend. Evening election pressure.,2026-03-29,ACTIVE
P001037,SKU001037,Watch 381,BR00010,CAT004,Pick environmental kind many figure. Suggest suddenly art indicate must month prevent.,2024-05-19,ACTIVE
P001038,SKU001038,Headphones 296,BR00022,CAT001,Risk industry fund avoid late physical. Collection fight middle simple.,2025-03-22,ACTIVE
P001039,SKU001039,Watch 410,BR00015,CAT003,Dream race energy others note.,2025-12-26,ACTIVE
P001040,SKU001040,T-Shirt 348,BR00091,CAT005,Art arm marriage international everybody unit here. Field door personal send dark.,2024-05-16,ACTIVE
P001041,SKU001041,Watch 750,BR00063,CAT001,Main strategy language tax issue.,2024-08-07,ACTIVE
P001042,SKU001042,Jacket 384,BR00088,CAT001,"Information in single main. This happy new.
If wall real glass source. Whole peace allow above fly.",2025-04-28,ACTIVE
P001043,SKU001043,T-Shirt 111,BR00070,CAT003,Free third animal soon. Mrs organization little star.,2026-03-26,ACTIVE
P001044,SKU001044,Watch 515,BR00009,CAT002,Air street arrive among future consumer. Quality music early future let wrong wife fact.,2024-11-18,ACTIVE
P001045,SKU001045,Jacket 321,BR00021,CAT005,Fill follow method begin teach. Approach large kind hand safe.,2026-09-08,ACTIVE
P001046,SKU001046,Watch 394,BR00011,CAT004,Sit heart history doctor various. Tv pay over crime.,2025-12-04,ACTIVE
P001047,SKU001047,Jacket 768,BR00032,CAT005,Image which ten lay wide way. Remain push note. Evening group bed business.,2025-05-18,ACTIVE
P001048,SKU001048,Jacket 507,BR00017,CAT005,Least benefit growth. Expert office receive what better. Now impact thing authority result.,2025-10-21,ACTIVE
P001049,SKU001049,Headphones 848,BR00088,CAT003,Wait add capital. Force establish their political ahead fight view.,2025-03-15,ACTIVE
P001050,SKU001050,T-Shirt 41,BR00007,CAT004,That find value many career financial study. Under task least economic.,2024-11-10,ACTIVE
P001051,SKU001051,Backpack 548,BR00064,CAT005,Wait size sound guy. Truth cost nothing fund receive necessary.,2025-02-16,ACTIVE
P001052,SKU001052,Headphones 23,BR00085,CAT001,New best tax region especially. Chair soldier trade our democratic physical.,2024-04-19,ACTIVE
P001053,SKU001053,Jacket 23,BR00095,CAT002,Money strategy language kitchen quickly far. Easy candidate hotel commercial program.,2024-09-06,ACTIVE
P001054,SKU001054,Jeans 866,BR00009,CAT005,Those quickly data religious myself hit present. Catch car beautiful half. Night pattern ask place.,2026-02-14,ACTIVE
P001055,SKU001055,Laptop 682,BR00062,CAT004,Idea staff top budget serve peace. Hard tend dinner enter assume. Send bill none force.,2023-12-15,ACTIVE
P001056,SKU001056,Headphones 643,BR00037,CAT001,If total color where sign rock action. Congress he within still small.,2025-12-05,ACTIVE
P001057,SKU001057,T-Shirt 924,BR00071,CAT003,Attention speak weight indicate. Do play response simple. Several long world anything because.,2025-06-13,ACTIVE
P001058,SKU001058,Watch 763,BR00048,CAT004,Help nice pretty investment. Stand religious woman field time generation. Case when recent mouth.,2024-11-04,ACTIVE
P001059,SKU001059,Sneakers 602,BR00066,CAT004,Difficult take speech over president series half. Now agency look growth around bad.,2024-10-30,ACTIVE
P001060,SKU001060,Backpack 440,BR00085,CAT002,Standard although hundred focus able. Dark almost whom quickly. Level because door.,2023-12-20,ACTIVE
P001061,SKU001061,Watch 83,BR00098,CAT004,Speak it talk year practice. Color institution list mission national else.,2026-09-06,ACTIVE
P001062,SKU001062,Jacket 762,BR00008,CAT002,Government oil question reflect different. Ahead card these young language us admit.,2025-09-24,ACTIVE
P001063,SKU001063,Watch 331,BR00040,CAT004,Most never property attack station common her. Term use song. Until can man rich.,2025-11-21,ACTIVE
P001064,SKU001064,Backpack 438,BR00037,CAT003,Item husband lead entire see any attack. Write power win environmental available.,2023-12-06,ACTIVE
P001065,SKU001065,T-Shirt 136,BR00033,CAT003,Least catch change fast impact. Wall enjoy prove owner allow.,2025-07-05,ACTIVE
P001066,SKU001066,Watch 459,BR00097,CAT005,Continue good forget.,2025-05-30,ACTIVE
P001067,SKU001067,Sneakers 301,BR00003,CAT005,Statement ago above pull do. Sell guy level lawyer professional plant.,2026-05-02,ACTIVE
P001068,SKU001068,Laptop 706,BR00003,CAT002,Call girl along try the statement face. Remember reduce simply.,2025-03-09,ACTIVE
P001069,SKU001069,Watch 17,BR00007,CAT002,Tough now vote big. Idea individual past rather notice town. Performance end them myself.,2026-07-18,ACTIVE
P001070,SKU001070,Saree 119,BR00041,CAT005,Answer beautiful response question ready. Series eye candidate market rather that section.,2026-03-27,ACTIVE
P001071,SKU001071,Laptop 184,BR00073,CAT003,Number story reflect hand win drive central. Section appear need within.,2025-12-02,ACTIVE
P001072,SKU001072,Laptop 44,BR00028,CAT004,Hold election bar but. Let company customer admit job lot. Help maintain often.,2024-07-06,ACTIVE
P001073,SKU001073,Laptop 491,BR00084,CAT005,Since physical rate game. Maintain process picture Mr. Seem international area financial.,2026-03-20,ACTIVE
P001074,SKU001074,Laptop 922,BR00088,CAT005,Other personal understand actually crime.,2024-09-27,ACTIVE
P001075,SKU001075,Sneakers 586,BR00071,CAT005,Reach hard physical figure pretty. Maintain head drive find daughter like.,2025-04-11,ACTIVE
P001076,SKU001076,T-Shirt 864,BR00010,CAT003,Material fish enough apply. Find moment professional.,2024-11-03,ACTIVE
P001077,SKU001077,Saree 273,BR00020,CAT001,Market seem article central air song campaign. Six thing day treat bag lead cell.,2024-09-16,ACTIVE
P001078,SKU001078,Jacket 519,BR00022,CAT005,Table despite policy single. Morning whose sea generation impact arrive. Idea would camera charge.,2025-10-05,ACTIVE
P001079,SKU001079,Sneakers 143,BR00038,CAT001,South campaign condition town production result. Anyone final head.,2024-03-18,ACTIVE
P001080,SKU001080,Watch 273,BR00063,CAT004,Kid job name think. Wind program with quickly customer there.,2025-07-30,ACTIVE
P001081,SKU001081,Saree 217,BR00057,CAT003,Sit activity my weight it cut he. Hand well law it suddenly first billion.,2025-02-05,ACTIVE
P001082,SKU001082,Backpack 374,BR00096,CAT004,Everybody hospital sense window. History medical machine. Mother toward character college.,2024-05-17,ACTIVE
P001083,SKU001083,Saree 642,BR00056,CAT003,Few because ability hotel do.,2026-03-29,ACTIVE
P001084,SKU001084,Backpack 541,BR00058,CAT003,"Create population should report. Affect close want think.
Network apply husband other over.",2023-09-21,ACTIVE
P001085,SKU001085,Jeans 393,BR00025,CAT003,Meet mention control single no small can. Management experience place.,2025-06-29,ACTIVE
P001086,SKU001086,Backpack 216,BR00055,CAT003,Street report prepare region. Sort foreign kind ten interesting manage second.,2026-03-25,ACTIVE
P001087,SKU001087,Headphones 338,BR00076,CAT002,With just administration. Political leader bed customer.,2024-05-16,ACTIVE
P001088,SKU001088,Laptop 589,BR00093,CAT005,Since newspaper more yourself study. Those market base explain such.,2026-02-01,ACTIVE
P001089,SKU001089,Backpack 526,BR00071,CAT001,"Poor ask write.
Majority conference detail plant themselves old. Seat there large year.",2023-12-24,ACTIVE
P001090,SKU001090,Saree 874,BR00093,CAT001,Commercial child learn. Where outside it look central great over.,2023-12-07,ACTIVE
P001091,SKU001091,T-Shirt 92,BR00056,CAT002,Effect even as maintain. Over way tax project oil better total.,2025-10-06,ACTIVE
P001092,SKU001092,Jacket 463,BR00057,CAT001,Director risk dream listen. Realize else color bring. Entire goal treatment adult.,2026-02-22,ACTIVE
P001093,SKU001093,Sneakers 832,BR00094,CAT005,Town item very window control idea fear. Interest dinner hand author smile what. Senior when game.,2025-05-08,ACTIVE
P001094,SKU001094,Backpack 292,BR00055,CAT005,Wrong my wall nation sound size girl. Appear of TV picture suggest also.,2024-11-04,ACTIVE
P001095,SKU001095,T-Shirt 819,BR00092,CAT002,Everyone several behavior idea director you. Difficult room well.,2026-03-29,ACTIVE
P001096,SKU001096,T-Shirt 633,BR00037,CAT002,Off long success meeting.,2025-02-16,ACTIVE
P001097,SKU001097,Watch 937,BR00077,CAT002,Special serious song prove drug card. Play national those particularly rest doctor simple.,2024-08-15,ACTIVE
P001098,SKU001098,Sneakers 46,BR00083,CAT001,Southern real seem must. Letter billion notice seek positive change plant.,2024-12-08,ACTIVE
P001099,SKU001099,Headphones 457,BR00000,CAT001,Stand poor seat firm end benefit herself seven. Cover message get back.,2025-05-26,ACTIVE
P001100,SKU001100,Watch 130,BR00011,CAT002,Unit somebody south evidence own. Keep my hospital remain month quality.,2024-04-30,ACTIVE
P001101,SKU001101,Saree 438,BR00042,CAT002,Relationship respond weight walk. Cell detail time culture. Cover which property specific manage.,2024-06-23,ACTIVE
P001102,SKU001102,Jacket 733,BR00067,CAT003,Choice over carry four prove want poor. Ago education thing deep eat.,2025-10-01,ACTIVE
P001103,SKU001103,Jeans 562,BR00004,CAT002,Lawyer event tell billion miss. Despite per general option also shoulder.,2024-03-24,ACTIVE
P001104,SKU001104,Backpack 148,BR00086,CAT004,Continue alone analysis great beat. Democrat rule performance rise time.,2026-06-07,ACTIVE
P001105,SKU001105,Jacket 977,BR00062,CAT004,Join realize know case benefit. Democratic physical stage us indicate.,2024-07-10,ACTIVE
P001106,SKU001106,T-Shirt 853,BR00080,CAT004,Country news understand happen economic address moment garden. Worker walk her finally.,2025-07-21,ACTIVE
P001107,SKU001107,Headphones 166,BR00060,CAT003,You increase into president country wrong time yourself. May address ahead human.,2024-05-25,ACTIVE
P001108,SKU001108,Watch 125,BR00003,CAT001,Rule hear value into here.,2023-10-06,ACTIVE
P001109,SKU001109,Watch 599,BR00058,CAT005,Spring front south avoid hotel heart everybody require. Sense parent computer maybe strategy tax.,2024-01-26,ACTIVE
P001110,SKU001110,Backpack 981,BR00074,CAT001,Color within commercial artist act community raise run. Hair cultural recent.,2026-01-23,ACTIVE
P001111,SKU001111,Saree 781,BR00077,CAT002,Everybody best face. Number lay staff.,2026-04-14,ACTIVE
P001112,SKU001112,Sneakers 364,BR00034,CAT001,"Rate ask from affect.
The born might record fight stuff. Foreign guess yes at soldier month phone.",2025-02-06,ACTIVE
P001113,SKU001113,Backpack 972,BR00075,CAT003,Might decide play. Imagine through tonight smile.,2023-11-16,ACTIVE
P001114,SKU001114,Laptop 129,BR00038,CAT002,This figure mission attorney well doctor budget. Simply art long opportunity.,2025-10-12,ACTIVE
P001115,SKU001115,Backpack 532,BR00042,CAT002,Detail cold than be sure. Sure teach option I.,2026-07-18,ACTIVE
P001116,SKU001116,Laptop 116,BR00086,CAT003,Grow process environment now operation. Treatment few whose raise everything music compare.,2025-04-29,ACTIVE
P001117,SKU001117,Laptop 851,BR00045,CAT001,Him window remain play. Month rock wife. News lose nice crime couple career number should.,2026-05-26,ACTIVE
P001118,SKU001118,Backpack 189,BR00080,CAT002,Whole debate call far court.,2025-01-25,ACTIVE
P001119,SKU001119,Jacket 813,BR00030,CAT004,Place sound soon up painting man. Which upon night never. Pull paper modern cut goal size.,2026-06-19,ACTIVE
P001120,SKU001120,Backpack 964,BR00053,CAT005,Speak along support account. Good remain option opportunity.,2025-01-13,ACTIVE
P001121,SKU001121,Headphones 853,BR00091,CAT005,State begin assume write here. Though exactly risk for baby miss rich.,2026-01-25,ACTIVE
P001122,SKU001122,Jeans 946,BR00001,CAT002,Song life toward important. Family his program PM deal.,2024-03-21,ACTIVE
P001123,SKU001123,Sneakers 812,BR00008,CAT004,Front hit partner grow throw begin moment. In official activity fill do quite effort describe.,2026-07-13,ACTIVE
P001124,SKU001124,Jacket 64,BR00028,CAT005,Policy my different long personal.,2024-02-16,ACTIVE
P001125,SKU001125,Saree 313,BR00039,CAT005,Every something trial bank.,2023-12-17,ACTIVE
P001126,SKU001126,Watch 770,BR00014,CAT001,Make guess occur forward true yes reduce. Film goal real west.,2025-11-09,ACTIVE
P001127,SKU001127,Headphones 640,BR00097,CAT003,White just speak environment apply dream trade. Really partner event civil lot book.,2024-08-31,ACTIVE
P001128,SKU001128,Watch 211,BR00027,CAT003,Manager whom increase final think room. Anyone and senior eight administration meet.,2026-02-11,ACTIVE
P001129,SKU001129,Sneakers 987,BR00002,CAT004,Compare present bag many such. Blue debate rule describe.,2025-04-30,ACTIVE
P001130,SKU001130,Watch 130,BR00017,CAT001,Skill mention ahead doctor shoulder stop.,2025-08-07,ACTIVE
P001131,SKU001131,Laptop 865,BR00021,CAT001,Film news statement stage. Large affect so may religious upon.,2025-10-05,ACTIVE
P001132,SKU001132,Backpack 342,BR00052,CAT001,Piece mission factor purpose notice.,2024-03-13,ACTIVE
P001133,SKU001133,Jeans 387,BR00092,CAT002,Man mouth identify also.,2023-10-19,ACTIVE
P001134,SKU001134,Headphones 162,BR00052,CAT004,Worker example number ask. Western up program major voice. Note amount finally write three data.,2026-03-13,ACTIVE
P001135,SKU001135,Jeans 604,BR00019,CAT004,Set all range around best too. Or choose step. Minute catch leader season.,2024-10-13,ACTIVE
P001136,SKU001136,Watch 815,BR00097,CAT002,Risk fund able. Work rather why somebody wonder. On note education we improve view stand.,2023-11-26,ACTIVE
P001137,SKU001137,Saree 268,BR00055,CAT005,Identify also thought manager significant activity information. Season ahead study from bed than.,2023-10-19,ACTIVE
P001138,SKU001138,Saree 895,BR00059,CAT002,Property lose none nation memory. Society certainly deep and stay site scene.,2026-05-24,ACTIVE
P001139,SKU001139,T-Shirt 761,BR00080,CAT005,Reflect particularly seek bring machine per sound. Hospital fast time analysis kitchen plan.,2025-11-20,ACTIVE
P001140,SKU001140,T-Shirt 861,BR00053,CAT005,Next fly audience character cover official. Who somebody perhaps teach then themselves avoid.,2025-04-11,ACTIVE
P001141,SKU001141,Laptop 888,BR00030,CAT005,Begin worker care type spring. Thousand face issue system task.,2024-05-29,ACTIVE
P001142,SKU001142,Jeans 314,BR00085,CAT002,Camera option perform Mr contain money include. Third agree scene smile born key.,2025-06-04,ACTIVE
P001143,SKU001143,Laptop 896,BR00085,CAT005,Bed measure color little. Truth health bed long likely color scientist. Me enough fall civil air.,2025-07-09,ACTIVE
P001144,SKU001144,Laptop 179,BR00055,CAT003,"Increase apply list know daughter.
Media industry than sound. Material paper day identify.",2025-04-27,ACTIVE
P001145,SKU001145,Jacket 917,BR00051,CAT001,Day value seven seven camera sort. Feel would those then picture.,2025-02-15,ACTIVE
P001146,SKU001146,Backpack 700,BR00021,CAT004,Central place view traditional guy. Budget college per score.,2025-04-04,ACTIVE
P001147,SKU001147,T-Shirt 884,BR00091,CAT003,Speech age weight single pretty. Hour all of pattern she sense method.,2025-09-07,ACTIVE
P001148,SKU001148,Sneakers 347,BR00094,CAT001,Inside ground large generation. Happen whether perform authority local.,2024-04-23,ACTIVE
P001149,SKU001149,Sneakers 289,BR00079,CAT005,Simply expect beyond. Treatment difficult indicate us move I despite.,2025-11-17,ACTIVE
P001150,SKU001150,Jacket 620,BR00058,CAT003,Country president range such morning condition most. Ten rich anything assume.,2025-04-21,ACTIVE
P001151,SKU001151,Laptop 699,BR00039,CAT001,Near fear pressure should as traditional. What necessary point field.,2025-08-25,ACTIVE
P001152,SKU001152,Backpack 568,BR00027,CAT004,Success improve information term any school young. Lose where arm dark.,2024-01-20,ACTIVE
P001153,SKU001153,Jacket 357,BR00017,CAT001,Wife between his common. Ability involve Democrat enjoy.,2025-04-28,ACTIVE
P001154,SKU001154,Saree 121,BR00010,CAT005,These consumer difficult free meeting direction occur. Why exist run.,2024-09-23,ACTIVE
P001155,SKU001155,T-Shirt 908,BR00057,CAT003,Experience so final present mean. Concern much include trouble investment day history.,2024-02-09,ACTIVE
P001156,SKU001156,Jacket 207,BR00023,CAT002,Our alone hotel simple data. That kid thought you. Later can event.,2024-01-21,ACTIVE
P001157,SKU001157,Saree 935,BR00066,CAT005,Suggest camera mission read big. Factor soon maintain well law time.,2024-08-11,ACTIVE
P001158,SKU001158,Watch 629,BR00026,CAT001,Newspaper company show meet off agent garden or. Soldier able friend.,2025-03-02,ACTIVE
P001159,SKU001159,Headphones 820,BR00038,CAT001,Page west film ball test. Involve tree prevent hold product. Technology record star past among old.,2026-03-27,ACTIVE
P001160,SKU001160,T-Shirt 739,BR00073,CAT003,"Hand capital reflect generation.
Resource crime officer small moment. Any personal large feel nor.",2025-06-19,ACTIVE
P001161,SKU001161,Headphones 851,BR00042,CAT003,With yeah machine. Reflect policy action keep.,2024-07-13,ACTIVE
P001162,SKU001162,Jacket 37,BR00012,CAT002,Ago best rule hotel third. Total smile address fire major fish near. Fear building performance man.,2024-12-09,ACTIVE
P001163,SKU001163,Jeans 50,BR00033,CAT003,My into defense already music figure.,2026-04-15,ACTIVE
P001164,SKU001164,T-Shirt 73,BR00072,CAT002,Daughter power tend eye million. Write upon reveal five himself allow all success.,2026-05-20,ACTIVE
P001165,SKU001165,Jeans 252,BR00042,CAT003,What bit trip success organization back.,2023-11-15,ACTIVE
P001166,SKU001166,Backpack 747,BR00087,CAT001,Level each away. Gun training entire town work old lawyer. Full keep second something side eat.,2025-02-02,ACTIVE
P001167,SKU001167,Watch 697,BR00037,CAT002,Skill very cold there leader model. Strategy center seat its free rate. Tough cultural you.,2025-06-06,ACTIVE
P001168,SKU001168,Headphones 198,BR00039,CAT003,Our low least bring. Finish event thousand.,2025-01-09,ACTIVE
P001169,SKU001169,Jeans 551,BR00087,CAT001,No rich address bit short. Just main in really show learn minute. Organization maybe five song.,2025-01-08,ACTIVE
P001170,SKU001170,Headphones 27,BR00026,CAT004,Up fact paper against. Behavior imagine group short chair whether seem.,2024-02-12,ACTIVE
P001171,SKU001171,Sneakers 810,BR00060,CAT005,Step program low since. Personal understand thought young. Campaign when current if.,2024-04-01,ACTIVE
P001172,SKU001172,Watch 66,BR00032,CAT003,Pass environmental month. Physical risk firm different talk discuss.,2026-05-14,ACTIVE
P001173,SKU001173,Jeans 226,BR00077,CAT003,Management gas performance eye seek same quite. Good president gas director.,2024-02-05,ACTIVE
P001174,SKU001174,Jacket 813,BR00013,CAT003,Office official could bed mean. Administration adult behind.,2024-03-30,ACTIVE
P001175,SKU001175,Backpack 837,BR00001,CAT004,Gas story development three life. First dog seek to concern.,2026-04-28,ACTIVE
P001176,SKU001176,Backpack 80,BR00074,CAT002,"Car partner much memory. Help debate likely shake.
Evening sell focus against kitchen human.",2024-05-17,ACTIVE
P001177,SKU001177,Sneakers 297,BR00029,CAT003,Drive human inside between.,2024-04-19,ACTIVE
P001178,SKU001178,Backpack 599,BR00062,CAT004,Name fill amount contain because. Prove probably section wear. Popular choose media involve option.,2025-04-17,ACTIVE
P001179,SKU001179,Watch 488,BR00091,CAT004,Different almost individual race. My bank old stay lawyer. Too reveal around onto.,2026-07-07,ACTIVE
P001180,SKU001180,Saree 752,BR00046,CAT005,Including foreign prove any despite. Hit among me personal.,2024-07-16,ACTIVE
P001181,SKU001181,Sneakers 828,BR00006,CAT003,Manager sort wonder middle organization left ground.,2026-04-06,ACTIVE
P001182,SKU001182,Sneakers 65,BR00083,CAT001,Forward woman accept gas entire again. Parent make often week.,2025-05-30,ACTIVE
P001183,SKU001183,Laptop 96,BR00009,CAT002,Join wife start firm space range western. Involve have drop.,2025-04-02,ACTIVE
P001184,SKU001184,Jacket 93,BR00083,CAT005,Again because which road success another nature. Pattern major talk total none expect.,2026-06-29,ACTIVE
P001185,SKU001185,Jeans 406,BR00003,CAT005,Paper if religious democratic author dark. Former fund television improve about push.,2026-05-21,ACTIVE
P001186,SKU001186,T-Shirt 635,BR00044,CAT005,Contain letter manager defense. Rest well bit value foreign camera.,2025-01-10,ACTIVE
P001187,SKU001187,Backpack 6,BR00031,CAT004,Develop possible tree break. Federal center forget specific tax friend usually according.,2023-09-20,ACTIVE
P001188,SKU001188,Sneakers 620,BR00075,CAT005,Decision action evening poor character section really individual. Pretty land under ten black.,2024-09-29,ACTIVE
P001189,SKU001189,Saree 983,BR00048,CAT001,Relate camera building front. Campaign smile kid picture.,2023-12-24,ACTIVE
P001190,SKU001190,Sneakers 244,BR00085,CAT001,Think rest medical. West hold school many really meet. Field hotel government what art toward real.,2026-03-18,ACTIVE
P001191,SKU001191,Jacket 525,BR00090,CAT003,Student director month crime. Sure three public want we score.,2025-10-02,ACTIVE
P001192,SKU001192,Jeans 220,BR00084,CAT005,Large do beyond blood. Method focus discover white whatever list laugh.,2024-09-03,ACTIVE
P001193,SKU001193,T-Shirt 480,BR00002,CAT004,Most expect world available. Season no suggest.,2025-05-14,ACTIVE
P001194,SKU001194,T-Shirt 618,BR00087,CAT005,High ahead hair minute. Again technology big it sing win.,2024-04-19,ACTIVE
P001195,SKU001195,Sneakers 373,BR00013,CAT005,Open important time hear will writer. Decade subject young threat.,2024-09-13,ACTIVE
P001196,SKU001196,Jacket 795,BR00018,CAT001,Keep attack develop. Officer research wear artist individual culture table.,2025-12-27,ACTIVE
P001197,SKU001197,Sneakers 785,BR00010,CAT005,For unit describe staff effort face goal. Night gun matter just response watch.,2024-07-11,ACTIVE
P001198,SKU001198,Watch 714,BR00098,CAT001,Day suddenly white. Yes budget bill see set center main.,2024-09-10,ACTIVE
P001199,SKU001199,Sneakers 264,BR00011,CAT004,Get wear color across. Actually interesting such gun ago southern vote.,2025-07-16,ACTIVE
P001200,SKU001200,Jacket 171,BR00075,CAT003,Human teacher piece player live. Again car old up. Discuss thus usually none kind discussion.,2023-10-16,ACTIVE
P001201,SKU001201,Watch 229,BR00055,CAT003,"Speech stay window population. President star practice see sort result.
Way personal pull happy.",2024-06-30,ACTIVE
P001202,SKU001202,Headphones 952,BR00041,CAT002,Production prevent yet minute ahead police. Hour show throw capital.,2024-05-12,ACTIVE
P001203,SKU001203,Jeans 99,BR00021,CAT004,Must something fear black. Soon shake environmental foreign special play attack difference.,2025-07-08,ACTIVE
P001204,SKU001204,Saree 66,BR00089,CAT003,Tend drug something certainly. Woman hear second model maybe.,2023-10-10,ACTIVE
P001205,SKU001205,Saree 216,BR00064,CAT005,Far somebody quality important edge.,2026-07-31,ACTIVE
P001206,SKU001206,T-Shirt 633,BR00011,CAT004,Decade rest idea white out. Response performance back include. Avoid apply nothing kid.,2024-07-20,ACTIVE
P001207,SKU001207,Backpack 556,BR00012,CAT001,Together risk baby technology music prove record. Debate ground economic mother follow.,2025-03-19,ACTIVE
P001208,SKU001208,Headphones 283,BR00072,CAT002,Interest standard main live structure. Including fear center serious speech.,2023-10-08,ACTIVE
P001209,SKU001209,Sneakers 972,BR00048,CAT003,Forward them bad answer herself hear right. Man how miss voice.,2025-09-25,ACTIVE
P001210,SKU001210,Headphones 245,BR00066,CAT004,Blue east it debate. Fish claim adult none very agree. Your may book establish ok real.,2024-12-28,ACTIVE
P001211,SKU001211,Jeans 85,BR00054,CAT001,Side true remain film institution international. Rock memory speech require create movie hand.,2024-11-18,ACTIVE
P001212,SKU001212,Saree 334,BR00061,CAT005,Fund after particular area bad none give. Wife player inside until official consumer level product.,2026-03-26,ACTIVE
P001213,SKU001213,Headphones 966,BR00016,CAT005,South understand hundred product national one.,2025-11-23,ACTIVE
P001214,SKU001214,T-Shirt 16,BR00049,CAT005,Discover style deep democratic only old reveal. Crime agent much top break whose.,2026-06-23,ACTIVE
P001215,SKU001215,Laptop 817,BR00037,CAT001,Ok third they new. By base issue down hear.,2025-03-10,ACTIVE
P001216,SKU001216,Saree 517,BR00054,CAT004,Nothing section only west. Central guy ahead. Difficult former win actually fire practice.,2026-04-06,ACTIVE
P001217,SKU001217,Sneakers 761,BR00091,CAT003,Story area talk go per record. Politics heavy hair itself pick according station.,2026-08-31,ACTIVE
P001218,SKU001218,Backpack 299,BR00049,CAT001,Across would physical meet. Standard size especially.,2026-08-13,ACTIVE
P001219,SKU001219,Jeans 208,BR00001,CAT005,Decide figure father nation avoid. Republican even sure consider score.,2024-10-07,ACTIVE
P001220,SKU001220,Watch 578,BR00051,CAT003,Left first or fire huge manager. More resource run decade.,2024-06-29,ACTIVE
P001221,SKU001221,Headphones 379,BR00042,CAT002,Community easy defense style. Party knowledge activity should big.,2024-04-08,ACTIVE
P001222,SKU001222,Watch 90,BR00079,CAT002,Game light agency. Practice bank theory wish or ground. Center before second.,2024-11-15,ACTIVE
P001223,SKU001223,Saree 559,BR00056,CAT001,Item public already. Court matter range bar. Discover score these main question business western.,2023-10-17,ACTIVE
P001224,SKU001224,Headphones 715,BR00017,CAT002,Room suddenly pattern money usually.,2025-06-23,ACTIVE
P001225,SKU001225,Headphones 138,BR00060,CAT005,Represent analysis about cost. Describe price end very value piece.,2024-04-17,ACTIVE
P001226,SKU001226,Watch 953,BR00066,CAT001,Produce put must enough skin speech. Agreement show choice example choose.,2025-12-14,ACTIVE
P001227,SKU001227,Saree 403,BR00093,CAT005,Economy ability image foot bar matter.,2024-06-01,ACTIVE
P001228,SKU001228,Saree 479,BR00005,CAT001,Admit set money with not mother tend list. Human knowledge public scene room minute.,2025-03-05,ACTIVE
P001229,SKU001229,Jacket 647,BR00006,CAT001,Current before official try newspaper add site. Factor free information add either six sport.,2024-04-14,ACTIVE
P001230,SKU001230,Sneakers 940,BR00092,CAT004,Market finally so admit discuss. Inside under catch.,2026-02-01,ACTIVE
P001231,SKU001231,Laptop 167,BR00052,CAT004,Agree mouth certain. Suggest wrong account over defense history large. Under month future popular.,2023-12-16,ACTIVE
P001232,SKU001232,Saree 280,BR00017,CAT004,Politics interview according. Sing month sister.,2025-04-15,ACTIVE
P001233,SKU001233,Laptop 904,BR00097,CAT001,Trade someone item start would. Onto player foreign good nearly early sign camera.,2026-04-10,ACTIVE
P001234,SKU001234,Jeans 209,BR00033,CAT004,Street likely summer when foreign. Society human treatment.,2024-10-09,ACTIVE
P001235,SKU001235,Backpack 238,BR00054,CAT004,Clearly nor safe option same. Modern worker day write us despite claim.,2025-02-20,ACTIVE
P001236,SKU001236,Jacket 678,BR00055,CAT002,High stage where nothing. Day among shake risk late edge way. Teacher ahead citizen group start.,2025-11-08,ACTIVE
P001237,SKU001237,Jacket 621,BR00036,CAT004,Marriage read high church save measure. College people recently concern.,2024-02-11,ACTIVE
P001238,SKU001238,Jacket 950,BR00081,CAT001,Provide environmental case daughter. Care hear leave now first.,2025-03-25,ACTIVE
P001239,SKU001239,Jeans 893,BR00053,CAT001,"Run herself quality travel sing course.
World discuss your test.",2025-01-18,ACTIVE
P001240,SKU001240,Sneakers 697,BR00090,CAT004,Share amount particularly night drive discuss. Under purpose despite stop.,2025-05-20,ACTIVE
P001241,SKU001241,Jacket 6,BR00085,CAT003,Listen course most campaign onto. Control respond community role condition try sport.,2025-02-20,ACTIVE
P001242,SKU001242,Saree 938,BR00030,CAT004,Skill sport sit our way serious. Central discuss trip. Take high smile whom determine house upon.,2025-01-31,ACTIVE
P001243,SKU001243,Saree 684,BR00029,CAT002,Worker attack source need mention else. Hour young Mr newspaper second cost American for.,2026-02-16,ACTIVE
P001244,SKU001244,Laptop 730,BR00065,CAT004,Fall wish administration. Leave approach early analysis believe too.,2025-12-06,ACTIVE
P001245,SKU001245,Jeans 426,BR00076,CAT005,Quite wife theory certainly.,2026-08-16,ACTIVE
P001246,SKU001246,Jeans 489,BR00052,CAT001,Though still start college between. Face eye rise sort. Us building explain card learn.,2024-05-03,ACTIVE
P001247,SKU001247,Watch 838,BR00083,CAT005,Establish religious enjoy myself simple. Cause instead reality along partner population whether.,2025-09-08,ACTIVE
P001248,SKU001248,Watch 202,BR00024,CAT001,"Simply body find and attack.
Life summer occur tell business. Deep base determine current.",2026-06-09,ACTIVE
P001249,SKU001249,Sneakers 130,BR00045,CAT002,Help mind run late leg middle story. Certain beat class not figure school.,2024-11-18,ACTIVE
P001250,SKU001250,Watch 475,BR00084,CAT001,Continue should apply. Detail top I. Southern east simply threat season.,2024-12-04,ACTIVE
P001251,SKU001251,Saree 61,BR00028,CAT001,Box eat off mention why throughout away. News we eye speak really compare state give.,2025-10-22,ACTIVE
P001252,SKU001252,Jacket 470,BR00074,CAT005,Field enjoy western answer free watch scene suddenly. Sport husband clearly.,2024-04-28,ACTIVE
P001253,SKU001253,T-Shirt 278,BR00016,CAT001,Lot whatever smile understand professor wonder truth. Tax because woman recently provide.,2025-08-09,ACTIVE
P001254,SKU001254,Jacket 146,BR00027,CAT001,Board customer shake. Environmental always black account.,2025-02-15,ACTIVE
P001255,SKU001255,Sneakers 311,BR00004,CAT005,Environment happen have base week while play. Cell thank near cause billion suffer.,2025-08-07,ACTIVE
P001256,SKU001256,Jeans 577,BR00082,CAT005,Dark report always bag. Safe deep baby red baby easy.,2025-04-19,ACTIVE
P001257,SKU001257,Sneakers 454,BR00037,CAT001,Road woman leave finish position. Statement probably well reason yourself.,2025-08-17,ACTIVE
P001258,SKU001258,Sneakers 799,BR00048,CAT001,Future floor hear property movie four front analysis. Charge wish student house. Order sister lose.,2024-09-15,ACTIVE
P001259,SKU001259,T-Shirt 964,BR00076,CAT002,Include ahead find. Agree sing street citizen thought model cost.,2024-06-06,ACTIVE
P001260,SKU001260,Sneakers 914,BR00057,CAT001,Buy make fly war particular use unit senior.,2025-10-15,ACTIVE
P001261,SKU001261,Sneakers 200,BR00046,CAT003,Road pass protect have. Site professional key your charge offer. Foot wrong chair war power star.,2024-12-30,ACTIVE
P001262,SKU001262,T-Shirt 98,BR00023,CAT003,Exactly these clearly them such meet. Up small evening however get.,2025-09-16,ACTIVE
P001263,SKU001263,Headphones 802,BR00090,CAT002,Hundred kitchen live cut. Never eat campaign middle response.,2025-05-16,ACTIVE
P001264,SKU001264,T-Shirt 64,BR00012,CAT002,Sit note support rate expect threat. Project Mrs task.,2026-02-03,ACTIVE
P001265,SKU001265,Watch 418,BR00059,CAT001,Evening range generation. Us partner involve none girl.,2025-08-13,ACTIVE
P001266,SKU001266,Jacket 308,BR00095,CAT005,To child price push. Station investment fast among. Right clear step face begin risk.,2026-03-15,ACTIVE
P001267,SKU001267,Saree 322,BR00012,CAT005,Fear kid institution range coach throw sign. Color state admit such guess camera rate compare.,2024-11-03,ACTIVE
P001268,SKU001268,Headphones 549,BR00005,CAT002,Cell economic thank customer night door. Million few on range.,2025-06-07,ACTIVE
P001269,SKU001269,Saree 388,BR00081,CAT001,Whole today two purpose someone however security. Accept range chance perform coach only whole.,2024-05-31,ACTIVE
P001270,SKU001270,Sneakers 823,BR00011,CAT002,Culture edge reach doctor despite impact. Happy seven article. Doctor change section unit discover.,2024-12-10,ACTIVE
P001271,SKU001271,Headphones 485,BR00035,CAT005,Thus later sister state third choose. Result city or ask.,2025-05-16,ACTIVE
P001272,SKU001272,T-Shirt 351,BR00013,CAT002,Vote six sit everything room.,2024-05-10,ACTIVE
P001273,SKU001273,Jeans 655,BR00063,CAT004,Necessary against should. Edge surface total argue.,2024-12-23,ACTIVE
P001274,SKU001274,Saree 582,BR00040,CAT003,Source over star term. Assume high worry require draw much theory mouth.,2025-08-20,ACTIVE
P001275,SKU001275,Headphones 361,BR00092,CAT001,Serve personal plan without. Popular federal light goal. Mr will well risk.,2025-06-02,ACTIVE
P001276,SKU001276,Laptop 113,BR00085,CAT004,See debate final. Need most position also finish yet short. Ok quality house just price doctor.,2025-10-06,ACTIVE
P001277,SKU001277,T-Shirt 480,BR00002,CAT004,Put capital reveal. Benefit unit possible you season.,2026-02-20,ACTIVE
P001278,SKU001278,Headphones 610,BR00008,CAT001,North specific right need world cause. Nature least into institution response win. Who home yes.,2025-07-19,ACTIVE
P001279,SKU001279,T-Shirt 8,BR00034,CAT002,Happen first practice what bit window. Lawyer daughter hot home.,2024-08-19,ACTIVE
P001280,SKU001280,Sneakers 822,BR00097,CAT002,Campaign fund truth stay company throughout. Across right rather event.,2026-05-04,ACTIVE
P001281,SKU001281,Backpack 549,BR00033,CAT001,Move home professional.,2024-12-05,ACTIVE
P001282,SKU001282,Jeans 592,BR00065,CAT002,Alone decide avoid chance style billion.,2025-08-07,ACTIVE
P001283,SKU001283,Jacket 420,BR00046,CAT005,Everything hotel Democrat same. Guy all animal wrong black.,2026-02-03,ACTIVE
P001284,SKU001284,Watch 690,BR00095,CAT001,Remain consumer democratic arm. Purpose front carry treat place its. Cold unit learn along.,2025-08-30,ACTIVE
P001285,SKU001285,Backpack 90,BR00025,CAT005,Give way attorney just. Mention enter state behind size grow history. Affect save new conference.,2024-07-01,ACTIVE
P001286,SKU001286,Laptop 808,BR00044,CAT001,Husband collection against poor class current turn. Day small type. Manager challenge concern.,2024-10-19,ACTIVE
P001287,SKU001287,Saree 682,BR00089,CAT002,After may mention it all. Reflect court factor process.,2025-03-04,ACTIVE
P001288,SKU001288,Sneakers 947,BR00092,CAT001,Current certainly them act through. Today into west local.,2025-06-09,ACTIVE
P001289,SKU001289,Jacket 781,BR00028,CAT005,Face forward nation measure. Difference officer hour individual better wrong everything.,2025-08-07,ACTIVE
P001290,SKU001290,Sneakers 505,BR00014,CAT002,Either edge theory. Cost only let improve. Plan who together.,2025-12-17,ACTIVE
P001291,SKU001291,Jeans 76,BR00084,CAT002,Thus body lose effect road. When so picture group.,2026-06-23,ACTIVE
P001292,SKU001292,T-Shirt 238,BR00096,CAT003,Many visit stand thank baby hair. Hair apply effort join.,2026-05-01,ACTIVE
P001293,SKU001293,Laptop 859,BR00044,CAT005,Ask lay boy hair close us. Billion attorney before choice continue television.,2023-11-22,ACTIVE
P001294,SKU001294,T-Shirt 368,BR00075,CAT003,Wonder industry letter develop my citizen bad. Such nor serious above sense thus.,2026-03-27,ACTIVE
P001295,SKU001295,Sneakers 858,BR00038,CAT004,House relationship will hope catch west. Box information one decision style.,2026-01-23,ACTIVE
P001296,SKU001296,Backpack 348,BR00046,CAT002,Lot upon could guy read billion two. Firm go entire six very position charge.,2026-08-20,ACTIVE
P001297,SKU001297,Headphones 883,BR00083,CAT002,Rate several model thousand true. Question strong collection.,2024-09-12,ACTIVE
P001298,SKU001298,Jeans 585,BR00017,CAT003,Reality rich box turn score heavy movie. Statement form direction watch bag including discover.,2024-01-06,ACTIVE
P001299,SKU001299,Jacket 419,BR00094,CAT001,Day tough understand. Write federal need small country.,2025-07-28,ACTIVE
P001300,SKU001300,T-Shirt 808,BR00047,CAT005,Coach your run those. Agreement describe often. Trial me top final interest.,2026-03-09,ACTIVE
P001301,SKU001301,Backpack 159,BR00018,CAT002,Improve quality expect collection school suddenly. Once else great reality teacher side.,2024-01-18,ACTIVE
P001302,SKU001302,Sneakers 173,BR00062,CAT003,Husband else front range. School really simple including father.,2024-08-17,ACTIVE
P001303,SKU001303,Laptop 169,BR00062,CAT001,Military officer blood agent interview his billion. Religious new deep fast.,2024-01-21,ACTIVE
P001304,SKU001304,Laptop 142,BR00069,CAT003,Policy teach mission with last. Rich interview early group consider suddenly party.,2025-07-06,ACTIVE
P001305,SKU001305,Laptop 499,BR00012,CAT005,Develop return most case. Over unit sit product.,2024-02-18,ACTIVE
P001306,SKU001306,Jacket 290,BR00037,CAT004,Soon very certainly wide. Tough environmental impact process pick.,2024-03-20,ACTIVE
P001307,SKU001307,Saree 229,BR00023,CAT002,Ever yard church spring others.,2024-08-02,ACTIVE
P001308,SKU001308,Laptop 470,BR00030,CAT001,Another cultural sport scientist run answer. Myself throughout hospital him.,2025-05-04,ACTIVE
P001309,SKU001309,Watch 855,BR00039,CAT005,"Environment peace five when.
Modern school us nor.",2024-09-12,ACTIVE
P001310,SKU001310,Jeans 801,BR00085,CAT001,Last opportunity understand spend term listen. Join yeah soldier meeting song nation blue.,2024-11-08,ACTIVE
P001311,SKU001311,Headphones 639,BR00005,CAT001,Wall service fish outside administration. Bill their fly television today player may system.,2025-06-26,ACTIVE
P001312,SKU001312,Jeans 646,BR00052,CAT002,Left meeting them she partner.,2023-10-23,ACTIVE
P001313,SKU001313,Jeans 388,BR00064,CAT005,Campaign hospital look tell mention gas. Today style our surface ask raise.,2025-12-13,ACTIVE
P001314,SKU001314,Saree 373,BR00007,CAT001,Pull heart and.,2025-04-15,ACTIVE
P001315,SKU001315,Headphones 889,BR00096,CAT003,Conference worry create lay image resource night. Success foot nice method.,2024-03-31,ACTIVE
P001316,SKU001316,Watch 494,BR00020,CAT005,Happen go soon former. Time business such everyone role simple once. History stand step record.,2026-03-11,ACTIVE
P001317,SKU001317,Backpack 212,BR00006,CAT002,Figure whose thought bit sound heart. Training believe less live attorney camera.,2023-12-23,ACTIVE
P001318,SKU001318,Backpack 564,BR00026,CAT002,Phone model whether door again lead. Help structure defense. Herself agency benefit the budget.,2024-04-14,ACTIVE
P001319,SKU001319,Headphones 74,BR00039,CAT003,Work land travel build require probably around. When every response Mrs.,2024-05-06,ACTIVE
P001320,SKU001320,Headphones 175,BR00016,CAT003,Impact myself language. Often involve give special team yeah she seek.,2023-12-16,ACTIVE
P001321,SKU001321,Jeans 38,BR00008,CAT005,Car item kitchen enough fire collection next. Can pass grow give.,2025-03-24,ACTIVE
P001322,SKU001322,Backpack 484,BR00007,CAT001,Degree state help. Open ok together foreign agency participant. Memory three rock kitchen.,2026-04-29,ACTIVE
P001323,SKU001323,Saree 790,BR00084,CAT005,Discover hard method ten happy produce. Through machine alone eye.,2026-06-08,ACTIVE
P001324,SKU001324,Backpack 327,BR00068,CAT004,Culture we many start whole to among. Treatment development care. Class free single follow short I.,2025-03-23,ACTIVE
P001325,SKU001325,Headphones 775,BR00036,CAT004,Use rest it century without character.,2024-03-23,ACTIVE
P001326,SKU001326,T-Shirt 128,BR00074,CAT004,Still become activity raise idea sure management.,2024-02-26,ACTIVE
P001327,SKU001327,Laptop 352,BR00041,CAT005,Best check city poor nature quality. Spend herself glass sea.,2025-04-15,ACTIVE
P001328,SKU001328,Jeans 350,BR00033,CAT001,Subject pay drop fine try history. Behavior senior yourself argue customer everyone.,2025-07-27,ACTIVE
P001329,SKU001329,Headphones 200,BR00045,CAT001,Early carry note help summer vote raise. Exactly contain even sea mention operation.,2025-01-25,ACTIVE
P001330,SKU001330,Jeans 357,BR00074,CAT002,Somebody which thank sort. Thousand west born moment measure land. Rate writer our save speak.,2024-07-13,ACTIVE
P001331,SKU001331,Headphones 219,BR00029,CAT003,Thus political outside form under cost nothing. Mean rest seem figure population year likely.,2024-12-15,ACTIVE
P001332,SKU001332,T-Shirt 86,BR00007,CAT004,Difference course election especially. Student not art current.,2026-06-26,ACTIVE
P001333,SKU001333,Jeans 946,BR00077,CAT003,Ground member pass day on whether carry. Research wish exactly however education gun issue.,2023-10-15,ACTIVE
P001334,SKU001334,Headphones 701,BR00063,CAT002,Deep what special finish. Large trouble positive help themselves or when.,2026-05-09,ACTIVE
P001335,SKU001335,T-Shirt 330,BR00079,CAT004,Once attention summer prepare south coach concern toward.,2025-03-06,ACTIVE
P001336,SKU001336,Jeans 536,BR00083,CAT004,Ground then against end Republican allow since.,2023-12-03,ACTIVE
P001337,SKU001337,Saree 95,BR00069,CAT004,Fish education four. World land fact structure say.,2024-08-05,ACTIVE
P001338,SKU001338,Headphones 998,BR00085,CAT005,Movie up break. Many author give real suffer world.,2025-07-31,ACTIVE
P001339,SKU001339,Saree 205,BR00014,CAT001,"Wife character statement through.
Though garden though. Amount know note.",2025-02-04,ACTIVE
P001340,SKU001340,Backpack 359,BR00079,CAT002,Full total perhaps control security travel. Audience accept year myself.,2025-08-06,ACTIVE
P001341,SKU001341,Sneakers 911,BR00058,CAT005,Guess later thought in three face space. Most computer ball mother tend billion key can.,2026-01-23,ACTIVE
P001342,SKU001342,Jacket 78,BR00057,CAT001,Actually clear message upon beyond. Open rise outside successful.,2025-01-16,ACTIVE
P001343,SKU001343,Jacket 340,BR00024,CAT001,Right follow this place. Activity citizen news standard.,2026-05-09,ACTIVE
P001344,SKU001344,Jacket 520,BR00020,CAT002,Ever policy special company travel nothing. Determine sister those if.,2024-06-18,ACTIVE
P001345,SKU001345,Saree 766,BR00090,CAT004,Person forward travel admit will reality. Bad trade important close none.,2026-07-27,ACTIVE
P001346,SKU001346,Jeans 306,BR00057,CAT003,Power analysis than maintain station present reach travel. Natural brother house.,2025-04-05,ACTIVE
P001347,SKU001347,Jacket 560,BR00039,CAT002,Factor necessary customer quickly today. Avoid economy chance gas avoid production.,2025-02-13,ACTIVE
P001348,SKU001348,T-Shirt 155,BR00093,CAT005,"Factor begin him. Leg gun certain reduce.
Response know get road carry. Which make so dog personal.",2023-12-21,ACTIVE
P001349,SKU001349,Laptop 157,BR00005,CAT004,Almost develop gas. Rather we design inside.,2024-10-29,ACTIVE
P001350,SKU001350,T-Shirt 73,BR00001,CAT005,Beat least action leg table across. Would both too moment behavior rest.,2023-11-09,ACTIVE
P001351,SKU001351,Sneakers 525,BR00003,CAT005,Kitchen long people. Attack series big voice how worry.,2024-12-04,ACTIVE
P001352,SKU001352,Watch 828,BR00089,CAT001,Of simple offer know sense happy. Man its blood keep.,2024-04-21,ACTIVE
P001353,SKU001353,Jacket 219,BR00041,CAT001,Home which similar east firm. Congress team mention blood alone discuss. Their herself choose the.,2025-02-06,ACTIVE
P001354,SKU001354,Headphones 327,BR00024,CAT005,Cell such material. Attorney role church other exist investment move.,2024-11-29,ACTIVE
P001355,SKU001355,Sneakers 795,BR00075,CAT004,Increase young teacher cut politics building benefit. By operation some such value on school.,2026-06-16,ACTIVE
P001356,SKU001356,Jeans 135,BR00073,CAT005,Its speech world experience. Avoid good remain truth race site team foreign.,2026-06-04,ACTIVE
P001357,SKU001357,Sneakers 430,BR00031,CAT004,Class leader home. Single threat ground ready better industry. Book military sense newspaper.,2025-03-08,ACTIVE
P001358,SKU001358,Laptop 707,BR00089,CAT004,Strong recognize recognize indeed rate. Building share turn success type sea me.,2025-06-09,ACTIVE
P001359,SKU001359,Jeans 741,BR00050,CAT002,Sit bed society party wall dark size. Arm high what character table production himself sea.,2025-12-17,ACTIVE
P001360,SKU001360,Headphones 514,BR00055,CAT005,Democrat nearly less become be wear. Relationship he market for.,2025-04-02,ACTIVE
P001361,SKU001361,Headphones 359,BR00065,CAT002,Section cold send issue capital piece across. Democratic player want yet.,2024-02-10,ACTIVE
P001362,SKU001362,Laptop 370,BR00022,CAT001,Turn end work south save high turn. Another might everything common by huge involve.,2024-01-03,ACTIVE
P001363,SKU001363,T-Shirt 175,BR00074,CAT001,Machine fish theory we. Last join understand federal watch student.,2026-01-27,ACTIVE
P001364,SKU001364,Jeans 427,BR00023,CAT001,These difference including rock set. Result skill view upon. Institution have your.,2025-07-04,ACTIVE
P001365,SKU001365,Backpack 552,BR00086,CAT002,Allow never can plan science author wait. Thank certainly model law enough. Begin east follow out.,2026-03-16,ACTIVE
P001366,SKU001366,T-Shirt 319,BR00086,CAT001,All tell name cost affect price. Experience ability you student individual.,2024-01-30,ACTIVE
P001367,SKU001367,T-Shirt 343,BR00000,CAT005,Tv become team dream policy. Language war natural whole side letter forget market.,2024-07-03,ACTIVE
P001368,SKU001368,Saree 604,BR00077,CAT004,Change important structure traditional. Commercial left although heart.,2024-02-01,ACTIVE
P001369,SKU001369,Saree 265,BR00012,CAT002,"Show fact maybe. Draw religious commercial mind.
Despite current commercial true hair.",2025-11-19,ACTIVE
P001370,SKU001370,Jeans 19,BR00090,CAT002,Next ask community play number up agreement. Million central truth sport system reach.,2024-08-14,ACTIVE
P001371,SKU001371,Saree 121,BR00066,CAT005,Matter hour animal do. Beat job individual claim down table.,2024-07-09,ACTIVE
P001372,SKU001372,Backpack 820,BR00093,CAT002,Person anything yes whole will herself. Exactly her fact blue.,2024-07-13,ACTIVE
P001373,SKU001373,Jacket 990,BR00065,CAT002,Tax life represent low. Heart movement western natural someone program write.,2024-07-30,ACTIVE
P001374,SKU001374,Sneakers 662,BR00007,CAT004,Gun during main wonder bed TV important ago. Part someone before life campaign feel table.,2025-12-29,ACTIVE
P001375,SKU001375,Jacket 951,BR00022,CAT001,Available environmental Democrat usually send. Help practice style good role popular.,2023-12-02,ACTIVE
P001376,SKU001376,Laptop 368,BR00097,CAT001,Group body today national piece. Lead most today effort.,2023-11-14,ACTIVE
P001377,SKU001377,T-Shirt 562,BR00017,CAT004,Street it set moment party talk fear. Lot carry memory professional fish police serious.,2026-05-06,ACTIVE
P001378,SKU001378,Jacket 911,BR00002,CAT004,Type inside finish be avoid site. Way tend fast research particularly.,2025-12-15,ACTIVE
P001379,SKU001379,Headphones 523,BR00036,CAT005,Conference woman ahead impact phone relate increase. Teacher point wide may discover task.,2023-09-20,ACTIVE
P001380,SKU001380,Laptop 51,BR00075,CAT004,Card concern piece magazine instead. Hit theory page break total direction any.,2026-08-30,ACTIVE
P001381,SKU001381,Headphones 609,BR00039,CAT005,Crime fear parent bad later recognize over.,2026-05-11,ACTIVE
P001382,SKU001382,Jacket 595,BR00042,CAT003,Sit key answer citizen reason. Poor reduce recognize hot that.,2024-05-04,ACTIVE
P001383,SKU001383,Jacket 330,BR00033,CAT002,Action program measure option right catch the likely. So born behind bank.,2024-08-05,ACTIVE
P001384,SKU001384,Jacket 142,BR00089,CAT005,Actually team field themselves tax. Show medical investment not.,2025-02-19,ACTIVE
P001385,SKU001385,Jacket 634,BR00022,CAT004,Above girl sometimes statement. Mother machine range series no.,2025-05-28,ACTIVE
P001386,SKU001386,Sneakers 456,BR00016,CAT005,Last responsibility story among reality stock statement. Guy thousand gas young.,2025-08-21,ACTIVE
P001387,SKU001387,Saree 973,BR00066,CAT002,Inside including ever paper buy. Themselves several before.,2024-12-08,ACTIVE
P001388,SKU001388,Backpack 450,BR00041,CAT005,Wall career live participant between moment. Send meet state role. Learn outside easy.,2024-02-21,ACTIVE
P001389,SKU001389,Watch 75,BR00041,CAT004,Often their better behind contain. Green lot realize yourself player.,2024-04-03,ACTIVE
P001390,SKU001390,Headphones 72,BR00015,CAT001,Wide white both attention nature step short hundred. Clearly despite better make child.,2026-04-07,ACTIVE
P001391,SKU001391,Watch 573,BR00096,CAT004,During easy reflect treatment. Daughter show simple office.,2025-02-03,ACTIVE
P001392,SKU001392,Jacket 339,BR00039,CAT004,Effect old else someone edge high. Catch our lot read parent. Through too music.,2025-01-20,ACTIVE
P001393,SKU001393,Saree 701,BR00065,CAT001,Region alone change exist.,2024-10-15,ACTIVE
P001394,SKU001394,Backpack 36,BR00063,CAT003,New region eye money effect issue. Whole ten usually research family study throw.,2024-10-18,ACTIVE
P001395,SKU001395,Jacket 19,BR00034,CAT003,Animal us trade wrong. Work take item final policy the.,2024-06-21,ACTIVE
P001396,SKU001396,Jeans 600,BR00002,CAT005,Report blue a turn employee when. New research never.,2024-01-11,ACTIVE
P001397,SKU001397,Sneakers 420,BR00026,CAT003,Day interview to Mr. Near together themselves teacher meet magazine.,2026-08-23,ACTIVE
P001398,SKU001398,Saree 206,BR00043,CAT004,Open glass least success turn bag position. Understand blood talk. Too however medical guess.,2025-05-26,ACTIVE
P001399,SKU001399,Jeans 169,BR00048,CAT004,Word sure look power. Dark executive above ago within true. High truth huge few because.,2025-10-13,ACTIVE
P001400,SKU001400,Watch 827,BR00066,CAT002,Town future position these decide. Should claim strong letter let lot whole.,2023-11-10,ACTIVE
P001401,SKU001401,Sneakers 863,BR00038,CAT003,Summer maybe word house half. Concern behind quickly subject serve character throw.,2025-05-17,ACTIVE
P001402,SKU001402,Backpack 879,BR00023,CAT001,Start who like large.,2025-04-26,ACTIVE
P001403,SKU001403,Jacket 508,BR00020,CAT004,Mean direction remain miss cell why result. Gun how thousand contain response several.,2025-06-21,ACTIVE
P001404,SKU001404,Laptop 764,BR00055,CAT003,End force such brother force data heavy. Wonder feel leader public.,2026-09-01,ACTIVE
P001405,SKU001405,T-Shirt 951,BR00084,CAT003,Maybe specific second trip. Assume because decade.,2025-02-17,ACTIVE
P001406,SKU001406,Headphones 520,BR00093,CAT002,Another president million charge large. Fund care far present several. Hot imagine happen modern.,2025-01-19,ACTIVE
P001407,SKU001407,Sneakers 113,BR00097,CAT003,Begin court also amount. Artist federal what for two small. Wear employee answer follow agree.,2024-08-25,ACTIVE
P001408,SKU001408,Sneakers 679,BR00073,CAT004,Price oil each boy just small call public. Use night build day crime.,2024-10-25,ACTIVE
P001409,SKU001409,Headphones 357,BR00090,CAT005,Until ago but analysis state trial throughout. Education either heart magazine.,2024-07-11,ACTIVE
P001410,SKU001410,T-Shirt 642,BR00023,CAT001,We matter PM structure. Form bit onto worry. Decide tax expert pay likely.,2024-08-18,ACTIVE
P001411,SKU001411,Sneakers 643,BR00099,CAT001,Hour effort house once traditional any girl. Serve she safe director education.,2026-01-08,ACTIVE
P001412,SKU001412,Headphones 419,BR00034,CAT002,Skin create quite agreement fall beautiful. Instead game note.,2024-12-30,ACTIVE
P001413,SKU001413,Watch 638,BR00071,CAT001,Send high reason weight. Letter collection whole save own care.,2025-09-22,ACTIVE
P001414,SKU001414,Watch 261,BR00063,CAT002,Offer radio detail career form whether. Over station red difference agreement evening.,2023-11-19,ACTIVE
P001415,SKU001415,Headphones 745,BR00088,CAT001,Ball high rather fight foot specific walk bag.,2025-12-08,ACTIVE
P001416,SKU001416,Backpack 456,BR00092,CAT005,Prove suggest likely future sort into then ask. Medical much population.,2024-12-04,ACTIVE
P001417,SKU001417,T-Shirt 907,BR00034,CAT003,Investment green be. Production official sing teacher rich. Expert sit successful significant wear.,2025-10-28,ACTIVE
P001418,SKU001418,Headphones 880,BR00018,CAT004,Increase history wind there good fill suddenly line. Affect course full maintain.,2024-09-03,ACTIVE
P001419,SKU001419,Sneakers 125,BR00037,CAT005,Doctor authority strong our until amount foreign thing.,2026-05-12,ACTIVE
P001420,SKU001420,Backpack 528,BR00003,CAT003,Shake according sea why player end. Chance already fly box also.,2026-04-22,ACTIVE
P001421,SKU001421,T-Shirt 696,BR00011,CAT004,Without get too later director however speak. White office need week resource even seek.,2024-06-11,ACTIVE
P001422,SKU001422,Sneakers 6,BR00003,CAT003,Member hard discuss kitchen risk box spring. While physical degree machine.,2023-11-19,ACTIVE
P001423,SKU001423,Saree 152,BR00010,CAT005,Out start really case able. Yourself would his according the.,2026-01-18,ACTIVE
P001424,SKU001424,Headphones 295,BR00044,CAT005,Money democratic pick begin more kitchen. War speak need.,2023-12-03,ACTIVE
P001425,SKU001425,Backpack 967,BR00062,CAT004,"Check who adult down worker. Care budget still nothing necessary.
Special safe answer participant.",2025-09-28,ACTIVE
P001426,SKU001426,Backpack 852,BR00030,CAT005,Thing game go try them. Administration more plant kind authority laugh big.,2026-09-09,ACTIVE
P001427,SKU001427,Headphones 156,BR00050,CAT002,Scientist believe whatever simple forget strong. Rise image tend huge company field someone.,2025-07-02,ACTIVE
P001428,SKU001428,Laptop 690,BR00059,CAT005,Dark third expect. Everybody customer fight here film wrong same.,2024-01-15,ACTIVE
P001429,SKU001429,T-Shirt 739,BR00075,CAT003,Right we foot heavy write style charge. Score face financial yourself. Particular chair around.,2025-09-20,ACTIVE
P001430,SKU001430,Backpack 3,BR00058,CAT005,Change movie watch hard street base. Attention build head plant other picture. South again attack.,2023-11-23,ACTIVE
P001431,SKU001431,Watch 953,BR00027,CAT003,Arrive direction take visit.,2026-03-28,ACTIVE
P001432,SKU001432,Headphones 264,BR00083,CAT005,We tonight box computer write major sell.,2025-10-07,ACTIVE
P001433,SKU001433,Watch 526,BR00013,CAT005,Hospital table art late doctor seat get. War show available ball almost authority again.,2024-02-24,ACTIVE
P001434,SKU001434,Saree 350,BR00097,CAT002,High memory community director health quite student. Possible we travel edge.,2024-10-21,ACTIVE
P001435,SKU001435,Saree 808,BR00071,CAT003,Image along agency student throw black rise. On author manager pretty apply later.,2025-11-26,ACTIVE
P001436,SKU001436,Backpack 851,BR00078,CAT004,Service election professional year.,2026-05-21,ACTIVE
P001437,SKU001437,Laptop 121,BR00065,CAT003,Real dark television front picture myself. Military under hair big foreign.,2025-02-28,ACTIVE
P001438,SKU001438,Sneakers 101,BR00000,CAT003,"Focus successful attention main security. Strategy man so art.
Audience age eye.",2024-08-09,ACTIVE
P001439,SKU001439,Jeans 209,BR00037,CAT005,End standard do floor. Not that edge purpose.,2025-03-09,ACTIVE
P001440,SKU001440,Headphones 595,BR00011,CAT001,Cell today positive buy rate. Great result front. Ball employee second enough choose pay group.,2026-05-25,ACTIVE
P001441,SKU001441,Sneakers 693,BR00046,CAT001,"Serious cold around sort. Education direction show agent.
Also environmental tell arrive security.",2026-02-23,ACTIVE
P001442,SKU001442,Saree 851,BR00079,CAT005,Provide herself eye impact. Expect build some trial light far kid.,2026-07-12,ACTIVE
P001443,SKU001443,Headphones 30,BR00068,CAT002,"Trade must issue court increase employee by part.
Country threat including thus.",2024-09-03,ACTIVE
P001444,SKU001444,Jacket 191,BR00053,CAT002,Smile between quite his before wall. Worker increase line increase describe few magazine.,2025-01-12,ACTIVE
P001445,SKU001445,Headphones 366,BR00097,CAT001,Maintain dream star process. Test minute short poor. Ahead fund such read sign true understand.,2023-12-04,ACTIVE
P001446,SKU001446,Backpack 285,BR00040,CAT002,Radio identify card compare. Time last television fish again.,2024-08-01,ACTIVE
P001447,SKU001447,Laptop 303,BR00009,CAT002,Eight whether small or scene floor we. Benefit second start your market.,2024-04-21,ACTIVE
P001448,SKU001448,Jacket 714,BR00093,CAT005,Board smile pretty model TV watch another.,2025-09-18,ACTIVE
P001449,SKU001449,Backpack 524,BR00064,CAT004,Before design our front station often news. Wind turn though wait.,2025-05-04,ACTIVE
P001450,SKU001450,Laptop 516,BR00063,CAT002,Since billion student range. Parent six the forget support mean leave. Result hundred able.,2023-12-04,ACTIVE
P001451,SKU001451,Headphones 460,BR00015,CAT005,"Tonight sort Mr phone past building.
Consumer able parent. Under identify north.",2024-11-23,ACTIVE
P001452,SKU001452,Backpack 132,BR00027,CAT004,World international movie under even method. Kitchen coach last behavior everybody ask collection.,2023-10-26,ACTIVE
P001453,SKU001453,Backpack 141,BR00095,CAT001,Else daughter statement scientist. Place thank go difficult ground. Space window explain.,2024-01-07,ACTIVE
P001454,SKU001454,Backpack 137,BR00045,CAT001,Manage mouth identify cell. Marriage himself force bed value market.,2025-02-16,ACTIVE
P001455,SKU001455,Jacket 25,BR00032,CAT005,Crime save statement stock act social or. High drive election half main bit into.,2025-09-13,ACTIVE
P001456,SKU001456,Sneakers 406,BR00023,CAT002,Life interest right guy time. Major recently goal stand she president.,2026-09-09,ACTIVE
P001457,SKU001457,Jacket 491,BR00031,CAT004,Between factor what research save. Dog partner cultural camera us year.,2026-08-17,ACTIVE
P001458,SKU001458,Jeans 950,BR00091,CAT004,Voice reflect various lead painting operation develop. Good establish structure agent huge.,2024-06-07,ACTIVE
P001459,SKU001459,T-Shirt 528,BR00096,CAT001,Similar those maintain happy. Themselves discussion enjoy true.,2024-08-13,ACTIVE
P001460,SKU001460,Backpack 447,BR00048,CAT004,Where region result reach industry.,2024-12-21,ACTIVE
P001461,SKU001461,Watch 328,BR00015,CAT001,Part inside mouth what must source place own. Indeed step yes produce grow TV guess about.,2025-05-16,ACTIVE
P001462,SKU001462,Saree 63,BR00053,CAT003,Every discover trade design outside receive night. Better floor source such race enjoy.,2025-02-09,ACTIVE
P001463,SKU001463,Jeans 446,BR00092,CAT005,Position cold mission enough computer population. Each offer majority provide.,2025-11-21,ACTIVE
P001464,SKU001464,Sneakers 798,BR00023,CAT003,Start site watch trip.,2025-02-20,ACTIVE
P001465,SKU001465,Saree 83,BR00053,CAT005,Own surface bar. Foot positive tree continue trade table sense.,2025-12-09,ACTIVE
P001466,SKU001466,Saree 891,BR00062,CAT002,Bill particularly sit security.,2024-08-25,ACTIVE
P001467,SKU001467,Jacket 789,BR00063,CAT005,Training increase size various. Adult gun all price name.,2026-08-21,ACTIVE
P001468,SKU001468,Headphones 839,BR00067,CAT001,Still indeed thousand line rather. Size ability six media. You free out why traditional.,2026-06-26,ACTIVE
P001469,SKU001469,Jacket 935,BR00000,CAT004,Staff common professional name form five. Author value market charge. Until wind class.,2024-02-14,ACTIVE
P001470,SKU001470,Saree 65,BR00040,CAT005,Choose computer peace situation help experience sign. Meet threat law ability song.,2025-02-13,ACTIVE
P001471,SKU001471,Headphones 904,BR00096,CAT005,Doctor table instead and. Many heart north loss prevent. Federal partner hold call movie less.,2025-06-21,ACTIVE
P001472,SKU001472,T-Shirt 420,BR00073,CAT001,Natural now best industry yourself bit. Home dark realize decision.,2025-11-22,ACTIVE
P001473,SKU001473,Jeans 275,BR00044,CAT004,Affect area son final try. Provide condition since. Everyone free friend college deep effort.,2025-04-08,ACTIVE
P001474,SKU001474,Backpack 630,BR00099,CAT004,Might always subject offer case project.,2024-05-15,ACTIVE
P001475,SKU001475,Laptop 412,BR00031,CAT002,Site lot minute firm less.,2025-05-31,ACTIVE
P001476,SKU001476,T-Shirt 376,BR00016,CAT001,Finish eat tend product discover machine. Bring whose though always.,2024-02-26,ACTIVE
P001477,SKU001477,Headphones 436,BR00031,CAT002,Difference majority ask argue chance bit food.,2026-04-29,ACTIVE
P001478,SKU001478,Backpack 478,BR00066,CAT005,No help task guy determine. Character dog foot see sister. Another language crime describe stock.,2024-02-21,ACTIVE
P001479,SKU001479,Jacket 4,BR00085,CAT003,Pull of nice local sit organization almost. Democrat table smile popular side card especially.,2024-09-20,ACTIVE
P001480,SKU001480,Jeans 672,BR00089,CAT002,"He owner firm.
Quite event your rest write fill design. Rise manage unit.",2025-06-08,ACTIVE
P001481,SKU001481,Saree 351,BR00015,CAT004,Appear camera might paper their radio. Those find community school. Head through idea seat.,2025-11-13,ACTIVE
P001482,SKU001482,Saree 85,BR00016,CAT004,Father night evening although Congress simple.,2025-08-28,ACTIVE
P001483,SKU001483,Sneakers 246,BR00041,CAT005,Must media standard side arrive able. Safe least her attack assume level dark.,2025-08-14,ACTIVE
P001484,SKU001484,Laptop 433,BR00033,CAT002,"Address forward specific.
Design show hold source. Its current several beyond although military.",2024-09-18,ACTIVE
P001485,SKU001485,Jeans 287,BR00096,CAT003,Real some available big five hard find. According five organization major it final.,2024-07-29,ACTIVE
P001486,SKU001486,Saree 827,BR00031,CAT002,Team become work game century west notice soon. Force resource attention daughter company.,2026-08-03,ACTIVE
P001487,SKU001487,Saree 279,BR00090,CAT003,Worker good what detail whether. Small production close news guy seem miss.,2025-07-11,ACTIVE
P001488,SKU001488,Laptop 178,BR00006,CAT003,Wrong we attention protect focus.,2025-01-16,ACTIVE
P001489,SKU001489,Jacket 418,BR00093,CAT003,For hotel theory design often fall whose. Available part fear force sense born.,2025-08-02,ACTIVE
P001490,SKU001490,Saree 409,BR00047,CAT001,Occur although say better mention industry skill. Race watch degree middle.,2026-09-02,ACTIVE
P001491,SKU001491,Jacket 332,BR00055,CAT004,Left result assume wish ball anything return. Within goal officer test yard behavior wife second.,2025-05-03,ACTIVE
P001492,SKU001492,Backpack 146,BR00001,CAT001,Play method structure kid. Anything to able three. Benefit expert kitchen figure lot brother year.,2025-05-06,ACTIVE
P001493,SKU001493,Laptop 901,BR00081,CAT001,Such cultural create like section. Machine responsibility cultural team.,2023-11-21,ACTIVE
P001494,SKU001494,Jacket 5,BR00017,CAT003,Its consider series protect simple. Sea place then choice strong.,2026-01-19,ACTIVE
P001495,SKU001495,Jacket 738,BR00097,CAT003,Vote center machine ago. Executive white both indeed if cut trip central. Change office my soon.,2025-02-01,ACTIVE
P001496,SKU001496,Jacket 561,BR00085,CAT003,Foot north event seat. Beyond way ask decide hotel per. Near special member draw event.,2023-12-16,ACTIVE
P001497,SKU001497,Jeans 225,BR00053,CAT002,Other course data performance citizen pattern. Would break nice practice spend science someone.,2026-01-19,ACTIVE
P001498,SKU001498,Headphones 362,BR00040,CAT003,Pull right nice spring close respond. Middle system some structure final popular all.,2025-04-23,ACTIVE
P001499,SKU001499,Jeans 87,BR00037,CAT003,None opportunity about strategy space. Affect site teacher paper field.,2024-01-16,ACTIVE
P001500,SKU001500,Watch 515,BR00024,CAT001,Best candidate approach. Walk respond then never oil natural. Nice several both no.,2025-12-13,ACTIVE
P001501,SKU001501,Watch 171,BR00013,CAT001,Beat do east case light so. Concern care particularly interesting campaign. Often exist half miss.,2025-06-22,ACTIVE
P001502,SKU001502,Backpack 138,BR00047,CAT001,"Forget approach lose yard effect environmental.
Culture visit tax road these top wish.",2023-09-23,ACTIVE
P001503,SKU001503,Watch 620,BR00049,CAT004,This among say speak. Notice member media. First wrong month do.,2025-07-23,ACTIVE
P001504,SKU001504,Watch 449,BR00035,CAT004,Necessary one above democratic sense treatment here. Exist author organization service.,2024-07-17,ACTIVE
P001505,SKU001505,Laptop 730,BR00099,CAT004,Move administration tell rock order. Three Congress right.,2025-06-05,ACTIVE
P001506,SKU001506,Saree 827,BR00048,CAT001,Knowledge citizen in at Republican organization serve. Maybe church reveal day.,2024-12-02,ACTIVE
P001507,SKU001507,Backpack 260,BR00099,CAT001,Manager these both stuff. Those development toward like.,2026-09-08,ACTIVE
P001508,SKU001508,Jeans 804,BR00034,CAT003,"Short skill physical citizen.
Drug per without matter study attack.",2023-10-25,ACTIVE
P001509,SKU001509,Watch 62,BR00099,CAT002,Nature any you type war. Right bill wall act stuff summer.,2025-03-24,ACTIVE
P001510,SKU001510,Sneakers 914,BR00091,CAT004,"Real any article trip. Try past body article.
Reveal break teach arm phone.",2026-07-16,ACTIVE
P001511,SKU001511,Watch 647,BR00069,CAT001,Huge low time indeed north boy stay scientist. Its data claim able imagine out to hospital.,2025-12-24,ACTIVE
P001512,SKU001512,Headphones 603,BR00008,CAT004,"Ten little option.
Hope join develop heart and it food. Here mind benefit.",2025-11-01,ACTIVE
P001513,SKU001513,Saree 539,BR00010,CAT003,Security raise enough radio hard knowledge.,2025-10-20,ACTIVE
P001514,SKU001514,T-Shirt 778,BR00076,CAT004,Both evening camera much man matter again.,2024-11-14,ACTIVE
P001515,SKU001515,Saree 153,BR00042,CAT001,Thing culture positive sometimes market culture. Research model size trip.,2024-06-21,ACTIVE
P001516,SKU001516,Saree 187,BR00052,CAT005,Pull list as. Degree group surface down successful wear.,2025-05-22,ACTIVE
P001517,SKU001517,Headphones 434,BR00013,CAT002,Step never somebody. Agreement large quite another key eight tend writer.,2025-10-27,ACTIVE
P001518,SKU001518,Headphones 539,BR00039,CAT002,Growth possible never draw group data. Arm me blood customer leave president.,2023-09-26,ACTIVE
P001519,SKU001519,Backpack 893,BR00033,CAT004,Case western knowledge from without. Baby current whole while region.,2025-09-27,ACTIVE
P001520,SKU001520,Jacket 778,BR00088,CAT005,Again lot mean apply. Moment pass total suddenly wind daughter maintain.,2024-08-06,ACTIVE
P001521,SKU001521,Headphones 379,BR00080,CAT002,Check easy collection walk. Test boy trade form audience southern woman.,2025-09-19,ACTIVE
P001522,SKU001522,Backpack 800,BR00085,CAT001,Yard care light environment. Pass day west something hot. Seek concern light training to fish.,2025-05-04,ACTIVE
P001523,SKU001523,Backpack 827,BR00055,CAT003,Interesting rest experience cold hundred bag nothing. Total federal blue car. Arm station million.,2024-04-09,ACTIVE
P001524,SKU001524,Jacket 627,BR00074,CAT005,Feeling though official option. Because peace exist drive. Painting education draw course system.,2023-12-05,ACTIVE
P001525,SKU001525,Jeans 415,BR00018,CAT004,Condition wrong age behavior leg other ok. Movement performance wonder movie.,2026-04-11,ACTIVE
P001526,SKU001526,Laptop 887,BR00036,CAT004,West sit like sort drop happen follow able. Use human movement front safe total.,2026-01-15,ACTIVE
P001527,SKU001527,T-Shirt 94,BR00053,CAT001,Camera health support a window right could. Ready drop trouble.,2025-11-24,ACTIVE
P001528,SKU001528,Jeans 187,BR00093,CAT002,News if mouth the man media sing. Government modern newspaper data nothing yet must.,2024-12-25,ACTIVE
P001529,SKU001529,Headphones 354,BR00045,CAT005,Your cut spend. Leg out would whole account fight.,2026-08-16,ACTIVE
P001530,SKU001530,Laptop 546,BR00095,CAT005,Always total friend mother wonder fear idea. Less seven though meeting station.,2025-01-30,ACTIVE
P001531,SKU001531,Watch 767,BR00008,CAT004,We me thought movie class become improve. Ask some kind woman.,2026-02-24,ACTIVE
P001532,SKU001532,Backpack 250,BR00036,CAT005,Common them position like. Other minute yeah day age gun Mrs. Worry stand attention.,2025-10-07,ACTIVE
P001533,SKU001533,T-Shirt 589,BR00037,CAT003,Another possible include. Country matter bag create seek.,2024-04-17,ACTIVE
P001534,SKU001534,Laptop 31,BR00001,CAT002,Might tonight simply science. College main gas artist other guess career.,2024-12-07,ACTIVE
P001535,SKU001535,Sneakers 486,BR00099,CAT004,Network south behind peace land program. Continue plan its low.,2024-04-04,ACTIVE
P001536,SKU001536,Saree 973,BR00003,CAT001,Cultural while month model friend. Nearly attack time next seat.,2025-10-23,ACTIVE
P001537,SKU001537,Laptop 919,BR00011,CAT003,Should car receive music. Market return own chance six about.,2024-07-30,ACTIVE
P001538,SKU001538,T-Shirt 129,BR00027,CAT005,Recognize recent water left raise majority including.,2023-12-20,ACTIVE
P001539,SKU001539,Saree 146,BR00055,CAT002,Day woman deal speak. Church different how move.,2025-08-09,ACTIVE
P001540,SKU001540,Watch 314,BR00098,CAT004,If difference try full amount mind. Five collection raise team look along table.,2024-11-23,ACTIVE
P001541,SKU001541,Sneakers 908,BR00090,CAT005,Reach image future. Across letter fill population reveal arrive everything inside.,2024-11-12,ACTIVE
P001542,SKU001542,Headphones 698,BR00000,CAT002,Against choice to today alone chance general figure. Sister past board ask effect sit space.,2024-12-27,ACTIVE
P001543,SKU001543,Jeans 130,BR00057,CAT003,Benefit remain message about. Learn turn life class year most determine. Pass by place house.,2024-10-25,ACTIVE
P001544,SKU001544,Headphones 381,BR00059,CAT002,Shake after Congress enough. Single outside speak chance dinner. Side strategy add network.,2024-12-28,ACTIVE
P001545,SKU001545,Laptop 281,BR00031,CAT005,Employee all party. Home affect edge reveal player so.,2026-07-19,ACTIVE
P001546,SKU001546,Headphones 183,BR00073,CAT001,Year cup pattern until. Increase try kitchen. Federal director whatever store.,2026-04-27,ACTIVE
P001547,SKU001547,Backpack 65,BR00019,CAT003,Number your per girl of deep special. Of pay whatever poor record.,2026-06-11,ACTIVE
P001548,SKU001548,Backpack 137,BR00074,CAT003,Within take issue. Agent both station its his marriage.,2023-12-29,ACTIVE
P001549,SKU001549,T-Shirt 957,BR00043,CAT002,Action box wide another. Fear probably morning mention sister can develop grow.,2026-03-04,ACTIVE
P001550,SKU001550,T-Shirt 199,BR00019,CAT001,Off lay serious. Take night either sport put.,2025-05-12,ACTIVE
P001551,SKU001551,Watch 748,BR00091,CAT002,Speak argue answer bank only. Mouth end task beyond another today.,2023-11-10,ACTIVE
P001552,SKU001552,Backpack 88,BR00068,CAT001,Challenge month church.,2024-04-12,ACTIVE
P001553,SKU001553,Saree 856,BR00073,CAT002,Budget wait new another audience store fire. Fast best news example purpose teach purpose.,2024-09-09,ACTIVE
P001554,SKU001554,Watch 237,BR00094,CAT003,Together system today positive soldier produce state.,2024-05-12,ACTIVE
P001555,SKU001555,Headphones 339,BR00051,CAT004,Opportunity civil share. Phone practice form politics.,2024-08-16,ACTIVE
P001556,SKU001556,Saree 308,BR00013,CAT005,Same painting mean. Economic success enter teach nice to. Hold happy be brother civil region where.,2024-03-06,ACTIVE
P001557,SKU001557,Sneakers 613,BR00041,CAT001,Whole relationship might tree red. Name marriage do physical available business industry decide.,2024-01-18,ACTIVE
P001558,SKU001558,Headphones 214,BR00099,CAT002,Option size short deal garden throw sort. Republican collection listen bring.,2025-10-21,ACTIVE
P001559,SKU001559,Watch 750,BR00097,CAT001,Process exist check keep glass. Ball explain understand.,2024-09-07,ACTIVE
P001560,SKU001560,Laptop 546,BR00020,CAT005,Today indicate lawyer that. First receive still return candidate well away.,2024-07-25,ACTIVE
P001561,SKU001561,Jacket 732,BR00055,CAT005,Information form end. Above at specific wall opportunity. Hard spend establish.,2024-03-07,ACTIVE
P001562,SKU001562,Saree 421,BR00052,CAT004,Campaign reason to. Sing exactly early impact factor than player. Fill work either.,2026-05-25,ACTIVE
P001563,SKU001563,Jacket 695,BR00029,CAT002,Begin success face office. Able manage yet among. Particular firm war society third parent certain.,2024-02-16,ACTIVE
P001564,SKU001564,Backpack 604,BR00011,CAT004,Exist number true loss red.,2024-03-06,ACTIVE
P001565,SKU001565,Headphones 739,BR00051,CAT002,Almost religious rise something fly entire like. Full listen each couple myself.,2024-01-30,ACTIVE
P001566,SKU001566,Jacket 308,BR00089,CAT002,Benefit tonight impact different summer so education. Direction consumer PM woman.,2026-01-19,ACTIVE
P001567,SKU001567,Jeans 447,BR00051,CAT004,Serious whole friend keep.,2024-01-31,ACTIVE
P001568,SKU001568,Saree 983,BR00072,CAT001,Position fly finally memory anything sometimes.,2026-09-05,ACTIVE
P001569,SKU001569,Backpack 177,BR00094,CAT002,Organization name positive receive record during. Away raise beyond quickly since once.,2026-08-28,ACTIVE
P001570,SKU001570,Jacket 457,BR00031,CAT001,Dream world authority. Call meet wall he it. Marriage across I tend partner.,2026-03-31,ACTIVE
P001571,SKU001571,Watch 532,BR00078,CAT003,Notice might two.,2025-02-05,ACTIVE
P001572,SKU001572,Sneakers 277,BR00025,CAT003,Happen today little imagine example manager dog. Trouble ground see play attack person.,2026-07-22,ACTIVE
P001573,SKU001573,Sneakers 517,BR00075,CAT001,Nature option prevent center eat. Resource task thought. Everyone impact drive game.,2024-06-12,ACTIVE
P001574,SKU001574,Saree 233,BR00090,CAT004,Those Mrs first. List job while think I pass. Hit edge back best.,2024-09-14,ACTIVE
P001575,SKU001575,Jeans 206,BR00042,CAT004,News consumer discussion arm mission rather. Senior free tell we. Look fall former unit attention.,2024-01-06,ACTIVE
P001576,SKU001576,Saree 539,BR00043,CAT005,Somebody ahead value appear. Standard thank rate begin say star some.,2024-07-26,ACTIVE
P001577,SKU001577,Sneakers 592,BR00020,CAT004,Forget food likely director shoulder probably project.,2024-02-01,ACTIVE
P001578,SKU001578,Laptop 940,BR00068,CAT003,Will address drop building responsibility. Military lawyer every represent as.,2024-01-18,ACTIVE
P001579,SKU001579,Jeans 123,BR00009,CAT003,Happen affect board upon author chair. Trouble inside thing enjoy trade. Seek water sign in return.,2024-04-01,ACTIVE
P001580,SKU001580,Jeans 272,BR00003,CAT005,Everything these ago there. Job eight late allow else.,2026-03-09,ACTIVE
P001581,SKU001581,Backpack 287,BR00014,CAT004,Spend boy simply above animal. Safe agent race finish myself the there will.,2024-06-08,ACTIVE
P001582,SKU001582,Laptop 109,BR00028,CAT001,Himself every hundred. No magazine summer conference any look positive. Glass unit move out.,2026-08-02,ACTIVE
P001583,SKU001583,Watch 221,BR00060,CAT004,Another ground poor effort wear seek. Great this price inside.,2025-09-05,ACTIVE
P001584,SKU001584,Saree 903,BR00099,CAT004,After enjoy several citizen ready sort. College somebody cultural figure.,2023-11-26,ACTIVE
P001585,SKU001585,Backpack 19,BR00036,CAT004,Not include effort push. Administration clearly generation development hold. Add current possible.,2023-10-24,ACTIVE
P001586,SKU001586,Sneakers 625,BR00061,CAT003,Share fund walk people daughter meet guy. Close down best let. Wife tell boy.,2025-03-23,ACTIVE
P001587,SKU001587,Sneakers 909,BR00057,CAT001,"Theory risk positive agency election.
Keep movie song and feel. Sense on simple.",2026-08-19,ACTIVE
P001588,SKU001588,T-Shirt 469,BR00001,CAT004,Outside blue expert dog expect field. Add involve continue production.,2026-04-12,ACTIVE
P001589,SKU001589,Sneakers 697,BR00008,CAT002,Involve real different. Operation including care mind.,2025-04-21,ACTIVE
P001590,SKU001590,T-Shirt 478,BR00016,CAT005,Drive back bill. Fill blood a meet. Wrong clearly follow moment father.,2025-04-03,ACTIVE
P001591,SKU001591,Backpack 536,BR00027,CAT005,Hair make meeting develop deep kitchen. Almost three view. Car area production or event.,2024-07-12,ACTIVE
P001592,SKU001592,Laptop 690,BR00038,CAT005,Necessary every staff authority national through white cover.,2026-01-06,ACTIVE
P001593,SKU001593,Watch 348,BR00045,CAT005,During second network rise north Congress heavy. Fast paper computer mind goal pass.,2026-02-03,ACTIVE
P001594,SKU001594,Laptop 95,BR00075,CAT004,Glass especially rest still item. Thought rather break author raise guy.,2024-04-08,ACTIVE
P001595,SKU001595,Backpack 375,BR00073,CAT002,Purpose worker can soon help. Hold word head suffer.,2026-01-18,ACTIVE
P001596,SKU001596,Jeans 268,BR00078,CAT001,Process ball respond high institution little attack. Kind tax best happy ahead.,2026-05-25,ACTIVE
P001597,SKU001597,Watch 940,BR00052,CAT005,Explain attention fish kitchen without. Affect food into adult back no others.,2025-12-29,ACTIVE
P001598,SKU001598,T-Shirt 621,BR00010,CAT002,White way quality. Top either majority director.,2025-03-16,ACTIVE
P001599,SKU001599,T-Shirt 589,BR00009,CAT004,Many recognize law when audience whose. Generation realize claim course size deal goal.,2023-10-08,ACTIVE
P001600,SKU001600,Jeans 199,BR00028,CAT004,Between level behavior current already among above. Let on line year single born.,2024-08-29,ACTIVE
P001601,SKU001601,Jacket 295,BR00085,CAT004,Happy radio will left. Its method year authority few join to.,2025-04-14,ACTIVE
P001602,SKU001602,T-Shirt 583,BR00034,CAT001,Something goal off person really this market. News seat science.,2024-11-23,ACTIVE
P001603,SKU001603,Jeans 240,BR00002,CAT004,If garden brother campaign all upon lay present. Perhaps present response along stay fly garden.,2024-01-17,ACTIVE
P001604,SKU001604,Backpack 925,BR00087,CAT002,Religious white late happen measure health. Get stuff as face series natural course leader.,2024-04-06,ACTIVE
P001605,SKU001605,Sneakers 946,BR00040,CAT004,Citizen significant become perhaps. Woman movie check position glass guess drive.,2024-01-06,ACTIVE
P001606,SKU001606,Laptop 481,BR00070,CAT004,As have perform team could generation. Edge artist various just. Her chair apply fall away.,2026-02-14,ACTIVE
P001607,SKU001607,T-Shirt 33,BR00081,CAT002,Run enough third need.,2026-04-25,ACTIVE
P001608,SKU001608,Jacket 192,BR00083,CAT002,Go course place. Level child record bit attorney floor.,2024-01-08,ACTIVE
P001609,SKU001609,T-Shirt 117,BR00039,CAT004,Blue quite cause you usually book. Nothing my her couple. Try live concern green bar.,2025-11-23,ACTIVE
P001610,SKU001610,Jacket 377,BR00065,CAT005,Ago dark minute them. Effect need interview too other help.,2026-03-27,ACTIVE
P001611,SKU001611,Jeans 357,BR00012,CAT001,Operation either them last.,2025-04-15,ACTIVE
P001612,SKU001612,Sneakers 202,BR00037,CAT005,Quite all magazine return. Huge care recent team head compare science. So toward dog carry support.,2023-12-27,ACTIVE
P001613,SKU001613,Jacket 634,BR00061,CAT005,Other particularly view difference provide. Long important really serve month artist knowledge.,2024-05-28,ACTIVE
P001614,SKU001614,Jeans 279,BR00043,CAT005,Loss respond it then worker front. Across four road. Phone wife risk thing suffer.,2025-09-06,ACTIVE
P001615,SKU001615,Watch 205,BR00089,CAT002,Their report develop yes.,2024-01-16,ACTIVE
P001616,SKU001616,Saree 614,BR00008,CAT003,Down exist mother remain whatever teacher important. My film single all chair.,2025-10-27,ACTIVE
P001617,SKU001617,T-Shirt 387,BR00058,CAT002,Onto effect seek campaign build bill measure box. Former offer practice nature plan cut court.,2025-02-27,ACTIVE
P001618,SKU001618,Jeans 171,BR00046,CAT001,Poor wonder Democrat board relationship property. Bank shake hospital indeed.,2025-12-02,ACTIVE
P001619,SKU001619,Saree 513,BR00067,CAT001,Personal activity bar budget consider player area. True material idea long fight feel size.,2025-08-02,ACTIVE
P001620,SKU001620,Backpack 970,BR00087,CAT003,Point son lot president loss. Condition man happy table general.,2024-10-13,ACTIVE
P001621,SKU001621,Sneakers 92,BR00040,CAT005,During green source why. Trade again role process natural whole four. Around save top follow.,2025-09-24,ACTIVE
P001622,SKU001622,Laptop 490,BR00088,CAT004,White picture feel ability trade write during.,2026-05-06,ACTIVE
P001623,SKU001623,Laptop 563,BR00054,CAT004,Force hand me decision. Life kind city yes these save relate.,2025-05-04,ACTIVE
P001624,SKU001624,Sneakers 50,BR00001,CAT001,Federal I close arrive source. Should person paper participant growth life part.,2025-04-17,ACTIVE
P001625,SKU001625,Jeans 523,BR00022,CAT002,Both during rise people why various.,2024-06-25,ACTIVE
P001626,SKU001626,Jeans 134,BR00077,CAT004,Music office develop thousand among government. Training tend crime.,2023-10-26,ACTIVE
P001627,SKU001627,Sneakers 79,BR00022,CAT005,Design side skin standard entire know. Blue make science.,2024-12-09,ACTIVE
P001628,SKU001628,T-Shirt 596,BR00001,CAT005,Pay day best. Little training where fund.,2026-04-26,ACTIVE
P001629,SKU001629,Headphones 450,BR00032,CAT002,"Almost oil for likely. Expect majority more method work.
War job new four.",2024-05-15,ACTIVE
P001630,SKU001630,Headphones 589,BR00039,CAT005,Left yeah artist read research relate near. Role bag beat eye suffer.,2025-06-13,ACTIVE
P001631,SKU001631,T-Shirt 372,BR00028,CAT004,Throw action determine property plant computer. Where notice blood share commercial positive type.,2025-07-05,ACTIVE
P001632,SKU001632,Sneakers 468,BR00034,CAT001,Protect reveal huge among fire add. Change spend sport possible consumer into.,2023-10-22,ACTIVE
P001633,SKU001633,Laptop 671,BR00018,CAT002,Them plan job ten do smile. There she sometimes across claim father ten.,2024-05-01,ACTIVE
P001634,SKU001634,Jeans 446,BR00070,CAT001,Art design whose suggest. Executive star skin health fear.,2026-04-09,ACTIVE
P001635,SKU001635,Jeans 297,BR00010,CAT003,Certainly writer center theory level. Stop interview accept black tonight he person former.,2023-12-25,ACTIVE
P001636,SKU001636,Headphones 676,BR00049,CAT003,Term necessary when according add human claim. Lot newspaper or garden.,2024-05-31,ACTIVE
P001637,SKU001637,Saree 129,BR00047,CAT002,Service pressure use drug. Certainly lawyer focus represent for page generation.,2026-04-21,ACTIVE
P001638,SKU001638,Backpack 928,BR00036,CAT003,International perform charge like. Mouth real music art later eye.,2025-05-18,ACTIVE
P001639,SKU001639,Jeans 441,BR00070,CAT004,Call concern measure home evidence teacher bit. Green manager away follow nice arm.,2025-11-07,ACTIVE
P001640,SKU001640,Watch 993,BR00036,CAT005,White deep suffer suddenly exist. Dog population sing its age collection board remain.,2023-09-22,ACTIVE
P001641,SKU001641,Laptop 487,BR00047,CAT001,Student wonder all want respond everyone. Federal garden score just condition.,2025-06-29,ACTIVE
P001642,SKU001642,T-Shirt 714,BR00046,CAT005,Soon attorney significant deep apply respond born. World but leave drug suggest box.,2024-06-30,ACTIVE
P001643,SKU001643,Sneakers 717,BR00056,CAT003,First sign walk nor effect read. Will somebody law. Career bank one what according home.,2024-04-06,ACTIVE
P001644,SKU001644,Backpack 955,BR00095,CAT003,Program relationship best sing. Argue others action. Chair bar away record turn adult director.,2023-12-14,ACTIVE
P001645,SKU001645,Sneakers 541,BR00082,CAT001,Social special chance mouth adult. Recently role population also per actually.,2025-12-12,ACTIVE
P001646,SKU001646,T-Shirt 462,BR00003,CAT004,For thing particularly himself two. Accept top contain. Our list relate.,2024-07-19,ACTIVE
P001647,SKU001647,Sneakers 270,BR00036,CAT004,Thus green different become. Black phone cultural face physical.,2024-04-05,ACTIVE
P001648,SKU001648,Backpack 982,BR00074,CAT004,Answer only investment television no agree new. Remain child throughout. Daughter cause life way.,2024-09-24,ACTIVE
P001649,SKU001649,T-Shirt 905,BR00014,CAT001,Industry customer start customer nice economic issue. Suddenly walk office heavy important billion.,2026-04-19,ACTIVE
P001650,SKU001650,Sneakers 713,BR00096,CAT003,Three investment language real upon rather past hard.,2023-10-09,ACTIVE
P001651,SKU001651,Sneakers 138,BR00093,CAT003,Partner stop interest return arm play. Over space story ground. Party my usually sport.,2025-05-16,ACTIVE
P001652,SKU001652,Backpack 270,BR00017,CAT002,Song environment our politics exist these shake. Might thousand before.,2026-09-08,ACTIVE
P001653,SKU001653,Watch 996,BR00033,CAT002,Address attention reveal main movie. Window toward computer cut. Especially recently record summer.,2026-04-11,ACTIVE
P001654,SKU001654,Laptop 264,BR00095,CAT002,Say realize have small. Develop spring minute.,2025-04-27,ACTIVE
P001655,SKU001655,Headphones 601,BR00062,CAT002,Hotel method born part why others evening. Plant have majority analysis.,2026-04-27,ACTIVE
P001656,SKU001656,Sneakers 861,BR00035,CAT002,Throw agreement center represent difference reach. Like would personal north step.,2023-11-05,ACTIVE
P001657,SKU001657,Jacket 322,BR00021,CAT004,Mind trouble sport. Project fire its school so which. Onto writer a buy imagine person.,2025-06-26,ACTIVE
P001658,SKU001658,Saree 784,BR00057,CAT002,Cause sea teacher there stop view. Section most understand herself.,2025-10-11,ACTIVE
P001659,SKU001659,T-Shirt 674,BR00094,CAT005,Make board admit quickly. Money culture within white need various while.,2025-01-30,ACTIVE
P001660,SKU001660,Headphones 755,BR00094,CAT005,Ever discover two hair point when other response. Another after card specific might open town.,2024-12-03,ACTIVE
P001661,SKU001661,Watch 293,BR00069,CAT004,First marriage lay western major far. And save poor head friend short. Best win energy air.,2025-01-12,ACTIVE
P001662,SKU001662,T-Shirt 955,BR00013,CAT002,Clear recently another partner sign. Eye then benefit several scene business.,2024-08-05,ACTIVE
P001663,SKU001663,Headphones 768,BR00067,CAT003,Detail let audience dog event hospital. Real citizen than many.,2025-12-26,ACTIVE
P001664,SKU001664,Sneakers 826,BR00027,CAT003,Leg either pull instead author work black area.,2025-07-18,ACTIVE
P001665,SKU001665,Headphones 612,BR00020,CAT003,Bad PM capital develop. We so cultural century friend hospital bed.,2026-09-03,ACTIVE
P001666,SKU001666,Laptop 961,BR00086,CAT004,Million including PM relationship evening boy act. Time money over alone.,2026-07-18,ACTIVE
P001667,SKU001667,Saree 517,BR00039,CAT002,Tough wish south friend anyone foreign use. Special south woman give information.,2024-04-01,ACTIVE
P001668,SKU001668,Backpack 320,BR00069,CAT005,Race mother course clearly its ago. Piece I child PM because western.,2024-09-20,ACTIVE
P001669,SKU001669,Laptop 291,BR00011,CAT003,Candidate after central unit open note later. Lay sure amount wait I. Government ask act size sing.,2025-07-29,ACTIVE
P001670,SKU001670,Saree 328,BR00016,CAT002,Hour people fish. Past although clear they program mean get cold. Network condition any join.,2025-12-04,ACTIVE
P001671,SKU001671,T-Shirt 511,BR00051,CAT001,Feeling fight rule part professional mother party. None among physical each.,2026-07-11,ACTIVE
P001672,SKU001672,T-Shirt 594,BR00049,CAT002,Second worry road miss total avoid discussion. East admit game daughter.,2025-07-21,ACTIVE
P001673,SKU001673,Headphones 983,BR00015,CAT003,Join develop carry each stock word do. May my food natural new provide various.,2025-07-16,ACTIVE
P001674,SKU001674,Laptop 132,BR00025,CAT003,Visit hope upon little. Enough lawyer seem. Research fast thing contain time four interest.,2025-12-20,ACTIVE
P001675,SKU001675,Sneakers 335,BR00046,CAT001,Soon college evening region. Art full tend top. Land find whatever at none.,2023-11-07,ACTIVE
P001676,SKU001676,T-Shirt 939,BR00084,CAT005,Choice road inside drive. Close relate southern several. Tv with coach two history attack.,2024-03-08,ACTIVE
P001677,SKU001677,Watch 62,BR00031,CAT001,Paper enjoy say population. Almost organization across total institution.,2024-03-26,ACTIVE
P001678,SKU001678,T-Shirt 439,BR00040,CAT003,Factor less yes central prove type. Officer three business huge significant none heavy.,2023-09-24,ACTIVE
P001679,SKU001679,Backpack 434,BR00076,CAT003,Ten where outside boy job.,2025-01-01,ACTIVE
P001680,SKU001680,Watch 552,BR00053,CAT004,"From environment financial occur nothing.
Effort by bag. Rule strategy several smile.",2023-10-08,ACTIVE
P001681,SKU001681,Backpack 555,BR00040,CAT001,Arrive heart music paper just stock. Kind much both mouth enter nearly those per.,2024-10-21,ACTIVE
P001682,SKU001682,Sneakers 670,BR00094,CAT005,Will somebody table industry or price situation article. Evening listen difficult cultural.,2025-09-09,ACTIVE
P001683,SKU001683,Laptop 843,BR00035,CAT005,Close building your surface. President they management since feel girl give run.,2025-01-31,ACTIVE
P001684,SKU001684,Jacket 293,BR00085,CAT002,Nor return run reflect. Painting old yourself never his tend test.,2024-04-26,ACTIVE
P001685,SKU001685,Jacket 721,BR00021,CAT004,East professional sport again threat executive. Head him window game.,2024-12-29,ACTIVE
P001686,SKU001686,Jacket 703,BR00022,CAT005,Car tell million. Ball in live relate technology room local.,2024-01-08,ACTIVE
P001687,SKU001687,Headphones 254,BR00070,CAT002,Edge few blue visit scientist hotel financial. Anyone either everybody peace difference policy.,2024-02-08,ACTIVE
P001688,SKU001688,T-Shirt 741,BR00052,CAT004,Mouth kind bad husband first. Require prevent international child wind perhaps.,2026-08-06,ACTIVE
P001689,SKU001689,Saree 884,BR00098,CAT002,Their maybe couple strong. Address trip it card.,2024-03-06,ACTIVE
P001690,SKU001690,Saree 874,BR00050,CAT002,Ask star six discussion scene. Standard score rather present. Item speech young see film.,2024-07-11,ACTIVE
P001691,SKU001691,Jeans 600,BR00031,CAT002,Arrive democratic believe firm case same.,2024-10-28,ACTIVE
P001692,SKU001692,Watch 393,BR00059,CAT003,Tell special today may size. Adult adult involve. Rise goal teacher together door.,2026-08-27,ACTIVE
P001693,SKU001693,Jeans 913,BR00032,CAT003,Once a strong opportunity white radio pay. Day material spend impact carry nothing each.,2024-06-08,ACTIVE
P001694,SKU001694,Headphones 642,BR00085,CAT001,Firm against including federal course he address huge. Rather range party above.,2025-06-04,ACTIVE
P001695,SKU001695,T-Shirt 58,BR00029,CAT002,General control not lawyer itself. Stay remain quality person.,2025-04-14,ACTIVE
P001696,SKU001696,Sneakers 853,BR00086,CAT004,Price energy executive world Mr question it student. Long window myself ability page thank radio.,2025-08-18,ACTIVE
P001697,SKU001697,Backpack 657,BR00078,CAT002,Message week security evening spring decision at save. Step bill campaign.,2024-12-31,ACTIVE
P001698,SKU001698,Saree 695,BR00054,CAT002,Money forward kind. Stand even learn mean fish. Be growth side none long field.,2023-12-28,ACTIVE
P001699,SKU001699,Backpack 78,BR00005,CAT005,Expert wish then final however own process. At election develop large their.,2026-07-07,ACTIVE
P001700,SKU001700,Saree 106,BR00039,CAT003,Education television book agent. Alone certain teacher happen professor public.,2025-10-16,ACTIVE
P001701,SKU001701,Watch 664,BR00008,CAT005,Character religious cost which.,2026-05-21,ACTIVE
P001702,SKU001702,Saree 524,BR00086,CAT005,Majority unit whole feeling. Whatever note customer teacher. Debate general hit cultural off.,2023-09-28,ACTIVE
P001703,SKU001703,Jacket 93,BR00030,CAT005,"Field per meet her try tough they.
Type work coach from. Up say ask worker admit.",2025-11-02,ACTIVE
P001704,SKU001704,Backpack 306,BR00060,CAT005,Study cut itself least school wife instead. Far race support lawyer democratic floor.,2025-06-22,ACTIVE
P001705,SKU001705,Sneakers 623,BR00090,CAT003,Worry either firm more future through present. Organization though positive thousand his.,2024-08-28,ACTIVE
P001706,SKU001706,T-Shirt 481,BR00078,CAT003,Film whose officer young. Official data miss woman. Measure daughter product seven clearly.,2024-11-07,ACTIVE
P001707,SKU001707,Jacket 971,BR00008,CAT002,Who could civil them specific. Skill near mother a.,2025-03-16,ACTIVE
P001708,SKU001708,Laptop 810,BR00059,CAT003,Stage lead analysis star what culture.,2025-04-05,ACTIVE
P001709,SKU001709,Watch 935,BR00022,CAT005,Less southern recognize suggest foreign rock. Protect stand charge would fire.,2026-04-09,ACTIVE
P001710,SKU001710,Headphones 366,BR00017,CAT001,Treatment enjoy plant mean plan. Issue quite and adult. Position article six step kind I.,2025-03-24,ACTIVE
P001711,SKU001711,T-Shirt 356,BR00026,CAT005,Article turn difficult important usually concern bill. Power record anything tonight yard.,2026-03-07,ACTIVE
P001712,SKU001712,Watch 167,BR00035,CAT001,"Lay follow animal story dark base ground.
Reflect within sea. Role pass wife gun.",2026-04-26,ACTIVE
P001713,SKU001713,Watch 784,BR00092,CAT005,Station late black research unit check. Ready source business eye. Agreement subject best relate.,2023-12-23,ACTIVE
P001714,SKU001714,Sneakers 286,BR00057,CAT002,Cultural carry both company. Congress million she weight most trade.,2024-10-19,ACTIVE
P001715,SKU001715,Laptop 737,BR00064,CAT002,Figure recent everything research expect simply around. Should hear able add.,2024-02-11,ACTIVE
P001716,SKU001716,Jeans 180,BR00037,CAT004,Care rest must air PM character.,2024-04-12,ACTIVE
P001717,SKU001717,Saree 30,BR00024,CAT002,Test first talk show.,2025-07-24,ACTIVE
P001718,SKU001718,Jeans 779,BR00078,CAT003,Article job option minute east book. A current anyone doctor so. Hour eight choice among simply.,2026-08-20,ACTIVE
P001719,SKU001719,Jacket 819,BR00035,CAT004,Support official free thing. Course happy travel party rock arm.,2024-05-21,ACTIVE
P001720,SKU001720,Sneakers 791,BR00030,CAT001,House material carry mission plant. Son number amount eye majority rule.,2026-05-22,ACTIVE
P001721,SKU001721,Jacket 840,BR00016,CAT002,Inside successful practice cut. Democrat hear country doctor mouth.,2025-11-03,ACTIVE
P001722,SKU001722,Laptop 900,BR00041,CAT004,Already so activity career. Sport know high black. Piece season understand senior.,2025-02-23,ACTIVE
P001723,SKU001723,T-Shirt 219,BR00000,CAT003,Accept chair thousand notice. Enough resource above have while population.,2026-04-04,ACTIVE
P001724,SKU001724,Laptop 284,BR00071,CAT002,Live score find ask certain husband else claim. Enough find on almost attention.,2024-02-19,ACTIVE
P001725,SKU001725,Jacket 55,BR00003,CAT001,Away right social themselves worker. During beat hair quickly necessary notice.,2026-08-20,ACTIVE
P001726,SKU001726,T-Shirt 806,BR00005,CAT002,Final doctor and although marriage fill group certain. Age that including.,2026-02-16,ACTIVE
P001727,SKU001727,Headphones 221,BR00076,CAT003,Community scene condition itself. Old wind game world herself land.,2026-05-26,ACTIVE
P001728,SKU001728,Backpack 16,BR00071,CAT002,Few least organization thought. Month us teacher show professional event including trouble.,2025-02-17,ACTIVE
P001729,SKU001729,Saree 71,BR00054,CAT002,Return prove other several sing. Human carry hope language two feel.,2023-12-10,ACTIVE
P001730,SKU001730,Laptop 623,BR00022,CAT004,Stuff without bring detail friend. Say increase together some hope career tend.,2025-05-05,ACTIVE
P001731,SKU001731,Laptop 460,BR00059,CAT003,Morning deep candidate test successful. Still view range industry answer couple.,2024-12-18,ACTIVE
P001732,SKU001732,Watch 248,BR00094,CAT005,Phone result what action school present. Best onto any even dark apply mind hair.,2025-08-23,ACTIVE
P001733,SKU001733,Saree 445,BR00003,CAT002,Not near prove prove point four. Condition institution game near.,2023-10-02,ACTIVE
P001734,SKU001734,Jacket 831,BR00006,CAT005,My let phone. Sell hair race same. Top reduce popular lose full week hot land.,2025-12-19,ACTIVE
P001735,SKU001735,Laptop 206,BR00023,CAT003,Like measure name. Wall water reflect determine cover determine.,2025-04-29,ACTIVE
P001736,SKU001736,Backpack 733,BR00092,CAT002,Drop character well happen a instead argue. Daughter Mr rest new.,2025-02-03,ACTIVE
P001737,SKU001737,Sneakers 520,BR00090,CAT002,Strong forget usually consider. Commercial happen whole why tree something time.,2025-08-14,ACTIVE
P001738,SKU001738,Laptop 62,BR00089,CAT004,Our meeting garden go. Focus food institution. Always side who form attention land.,2024-05-26,ACTIVE
P001739,SKU001739,Backpack 112,BR00016,CAT001,Anything join learn new current. Bit decide matter modern purpose break.,2024-01-21,ACTIVE
P001740,SKU001740,Sneakers 220,BR00062,CAT001,"Four job yeah article fill bag.
The run mean west fine enter near.",2024-10-02,ACTIVE
P001741,SKU001741,Jeans 760,BR00088,CAT005,Seven adult fight stand speech off clear. Imagine new two conference population population.,2023-11-15,ACTIVE
P001742,SKU001742,Backpack 743,BR00030,CAT005,Cause boy room whether. What management difference lose huge.,2025-11-01,ACTIVE
P001743,SKU001743,Saree 648,BR00047,CAT004,Unit natural perform animal station. Phone bad minute result key tree.,2023-10-27,ACTIVE
P001744,SKU001744,T-Shirt 167,BR00073,CAT004,Door ground by discover.,2026-06-16,ACTIVE
P001745,SKU001745,Laptop 401,BR00047,CAT003,Born property tree throw life early turn. Firm amount tonight allow.,2024-09-29,ACTIVE
P001746,SKU001746,Jacket 617,BR00023,CAT001,Benefit imagine all. Mr very exactly event fund. Gas actually resource now book decade this.,2025-05-14,ACTIVE
P001747,SKU001747,Sneakers 852,BR00048,CAT005,Six throw option relationship none. Professional discussion sea store family maintain author.,2026-04-15,ACTIVE
P001748,SKU001748,Laptop 150,BR00071,CAT004,Learn place consider on. Sense individual western right for.,2026-02-28,ACTIVE
P001749,SKU001749,Laptop 547,BR00011,CAT002,Room mother knowledge. Play state quickly toward approach. Really owner find degree big none.,2024-08-21,ACTIVE
P001750,SKU001750,Backpack 405,BR00060,CAT004,Road couple look industry. Side stock language after land learn challenge.,2024-11-10,ACTIVE
P001751,SKU001751,Watch 271,BR00094,CAT003,If professor bad clearly or understand sense. Machine themselves meet education.,2025-09-02,ACTIVE
P001752,SKU001752,Sneakers 746,BR00068,CAT004,Newspaper reach side final floor bill wide.,2024-05-27,ACTIVE
P001753,SKU001753,Jacket 829,BR00018,CAT002,May force make year from black participant return. Employee create industry year again.,2026-07-25,ACTIVE
P001754,SKU001754,Backpack 871,BR00067,CAT004,Relationship describe send course else. Season draw interesting glass note whose bar.,2024-12-23,ACTIVE
P001755,SKU001755,Watch 775,BR00016,CAT001,Order can leg worry lot discussion. Unit trouble speak already.,2025-03-16,ACTIVE
P001756,SKU001756,Jacket 199,BR00079,CAT003,Something chair eye center ready stock certainly.,2025-11-03,ACTIVE
P001757,SKU001757,T-Shirt 721,BR00024,CAT004,Democratic see only education voice defense. Modern while window eat affect.,2025-11-12,ACTIVE
P001758,SKU001758,Jeans 499,BR00016,CAT004,Police there board return yeah reveal professional body. Around side hot half century.,2024-04-03,ACTIVE
P001759,SKU001759,Saree 45,BR00095,CAT005,"System happy bag cause.
Network laugh same dark. Business fish experience experience.",2023-11-03,ACTIVE
P001760,SKU001760,Jacket 918,BR00081,CAT005,Study may sure raise use quickly. Center close half room decision decade. Possible view their.,2024-06-26,ACTIVE
P001761,SKU001761,Watch 45,BR00046,CAT005,Game part like pattern wide only. Situation several fly culture capital something over right.,2024-06-18,ACTIVE
P001762,SKU001762,Laptop 224,BR00028,CAT005,Learn star grow put business.,2025-11-17,ACTIVE
P001763,SKU001763,Saree 58,BR00048,CAT005,Note land me onto cold care. Group financial save success black garden.,2026-05-29,ACTIVE
P001764,SKU001764,Saree 93,BR00052,CAT003,Identify will media decade. Want community or away. Cold strategy before significant save tell.,2023-12-27,ACTIVE
P001765,SKU001765,Saree 458,BR00079,CAT003,While news other usually. Cell appear bit fact travel. Team memory then never create.,2025-06-01,ACTIVE
P001766,SKU001766,Saree 482,BR00016,CAT002,Image increase share. Guess television pretty citizen. Draw possible two piece.,2025-03-20,ACTIVE
P001767,SKU001767,T-Shirt 537,BR00092,CAT003,Firm movement expect court way leg affect fine. Quality more teacher gas interview speech.,2026-06-23,ACTIVE
P001768,SKU001768,Saree 418,BR00048,CAT005,Under build page size check carry miss while. Seek expert term for.,2023-10-23,ACTIVE
P001769,SKU001769,Headphones 78,BR00082,CAT001,Though director product trial attorney. Seek news west. Protect serve smile than.,2025-04-10,ACTIVE
P001770,SKU001770,Watch 824,BR00089,CAT001,Free century table hour. A Congress voice east small. Tell next staff memory society listen feel.,2025-03-22,ACTIVE
P001771,SKU001771,Laptop 917,BR00094,CAT004,Control possible common. Involve usually some situation evening.,2024-01-17,ACTIVE
P001772,SKU001772,Watch 438,BR00004,CAT004,Maybe sure hair positive everyone. Matter really but experience.,2024-01-07,ACTIVE
P001773,SKU001773,Headphones 166,BR00037,CAT002,Across assume which artist while reality hospital.,2024-05-17,ACTIVE
P001774,SKU001774,T-Shirt 435,BR00052,CAT003,If her change movie memory role control. Sometimes let determine without five choice.,2024-08-26,ACTIVE
P001775,SKU001775,Headphones 174,BR00059,CAT002,Anyone film talk shake however. Population she not part address firm.,2024-10-17,ACTIVE
P001776,SKU001776,Backpack 786,BR00023,CAT005,High task area dream page. Million surface wonder share purpose gun.,2023-09-20,ACTIVE
P001777,SKU001777,Sneakers 564,BR00091,CAT004,Kitchen center office property site treatment. Do close have coach entire keep.,2025-04-17,ACTIVE
P001778,SKU001778,Backpack 802,BR00031,CAT003,Baby option old. Friend government including determine information southern wrong.,2025-10-14,ACTIVE
P001779,SKU001779,Saree 988,BR00021,CAT004,Blue dream center development first over free face. Father about growth site matter meet.,2025-09-25,ACTIVE
P001780,SKU001780,Backpack 42,BR00070,CAT004,Middle many class job. Agency rate item husband.,2024-01-23,ACTIVE
P001781,SKU001781,Backpack 329,BR00006,CAT002,Business stay civil professor sit hot. Inside strong cut edge attorney.,2025-06-01,ACTIVE
P001782,SKU001782,Jeans 319,BR00092,CAT001,Care you never sense. Hair entire return by could quality head. Garden them general material safe.,2025-01-22,ACTIVE
P001783,SKU001783,Jeans 38,BR00085,CAT003,Case drop ever after.,2024-02-26,ACTIVE
P001784,SKU001784,Jacket 243,BR00048,CAT001,Service popular loss herself through. Tough account memory growth pretty.,2024-05-25,ACTIVE
P001785,SKU001785,Headphones 335,BR00090,CAT004,Trouble parent might rather treat. These various item.,2025-02-03,ACTIVE
P001786,SKU001786,Jacket 297,BR00015,CAT003,Per front exactly nor five mean. During less force father.,2026-07-07,ACTIVE
P001787,SKU001787,Sneakers 586,BR00079,CAT005,Early hand day what. May they leg development participant attorney anything. Sell kind girl fish.,2023-12-29,ACTIVE
P001788,SKU001788,Jacket 822,BR00062,CAT003,Value power street age statement will director. Our far and standard expect four.,2025-01-04,ACTIVE
P001789,SKU001789,Jacket 243,BR00046,CAT003,Explain after although year say land. I poor thought partner. Interest may attack growth.,2025-12-31,ACTIVE
P001790,SKU001790,Sneakers 442,BR00069,CAT002,Surface kid soldier keep. Small entire feeling cost onto.,2024-10-16,ACTIVE
P001791,SKU001791,Watch 271,BR00076,CAT005,Medical as them worker hot scene. Teach family at quality law.,2026-08-27,ACTIVE
P001792,SKU001792,Backpack 190,BR00070,CAT002,Organization local list road save identify goal. Though growth source card guess cultural various.,2024-07-09,ACTIVE
P001793,SKU001793,Jeans 976,BR00040,CAT004,Red civil expert generation shake different. Little final short. White serve will former me.,2024-08-15,ACTIVE
P001794,SKU001794,Saree 666,BR00090,CAT002,Final common executive its success. Often garden style level art only once.,2026-07-01,ACTIVE
P001795,SKU001795,Saree 139,BR00083,CAT005,Recognize resource because. Give yard during experience century what.,2026-02-19,ACTIVE
P001796,SKU001796,Sneakers 343,BR00098,CAT001,Authority yeah policy whom school investment key. Down whom music quality husband professor camera.,2025-08-20,ACTIVE
P001797,SKU001797,Jeans 94,BR00027,CAT001,Direction health smile but person top letter.,2026-08-11,ACTIVE
P001798,SKU001798,Jacket 735,BR00035,CAT004,Travel Democrat billion will meet information. Win begin somebody meet blue thank bed north.,2024-09-12,ACTIVE
P001799,SKU001799,Watch 652,BR00026,CAT004,First issue determine within low. Find despite media.,2024-09-05,ACTIVE
P001800,SKU001800,Saree 130,BR00043,CAT004,Whatever sport number age democratic. Play than important.,2026-08-11,ACTIVE
P001801,SKU001801,Laptop 354,BR00071,CAT002,Development who series. Activity some ok better. Professor else official adult laugh.,2026-08-03,ACTIVE
P001802,SKU001802,Backpack 223,BR00042,CAT001,Bank institution song often later. Region each situation society marriage.,2024-03-17,ACTIVE
P001803,SKU001803,Jacket 381,BR00062,CAT004,Strong consumer commercial expert list after. Fish use fill resource nor.,2026-02-03,ACTIVE
P001804,SKU001804,Laptop 650,BR00009,CAT005,Media though space identify. Member girl head pull.,2023-12-13,ACTIVE
P001805,SKU001805,Jeans 500,BR00009,CAT002,Agree think wall. Market break girl health. Then majority improve film.,2024-10-31,ACTIVE
P001806,SKU001806,Backpack 531,BR00004,CAT003,Order every wide major really. Young major letter several himself lay detail.,2024-09-11,ACTIVE
P001807,SKU001807,Jeans 167,BR00096,CAT003,Number never rich piece scene. Agent site young week shoulder. Later lay story hair process.,2025-06-17,ACTIVE
P001808,SKU001808,Sneakers 855,BR00085,CAT001,Model her often decade. Interview require exactly describe cup continue prepare five.,2024-12-23,ACTIVE
P001809,SKU001809,Headphones 427,BR00076,CAT005,"Large you poor cultural card fly nature. Me short result later.
Bag surface according of.",2025-11-07,ACTIVE
P001810,SKU001810,Jacket 205,BR00062,CAT003,Record score fine loss. Field nearly long require while.,2024-03-18,ACTIVE
P001811,SKU001811,Laptop 453,BR00043,CAT001,Reason society drive keep together miss. Blood mention consumer interview call choice box.,2025-09-08,ACTIVE
P001812,SKU001812,Saree 777,BR00036,CAT003,Until mouth back themselves about front. Grow would but dark.,2024-09-19,ACTIVE
P001813,SKU001813,Backpack 235,BR00043,CAT004,Common door purpose action.,2025-11-07,ACTIVE
P001814,SKU001814,Headphones 89,BR00062,CAT003,Their board machine yeah. How night enter ability color.,2025-12-16,ACTIVE
P001815,SKU001815,Watch 668,BR00033,CAT002,Side begin friend they produce PM tree. Exist under peace economic office forget evening.,2026-08-10,ACTIVE
P001816,SKU001816,T-Shirt 865,BR00069,CAT005,Rest my boy parent film west citizen. Note out find image here skin. Doctor be foot stand.,2025-02-23,ACTIVE
P001817,SKU001817,Saree 611,BR00047,CAT005,Term TV ask simple center. Along center listen country born. Baby letter manage during.,2025-04-17,ACTIVE
P001818,SKU001818,Jeans 573,BR00045,CAT005,Drop we yard reach. Difficult various only expect miss street if.,2025-01-05,ACTIVE
P001819,SKU001819,Saree 361,BR00048,CAT005,Back south board especially light call. Health story represent other miss.,2024-09-24,ACTIVE
P001820,SKU001820,Headphones 681,BR00006,CAT005,School friend travel. Hotel trial treatment increase public onto.,2026-05-06,ACTIVE
P001821,SKU001821,Sneakers 87,BR00077,CAT002,Watch world three technology.,2026-05-10,ACTIVE
P001822,SKU001822,Watch 759,BR00031,CAT003,Trial though evidence pay. Near word form trade experience property reason.,2024-11-15,ACTIVE
P001823,SKU001823,Laptop 642,BR00056,CAT001,Some stock dinner table ten paper. Growth fast such stage fear least. Inside director around food.,2026-06-22,ACTIVE
P001824,SKU001824,T-Shirt 997,BR00041,CAT004,Defense yeah care score suggest firm. Beyond create dream customer work race.,2026-03-31,ACTIVE
P001825,SKU001825,Backpack 294,BR00035,CAT004,Remain almost perhaps. Dark generation give participant effect way family.,2024-09-12,ACTIVE
P001826,SKU001826,Laptop 881,BR00038,CAT004,Involve degree eight six either pressure detail. Number open heart respond consumer boy.,2026-07-30,ACTIVE
P001827,SKU001827,Watch 476,BR00021,CAT005,Effect these lot red fine line any name.,2025-04-29,ACTIVE
P001828,SKU001828,Jeans 83,BR00020,CAT003,Always piece forget would sound woman spend gas. Second he player accept common child.,2023-11-09,ACTIVE
P001829,SKU001829,Jacket 76,BR00000,CAT005,Last six little. Late ball back arrive painting minute.,2025-07-11,ACTIVE
P001830,SKU001830,Laptop 760,BR00059,CAT004,Base building culture evidence door drive past decide. Down institution give later forward.,2024-12-22,ACTIVE
P001831,SKU001831,Backpack 498,BR00069,CAT002,New similar left explain never let.,2025-09-05,ACTIVE
P001832,SKU001832,Watch 106,BR00096,CAT004,"Decision third model.
Yeah to sell develop itself energy argue. Business enough push.",2024-11-26,ACTIVE
P001833,SKU001833,Watch 608,BR00020,CAT003,Policy thank event all people. Trouble down create well teach.,2023-12-31,ACTIVE
P001834,SKU001834,Laptop 576,BR00023,CAT005,Letter cause find interest sometimes treatment sound.,2026-04-23,ACTIVE
P001835,SKU001835,Headphones 259,BR00002,CAT001,Exist couple everyone. Spend though performance own image.,2024-08-15,ACTIVE
P001836,SKU001836,Headphones 833,BR00038,CAT002,Represent compare guess our. Also home card home people war owner.,2025-08-04,ACTIVE
P001837,SKU001837,Backpack 829,BR00098,CAT002,Project rest house. Month professor model pull.,2023-09-29,ACTIVE
P001838,SKU001838,Watch 398,BR00097,CAT003,Eat food source can recognize indeed. Box fire send left west able.,2025-03-25,ACTIVE
P001839,SKU001839,Sneakers 757,BR00027,CAT002,"Crime ok smile. Machine spring white.
Other parent choice write offer.",2023-12-03,ACTIVE
P001840,SKU001840,Backpack 508,BR00094,CAT003,Record set finish. Turn hundred expect before establish carry. Oil east head.,2026-08-09,ACTIVE
P001841,SKU001841,T-Shirt 603,BR00007,CAT004,Year choice call fall character building certainly.,2024-03-15,ACTIVE
P001842,SKU001842,Jacket 697,BR00052,CAT005,Career hand certain. Use mother them consumer money sister sign. Bill large eight capital.,2025-02-26,ACTIVE
P001843,SKU001843,Sneakers 968,BR00095,CAT002,Report magazine likely. Air our late responsibility once summer unit. Notice wide this such.,2026-03-14,ACTIVE
P001844,SKU001844,T-Shirt 869,BR00044,CAT002,Style across body place.,2026-03-04,ACTIVE
P001845,SKU001845,Backpack 438,BR00089,CAT005,Health large tend him alone size. Cost free attention.,2025-04-21,ACTIVE
P001846,SKU001846,Jacket 15,BR00091,CAT003,Number early around production. End million night successful. Bad rule spend.,2026-06-29,ACTIVE
P001847,SKU001847,Jacket 569,BR00045,CAT001,Ten question dinner to sister since.,2025-07-29,ACTIVE
P001848,SKU001848,Backpack 993,BR00011,CAT002,Officer laugh claim never position. Story tough senior later pick.,2023-10-19,ACTIVE
P001849,SKU001849,Sneakers 371,BR00083,CAT001,Culture risk speak doctor these. Laugh name trouble indeed leader.,2024-04-27,ACTIVE
P001850,SKU001850,Watch 245,BR00089,CAT003,General structure former receive. A high whether few at car avoid.,2024-05-23,ACTIVE
P001851,SKU001851,Jacket 969,BR00009,CAT002,Hope above article. Month material old.,2025-10-12,ACTIVE
P001852,SKU001852,T-Shirt 79,BR00023,CAT001,Or apply paper possible their. White system born your goal rule those. Leg official rock field.,2024-09-28,ACTIVE
P001853,SKU001853,Jeans 828,BR00008,CAT002,Nor local avoid me. Call nor off.,2024-07-04,ACTIVE
P001854,SKU001854,Jacket 384,BR00055,CAT003,Major garden case. Tv operation fly.,2025-10-06,ACTIVE
P001855,SKU001855,Jeans 437,BR00048,CAT001,About learn inside. Manager middle business community capital.,2025-08-05,ACTIVE
P001856,SKU001856,Jeans 599,BR00000,CAT005,Probably mother yard production. End land matter indicate minute.,2025-07-18,ACTIVE
P001857,SKU001857,Watch 798,BR00035,CAT001,Risk early your another. Watch option whom accept.,2026-05-09,ACTIVE
P001858,SKU001858,Saree 560,BR00061,CAT001,West heart what. Couple successful approach language away close owner.,2024-03-31,ACTIVE
P001859,SKU001859,Headphones 929,BR00031,CAT005,Art even itself fine involve show response. Treatment foreign first race employee world.,2026-08-31,ACTIVE
P001860,SKU001860,Jacket 732,BR00026,CAT001,Fine four property ever dream.,2026-06-03,ACTIVE
P001861,SKU001861,T-Shirt 145,BR00017,CAT002,Commercial out player. Other minute personal. Small choice institution process appear.,2023-10-14,ACTIVE
P001862,SKU001862,Jeans 938,BR00064,CAT003,Reflect hear old once source most again. Ground home thought support.,2025-07-13,ACTIVE
P001863,SKU001863,Headphones 369,BR00025,CAT001,Blue tough get raise enjoy use specific accept. Place field health tree important.,2025-07-26,ACTIVE
P001864,SKU001864,Backpack 487,BR00012,CAT001,Growth very policy raise everyone good whether. Study day by work. North action general top.,2026-09-14,ACTIVE
P001865,SKU001865,Backpack 623,BR00055,CAT001,Cause shake space. Leader man difference water safe wall have.,2026-05-13,ACTIVE
P001866,SKU001866,Jacket 394,BR00014,CAT004,Soon space top. Task plant everybody operation data card safe.,2026-06-15,ACTIVE
P001867,SKU001867,T-Shirt 684,BR00047,CAT001,Environmental partner girl defense director mind. Material account protect long.,2025-12-21,ACTIVE
P001868,SKU001868,Watch 427,BR00048,CAT003,Doctor hold produce. North how pull easy various in.,2024-08-03,ACTIVE
P001869,SKU001869,Watch 996,BR00003,CAT003,Owner change under born far bank may. Effort up research. Beat social very behavior hard option he.,2024-11-16,ACTIVE
P001870,SKU001870,Headphones 447,BR00078,CAT004,Skin station others loss great others. Magazine thought pick opportunity PM somebody.,2025-04-22,ACTIVE
P001871,SKU001871,Jacket 527,BR00059,CAT001,Defense hospital able similar. Into house while.,2024-12-22,ACTIVE
P001872,SKU001872,T-Shirt 565,BR00016,CAT002,Interview suggest green need speak artist.,2026-01-11,ACTIVE
P001873,SKU001873,Sneakers 12,BR00022,CAT002,Economic south check open computer.,2023-10-15,ACTIVE
P001874,SKU001874,Laptop 475,BR00075,CAT001,Space he role mission news. Couple week weight.,2026-06-09,ACTIVE
P001875,SKU001875,Sneakers 22,BR00069,CAT003,Fine local new picture. Arm miss card adult continue most. Occur lot parent American.,2025-09-16,ACTIVE
P001876,SKU001876,Saree 572,BR00023,CAT004,Probably entire by positive. Strong art thus network.,2024-06-25,ACTIVE
P001877,SKU001877,Headphones 608,BR00063,CAT005,Let third travel moment.,2025-10-25,ACTIVE
P001878,SKU001878,T-Shirt 51,BR00060,CAT005,Imagine seat act democratic we. Few wrong choose. East detail have including ready share.,2024-08-22,ACTIVE
P001879,SKU001879,Backpack 452,BR00015,CAT002,Travel nature nation entire better technology economy. Visit somebody law old house.,2024-03-09,ACTIVE
P001880,SKU001880,Headphones 554,BR00058,CAT001,Movement field sort discuss. Local whether can agree.,2025-04-23,ACTIVE
P001881,SKU001881,Jeans 994,BR00015,CAT003,Himself walk night free social natural staff. Brother religious on speech final.,2023-11-25,ACTIVE
P001882,SKU001882,Laptop 569,BR00013,CAT001,Reach from call argue marriage worry low. People onto media.,2023-09-28,ACTIVE
P001883,SKU001883,Laptop 581,BR00035,CAT003,Seven garden media dog anyone. Organization sister risk unit.,2023-10-18,ACTIVE
P001884,SKU001884,Laptop 470,BR00063,CAT001,White whole black black something soldier fly. Budget rich student today color at agree.,2024-10-26,ACTIVE
P001885,SKU001885,Backpack 179,BR00015,CAT003,Eight thus practice raise town her since. Pick some important man history.,2025-01-08,ACTIVE
P001886,SKU001886,Watch 924,BR00026,CAT003,Produce green become else around organization. Why garden drug sit.,2025-12-07,ACTIVE
P001887,SKU001887,Watch 2,BR00052,CAT005,Serious tree field discussion. Respond agent heart hospital billion responsibility.,2024-10-11,ACTIVE
P001888,SKU001888,Backpack 142,BR00089,CAT005,Test sport success try according education.,2024-01-01,ACTIVE
P001889,SKU001889,T-Shirt 427,BR00086,CAT002,Often front his imagine. Full American newspaper only blood large yard. Heart turn amount.,2024-03-30,ACTIVE
P001890,SKU001890,T-Shirt 882,BR00017,CAT004,Between teacher certainly employee.,2024-12-22,ACTIVE
P001891,SKU001891,Jeans 955,BR00050,CAT004,Couple where follow father.,2024-09-18,ACTIVE
P001892,SKU001892,Jacket 119,BR00001,CAT001,Service bar man project. Enter mean whom bed hear. Yet city huge order class.,2026-06-18,ACTIVE
P001893,SKU001893,Jacket 875,BR00001,CAT001,Explain piece sign son tough buy. Both factor perform peace method want.,2026-04-09,ACTIVE
P001894,SKU001894,Jacket 150,BR00077,CAT003,Choice of ask send site very. Large movement own current inside structure.,2026-08-25,ACTIVE
P001895,SKU001895,Backpack 504,BR00082,CAT004,Discover may military tonight. Follow figure organization character every money role ball.,2024-11-25,ACTIVE
P001896,SKU001896,Jacket 308,BR00003,CAT005,Executive cold interest read marriage popular plan. Who organization small.,2025-12-18,ACTIVE
P001897,SKU001897,Headphones 210,BR00055,CAT003,Stop after somebody upon get catch player theory. Scientist voice same direction. Step first carry.,2024-02-23,ACTIVE
P001898,SKU001898,Sneakers 741,BR00031,CAT003,Soon similar perhaps as stuff walk.,2024-01-29,ACTIVE
P001899,SKU001899,Sneakers 181,BR00025,CAT001,Big than method institution reduce commercial give. Weight sit doctor commercial among describe.,2025-11-24,ACTIVE
P001900,SKU001900,Backpack 631,BR00095,CAT003,Reduce base out partner.,2024-03-23,ACTIVE
P001901,SKU001901,Laptop 37,BR00019,CAT005,Meet police finally miss. Think much total strategy buy hospital tonight.,2025-02-24,ACTIVE
P001902,SKU001902,Jeans 564,BR00061,CAT005,Plant sort security wrong argue. Why program girl.,2024-02-13,ACTIVE
P001903,SKU001903,Sneakers 225,BR00036,CAT002,Region continue staff gun eye card cover. If Republican next fight.,2025-10-11,ACTIVE
P001904,SKU001904,T-Shirt 698,BR00077,CAT002,Of camera tree note gun how possible. Discussion agree realize quite son.,2025-01-19,ACTIVE
P001905,SKU001905,Jacket 952,BR00004,CAT005,There growth election unit note clearly wait. Game account two use perhaps draw job unit.,2024-11-01,ACTIVE
P001906,SKU001906,Jacket 429,BR00096,CAT004,Mention purpose church I system. Member care strategy ten dream cost since.,2026-01-30,ACTIVE
P001907,SKU001907,Backpack 621,BR00077,CAT003,Part present base human nothing nice. Serious hope loss.,2025-09-17,ACTIVE
P001908,SKU001908,T-Shirt 408,BR00078,CAT002,Approach west security baby personal glass production.,2026-09-05,ACTIVE
P001909,SKU001909,Backpack 698,BR00020,CAT003,As control middle score or much building. Herself body write by lose speak left. Moment me hot.,2024-12-25,ACTIVE
P001910,SKU001910,Sneakers 569,BR00050,CAT005,Minute sound matter. Customer example service off him source rise.,2026-05-24,ACTIVE
P001911,SKU001911,Jacket 230,BR00014,CAT002,Interview require structure tough. Air mention when relate Republican.,2026-07-22,ACTIVE
P001912,SKU001912,T-Shirt 177,BR00006,CAT005,Leader figure hard already strong. Inside attorney former.,2026-03-26,ACTIVE
P001913,SKU001913,Laptop 587,BR00020,CAT004,Understand authority skill travel especially. Arm Congress rich cause course contain who.,2025-01-07,ACTIVE
P001914,SKU001914,Sneakers 631,BR00015,CAT002,"Style final yet soon.
New section discussion become free voice born.",2025-09-01,ACTIVE
P001915,SKU001915,Jacket 811,BR00014,CAT005,One better southern design. Point his buy stop painting young. During can class just security.,2024-02-12,ACTIVE
P001916,SKU001916,Jeans 671,BR00071,CAT005,Mission my agent picture line still it. Research reason clearly realize ball if.,2026-09-07,ACTIVE
P001917,SKU001917,Sneakers 4,BR00039,CAT005,Long charge usually power system personal. No wall southern test.,2024-07-02,ACTIVE
P001918,SKU001918,Jeans 605,BR00031,CAT003,Piece eye whom interest challenge. Morning relationship measure bag role later small.,2026-01-03,ACTIVE
P001919,SKU001919,Watch 196,BR00089,CAT003,Would local discuss car other nothing. Purpose now nice reduce attack.,2024-04-16,ACTIVE
P001920,SKU001920,Backpack 791,BR00094,CAT002,Name see can check Democrat. Happen believe final over over try skill.,2025-11-19,ACTIVE
P001921,SKU001921,Sneakers 44,BR00097,CAT001,Cover teacher mother hard enjoy identify reveal product. Service strong value perform plan.,2025-01-11,ACTIVE
P001922,SKU001922,Jacket 992,BR00058,CAT005,Edge likely anyone social. Film certain election. North imagine security else view floor.,2026-03-30,ACTIVE
P001923,SKU001923,Headphones 262,BR00008,CAT005,Whether peace lay. Machine guy green another surface represent. Senior onto glass middle.,2026-09-17,ACTIVE
P001924,SKU001924,Jeans 306,BR00091,CAT004,Professional surface sport. Economy ball east wife before ground.,2026-01-27,ACTIVE
P001925,SKU001925,Backpack 165,BR00014,CAT005,Main third large always simply off specific. Dream just stage daughter wide third agree.,2025-12-25,ACTIVE
P001926,SKU001926,T-Shirt 722,BR00048,CAT005,Lawyer network recent arm image couple body.,2023-11-10,ACTIVE
P001927,SKU001927,Sneakers 534,BR00007,CAT002,Hit hold car vote. Last will order wonder play. Game by field teacher forget threat degree.,2025-02-15,ACTIVE
P001928,SKU001928,Saree 792,BR00014,CAT005,Card term director western. Option front benefit heart together manager.,2025-06-10,ACTIVE
P001929,SKU001929,T-Shirt 710,BR00063,CAT002,Beat outside expert he church. Art pretty certainly lose name.,2025-01-02,ACTIVE
P001930,SKU001930,Saree 662,BR00065,CAT001,Chance move summer science.,2025-08-23,ACTIVE
P001931,SKU001931,Watch 19,BR00089,CAT005,Dream weight system.,2025-01-18,ACTIVE
P001932,SKU001932,Sneakers 119,BR00057,CAT003,Radio once back green imagine TV part. On town staff study.,2024-11-10,ACTIVE
P001933,SKU001933,T-Shirt 763,BR00081,CAT002,Or election up power choose evening air. Young hour model.,2024-06-14,ACTIVE
P001934,SKU001934,T-Shirt 110,BR00049,CAT001,Day year available will. Expert tonight financial change allow herself.,2026-09-15,ACTIVE
P001935,SKU001935,Headphones 150,BR00062,CAT004,Card yet child in job. Own situation teach everybody. Charge manage general bar white over.,2025-03-29,ACTIVE
P001936,SKU001936,Laptop 584,BR00010,CAT001,Identify activity different media itself cup form at. Difference key above very human enter main.,2023-10-13,ACTIVE
P001937,SKU001937,T-Shirt 642,BR00046,CAT005,But just everyone see simply note. Do feel believe early.,2025-09-28,ACTIVE
P001938,SKU001938,Backpack 149,BR00071,CAT005,Very bar management may drug. Prevent act word size upon style. Heart dream among son lose.,2025-06-07,ACTIVE
P001939,SKU001939,Jeans 710,BR00084,CAT004,Animal show good peace event music case.,2025-12-04,ACTIVE
P001940,SKU001940,Saree 596,BR00027,CAT003,Would seem some task. Station wait senior chance set. Rise huge table though radio must.,2024-05-28,ACTIVE
P001941,SKU001941,Laptop 580,BR00068,CAT001,Generation institution next majority Congress. Expert story face out someone western.,2024-02-22,ACTIVE
P001942,SKU001942,Jacket 583,BR00040,CAT005,Water off cup already it experience. Leader tend outside affect line.,2026-06-11,ACTIVE
P001943,SKU001943,Saree 464,BR00042,CAT004,Maintain everything enter investment Mr ago seem. Best decide tonight water name reduce itself boy.,2023-10-03,ACTIVE
P001944,SKU001944,Saree 96,BR00005,CAT002,Degree research act lose official enter.,2025-01-11,ACTIVE
P001945,SKU001945,Saree 775,BR00020,CAT001,Task house dog growth stay begin tough. Budget shake throughout significant affect order film.,2026-01-05,ACTIVE
P001946,SKU001946,Jacket 575,BR00065,CAT005,Chair end performance. These interest easy community minute.,2023-11-25,ACTIVE
P001947,SKU001947,T-Shirt 579,BR00074,CAT004,Boy for church anything we.,2025-04-15,ACTIVE
P001948,SKU001948,Watch 965,BR00054,CAT004,According interview individual industry crime all again.,2026-02-11,ACTIVE
P001949,SKU001949,Headphones 971,BR00062,CAT002,Understand fight consider near discuss. Level move skill push.,2026-03-07,ACTIVE
P001950,SKU001950,Laptop 808,BR00021,CAT004,Gas understand right write military. Smile issue through statement speech yeah.,2026-07-27,ACTIVE
P001951,SKU001951,Sneakers 29,BR00069,CAT003,Chair him call water simple want. Hundred become high Mrs shake. Floor tonight again.,2025-10-11,ACTIVE
P001952,SKU001952,Sneakers 310,BR00024,CAT002,Floor window yeah teacher trial several moment. Smile charge sign identify chair rock now.,2024-01-28,ACTIVE
P001953,SKU001953,Laptop 44,BR00085,CAT003,Image wall behind focus ground. Expect about card guy couple.,2024-05-31,ACTIVE
P001954,SKU001954,Backpack 231,BR00078,CAT002,"Now my performance should food.
Back every push risk its. World beat impact wonder.",2025-12-17,ACTIVE
P001955,SKU001955,Headphones 572,BR00016,CAT002,Page guess staff leader still entire else. Staff far again receive response fast.,2025-09-10,ACTIVE
P001956,SKU001956,Backpack 772,BR00010,CAT003,Huge allow agent society. Physical just arrive couple. Conference series model.,2026-08-07,ACTIVE
P001957,SKU001957,Backpack 653,BR00017,CAT002,Herself environmental beat maintain quality cover. Name community spend guess there sign bring.,2026-06-23,ACTIVE
P001958,SKU001958,T-Shirt 815,BR00046,CAT005,Worry voice now plan. Approach remain magazine economy although.,2025-02-03,ACTIVE
P001959,SKU001959,Jacket 729,BR00005,CAT004,Anyone leave take machine development plant. Look eight over science.,2026-04-30,ACTIVE
P001960,SKU001960,Watch 325,BR00065,CAT005,Big several effort across special decision all. Where trade always western relationship.,2026-03-11,ACTIVE
P001961,SKU001961,Saree 449,BR00072,CAT001,"Must senior to. Report in need growth.
Save evidence blood paper.",2025-12-23,ACTIVE
P001962,SKU001962,Headphones 294,BR00016,CAT005,Possible break TV throw skin. Agreement space prove should chance card.,2024-12-04,ACTIVE
P001963,SKU001963,Saree 132,BR00067,CAT004,He power possible detail Mrs cultural word. Area common south what accept.,2024-12-27,ACTIVE
P001964,SKU001964,Jacket 745,BR00005,CAT005,Shake clearly present senior economic. Player manage phone carry.,2025-12-14,ACTIVE
P001965,SKU001965,Watch 717,BR00072,CAT004,Southern hair structure stay threat or.,2024-04-05,ACTIVE
P001966,SKU001966,Headphones 949,BR00029,CAT004,Cup certainly year fast already. Congress fact value wind add.,2024-06-15,ACTIVE
P001967,SKU001967,Watch 307,BR00045,CAT002,Return almost necessary deal room day clearly method. Mouth husband partner machine quite make.,2024-08-28,ACTIVE
P001968,SKU001968,Jacket 988,BR00057,CAT003,Compare million plant senior hard art time. Similar toward guess community.,2024-12-11,ACTIVE
P001969,SKU001969,Sneakers 424,BR00072,CAT001,Develop kind see camera.,2023-12-12,ACTIVE
P001970,SKU001970,Jacket 900,BR00019,CAT001,Claim citizen always other more six south bad. Product provide story rise guy.,2026-05-08,ACTIVE
P001971,SKU001971,Headphones 484,BR00064,CAT004,Might travel seven relationship tax service. Appear season report line but final treatment affect.,2026-04-17,ACTIVE
P001972,SKU001972,Backpack 116,BR00051,CAT001,Congress night much. Property student they only low kid upon.,2025-06-09,ACTIVE
P001973,SKU001973,T-Shirt 737,BR00027,CAT005,Maybe suggest simple summer. Quickly do operation late worry western husband real.,2026-08-05,ACTIVE
P001974,SKU001974,Saree 353,BR00000,CAT005,Firm better create wonder now remember either protect. Fear assume left present north.,2024-04-11,ACTIVE
P001975,SKU001975,Sneakers 531,BR00014,CAT005,Tell close watch seem organization cause. Story too life guess camera Congress.,2023-12-21,ACTIVE
P001976,SKU001976,T-Shirt 285,BR00010,CAT001,Say begin save owner collection choice. Speak blue on trade air.,2024-11-02,ACTIVE
P001977,SKU001977,Jacket 82,BR00089,CAT002,Challenge like successful. Floor us action arrive practice away.,2024-09-22,ACTIVE
P001978,SKU001978,Jeans 619,BR00063,CAT001,Well claim long operation security. Factor source none growth race.,2024-08-06,ACTIVE
P001979,SKU001979,Backpack 813,BR00064,CAT005,Sister gun dark realize control reduce second. Our range film through.,2024-07-12,ACTIVE
P001980,SKU001980,Jeans 65,BR00006,CAT004,Eight national physical name now.,2024-10-18,ACTIVE
P001981,SKU001981,Laptop 378,BR00081,CAT003,Else camera offer sell scientist sea character.,2026-03-08,ACTIVE
P001982,SKU001982,Backpack 527,BR00081,CAT005,Research million different case large figure. Policy direction fine design interest bill assume.,2025-05-20,ACTIVE
P001983,SKU001983,Backpack 40,BR00033,CAT005,Data become I up arrive firm. Among car a process positive.,2023-09-27,ACTIVE
P001984,SKU001984,T-Shirt 914,BR00027,CAT004,Theory book involve term true kid mission. Center senior create couple.,2025-01-11,ACTIVE
P001985,SKU001985,Jeans 466,BR00038,CAT005,Relationship deep plant forget sense.,2025-02-07,ACTIVE
P001986,SKU001986,Saree 295,BR00054,CAT003,Return bring stage partner stuff market. Plan case high.,2023-11-15,ACTIVE
P001987,SKU001987,Sneakers 228,BR00040,CAT001,Series response fall. Ten myself great stop term attack ability. Idea ground mouth.,2024-12-13,ACTIVE
P001988,SKU001988,T-Shirt 50,BR00065,CAT003,Doctor try between statement. Room member between wall.,2025-08-30,ACTIVE
P001989,SKU001989,Jeans 612,BR00076,CAT005,Nearly appear model history.,2025-05-04,ACTIVE
P001990,SKU001990,Jeans 360,BR00080,CAT001,Floor range box think attack. Section exist foreign degree reveal. Pick third could receive.,2025-07-13,ACTIVE
P001991,SKU001991,T-Shirt 620,BR00090,CAT003,Hotel clearly me purpose. Run phone plant benefit these.,2024-07-28,ACTIVE
P001992,SKU001992,Jacket 197,BR00048,CAT002,Top pretty act manage boy nice center subject. Us environment future reason fill piece full.,2024-12-19,ACTIVE
P001993,SKU001993,Sneakers 25,BR00067,CAT004,Hand work tax president here. Possible miss body. Just number not discuss water arrive agreement.,2023-10-26,ACTIVE
P001994,SKU001994,Jacket 501,BR00033,CAT001,Possible rest care trial discussion. Fill war movie space star.,2023-12-03,ACTIVE
P001995,SKU001995,Jacket 900,BR00035,CAT003,Maybe why set beat really major exactly force. Give single marriage they hope recent fund.,2025-11-16,ACTIVE
P001996,SKU001996,Backpack 885,BR00041,CAT005,Ground sit purpose impact. Its have smile person. Describe most loss so suddenly suffer.,2024-07-18,ACTIVE
P001997,SKU001997,Jeans 993,BR00081,CAT003,Design sea edge fly join member thousand. Response assume large avoid term sister.,2026-01-03,ACTIVE
P001998,SKU001998,Watch 218,BR00074,CAT005,Past present voice enter night. Resource put culture form.,2026-05-24,ACTIVE
P001999,SKU001999,Jeans 956,BR00090,CAT002,Even green free anything operation.,2024-07-15,ACTIVE
P002000,SKU002000,Backpack 770,BR00038,CAT002,Develop western low stage skin. Firm soon represent trouble push four itself.,2026-04-11,ACTIVE
P002001,SKU002001,Watch 859,BR00027,CAT001,Body list seek unit mouth power class. Loss view difficult allow natural.,2024-06-17,ACTIVE
P002002,SKU002002,Saree 794,BR00019,CAT003,Moment daughter step get still thousand. Part agree body particular provide.,2023-09-28,ACTIVE
P002003,SKU002003,Sneakers 272,BR00078,CAT001,Offer until best billion prepare young. Bank matter nation defense nation camera during.,2026-02-16,ACTIVE
P002004,SKU002004,Jacket 87,BR00063,CAT002,Early change support lead western. Whose day himself effect word almost.,2024-06-12,ACTIVE
P002005,SKU002005,Jeans 421,BR00013,CAT003,Practice vote threat. Miss language American picture station.,2025-11-08,ACTIVE
P002006,SKU002006,Sneakers 726,BR00023,CAT005,Whole point yes rock might. He discussion friend adult.,2024-06-15,ACTIVE
P002007,SKU002007,Backpack 290,BR00065,CAT001,Organization upon plan large audience often view. Too up stay recognize.,2024-12-22,ACTIVE
P002008,SKU002008,Headphones 569,BR00068,CAT003,Draw store forget establish. Brother language attention speech. Table bar pass both.,2026-01-20,ACTIVE
P002009,SKU002009,Headphones 316,BR00070,CAT004,Address suddenly so better. Ready end relationship.,2024-07-30,ACTIVE
P002010,SKU002010,Watch 455,BR00027,CAT004,Bank reveal north build magazine president. Purpose reduce listen.,2026-06-01,ACTIVE
P002011,SKU002011,Jacket 171,BR00069,CAT003,Analysis son five value director TV. Answer scene light spring themselves field.,2024-04-30,ACTIVE
P002012,SKU002012,Sneakers 249,BR00096,CAT002,Section large reach product vote during whatever. High investment be listen last support eye.,2025-11-22,ACTIVE
P002013,SKU002013,Saree 699,BR00072,CAT004,Treat lawyer source black off her start break. Conference there above cut single drop memory.,2026-09-18,ACTIVE
P002014,SKU002014,Jacket 523,BR00075,CAT001,Result stage man. Turn no out teach seat. Society entire how pull.,2026-05-31,ACTIVE
P002015,SKU002015,Headphones 890,BR00087,CAT005,Two feel country something either quality form. Never main pick food. Both street anything seem.,2024-10-03,ACTIVE
P002016,SKU002016,Sneakers 397,BR00039,CAT003,Pay each to. Board anything enter model few. Trip mission assume Republican yet home.,2025-10-03,ACTIVE
P002017,SKU002017,Jacket 577,BR00091,CAT001,"Project community score agree. Born meet feeling safe we risk.
Some prevent car including such.",2026-09-04,ACTIVE
P002018,SKU002018,Jeans 161,BR00018,CAT002,Think trip order garden remember. Local despite development public.,2026-01-12,ACTIVE
P002019,SKU002019,Watch 299,BR00064,CAT002,Nor institution job west field. Do why represent. Lose nearly concern.,2026-07-16,ACTIVE
P002020,SKU002020,Jacket 617,BR00098,CAT003,Series movement newspaper attention various. Discover something act include.,2024-08-03,ACTIVE
P002021,SKU002021,Watch 183,BR00069,CAT002,Happy everything certain hope avoid. General clear however simply.,2024-02-13,ACTIVE
P002022,SKU002022,Backpack 857,BR00009,CAT003,Support itself itself sea. House attention kind everyone adult decision single collection.,2026-07-03,ACTIVE
P002023,SKU002023,Watch 296,BR00056,CAT005,Local well pass government song. As decision indeed nation more.,2026-09-15,ACTIVE
P002024,SKU002024,T-Shirt 713,BR00009,CAT001,Decade successful model training speech performance. Plan up shoulder follow push green.,2026-09-05,ACTIVE
P002025,SKU002025,Laptop 615,BR00087,CAT004,Note everybody shoulder method. Collection to save position garden yeah must.,2026-07-04,ACTIVE
P002026,SKU002026,T-Shirt 733,BR00080,CAT001,Add community everybody practice happen. See sense tree for movement better.,2026-07-30,ACTIVE
P002027,SKU002027,Headphones 299,BR00023,CAT001,"Shoulder business administration price perform.
Suggest while culture major month hard above free.",2025-10-26,ACTIVE
P002028,SKU002028,Jacket 56,BR00078,CAT004,Occur imagine end least top suddenly important. Only sea maybe loss fact moment happen.,2025-01-16,ACTIVE
P002029,SKU002029,T-Shirt 348,BR00004,CAT005,"Data might size against knowledge.
Card hotel behavior those. Something cultural plan student.",2024-04-24,ACTIVE
P002030,SKU002030,Watch 208,BR00085,CAT001,About usually source send court. Professor stage analysis career.,2025-12-21,ACTIVE
P002031,SKU002031,T-Shirt 862,BR00043,CAT003,You author blood product mother. Establish once few too.,2025-10-23,ACTIVE
P002032,SKU002032,Watch 294,BR00076,CAT002,Determine whom voice possible. Interesting across number sound.,2026-05-19,ACTIVE
P002033,SKU002033,Laptop 290,BR00027,CAT003,Crime do still break society. Impact woman reflect ten. Future body skin.,2025-12-17,ACTIVE
P002034,SKU002034,Saree 76,BR00066,CAT002,Wide garden no same. Nation answer down.,2024-04-27,ACTIVE
P002035,SKU002035,Jacket 510,BR00041,CAT003,Bank seat third seven analysis tend. Weight those serve determine another look.,2023-11-01,ACTIVE
P002036,SKU002036,Jacket 747,BR00066,CAT001,Others easy attention question thus natural change soldier. Magazine particular pattern TV father.,2026-05-03,ACTIVE
P002037,SKU002037,Backpack 495,BR00017,CAT003,Very specific involve do.,2026-01-04,ACTIVE
P002038,SKU002038,T-Shirt 990,BR00023,CAT001,Similar page expert health. Admit meeting worker action trade.,2024-01-23,ACTIVE
P002039,SKU002039,Sneakers 281,BR00051,CAT003,You effect range throughout as usually.,2023-11-10,ACTIVE
P002040,SKU002040,Watch 984,BR00051,CAT001,View thing individual if natural visit analysis seem. Fast girl finally eye argue reduce.,2025-03-04,ACTIVE
P002041,SKU002041,Jeans 813,BR00043,CAT003,Tonight life likely clear option. More them site include size.,2024-04-21,ACTIVE
P002042,SKU002042,Jacket 355,BR00052,CAT005,"Step perhaps even officer whether let sit.
Why several prevent. Indeed population produce face.",2025-08-27,ACTIVE
P002043,SKU002043,Sneakers 704,BR00070,CAT002,Thing similar color down none. Federal reduce at sign.,2026-03-26,ACTIVE
P002044,SKU002044,Jeans 280,BR00055,CAT001,Often system even stock official easy no bit. Clearly exactly after myself out method.,2024-03-19,ACTIVE
P002045,SKU002045,Headphones 840,BR00057,CAT004,Politics environment identify expert if increase. Matter skin PM our station.,2025-04-29,ACTIVE
P002046,SKU002046,Jacket 266,BR00036,CAT001,Page energy weight. When bad force ahead glass bill across.,2023-12-25,ACTIVE
P002047,SKU002047,Jacket 457,BR00071,CAT005,Control society make side. Whose weight hard road security.,2026-02-09,ACTIVE
P002048,SKU002048,Jacket 815,BR00052,CAT002,Mr hundred itself. High seem subject everyone.,2024-11-17,ACTIVE
P002049,SKU002049,Saree 476,BR00025,CAT001,Then through begin likely pattern. Game condition change cost. Spring detail lot anything of.,2026-02-21,ACTIVE
P002050,SKU002050,T-Shirt 81,BR00069,CAT005,Course car marriage performance sound. Language threat memory wait it benefit yet direction.,2026-08-05,ACTIVE
P002051,SKU002051,Backpack 43,BR00024,CAT003,Worry product thought baby song strategy read analysis.,2024-09-28,ACTIVE
P002052,SKU002052,T-Shirt 292,BR00034,CAT005,Develop strong degree data information. Leave get art technology. Well tend show world again name.,2024-09-10,ACTIVE
P002053,SKU002053,Backpack 869,BR00003,CAT002,Itself skill after moment action view without. By she a it. Let yet political fight.,2025-10-01,ACTIVE
P002054,SKU002054,Saree 823,BR00055,CAT004,Stock investment several adult woman.,2026-08-18,ACTIVE
P002055,SKU002055,Saree 45,BR00057,CAT001,Run personal reach national show bank. Table she discussion usually.,2025-06-03,ACTIVE
P002056,SKU002056,Jacket 746,BR00029,CAT002,Quality whole west in. Third far must action each.,2024-07-11,ACTIVE
P002057,SKU002057,Saree 156,BR00060,CAT003,Chair officer win talk note. Raise dog feeling policy specific instead.,2024-11-18,ACTIVE
P002058,SKU002058,Jeans 859,BR00067,CAT004,Manager news space. Food late explain cover store skill teach.,2026-07-17,ACTIVE
P002059,SKU002059,Jacket 427,BR00090,CAT001,Phone picture great case reality enough sure. Personal suggest case common rock pay.,2025-03-13,ACTIVE
P002060,SKU002060,Jeans 204,BR00095,CAT003,Energy early carry notice serious attack voice. Early work set send value.,2026-02-08,ACTIVE
P002061,SKU002061,Jeans 256,BR00039,CAT003,White four area often. Final if game. Win finish executive back arm.,2025-11-21,ACTIVE
P002062,SKU002062,T-Shirt 340,BR00059,CAT002,Guy another forget resource front guess. Across enter instead drug wind.,2023-10-10,ACTIVE
P002063,SKU002063,Saree 417,BR00001,CAT002,"Too look there their. More social audience experience.
Get weight type light these memory.",2025-09-03,ACTIVE
P002064,SKU002064,Jacket 766,BR00060,CAT005,Treatment decade him and bad building end.,2025-02-10,ACTIVE
P002065,SKU002065,Jeans 550,BR00088,CAT004,Deal fast month soldier western. Attention new despite program get pass.,2024-08-28,ACTIVE
P002066,SKU002066,Saree 979,BR00034,CAT003,From image near space test want. What off art challenge difficult.,2026-02-07,ACTIVE
P002067,SKU002067,Sneakers 615,BR00032,CAT005,Mention yourself growth left nature. Word picture charge edge property home rule.,2026-01-04,ACTIVE
P002068,SKU002068,Laptop 975,BR00023,CAT003,Lead across game hit key successful. Necessary significant attorney small position institution.,2023-10-08,ACTIVE
P002069,SKU002069,Jacket 655,BR00025,CAT002,Learn visit wind read into happy. Quickly area success list.,2026-03-28,ACTIVE
P002070,SKU002070,Jeans 233,BR00057,CAT001,Add common add. Conference audience sound tax. Itself tonight receive thought which.,2025-08-17,ACTIVE
P002071,SKU002071,Sneakers 601,BR00069,CAT003,Apply customer official cost can. Three coach issue team.,2024-07-11,ACTIVE
P002072,SKU002072,T-Shirt 818,BR00051,CAT001,Single sport I federal whose just. Good quite whom save much particular wait.,2023-09-27,ACTIVE
P002073,SKU002073,Headphones 506,BR00054,CAT002,Ahead road break mean bank beyond range. Read director cost theory.,2025-01-01,ACTIVE
P002074,SKU002074,Saree 711,BR00018,CAT002,Minute fund play before this fear well interesting. Month carry give him. Either kind few Congress.,2025-10-24,ACTIVE
P002075,SKU002075,Jeans 444,BR00099,CAT001,Family apply subject treatment letter little tax.,2026-07-23,ACTIVE
P002076,SKU002076,Sneakers 856,BR00039,CAT001,Apply drop movie thing traditional. Interest decide least president.,2024-07-17,ACTIVE
P002077,SKU002077,Laptop 643,BR00039,CAT004,Everyone alone bed land should you section. Ago police couple sell.,2026-02-27,ACTIVE
P002078,SKU002078,Jeans 153,BR00033,CAT003,Claim serious once group. Learn probably certainly grow. Unit food pretty now newspaper face.,2026-06-14,ACTIVE
P002079,SKU002079,Watch 413,BR00025,CAT005,Recent section born campaign guess. Company debate worker ground.,2026-06-02,ACTIVE
P002080,SKU002080,Sneakers 874,BR00051,CAT003,Meeting perform draw current environmental movie someone those.,2026-06-23,ACTIVE
P002081,SKU002081,Jeans 286,BR00014,CAT001,Authority before fire. Service executive draw Congress miss. Her culture either party nor.,2024-07-10,ACTIVE
P002082,SKU002082,Saree 874,BR00074,CAT001,Public recent build lawyer believe.,2025-04-19,ACTIVE
P002083,SKU002083,Watch 35,BR00079,CAT001,Even his law statement. Someone reason because protect. Three say bag company whole.,2025-02-24,ACTIVE
P002084,SKU002084,Headphones 629,BR00071,CAT005,Right loss almost. Teacher what it add least adult.,2026-01-26,ACTIVE
P002085,SKU002085,Jacket 217,BR00011,CAT004,Ago although high thought wish region skill. Hear public theory police dinner deal result.,2023-10-21,ACTIVE
P002086,SKU002086,Jacket 294,BR00012,CAT004,Nature foreign color audience break. Good protect western join part bar.,2026-06-07,ACTIVE
P002087,SKU002087,T-Shirt 773,BR00020,CAT003,Election ten that himself month meet. Town without section water.,2026-04-25,ACTIVE
P002088,SKU002088,Jacket 202,BR00019,CAT004,"Idea local describe minute.
Themselves that write save you mother.",2025-01-16,ACTIVE
P002089,SKU002089,Sneakers 879,BR00087,CAT001,Cause fear key not family city. Listen research too relate strong evidence.,2024-08-09,ACTIVE
P002090,SKU002090,Watch 368,BR00052,CAT003,Process sit state rich increase born. News leader section laugh. Share western past class.,2025-01-11,ACTIVE
P002091,SKU002091,Watch 746,BR00043,CAT001,Large particularly myself memory improve current response trade. Financial social suffer much case.,2024-09-15,ACTIVE
P002092,SKU002092,Jacket 131,BR00062,CAT003,Clear nice main current finally executive. Deal final tree happy team house.,2023-12-11,ACTIVE
P002093,SKU002093,Jeans 120,BR00088,CAT004,Work result the often stage only federal. Least everyone clear act successful course.,2026-01-13,ACTIVE
P002094,SKU002094,Saree 14,BR00070,CAT005,Lead heart still floor summer. Foot stay various color recognize black nearly seven.,2025-06-24,ACTIVE
P002095,SKU002095,Headphones 94,BR00019,CAT003,Prove onto quality. Support economic science.,2024-11-29,ACTIVE
P002096,SKU002096,Watch 908,BR00048,CAT003,Small choice determine check. City standard soon into story.,2024-06-16,ACTIVE
P002097,SKU002097,Jeans 907,BR00019,CAT005,Fall subject consumer out open head race. Forget discover decide leader for.,2024-09-22,ACTIVE
P002098,SKU002098,Saree 207,BR00042,CAT004,Focus nature that. Style site month commercial machine college life. Teach cultural show treat.,2024-04-22,ACTIVE
P002099,SKU002099,Backpack 79,BR00064,CAT005,Ok capital language yourself game if. Maybe respond student blood note lead.,2026-03-16,ACTIVE
P002100,SKU002100,Watch 901,BR00099,CAT005,Sign plan throughout report program.,2024-01-20,ACTIVE
P002101,SKU002101,Watch 868,BR00092,CAT003,Include firm without beautiful position recently.,2024-08-04,ACTIVE
P002102,SKU002102,Watch 525,BR00063,CAT005,Be rest open walk. Friend must same speak rather. Employee bill foreign military price lead.,2024-09-10,ACTIVE
P002103,SKU002103,Jacket 711,BR00042,CAT002,Attorney protect girl personal citizen fall. Perform article on east.,2025-11-18,ACTIVE
P002104,SKU002104,Saree 595,BR00066,CAT002,Indeed lay pass information much. Somebody prevent middle.,2024-07-01,ACTIVE
P002105,SKU002105,Backpack 374,BR00067,CAT001,Hair share call. Situation low meet war those forget north.,2026-07-14,ACTIVE
P002106,SKU002106,Sneakers 125,BR00018,CAT005,Teacher key money money. Lot site director play build. Item management eye make.,2025-02-12,ACTIVE
P002107,SKU002107,Laptop 472,BR00092,CAT005,Chance number kind kid treat research. Voice their southern.,2026-03-27,ACTIVE
P002108,SKU002108,Saree 343,BR00040,CAT005,Poor yes international remember. Company issue foreign course.,2026-02-11,ACTIVE
P002109,SKU002109,Laptop 377,BR00020,CAT002,Their he ready return real those lay. Suggest card within.,2023-09-24,ACTIVE
P002110,SKU002110,Watch 666,BR00072,CAT002,Whole of pick. Successful force cultural away. True test mind add prove husband two easy.,2023-11-12,ACTIVE
P002111,SKU002111,Backpack 300,BR00056,CAT002,Despite win hundred lay situation range rule. Meeting meeting those join eye share station.,2023-10-26,ACTIVE
P002112,SKU002112,Jacket 958,BR00038,CAT002,Similar remain task us possible image. General democratic expect war actually.,2026-05-03,ACTIVE
P002113,SKU002113,Jeans 733,BR00037,CAT003,Box should lay. Success whose account carry real kid. Early trade speech trouble.,2024-07-03,ACTIVE
P002114,SKU002114,Backpack 575,BR00076,CAT004,Another mention three. One some game one agree culture cell. Your laugh world leg expert treatment.,2023-10-31,ACTIVE
P002115,SKU002115,Watch 222,BR00029,CAT004,Few establish yet character visit. Someone experience partner become very.,2025-05-27,ACTIVE
P002116,SKU002116,Saree 542,BR00092,CAT002,Receive letter painting someone hair since.,2025-03-14,ACTIVE
P002117,SKU002117,Sneakers 491,BR00060,CAT005,Be laugh man seat today. Seven red can long. Hair movie recognize something put way until.,2025-12-03,ACTIVE
P002118,SKU002118,Laptop 648,BR00073,CAT003,Option example show join play future after remain. Without find sound former life guy professional.,2024-09-06,ACTIVE
P002119,SKU002119,Backpack 53,BR00057,CAT003,Suggest cover along. Rock body green. Organization poor surface case voice.,2025-10-02,ACTIVE
P002120,SKU002120,Laptop 896,BR00063,CAT002,"Air appear support who.
Guy no really. Room rise around would research letter.",2024-06-05,ACTIVE
P002121,SKU002121,Laptop 891,BR00019,CAT003,Role member dinner face cost civil short. Whether service sense.,2026-04-02,ACTIVE
P002122,SKU002122,Watch 620,BR00012,CAT002,Mouth himself it glass opportunity. Side recognize campaign hundred in.,2023-10-02,ACTIVE
P002123,SKU002123,Jacket 25,BR00087,CAT002,Fall week attorney deal under. Energy old evidence paper region. Major receive up sister.,2025-04-02,ACTIVE
P002124,SKU002124,Jacket 300,BR00079,CAT004,Pick according too option. Behavior I approach apply. Election tend hear.,2025-07-14,ACTIVE
P002125,SKU002125,Headphones 395,BR00078,CAT004,Room hot fact after. Seem decade herself.,2026-05-12,ACTIVE
P002126,SKU002126,Laptop 30,BR00091,CAT005,Suffer develop after watch effect crime enjoy market.,2026-05-13,ACTIVE
P002127,SKU002127,Laptop 473,BR00052,CAT003,Suggest live wait. State ever cold land. Sell some outside.,2024-02-01,ACTIVE
P002128,SKU002128,Jacket 70,BR00014,CAT004,Pass exactly challenge put son serve. Message kid back whose.,2024-02-27,ACTIVE
P002129,SKU002129,Watch 687,BR00023,CAT005,Also oil son visit friend avoid least. Newspaper first allow eye position itself letter evening.,2026-05-07,ACTIVE
P002130,SKU002130,Sneakers 899,BR00004,CAT003,Religious rather moment story situation well center. Truth agreement station quality laugh issue.,2024-01-15,ACTIVE
P002131,SKU002131,Sneakers 165,BR00065,CAT003,Start media town peace cultural send range. Conference me success phone imagine fund owner.,2025-02-12,ACTIVE
P002132,SKU002132,Saree 66,BR00002,CAT001,Seven suffer begin message return voice fund. Enjoy box life lot human inside poor.,2024-05-12,ACTIVE
P002133,SKU002133,Laptop 32,BR00028,CAT002,Agreement admit fall. Certainly piece image paper half world anyone. Red step our month while plan.,2025-12-24,ACTIVE
P002134,SKU002134,Sneakers 78,BR00087,CAT004,Science pull white. Effect force test situation former once not. Cultural brother street.,2025-02-28,ACTIVE
P002135,SKU002135,Jeans 213,BR00084,CAT005,Candidate us commercial window. South sign role image head TV cold.,2026-02-20,ACTIVE
P002136,SKU002136,Jeans 782,BR00007,CAT003,Attack summer good candidate. Peace senior western nice rather baby story special.,2026-06-26,ACTIVE
P002137,SKU002137,Sneakers 594,BR00005,CAT001,Various project either less play win reach.,2023-10-12,ACTIVE
P002138,SKU002138,Jacket 85,BR00059,CAT003,Decade wear set pretty find reality. Group under hope road onto language rich.,2026-06-28,ACTIVE
P002139,SKU002139,Headphones 702,BR00064,CAT002,Stay between field network. Field anything plan despite support trial.,2023-11-06,ACTIVE
P002140,SKU002140,Saree 608,BR00002,CAT002,Morning for case little knowledge guy. Wait himself generation.,2025-05-13,ACTIVE
P002141,SKU002141,Watch 697,BR00028,CAT001,Fund show that pretty. Participant nice summer kid family that main.,2026-09-13,ACTIVE
P002142,SKU002142,Jeans 116,BR00083,CAT002,Almost others process everyone result surface knowledge. Establish investment truth.,2024-10-14,ACTIVE
P002143,SKU002143,Watch 355,BR00051,CAT003,Process statement assume computer on company moment. Central Republican employee authority.,2025-06-10,ACTIVE
P002144,SKU002144,Watch 60,BR00008,CAT001,Born eat trial themselves whole. Life continue trip daughter today.,2024-11-21,ACTIVE
P002145,SKU002145,Backpack 804,BR00067,CAT003,Wrong the responsibility. Ground either tough best simple.,2024-03-26,ACTIVE
P002146,SKU002146,Backpack 883,BR00000,CAT004,Commercial thank tonight. Paper true issue indicate fire sister.,2025-02-07,ACTIVE
P002147,SKU002147,T-Shirt 247,BR00013,CAT001,Bar fine discuss none society.,2025-01-12,ACTIVE
P002148,SKU002148,Jacket 88,BR00034,CAT002,Campaign left major seven wife.,2025-10-21,ACTIVE
P002149,SKU002149,Watch 845,BR00074,CAT004,Economic decision act country southern. Traditional performance green could man.,2024-03-04,ACTIVE
P002150,SKU002150,Jacket 50,BR00096,CAT003,Car life mouth meet style loss forward. Indeed provide later draw which.,2024-06-08,ACTIVE
P002151,SKU002151,Sneakers 165,BR00045,CAT004,Next image computer toward side. Can environmental assume especially thank about.,2024-05-05,ACTIVE
P002152,SKU002152,Jacket 718,BR00018,CAT003,Color language may as.,2024-10-14,ACTIVE
P002153,SKU002153,Jeans 726,BR00075,CAT004,Discover ask me. Choice central with. Party always along road involve realize anything world.,2023-10-11,ACTIVE
P002154,SKU002154,Sneakers 630,BR00073,CAT003,Exist strategy look. Network tonight free lose government yourself media.,2025-11-23,ACTIVE
P002155,SKU002155,Watch 28,BR00014,CAT005,Save marriage his news country least debate. Member since training single trouble.,2026-01-09,ACTIVE
P002156,SKU002156,Jacket 268,BR00046,CAT004,Single trial wear. Process debate agree group many offer enough than. Eight stay two send billion.,2025-05-29,ACTIVE
P002157,SKU002157,Laptop 261,BR00006,CAT004,Audience artist future team pay. Past development every act eat rise together watch.,2024-10-11,ACTIVE
P002158,SKU002158,Jeans 75,BR00058,CAT002,Upon decade traditional shake. Fly blue figure can night someone worry. Wide career up goal.,2026-05-22,ACTIVE
P002159,SKU002159,Watch 40,BR00069,CAT004,Design only wish charge wind. So almost door subject manage support energy.,2024-06-05,ACTIVE
P002160,SKU002160,Watch 219,BR00097,CAT001,Second amount risk practice prevent sense. Final protect science far. North hair offer.,2024-11-14,ACTIVE
P002161,SKU002161,Backpack 497,BR00075,CAT002,"Easy peace task PM. Event now drop window carry idea.
Mr in appear once young.",2025-05-30,ACTIVE
P002162,SKU002162,T-Shirt 383,BR00010,CAT005,Unit interview never. Financial feeling maybe plan. Drop wind decade nature church PM significant.,2024-10-05,ACTIVE
P002163,SKU002163,Jeans 112,BR00064,CAT005,Country win conference draw her leader. Appear body health blue threat.,2026-06-30,ACTIVE
P002164,SKU002164,T-Shirt 793,BR00084,CAT004,Grow southern soon provide support head beautiful. Each reality natural Congress court however.,2025-12-13,ACTIVE
P002165,SKU002165,Saree 429,BR00055,CAT004,Cost pretty turn. Unit at I start event summer follow standard.,2023-12-23,ACTIVE
P002166,SKU002166,Watch 421,BR00005,CAT003,Scene anything control treatment road unit write. Thing step analysis.,2026-06-12,ACTIVE
P002167,SKU002167,Laptop 996,BR00040,CAT005,Peace clear system set yard soldier assume. Yourself floor fire church star according.,2023-11-09,ACTIVE
P002168,SKU002168,T-Shirt 775,BR00065,CAT004,Team skin itself partner. American enough peace cell consider realize card.,2024-02-05,ACTIVE
P002169,SKU002169,Headphones 717,BR00030,CAT001,Author can white check perform traditional. Have foot also buy.,2025-01-11,ACTIVE
P002170,SKU002170,Backpack 44,BR00060,CAT003,Under shoulder local. Child spring industry.,2026-03-28,ACTIVE
P002171,SKU002171,Jacket 659,BR00019,CAT003,Service view full other election. Upon evening weight up.,2025-02-14,ACTIVE
P002172,SKU002172,Laptop 793,BR00027,CAT005,Throughout able picture amount per box. Central imagine specific get. Create board evening home.,2024-04-12,ACTIVE
P002173,SKU002173,Jacket 976,BR00016,CAT005,Or condition soldier teacher teacher standard. Practice stop live week system executive.,2024-10-06,ACTIVE
P002174,SKU002174,Jeans 415,BR00006,CAT002,Nor free feeling charge key.,2025-05-04,ACTIVE
P002175,SKU002175,Headphones 654,BR00080,CAT004,Plant service seat natural approach strong north. Officer sign pick such.,2023-12-09,ACTIVE
P002176,SKU002176,Jeans 660,BR00037,CAT001,Occur college art since. Ten small couple shoulder.,2026-05-25,ACTIVE
P002177,SKU002177,Saree 45,BR00084,CAT002,I clearly keep share new any industry. Month before enough act beautiful family. Toward to area.,2025-03-31,ACTIVE
P002178,SKU002178,Jeans 185,BR00087,CAT005,Cover through structure ball. Section score age position garden kitchen determine.,2024-04-16,ACTIVE
P002179,SKU002179,Jeans 38,BR00005,CAT002,Conference red personal ready billion difficult soldier. Name out according someone.,2025-09-30,ACTIVE
P002180,SKU002180,Laptop 58,BR00059,CAT001,Their cost kid buy nothing. To crime director director head. Tough team vote other.,2024-03-25,ACTIVE
P002181,SKU002181,Laptop 242,BR00024,CAT001,Fight rock until there admit pay. Call year all fast. Result fight study many.,2026-03-13,ACTIVE
P002182,SKU002182,Watch 560,BR00008,CAT002,List subject raise a. Score father quickly ten.,2024-10-12,ACTIVE
P002183,SKU002183,Laptop 470,BR00018,CAT001,Finish win rest wish partner form owner. Win meeting deep people wrong term.,2026-03-30,ACTIVE
P002184,SKU002184,Saree 23,BR00062,CAT004,Compare value property check beat check stand.,2024-07-15,ACTIVE
P002185,SKU002185,Jeans 55,BR00096,CAT001,Relate strategy carry against executive. Bag result maintain walk. None reason morning baby.,2024-12-23,ACTIVE
P002186,SKU002186,Sneakers 119,BR00094,CAT003,Operation cost president. Level teach since cut guess author.,2026-04-18,ACTIVE
P002187,SKU002187,Saree 345,BR00087,CAT001,Least mention address. Report race meet its you.,2023-12-16,ACTIVE
P002188,SKU002188,Headphones 190,BR00043,CAT003,Eight want know game pay base. Art rich boy follow. Prepare energy occur big want game.,2023-10-02,ACTIVE
P002189,SKU002189,Jacket 752,BR00063,CAT003,Local kid us four morning growth along those. Without create across term person their whose.,2024-07-16,ACTIVE
P002190,SKU002190,Backpack 875,BR00059,CAT001,Technology bed that little society.,2025-11-29,ACTIVE
P002191,SKU002191,Watch 304,BR00083,CAT002,Explain forward its move avoid player. Walk themselves force paper boy.,2026-06-04,ACTIVE
P002192,SKU002192,Saree 129,BR00028,CAT001,Support parent let above upon end. Once soldier machine author media.,2025-08-21,ACTIVE
P002193,SKU002193,Watch 115,BR00099,CAT005,Drop project true far. Knowledge your season follow. Audience American house several from.,2024-08-28,ACTIVE
P002194,SKU002194,Backpack 296,BR00052,CAT002,Because heavy fire international blue art time.,2024-10-23,ACTIVE
P002195,SKU002195,Saree 407,BR00048,CAT002,Pick piece total space. Local doctor agreement brother life.,2025-07-29,ACTIVE
P002196,SKU002196,Headphones 196,BR00078,CAT003,Game their ability Mr car. Produce professor letter tonight only.,2024-12-02,ACTIVE
P002197,SKU002197,Laptop 481,BR00093,CAT002,A road guess rather. Station edge base point this.,2023-10-07,ACTIVE
P002198,SKU002198,Jeans 189,BR00060,CAT003,Wait partner example likely. Next apply stage buy. Season strategy take site hope force.,2024-10-24,ACTIVE
P002199,SKU002199,Laptop 48,BR00067,CAT003,Natural money major. Risk usually word short positive campaign.,2026-01-17,ACTIVE
P002200,SKU002200,Saree 899,BR00063,CAT003,Involve final make director. Protect not argue defense. Fine whatever raise despite.,2025-02-21,ACTIVE
P002201,SKU002201,Jeans 465,BR00082,CAT002,His with plant natural. Only nearly officer sound.,2024-03-14,ACTIVE
P002202,SKU002202,T-Shirt 73,BR00090,CAT002,Enjoy yet wall which around wife nearly. Particularly item church drug official positive southern.,2023-10-18,ACTIVE
P002203,SKU002203,Watch 385,BR00071,CAT005,Short within ground low charge recent central. Smile none result whether reach.,2023-12-19,ACTIVE
P002204,SKU002204,Laptop 755,BR00097,CAT002,Them reveal such accept. Back hold trip. Somebody write first. Let gun too.,2025-12-25,ACTIVE
P002205,SKU002205,Laptop 503,BR00037,CAT005,Anyone live place into him. Front vote hit speak pretty price. Detail recent onto reason.,2025-04-01,ACTIVE
P002206,SKU002206,Laptop 381,BR00072,CAT003,Behavior building four face head. Significant new pass spring.,2025-07-30,ACTIVE
P002207,SKU002207,Headphones 335,BR00091,CAT005,Several fund health seem see look. Success record add consumer girl.,2025-01-31,ACTIVE
P002208,SKU002208,Laptop 787,BR00044,CAT001,Speak animal human teach region building including. Rise real detail audience apply.,2024-12-02,ACTIVE
P002209,SKU002209,Jeans 682,BR00033,CAT003,Everybody hear to determine moment black up. Ever improve person.,2024-11-24,ACTIVE
P002210,SKU002210,Saree 218,BR00036,CAT002,Time during set list. She visit author blue. Situation other attorney table place other them card.,2024-12-27,ACTIVE
P002211,SKU002211,Watch 40,BR00023,CAT002,Democrat involve staff myself second thing opportunity. House better notice company very end.,2024-08-27,ACTIVE
P002212,SKU002212,Backpack 838,BR00074,CAT004,Station view hard prove write skill. Time since best physical feeling race.,2024-06-27,ACTIVE
P002213,SKU002213,Saree 305,BR00077,CAT003,Training democratic customer move our season. Feeling yes he. Attack list take his.,2025-03-04,ACTIVE
P002214,SKU002214,Headphones 127,BR00021,CAT005,"Pressure garden control market fight.
Full couple you light federal say.",2025-03-28,ACTIVE
P002215,SKU002215,Headphones 636,BR00010,CAT004,Want woman ahead develop family six Congress. Right approach on together close want movie.,2023-12-25,ACTIVE
P002216,SKU002216,Headphones 819,BR00095,CAT003,Even bad could body season so difficult. Those again ago stay whether a marriage.,2025-12-24,ACTIVE
P002217,SKU002217,Watch 654,BR00045,CAT002,Rate send over describe a. Guy structure daughter hot.,2023-11-24,ACTIVE
P002218,SKU002218,Jacket 422,BR00054,CAT003,Fear though analysis store enough town. Need move yet have spring song.,2026-09-14,ACTIVE
P002219,SKU002219,Backpack 993,BR00048,CAT005,On plant community treatment. Woman performance mean perform degree section. Mr let speak poor.,2026-03-07,ACTIVE
P002220,SKU002220,Jeans 814,BR00094,CAT004,"Town four tonight.
Item meet tree order senior. Floor direction late and month relate TV.",2024-12-28,ACTIVE
P002221,SKU002221,Saree 928,BR00010,CAT005,Nearly chance however coach add. Drive natural option.,2024-11-10,ACTIVE
P002222,SKU002222,Jacket 764,BR00088,CAT004,Stuff newspaper message day actually and. Office star large language join news.,2024-12-28,ACTIVE
P002223,SKU002223,Watch 519,BR00086,CAT002,Program woman rate.,2026-08-21,ACTIVE
P002224,SKU002224,Backpack 111,BR00082,CAT002,Single relationship public letter whole training. Team every garden word.,2025-10-08,ACTIVE
P002225,SKU002225,T-Shirt 910,BR00023,CAT004,Dream relate industry since matter.,2025-08-26,ACTIVE
P002226,SKU002226,Jacket 93,BR00085,CAT001,Section nearly coach alone partner rather organization. Little son everybody.,2024-02-01,ACTIVE
P002227,SKU002227,Watch 503,BR00067,CAT002,Whole eat improve parent prove sign.,2024-12-01,ACTIVE
P002228,SKU002228,Laptop 778,BR00006,CAT001,Trouble impact staff perhaps respond raise.,2024-11-19,ACTIVE
P002229,SKU002229,Jacket 817,BR00086,CAT004,Old capital capital support land you world type. Week heavy fact including possible carry song.,2024-06-16,ACTIVE
P002230,SKU002230,Laptop 185,BR00082,CAT002,Law security into six account. Then beyond TV single.,2024-10-14,ACTIVE
P002231,SKU002231,Sneakers 575,BR00088,CAT005,Move prevent develop leader movie. Song citizen forward leg enjoy fast more. Impact share deal.,2024-07-07,ACTIVE
P002232,SKU002232,Laptop 148,BR00083,CAT004,Manage in challenge new. Day establish difference east around. With role up energy.,2025-06-27,ACTIVE
P002233,SKU002233,Headphones 727,BR00082,CAT003,Center win force person affect big enjoy. True per central. Act specific challenge assume.,2025-02-24,ACTIVE
P002234,SKU002234,Laptop 386,BR00076,CAT003,As daughter which effect us forward sister hit. Benefit staff appear if prepare with.,2024-03-04,ACTIVE
P002235,SKU002235,Jacket 546,BR00083,CAT004,Evening recently area soldier cold which finally. Treat success risk doctor newspaper I.,2025-09-09,ACTIVE
P002236,SKU002236,Jeans 438,BR00078,CAT002,Thousand resource where form various nice. Build sport listen know.,2025-05-14,ACTIVE
P002237,SKU002237,Jacket 722,BR00080,CAT001,Option as through whole her. Have front measure return turn local. Join imagine must sport pass.,2026-01-28,ACTIVE
P002238,SKU002238,Saree 284,BR00063,CAT001,Let gas last into. On friend significant size.,2026-06-11,ACTIVE
P002239,SKU002239,Laptop 663,BR00026,CAT005,Minute language there free. Need debate everyone.,2025-01-31,ACTIVE
P002240,SKU002240,Watch 816,BR00062,CAT003,Program institution around need. Southern growth science seven.,2026-04-17,ACTIVE
P002241,SKU002241,Watch 175,BR00029,CAT004,Education four break body. Evening look quality radio him.,2025-09-10,ACTIVE
P002242,SKU002242,Watch 885,BR00071,CAT003,Become kind drug under group buy. Politics check two help easy opportunity if address.,2026-05-21,ACTIVE
P002243,SKU002243,Jeans 622,BR00097,CAT001,Set despite huge. Seem among account professor center who. Politics attorney series.,2024-08-22,ACTIVE
P002244,SKU002244,Jeans 990,BR00009,CAT002,World heart PM. Door five teacher test. Day off high trial me benefit doctor.,2025-03-24,ACTIVE
P002245,SKU002245,Sneakers 69,BR00062,CAT003,Sign unit media Congress. Power four wear reality. Hospital fear talk across.,2026-08-28,ACTIVE
P002246,SKU002246,Saree 212,BR00007,CAT005,"Office or spend together win will walk.
Visit blue cover past spring. Ago share base follow check.",2025-09-02,ACTIVE
P002247,SKU002247,Laptop 906,BR00088,CAT002,Investment conference thing need eat imagine again. Write modern radio maybe.,2025-09-16,ACTIVE
P002248,SKU002248,Headphones 554,BR00092,CAT001,Describe environmental arrive.,2023-10-26,ACTIVE
P002249,SKU002249,Jacket 392,BR00052,CAT002,Item season west human whole team professional. Movie act meeting edge ground various.,2025-12-21,ACTIVE
P002250,SKU002250,Headphones 558,BR00032,CAT002,Whole theory laugh race present write alone.,2025-08-16,ACTIVE
P002251,SKU002251,Jacket 153,BR00012,CAT003,Which interest window up grow mind. Water get stop deal film how example office.,2025-09-15,ACTIVE
P002252,SKU002252,Jacket 821,BR00080,CAT005,Democrat turn movie chance contain heavy woman. First we production.,2024-01-21,ACTIVE
P002253,SKU002253,Jacket 56,BR00049,CAT002,Four will short go deep. Hear most catch exist past article.,2026-06-12,ACTIVE
P002254,SKU002254,Laptop 408,BR00083,CAT001,Author choose whether audience understand generation. Himself leader board option imagine sit.,2026-03-04,ACTIVE
P002255,SKU002255,Watch 680,BR00064,CAT001,Tell similar church issue. Behavior detail north figure type close adult tonight.,2023-10-05,ACTIVE
P002256,SKU002256,Watch 516,BR00002,CAT005,Drug animal well take consider despite. Sort fill drive. Fire PM point long sense.,2025-02-16,ACTIVE
P002257,SKU002257,Sneakers 791,BR00081,CAT001,Share your stage argue. Learn coach order agree discussion plant.,2025-08-14,ACTIVE
P002258,SKU002258,Jacket 228,BR00061,CAT002,Positive today religious dog wall. Several lead carry their base information.,2024-04-13,ACTIVE
P002259,SKU002259,T-Shirt 498,BR00084,CAT004,Tonight interest want morning education. Practice weight more only along woman.,2024-12-13,ACTIVE
P002260,SKU002260,T-Shirt 425,BR00053,CAT003,Collection speak protect here attention edge. Table raise culture measure expert decade.,2026-06-28,ACTIVE
P002261,SKU002261,T-Shirt 677,BR00014,CAT001,Wall area walk. Site high national happy. Civil country husband another.,2025-01-31,ACTIVE
P002262,SKU002262,Jeans 536,BR00031,CAT003,Agency amount old of carry step. Always may never. Could put what wait.,2025-03-30,ACTIVE
P002263,SKU002263,Jeans 958,BR00025,CAT005,How during case possible wish. Clearly dog strategy should various tree describe.,2025-03-30,ACTIVE
P002264,SKU002264,Headphones 920,BR00071,CAT003,Business lawyer performance sing. Health Congress just method glass staff career.,2025-06-15,ACTIVE
P002265,SKU002265,Headphones 699,BR00080,CAT005,Maintain century attention style. Information level knowledge this game.,2025-05-20,ACTIVE
P002266,SKU002266,Saree 497,BR00026,CAT001,Never international meet risk oil. Necessary piece stuff study imagine notice.,2025-08-20,ACTIVE
P002267,SKU002267,Sneakers 299,BR00094,CAT003,Husband positive bad table city garden.,2024-02-10,ACTIVE
P002268,SKU002268,Laptop 492,BR00023,CAT001,May eye response most performance civil. Relate bar poor thank follow.,2025-05-26,ACTIVE
P002269,SKU002269,T-Shirt 169,BR00005,CAT005,Key sign commercial doctor. All account operation customer decision pretty.,2023-10-07,ACTIVE
P002270,SKU002270,Sneakers 906,BR00068,CAT001,Organization born theory be help. Admit book level involve help. Owner customer and.,2025-02-20,ACTIVE
P002271,SKU002271,Laptop 730,BR00026,CAT004,Administration hold national to.,2025-02-17,ACTIVE
P002272,SKU002272,Laptop 309,BR00097,CAT005,Across walk loss young of model learn artist. Benefit social upon where best kitchen director.,2025-04-22,ACTIVE
P002273,SKU002273,Headphones 920,BR00050,CAT003,Identify with stay may population popular.,2024-03-04,ACTIVE
P002274,SKU002274,Laptop 444,BR00061,CAT005,Information sing four. Civil report necessary different less recognize.,2025-06-28,ACTIVE
P002275,SKU002275,Backpack 647,BR00048,CAT001,Appear wish hotel president. Over read perhaps medical rate spring.,2026-08-27,ACTIVE
P002276,SKU002276,Laptop 915,BR00042,CAT004,Our know light result simply. Decision visit so point design.,2026-08-02,ACTIVE
P002277,SKU002277,Sneakers 994,BR00063,CAT005,Management where anyone hour building dog beat. Far office she effect away.,2025-08-10,ACTIVE
P002278,SKU002278,Sneakers 269,BR00018,CAT001,Remember claim base focus later daughter tend. Hear high order thousand ago seek.,2026-05-17,ACTIVE
P002279,SKU002279,Jacket 841,BR00013,CAT005,Better out time suddenly many up break. Law old realize police growth rock model.,2024-04-02,ACTIVE
P002280,SKU002280,Backpack 934,BR00056,CAT002,Fly develop senior little include create. Cultural exactly risk law movement kitchen charge more.,2025-07-16,ACTIVE
P002281,SKU002281,T-Shirt 222,BR00020,CAT003,Language thousand door can staff. Officer prove color common street deal share.,2025-05-10,ACTIVE
P002282,SKU002282,Backpack 208,BR00043,CAT004,Month opportunity pretty finish. Finish president section read call young nature.,2024-06-17,ACTIVE
P002283,SKU002283,Sneakers 768,BR00059,CAT003,Understand positive can. Best decision these technology. Free first top measure far us.,2026-05-19,ACTIVE
P002284,SKU002284,Backpack 133,BR00078,CAT004,"Win yourself program service design.
Write son history culture. To old way training.",2026-08-21,ACTIVE
P002285,SKU002285,Laptop 691,BR00028,CAT002,For happy page life main. Nation fish about dog kind. Personal research read about.,2026-06-23,ACTIVE
P002286,SKU002286,Backpack 45,BR00047,CAT001,Unit attack mission include. Always great music affect author only. Not cup yes major.,2025-05-04,ACTIVE
P002287,SKU002287,Backpack 733,BR00066,CAT003,Truth but trial parent military. Part rate dinner main camera.,2024-07-17,ACTIVE
P002288,SKU002288,Watch 49,BR00065,CAT001,Both a some. Morning away behind financial fall who. Senior tough involve wonder.,2024-01-04,ACTIVE
P002289,SKU002289,Sneakers 343,BR00009,CAT005,Sort fire sit out truth. Town body image hotel. Term subject fund everyone one dog we.,2023-11-11,ACTIVE
P002290,SKU002290,Watch 274,BR00043,CAT004,Example community option available hit. Significant class act identify appear however.,2024-03-23,ACTIVE
P002291,SKU002291,Sneakers 625,BR00011,CAT005,Skin attack particularly interview. Pattern half arm state the weight blue.,2024-03-01,ACTIVE
P002292,SKU002292,Laptop 983,BR00052,CAT005,Fast serious hospital a. Development bank during best body.,2023-10-25,ACTIVE
P002293,SKU002293,Saree 712,BR00065,CAT002,Often during majority positive yes especially. Congress whatever talk room discover.,2024-09-18,ACTIVE
P002294,SKU002294,Backpack 323,BR00000,CAT003,Player actually political rich. Value example back fact. Total because fall.,2024-10-08,ACTIVE
P002295,SKU002295,Watch 971,BR00049,CAT001,Human pick our inside year real. Imagine nothing create yourself.,2025-03-28,ACTIVE
P002296,SKU002296,Backpack 238,BR00085,CAT001,Act black day. Now stay enjoy. Goal whom help full whom reflect fire some.,2024-01-12,ACTIVE
P002297,SKU002297,Headphones 958,BR00046,CAT003,Record participant than account. Series give particularly east social development.,2026-04-26,ACTIVE
P002298,SKU002298,Laptop 796,BR00013,CAT003,Total where word tax official. Center official many customer could.,2024-01-30,ACTIVE
P002299,SKU002299,Jacket 846,BR00070,CAT005,Measure she along financial especially.,2025-03-03,ACTIVE
P002300,SKU002300,Jeans 229,BR00009,CAT001,Offer none conference politics. Allow national sing series option generation soon just.,2025-08-30,ACTIVE
P002301,SKU002301,Saree 263,BR00060,CAT001,Smile able yet fly political. Our special soon time here. Nearly money hope just fight score south.,2025-09-13,ACTIVE
P002302,SKU002302,Saree 598,BR00083,CAT004,Take economic oil tax. Model support middle allow leg style.,2024-03-03,ACTIVE
P002303,SKU002303,Backpack 380,BR00060,CAT005,Heart attack sport likely state kid.,2024-12-21,ACTIVE
P002304,SKU002304,Laptop 730,BR00055,CAT003,Everything as artist computer. Couple garden help six election along perhaps spend.,2024-12-06,ACTIVE
P002305,SKU002305,Saree 772,BR00035,CAT002,Why hot possible off site inside start. Indicate need thus foreign.,2024-12-16,ACTIVE
P002306,SKU002306,Headphones 60,BR00066,CAT002,Candidate worker animal certainly. Range three start school.,2024-02-06,ACTIVE
P002307,SKU002307,Laptop 414,BR00054,CAT004,Save deep bank. Glass serve involve nature machine suddenly.,2025-11-05,ACTIVE
P002308,SKU002308,Laptop 610,BR00026,CAT004,Message less ever analysis adult. Seem every same situation may allow foot education.,2025-10-14,ACTIVE
P002309,SKU002309,Watch 829,BR00071,CAT005,Cultural suggest budget save central worry benefit. Only child main future factor remember.,2026-01-06,ACTIVE
P002310,SKU002310,Backpack 848,BR00001,CAT004,Money evening dream page want whose reason. Watch next open customer.,2025-02-03,ACTIVE
P002311,SKU002311,Saree 607,BR00052,CAT005,Student use partner fly interest. Small floor important win for him.,2025-09-25,ACTIVE
P002312,SKU002312,Watch 739,BR00059,CAT001,Professional second simple. Painting same concern most people child station.,2024-06-08,ACTIVE
P002313,SKU002313,Headphones 904,BR00072,CAT003,Research let wear. Board much perhaps area.,2024-06-29,ACTIVE
P002314,SKU002314,Laptop 590,BR00062,CAT003,Million general in base product. Positive work perhaps weight minute its today.,2024-01-31,ACTIVE
P002315,SKU002315,Sneakers 366,BR00033,CAT003,Would actually security against. From partner particularly from from week.,2024-07-20,ACTIVE
P002316,SKU002316,Saree 960,BR00076,CAT005,Father strong space society. Eye result foot concern. Man price stop admit.,2023-10-08,ACTIVE
P002317,SKU002317,Jeans 197,BR00098,CAT004,Red wife Mr feel. Strong sister heavy rate provide series family.,2024-06-19,ACTIVE
P002318,SKU002318,Headphones 523,BR00042,CAT004,Pick world cause up. Page yes evidence lead. Else prevent change responsibility.,2026-08-06,ACTIVE
P002319,SKU002319,Jacket 107,BR00005,CAT003,Floor senior manager. Down body risk television few able.,2024-05-07,ACTIVE
P002320,SKU002320,Headphones 919,BR00069,CAT005,Share soon rate wind whatever. Once appear firm behind trip.,2025-09-12,ACTIVE
P002321,SKU002321,Laptop 311,BR00092,CAT004,Imagine to child wide account. Wish focus current eight majority agency maintain.,2024-06-15,ACTIVE
P002322,SKU002322,Backpack 11,BR00016,CAT004,Similar here once million parent of ball. Degree trial third myself.,2026-08-14,ACTIVE
P002323,SKU002323,Jeans 699,BR00040,CAT001,Nation few resource student ahead amount. Create eye research consumer. Single TV memory you why.,2023-10-29,ACTIVE
P002324,SKU002324,Backpack 420,BR00035,CAT003,Serious within food detail manage. Minute study fact western tax effect reduce.,2025-11-16,ACTIVE
P002325,SKU002325,Headphones 266,BR00057,CAT003,Produce adult sing south position rather. Appear laugh system wall possible ground.,2026-06-12,ACTIVE
P002326,SKU002326,Jeans 272,BR00051,CAT005,Vote drop leave piece. Marriage along wind cup argue.,2026-04-06,ACTIVE
P002327,SKU002327,Backpack 848,BR00074,CAT001,Case leave pretty possible involve.,2023-11-22,ACTIVE
P002328,SKU002328,Jeans 799,BR00083,CAT001,Single address expert. Office meeting affect too although. Test however half thousand rich food.,2024-02-02,ACTIVE
P002329,SKU002329,Jeans 397,BR00000,CAT005,Someone those ago. Enter money president officer design improve town.,2025-10-08,ACTIVE
P002330,SKU002330,Watch 340,BR00076,CAT002,Wide subject black discuss such cover send sign. Record direction us player reach.,2026-06-13,ACTIVE
P002331,SKU002331,Watch 139,BR00027,CAT005,Myself almost both data wall. Century brother audience professional.,2026-05-14,ACTIVE
P002332,SKU002332,Watch 478,BR00039,CAT005,Partner second guess might. Work lot its office realize.,2024-08-07,ACTIVE
P002333,SKU002333,Jacket 454,BR00051,CAT004,Else nothing hope run back beautiful. Record right design our behind alone.,2025-03-19,ACTIVE
P002334,SKU002334,Saree 868,BR00040,CAT002,Around training size never already. Into detail soldier you trip probably.,2023-12-31,ACTIVE
P002335,SKU002335,Saree 693,BR00093,CAT004,Also say popular. He and many final truth.,2024-06-16,ACTIVE
P002336,SKU002336,Laptop 891,BR00065,CAT002,Tough according end his. Face store production discussion.,2024-07-02,ACTIVE
P002337,SKU002337,Headphones 694,BR00012,CAT005,No garden discover thousand. Join decide young sell child line son.,2025-06-04,ACTIVE
P002338,SKU002338,Sneakers 73,BR00006,CAT001,Only ask too think whom discover. Deep million a various research necessary house.,2024-05-20,ACTIVE
P002339,SKU002339,Jacket 457,BR00072,CAT005,Especially sea any weight certainly issue.,2026-01-12,ACTIVE
P002340,SKU002340,Headphones 598,BR00084,CAT004,Forget line radio skill particular thought. Between short degree group.,2024-08-21,ACTIVE
P002341,SKU002341,T-Shirt 437,BR00077,CAT002,Edge but organization edge. Whether every bad less. Small join tough. Pm million beat cultural run.,2023-11-09,ACTIVE
P002342,SKU002342,T-Shirt 359,BR00095,CAT005,Game answer science nor. Thus step magazine several. Prepare itself too assume force field.,2024-10-29,ACTIVE
P002343,SKU002343,Jacket 420,BR00085,CAT005,"Well represent adult relationship.
Another change important require.",2026-07-13,ACTIVE
P002344,SKU002344,Sneakers 53,BR00039,CAT003,Whether language evidence admit. Six generation around long mind into relate.,2026-05-09,ACTIVE
P002345,SKU002345,Saree 600,BR00005,CAT004,Door ten control why window issue. Whom hand even animal.,2024-01-27,ACTIVE
P002346,SKU002346,Headphones 514,BR00075,CAT001,Can up beyond generation. City into type security population maintain north.,2026-03-25,ACTIVE
P002347,SKU002347,Watch 295,BR00044,CAT003,Conference name floor tough. Cost adult total federal marriage physical thing government.,2023-09-27,ACTIVE
P002348,SKU002348,Jacket 610,BR00029,CAT001,Culture part trouble produce. Major most politics product. Page stock blood.,2024-12-12,ACTIVE
P002349,SKU002349,Watch 945,BR00069,CAT003,Road eat food go benefit citizen simply hear. Myself fact suffer.,2026-01-02,ACTIVE
P002350,SKU002350,Jacket 379,BR00053,CAT001,It kitchen before entire imagine. Already interesting officer last ago lay number large.,2026-05-12,ACTIVE
P002351,SKU002351,Jacket 979,BR00093,CAT002,Game simple film. Vote open middle majority carry deep most. Cell to project prevent do list.,2024-10-21,ACTIVE
P002352,SKU002352,Jeans 119,BR00001,CAT005,Race budget here type.,2023-11-20,ACTIVE
P002353,SKU002353,Jacket 847,BR00006,CAT005,Force support peace fast probably. Appear pay your store hit. Total section personal give model.,2026-05-03,ACTIVE
P002354,SKU002354,Jeans 116,BR00083,CAT001,Feel center establish modern. Factor one door appear stand. Everybody always national animal.,2025-05-18,ACTIVE
P002355,SKU002355,Backpack 726,BR00007,CAT002,Find research kid year pull. Clear beyond north difficult effort well.,2025-05-03,ACTIVE
P002356,SKU002356,Backpack 4,BR00038,CAT002,Go face matter camera. Production commercial a practice girl. Painting later lay will it.,2025-11-30,ACTIVE
P002357,SKU002357,Backpack 223,BR00089,CAT002,Ready forward reveal several particular system vote. Capital human situation.,2023-11-15,ACTIVE
P002358,SKU002358,T-Shirt 289,BR00048,CAT004,Local cup job. Name bring suffer century market.,2025-03-11,ACTIVE
P002359,SKU002359,Jacket 114,BR00010,CAT005,"Want gas may another. Issue bad this thought.
Speak use enough five.",2023-11-03,ACTIVE
P002360,SKU002360,Watch 227,BR00019,CAT001,Up music push world three past. Town position hair note short.,2023-12-23,ACTIVE
P002361,SKU002361,Watch 367,BR00099,CAT003,Try break particularly first last perhaps if.,2024-02-20,ACTIVE
P002362,SKU002362,Saree 93,BR00037,CAT004,Official majority cup require spend positive end. Forget tonight skin campaign go charge dinner.,2026-08-12,ACTIVE
P002363,SKU002363,Sneakers 501,BR00096,CAT004,Tell support serious fill federal. Its budget try wind.,2026-06-30,ACTIVE
P002364,SKU002364,Headphones 371,BR00024,CAT004,Range citizen mouth above research best. Miss job financial.,2023-10-03,ACTIVE
P002365,SKU002365,T-Shirt 922,BR00007,CAT001,Today measure hard. Support program if those know show table.,2024-02-03,ACTIVE
P002366,SKU002366,Headphones 37,BR00055,CAT005,Board remain turn better. Treat state agent set.,2025-09-12,ACTIVE
P002367,SKU002367,Backpack 324,BR00070,CAT005,Matter seek include charge college foot. War science person without impact hair each course.,2024-10-24,ACTIVE
P002368,SKU002368,Sneakers 975,BR00030,CAT002,Here main hundred me red maybe. Themselves scientist check.,2026-06-05,ACTIVE
P002369,SKU002369,Watch 538,BR00068,CAT005,"Difference finally laugh thousand two.
Opportunity again country side back some.",2026-01-29,ACTIVE
P002370,SKU002370,Jacket 346,BR00031,CAT004,Drop save Congress source international. Job production center set property.,2026-08-22,ACTIVE
P002371,SKU002371,T-Shirt 539,BR00028,CAT003,Time almost trouble agreement movie later shake court. Either little film view suddenly.,2024-05-14,ACTIVE
P002372,SKU002372,Jacket 360,BR00042,CAT005,Skin star lose lot. Nation world ahead kid center card. Fight fly especially talk.,2026-06-14,ACTIVE
P002373,SKU002373,Backpack 276,BR00015,CAT005,Pressure different over little. Marriage plant well reduce nearly.,2024-09-29,ACTIVE
P002374,SKU002374,Headphones 518,BR00064,CAT002,Avoid every would. Right much similar whose item. Peace realize upon front center.,2024-01-20,ACTIVE
P002375,SKU002375,Laptop 762,BR00066,CAT003,Support the only research idea us. Less energy still factor degree whatever.,2025-06-22,ACTIVE
P002376,SKU002376,T-Shirt 420,BR00055,CAT001,Son per history science thing myself. Former fire without owner.,2025-09-07,ACTIVE
P002377,SKU002377,T-Shirt 75,BR00085,CAT003,So figure foreign might travel. Run line season red. Know cost country town daughter bag.,2025-06-28,ACTIVE
P002378,SKU002378,Watch 456,BR00079,CAT002,Model be young up police down. Artist fish research.,2026-09-08,ACTIVE
P002379,SKU002379,Laptop 573,BR00045,CAT002,Spring very audience visit decade. Cause light million. Address approach then half himself.,2024-12-19,ACTIVE
P002380,SKU002380,T-Shirt 276,BR00038,CAT003,Wind your nation Mr safe after fish also. Protect before tend floor. Price participant option.,2025-07-10,ACTIVE
P002381,SKU002381,Laptop 666,BR00094,CAT003,Air arrive wide should look ago compare. Response tree sign majority agent detail.,2025-09-24,ACTIVE
P002382,SKU002382,Sneakers 657,BR00043,CAT004,Fine hand nation house writer.,2025-04-16,ACTIVE
P002383,SKU002383,T-Shirt 441,BR00076,CAT002,"South question place conference. Remain home at particular with.
Type avoid upon under rather idea.",2025-02-20,ACTIVE
P002384,SKU002384,Watch 887,BR00051,CAT002,Specific strong she feel happy.,2026-05-13,ACTIVE
P002385,SKU002385,Sneakers 506,BR00061,CAT001,Imagine idea everything other increase young fine. Ask pretty young executive.,2024-09-12,ACTIVE
P002386,SKU002386,Saree 359,BR00019,CAT005,Throw full time ever music significant. Report interesting guess pretty positive popular test.,2024-02-01,ACTIVE
P002387,SKU002387,T-Shirt 845,BR00052,CAT004,Simple reveal general painting star strategy already moment.,2024-11-21,ACTIVE
P002388,SKU002388,Jacket 513,BR00044,CAT004,Activity think task energy voice degree. Foot let property worry help create wait wrong.,2024-08-27,ACTIVE
P002389,SKU002389,Laptop 997,BR00095,CAT002,Six wide table improve news rest investment in. Radio under nice close fine government almost.,2026-01-08,ACTIVE
P002390,SKU002390,Watch 676,BR00031,CAT005,Strong road three present carry score class. Wife deep amount seat same.,2024-10-04,ACTIVE
P002391,SKU002391,Jeans 769,BR00084,CAT005,With allow realize because his. While exist professional interesting test develop.,2024-09-15,ACTIVE
P002392,SKU002392,Jeans 777,BR00010,CAT005,Sing difficult case explain heart of.,2024-02-08,ACTIVE
P002393,SKU002393,Sneakers 914,BR00048,CAT001,Place cup seat fear tonight resource. Rich indeed teach skin new.,2025-10-14,ACTIVE
P002394,SKU002394,Watch 765,BR00005,CAT004,Everyone his leg model offer we. Television soon full visit end herself serve.,2025-09-21,ACTIVE
P002395,SKU002395,Headphones 328,BR00021,CAT005,Those assume seat manager range. Machine quickly scene first.,2024-12-22,ACTIVE
P002396,SKU002396,Jacket 118,BR00000,CAT003,Nice finally laugh today movie. Increase wrong leave range social protect purpose.,2024-04-11,ACTIVE
P002397,SKU002397,Backpack 661,BR00022,CAT005,Herself assume pretty home court cause free. Upon those network necessary line.,2025-02-08,ACTIVE
P002398,SKU002398,Watch 512,BR00077,CAT002,Enjoy wonder trip include difference result sing. Produce style region class other he wonder up.,2024-04-01,ACTIVE
P002399,SKU002399,Headphones 83,BR00066,CAT005,Bed discover various good police movement yard. Back them world.,2025-08-02,ACTIVE
P002400,SKU002400,Sneakers 87,BR00096,CAT004,Analysis way board community quickly throughout opportunity.,2026-04-12,ACTIVE
P002401,SKU002401,Jacket 869,BR00083,CAT001,Heart tell race seek. Great card red society choose. Level sea current seven clearly place.,2026-03-12,ACTIVE
P002402,SKU002402,Watch 543,BR00056,CAT002,True standard even billion. Billion evidence hand past. Compare life what product maintain them.,2026-08-23,ACTIVE
P002403,SKU002403,T-Shirt 556,BR00095,CAT004,Ground likely nearly group. Material owner law enough. Chair visit get blood.,2024-10-14,ACTIVE
P002404,SKU002404,T-Shirt 923,BR00020,CAT004,"Wear center late. Land before red small election buy.
Society year network. Store drug owner Mr.",2025-09-22,ACTIVE
P002405,SKU002405,Sneakers 386,BR00054,CAT002,Born expect general go crime about. Send your even believe main.,2026-08-26,ACTIVE
P002406,SKU002406,T-Shirt 25,BR00033,CAT005,They argue culture magazine. Yard security stop similar happy.,2026-09-17,ACTIVE
P002407,SKU002407,Headphones 298,BR00009,CAT004,Member single image now fact manager.,2025-04-24,ACTIVE
P002408,SKU002408,Sneakers 337,BR00067,CAT003,"Fact whom her accept. Letter half forget. Marriage its approach air look.
American still strategy.",2024-08-14,ACTIVE
P002409,SKU002409,Laptop 681,BR00022,CAT004,Society have market democratic establish not government. Miss pull explain smile.,2026-04-07,ACTIVE
P002410,SKU002410,Jacket 770,BR00009,CAT004,Contain its never know. Between care establish culture writer.,2023-12-03,ACTIVE
P002411,SKU002411,Headphones 949,BR00079,CAT005,Anyone go list nor hear. Glass show man onto population base whose these.,2024-05-08,ACTIVE
P002412,SKU002412,Saree 179,BR00061,CAT001,Community another democratic summer name international. Reveal sort must market security share.,2025-01-25,ACTIVE
P002413,SKU002413,Backpack 57,BR00006,CAT002,Learn group win step war car receive. Event husband they morning here seek front this.,2025-12-13,ACTIVE
P002414,SKU002414,Sneakers 641,BR00089,CAT002,Right person minute movie my. Very build painting year coach.,2026-05-21,ACTIVE
P002415,SKU002415,Saree 104,BR00031,CAT002,Energy force citizen front nor rate. Audience prove onto stop wide home.,2023-12-22,ACTIVE
P002416,SKU002416,Jeans 795,BR00086,CAT002,Trouble look subject arrive section say western professional. Trial him other meeting yeah.,2026-08-20,ACTIVE
P002417,SKU002417,Backpack 647,BR00097,CAT003,Bag media ok something. Measure ever candidate again TV finally few.,2026-06-16,ACTIVE
P002418,SKU002418,Laptop 792,BR00082,CAT001,Bad into yes response. Popular heart difficult possible allow measure send. Central act easy.,2025-11-15,ACTIVE
P002419,SKU002419,Backpack 669,BR00020,CAT002,Wide cultural card. Adult top suffer drop.,2026-06-05,ACTIVE
P002420,SKU002420,T-Shirt 144,BR00060,CAT005,Your pressure baby she television adult.,2023-10-02,ACTIVE
P002421,SKU002421,Saree 518,BR00041,CAT002,Weight opportunity may. Per around fine standard they. Citizen alone box receive federal.,2026-06-12,ACTIVE
P002422,SKU002422,Jacket 124,BR00062,CAT002,Throughout fine only community although. Doctor have single full decide oil.,2025-10-30,ACTIVE
P002423,SKU002423,Jeans 746,BR00067,CAT003,Affect will material first once. Hour finish always order responsibility defense relate.,2024-07-04,ACTIVE
P002424,SKU002424,T-Shirt 448,BR00091,CAT005,His amount southern smile lot. Hand east upon art message.,2025-03-07,ACTIVE
P002425,SKU002425,Laptop 606,BR00051,CAT004,Past public pretty. Various sit your help piece. Require field property.,2026-03-29,ACTIVE
P002426,SKU002426,Jeans 329,BR00088,CAT002,Federal industry point perhaps none. Play boy drop. Be forward we out.,2025-03-06,ACTIVE
P002427,SKU002427,Jacket 786,BR00098,CAT001,Point believe sound fall.,2026-09-02,ACTIVE
P002428,SKU002428,Saree 99,BR00016,CAT004,Republican ground culture forward. Soldier family never support time town. Future among husband.,2026-03-20,ACTIVE
P002429,SKU002429,Jeans 738,BR00037,CAT005,Amount meet pressure wife six skill. Bag country edge prove. Provide but special case head.,2025-05-19,ACTIVE
P002430,SKU002430,Laptop 929,BR00066,CAT005,Full last memory member.,2024-10-27,ACTIVE
P002431,SKU002431,Headphones 311,BR00091,CAT003,Today true energy east me. Success those enter painting agree discover.,2024-02-20,ACTIVE
P002432,SKU002432,Sneakers 226,BR00024,CAT003,Area school soldier yet I development. Thank upon mission its civil carry over left.,2025-01-10,ACTIVE
P002433,SKU002433,Backpack 169,BR00034,CAT003,Citizen something one authority ground often. Because and short. Maintain reveal audience six.,2023-11-03,ACTIVE
P002434,SKU002434,T-Shirt 224,BR00030,CAT004,Trip partner commercial goal. Throughout owner staff project box beautiful job our.,2023-10-08,ACTIVE
P002435,SKU002435,Laptop 67,BR00046,CAT004,Not eat onto somebody. Politics attention month local blood form career floor.,2025-07-08,ACTIVE
P002436,SKU002436,Backpack 143,BR00084,CAT003,American off their report. Major artist thing same.,2025-06-11,ACTIVE
P002437,SKU002437,T-Shirt 357,BR00024,CAT005,Within drug child that next. Enough sound number ready able protect bar page.,2024-08-13,ACTIVE
P002438,SKU002438,Headphones 924,BR00002,CAT001,"Great here no reality fire.
See chair data pay majority. Note drop song action wind mother either.",2024-12-20,ACTIVE
P002439,SKU002439,Sneakers 312,BR00077,CAT002,Treatment reduce same hot consider soldier which back. Speak concern second test standard care.,2025-10-07,ACTIVE
P002440,SKU002440,Sneakers 735,BR00049,CAT004,Receive pressure another office grow.,2024-01-20,ACTIVE
P002441,SKU002441,Backpack 830,BR00099,CAT002,Positive administration food black. Evening up learn the. Name rock teach.,2023-10-03,ACTIVE
P002442,SKU002442,T-Shirt 891,BR00062,CAT003,However recognize relationship institution stock assume hotel.,2026-06-27,ACTIVE
P002443,SKU002443,Saree 304,BR00037,CAT005,Why high certainly nation over. Model across market window kind.,2024-07-23,ACTIVE
P002444,SKU002444,Saree 607,BR00044,CAT002,Hope appear still finish. Figure space over tend peace bank issue trial. Street day some no.,2024-05-23,ACTIVE
P002445,SKU002445,Backpack 828,BR00045,CAT001,Necessary include wear do life. What matter idea country prevent them fund.,2024-08-29,ACTIVE
P002446,SKU002446,Jeans 401,BR00079,CAT001,Right would time. Include first condition training gun night. Often help without view.,2026-03-17,ACTIVE
P002447,SKU002447,T-Shirt 52,BR00001,CAT005,Result before may. Ago board but manager. Until music see we.,2026-06-10,ACTIVE
P002448,SKU002448,T-Shirt 345,BR00039,CAT005,Game protect feel now ready fast.,2025-09-04,ACTIVE
P002449,SKU002449,Backpack 907,BR00025,CAT002,American consumer above difference yourself pressure most. Standard station part ball.,2025-04-14,ACTIVE
P002450,SKU002450,T-Shirt 813,BR00083,CAT003,Bill central wrong use factor mother. Structure partner modern program unit surface manager behind.,2026-06-27,ACTIVE
P002451,SKU002451,Jacket 15,BR00015,CAT003,Way ago approach. Near nor factor good. Material each property book billion.,2025-05-17,ACTIVE
P002452,SKU002452,Jeans 925,BR00032,CAT003,Take real protect four. Poor third social cultural nor during per.,2025-06-24,ACTIVE
P002453,SKU002453,Jacket 205,BR00000,CAT002,Responsibility avoid sell seem place may. Game drug tell soon.,2026-06-03,ACTIVE
P002454,SKU002454,Backpack 504,BR00031,CAT004,Game bill your. Age house Mr owner left article draw. Range term international.,2024-06-30,ACTIVE
P002455,SKU002455,Backpack 296,BR00035,CAT004,Democrat night those music new station. Every board quite those boy hope coach.,2024-03-29,ACTIVE
P002456,SKU002456,Saree 894,BR00081,CAT004,Structure since recently such executive. Leader mean main voice. Assume now one.,2024-08-19,ACTIVE
P002457,SKU002457,Jeans 743,BR00016,CAT001,Realize baby ready my process cover. Night improve girl. Again purpose general part.,2026-09-06,ACTIVE
P002458,SKU002458,Jacket 823,BR00028,CAT003,Follow show next assume company recently enter. Someone inside arrive many similar short born.,2023-09-25,ACTIVE
P002459,SKU002459,Saree 508,BR00081,CAT004,Writer get together produce have. Tonight including alone newspaper. Point show care our.,2024-07-16,ACTIVE
P002460,SKU002460,Jeans 691,BR00011,CAT005,"Why dark fear reflect beat want. Trial item treat with important.
Itself something with notice.",2023-12-21,ACTIVE
P002461,SKU002461,Headphones 436,BR00056,CAT003,Run over several impact president market great. Ten lead personal direction dog live fly.,2026-04-22,ACTIVE
P002462,SKU002462,Jacket 113,BR00013,CAT002,Country grow ground. Have magazine southern goal. Around research wall as find.,2023-11-19,ACTIVE
P002463,SKU002463,Jeans 380,BR00091,CAT003,Sit east child business poor may. Power down clear safe.,2026-07-17,ACTIVE
P002464,SKU002464,T-Shirt 270,BR00057,CAT004,Knowledge beat fish budget rest. Network newspaper smile PM throw item right.,2026-03-25,ACTIVE
P002465,SKU002465,Watch 662,BR00068,CAT002,Could prepare quite record town. Indicate occur hot. Yourself save nation.,2025-12-02,ACTIVE
P002466,SKU002466,Sneakers 741,BR00034,CAT002,During line size line question hit certain. Threat blood leg hundred its also yard.,2024-04-25,ACTIVE
P002467,SKU002467,Watch 264,BR00080,CAT003,Push training unit. Itself note student know partner she.,2026-07-13,ACTIVE
P002468,SKU002468,Backpack 521,BR00012,CAT002,Paper light perform listen. Share this join old design.,2024-07-29,ACTIVE
P002469,SKU002469,Jacket 71,BR00098,CAT002,Center scene once talk thus will. Option size likely even. Cover class head theory kitchen world.,2026-08-24,ACTIVE
P002470,SKU002470,Laptop 968,BR00080,CAT003,Several main school especially other once. Face room science true ago visit on attention.,2025-08-01,ACTIVE
P002471,SKU002471,Watch 536,BR00009,CAT005,Other person teach involve. Case political down pick compare.,2025-04-13,ACTIVE
P002472,SKU002472,Headphones 700,BR00012,CAT001,Cause worry back agency affect item. Career power interesting agent.,2024-08-04,ACTIVE
P002473,SKU002473,Jacket 141,BR00005,CAT002,Plan long fund. Community us several minute such represent four.,2023-10-08,ACTIVE
P002474,SKU002474,Backpack 585,BR00002,CAT005,"Message same east majority travel.
Happy environment black believe.",2024-08-27,ACTIVE
P002475,SKU002475,Headphones 999,BR00058,CAT003,Many upon environment. Wait tough matter far military. Act beautiful writer defense hope program.,2025-10-06,ACTIVE
P002476,SKU002476,Jeans 422,BR00029,CAT003,Series investment senior capital customer fine sing stay. With same or product scientist natural.,2026-05-15,ACTIVE
P002477,SKU002477,T-Shirt 115,BR00027,CAT005,Yet support tell share read. Above face create market. Keep similar administration visit it among.,2025-12-07,ACTIVE
P002478,SKU002478,Laptop 39,BR00090,CAT002,Coach dark share no team. Quickly themselves capital. Left four computer eight teach.,2025-04-11,ACTIVE
P002479,SKU002479,Watch 112,BR00087,CAT003,Course until good drop beautiful join air.,2023-12-05,ACTIVE
P002480,SKU002480,Saree 557,BR00088,CAT001,Green number them very staff. Really news next rule necessary.,2024-08-12,ACTIVE
P002481,SKU002481,Laptop 890,BR00022,CAT002,Still car threat. Black travel but they page return. Pm price hotel.,2025-05-13,ACTIVE
P002482,SKU002482,Saree 285,BR00036,CAT005,Doctor water remember personal power.,2024-12-14,ACTIVE
P002483,SKU002483,T-Shirt 78,BR00063,CAT001,Very spring station city fund financial think discuss. Forward benefit art positive road.,2025-11-15,ACTIVE
P002484,SKU002484,Saree 631,BR00034,CAT001,Skill particularly could value price concern. Song easy ask finish employee wall.,2024-11-11,ACTIVE
P002485,SKU002485,Saree 413,BR00099,CAT004,Material these staff field plant approach by organization. Some officer year tough property.,2024-03-11,ACTIVE
P002486,SKU002486,Watch 174,BR00044,CAT005,Three sea option new front north. Each plan stand significant.,2024-09-16,ACTIVE
P002487,SKU002487,Jeans 160,BR00071,CAT002,"Forward sense score bit car. Hand amount dream.
First without when thousand pattern modern adult.",2025-01-02,ACTIVE
P002488,SKU002488,Watch 376,BR00065,CAT003,Floor television student which. History focus town into sort manager.,2024-06-17,ACTIVE
P002489,SKU002489,Watch 936,BR00092,CAT003,Friend page late well draw build between knowledge. Language two economy goal.,2024-10-21,ACTIVE
P002490,SKU002490,Headphones 398,BR00079,CAT004,Human medical about citizen bank cold score.,2024-07-10,ACTIVE
P002491,SKU002491,Headphones 451,BR00030,CAT002,Day here sound. Health cultural cold design chair.,2025-06-08,ACTIVE
P002492,SKU002492,Sneakers 567,BR00071,CAT001,Successful energy or call wind sometimes pay. Home perhaps game example in every response.,2025-08-22,ACTIVE
P002493,SKU002493,Saree 111,BR00084,CAT001,Forward crime final. Soldier seat why event dream hour.,2025-05-10,ACTIVE
P002494,SKU002494,T-Shirt 48,BR00094,CAT004,"Policy actually production dark.
Draw use can whether check.",2023-10-10,ACTIVE
P002495,SKU002495,Backpack 314,BR00093,CAT004,Look and town. Piece to lot eat low high ready bank. Candidate like beyond minute medical.,2025-06-03,ACTIVE
P002496,SKU002496,Jeans 83,BR00070,CAT002,Present one election project degree less. Color the training very admit choice.,2025-04-16,ACTIVE
P002497,SKU002497,Headphones 340,BR00099,CAT003,Well young product top cost. Need of according city red head give military.,2026-06-05,ACTIVE
P002498,SKU002498,Saree 300,BR00055,CAT004,Report their city short. Approach determine position everybody current.,2023-11-17,ACTIVE
P002499,SKU002499,Watch 274,BR00020,CAT004,Exactly into able sense make sea dog. Wall light report modern.,2024-02-11,ACTIVE
P002500,SKU002500,Saree 429,BR00043,CAT002,Population up hit.,2026-04-16,ACTIVE
P002501,SKU002501,T-Shirt 516,BR00099,CAT001,Physical office voice note. Grow lot second act after.,2026-01-16,ACTIVE
P002502,SKU002502,Laptop 915,BR00042,CAT001,Happen try toward account sing development hour.,2026-07-30,ACTIVE
P002503,SKU002503,Sneakers 739,BR00076,CAT001,Traditional treatment though start letter probably day. Chance travel trade ok.,2026-01-06,ACTIVE
P002504,SKU002504,T-Shirt 197,BR00008,CAT001,Explain possible health idea task. Ball front so down agreement main your.,2025-05-07,ACTIVE
P002505,SKU002505,T-Shirt 925,BR00084,CAT005,Reveal Congress join week less special. Realize result side project woman.,2025-01-01,ACTIVE
P002506,SKU002506,Sneakers 568,BR00022,CAT003,Study keep white yet maintain. Science development major important.,2024-05-18,ACTIVE
P002507,SKU002507,Sneakers 293,BR00096,CAT004,Not no former table claim early. Majority attack eight main major whose.,2026-07-24,ACTIVE
P002508,SKU002508,Saree 232,BR00073,CAT004,Success bed campaign allow. Professional step site painting.,2024-10-27,ACTIVE
P002509,SKU002509,Jacket 57,BR00065,CAT003,Drop television reveal decade south challenge page. Thing under chance so.,2025-01-20,ACTIVE
P002510,SKU002510,Jacket 485,BR00088,CAT002,Tree serious share area.,2024-09-18,ACTIVE
P002511,SKU002511,Saree 988,BR00027,CAT001,Admit yard before lead. Grow feeling themselves reality day hand without.,2025-11-09,ACTIVE
P002512,SKU002512,Watch 514,BR00004,CAT001,City year really become.,2026-07-18,ACTIVE
P002513,SKU002513,Saree 754,BR00047,CAT002,Several close medical short a lawyer night.,2026-03-29,ACTIVE
P002514,SKU002514,Backpack 198,BR00066,CAT005,Region although hospital score radio. Whether part million send.,2024-05-14,ACTIVE
P002515,SKU002515,Jacket 954,BR00032,CAT005,Indicate against turn debate. Black dream dark.,2024-10-02,ACTIVE
P002516,SKU002516,Jacket 465,BR00067,CAT001,Including among against foreign stop draw true. What history pass tell environmental.,2024-09-29,ACTIVE
P002517,SKU002517,Sneakers 229,BR00055,CAT001,Herself operation million result. Any hold citizen top.,2025-11-18,ACTIVE
P002518,SKU002518,T-Shirt 221,BR00066,CAT005,Public my beautiful allow name high conference. Late win bar dinner government risk goal.,2025-01-30,ACTIVE
P002519,SKU002519,Backpack 527,BR00029,CAT002,Pm language capital approach billion care dream. Now question seven small debate night son stuff.,2026-06-22,ACTIVE
P002520,SKU002520,T-Shirt 842,BR00057,CAT001,Ok spring thank community before. Here million remain create crime huge stand apply.,2024-04-26,ACTIVE
P002521,SKU002521,Sneakers 809,BR00041,CAT002,Customer us sing push pressure affect. Recently cell begin plant.,2026-01-11,ACTIVE
P002522,SKU002522,T-Shirt 953,BR00039,CAT003,Ground space total force animal walk. Chair easy third answer truth sit. Cultural pull make year.,2026-02-21,ACTIVE
P002523,SKU002523,Sneakers 123,BR00004,CAT004,Use letter myself college. Allow card they card special kind step.,2025-04-24,ACTIVE
P002524,SKU002524,Watch 50,BR00001,CAT002,Money into various section. Machine single foot speak.,2025-01-09,ACTIVE
P002525,SKU002525,Jacket 81,BR00008,CAT003,Question whole garden quality vote. Table training itself parent. My send outside sing number save.,2024-12-10,ACTIVE
P002526,SKU002526,Headphones 794,BR00094,CAT001,Ok group effect then. Little forward total candidate material thank order.,2026-09-07,ACTIVE
P002527,SKU002527,Watch 840,BR00079,CAT002,Data must give suggest spend today. Everything the crime tonight bad.,2026-05-05,ACTIVE
P002528,SKU002528,Headphones 507,BR00036,CAT005,East candidate benefit step high day.,2025-08-08,ACTIVE
P002529,SKU002529,T-Shirt 885,BR00032,CAT005,Agree those notice step important. Early budget fine environmental question meeting PM.,2025-04-29,ACTIVE
P002530,SKU002530,Backpack 500,BR00052,CAT001,"Loss put collection bit again political.
Democrat energy catch away. Product next son other born.",2026-04-30,ACTIVE
P002531,SKU002531,Saree 972,BR00052,CAT002,Cultural interesting control series. While bad often. Age suffer number benefit.,2024-04-29,ACTIVE
P002532,SKU002532,T-Shirt 260,BR00084,CAT003,Administration security agency. Campaign evidence myself cold. Carry phone into yet few arm.,2024-07-06,ACTIVE
P002533,SKU002533,T-Shirt 65,BR00004,CAT003,Effort hospital arm appear kid together. Range serious bank reveal face can provide fish.,2024-02-01,ACTIVE
P002534,SKU002534,Backpack 944,BR00005,CAT003,Available information product. Line model agency ability lay. Account news because help.,2024-12-15,ACTIVE
P002535,SKU002535,T-Shirt 311,BR00055,CAT002,Sing describe him size ago certain available. Strategy door alone.,2024-02-01,ACTIVE
P002536,SKU002536,Headphones 447,BR00015,CAT005,"Fine to executive able if. Message task per yourself.
Return bring before. White edge half talk.",2025-02-16,ACTIVE
P002537,SKU002537,T-Shirt 955,BR00053,CAT005,Season forward others evening. Foot plan often lose. Section image type guy.,2024-07-17,ACTIVE
P002538,SKU002538,Headphones 485,BR00022,CAT003,Around trial practice especially provide mention year. Team third we stop author interest relate.,2024-09-02,ACTIVE
P002539,SKU002539,Laptop 1,BR00020,CAT002,Such nothing may throughout before.,2024-07-23,ACTIVE
P002540,SKU002540,Jeans 954,BR00054,CAT002,Short necessary fear. Try environmental film.,2025-02-08,ACTIVE
P002541,SKU002541,T-Shirt 708,BR00039,CAT005,"Need minute above. Budget speech enjoy enter color effort.
Involve follow for want.",2023-11-13,ACTIVE
P002542,SKU002542,Sneakers 113,BR00074,CAT005,Trouble determine painting expert painting.,2025-12-29,ACTIVE
P002543,SKU002543,Watch 995,BR00088,CAT002,Air street help surface do change campaign. Computer material time activity line none Democrat.,2026-08-19,ACTIVE
P002544,SKU002544,Sneakers 232,BR00002,CAT004,Call college effect available poor suffer impact. Forget to career write necessary in politics.,2023-11-02,ACTIVE
P002545,SKU002545,Backpack 136,BR00013,CAT005,Another try himself similar human. Able two investment day.,2024-03-13,ACTIVE
P002546,SKU002546,Backpack 784,BR00085,CAT001,Fund wide improve interest land federal. Around indeed think most particularly race oil.,2024-05-04,ACTIVE
P002547,SKU002547,Sneakers 54,BR00048,CAT003,Force relationship actually. He alone soon turn.,2025-06-17,ACTIVE
P002548,SKU002548,Backpack 563,BR00097,CAT003,Ability suddenly risk every which. Idea sure everybody order other job significant hair.,2025-01-08,ACTIVE
P002549,SKU002549,Jeans 636,BR00027,CAT005,Hotel pressure ask avoid usually fund. Sell reduce beyond than civil.,2023-11-16,ACTIVE
P002550,SKU002550,Jeans 553,BR00098,CAT001,Program heart above black source knowledge they. New window bill car. Often ask together put.,2025-06-07,ACTIVE
P002551,SKU002551,Backpack 190,BR00081,CAT003,House ask boy clearly off. Personal bed among soon.,2024-06-24,ACTIVE
P002552,SKU002552,T-Shirt 351,BR00053,CAT005,Kind art baby party window hair water. Big stock whole remember standard anything.,2024-03-17,ACTIVE
P002553,SKU002553,Backpack 775,BR00093,CAT005,Sometimes front cause early. Daughter choice beat candidate analysis.,2025-08-30,ACTIVE
P002554,SKU002554,Laptop 568,BR00049,CAT005,Tough what argue carry author face top agree. First actually something with art high particularly.,2026-03-22,ACTIVE
P002555,SKU002555,Headphones 719,BR00036,CAT005,Work relationship choice game care. Next perhaps despite. I food letter experience radio.,2025-11-18,ACTIVE
P002556,SKU002556,Jacket 13,BR00002,CAT004,Leader pay test front. Nation no whom teach child new begin.,2024-04-05,ACTIVE
P002557,SKU002557,Jacket 818,BR00097,CAT004,Question memory responsibility. Past child green step girl majority spend wait.,2025-02-01,ACTIVE
P002558,SKU002558,Jeans 584,BR00048,CAT005,Age hot walk knowledge sister vote. Per mean through policy even natural.,2025-03-12,ACTIVE
P002559,SKU002559,Watch 452,BR00013,CAT003,Treatment any section. Reason example parent may man. Real especially book may.,2023-12-29,ACTIVE
P002560,SKU002560,Backpack 451,BR00001,CAT005,Key turn view Democrat. Yourself news drive rise high.,2026-04-23,ACTIVE
P002561,SKU002561,Laptop 324,BR00049,CAT005,Man return charge recent. Defense expert must interview.,2026-02-15,ACTIVE
P002562,SKU002562,Watch 584,BR00059,CAT005,Radio determine something four if forget and. Be answer half option investment student.,2026-07-24,ACTIVE
P002563,SKU002563,T-Shirt 250,BR00090,CAT001,Friend whether media maintain art. Page push people.,2025-02-21,ACTIVE
P002564,SKU002564,Sneakers 123,BR00089,CAT005,"Gun nation education home very ten. Here its successful during.
Assume baby any us receive.",2024-09-27,ACTIVE
P002565,SKU002565,Jeans 808,BR00017,CAT005,Space local spring down his. Power prevent two respond.,2025-12-13,ACTIVE
P002566,SKU002566,Laptop 274,BR00026,CAT001,Herself page wall those. Radio seek ground road apply. Green level security be born make natural.,2025-08-27,ACTIVE
P002567,SKU002567,Saree 740,BR00069,CAT004,Power yeah save. Big election score anything.,2026-03-16,ACTIVE
P002568,SKU002568,Backpack 488,BR00051,CAT001,Maybe unit modern close. Go activity change education onto every partner.,2025-06-05,ACTIVE
P002569,SKU002569,T-Shirt 64,BR00003,CAT001,Investment not pretty institution few decide resource wide.,2025-12-29,ACTIVE
P002570,SKU002570,Headphones 173,BR00013,CAT005,By suggest lose remember. Experience security indeed.,2024-07-12,ACTIVE
P002571,SKU002571,Sneakers 270,BR00084,CAT002,System peace court best.,2026-01-28,ACTIVE
P002572,SKU002572,T-Shirt 826,BR00052,CAT002,Help wrong artist. Past future forward already policy else.,2023-12-02,ACTIVE
P002573,SKU002573,Saree 983,BR00031,CAT001,Son draw my option. Also tough this popular young age. Already policy wall family home.,2024-10-08,ACTIVE
P002574,SKU002574,T-Shirt 748,BR00019,CAT005,Race year somebody me security measure. Five knowledge author draw. Big defense own.,2025-11-05,ACTIVE
P002575,SKU002575,Jeans 661,BR00075,CAT002,"Subject woman after bag same southern.
Figure clear life. Various approach century local try.",2025-04-19,ACTIVE
P002576,SKU002576,Jeans 273,BR00036,CAT003,Tell skin cell notice million. All look free yard. Off particular series indicate.,2025-10-06,ACTIVE
P002577,SKU002577,T-Shirt 847,BR00011,CAT005,Pay ago standard little. Clear toward home perform instead.,2024-12-25,ACTIVE
P002578,SKU002578,Jacket 70,BR00072,CAT002,Reduce smile past use. Million probably as instead still participant southern.,2026-09-19,ACTIVE
P002579,SKU002579,Laptop 315,BR00086,CAT002,"On guy past such ground.
Attention power consider nor need key treatment. Stage part attack box.",2024-03-31,ACTIVE
P002580,SKU002580,T-Shirt 908,BR00073,CAT004,Several believe reduce positive add. All find produce impact.,2025-12-14,ACTIVE
P002581,SKU002581,T-Shirt 685,BR00031,CAT004,Staff forward you note need voice. Hard world because.,2024-11-13,ACTIVE
P002582,SKU002582,Sneakers 320,BR00030,CAT001,"Yard local back. Reason product choice top project manage region section.
Alone other agree.",2026-03-07,ACTIVE
P002583,SKU002583,T-Shirt 473,BR00058,CAT003,Who agency before citizen.,2026-03-10,ACTIVE
P002584,SKU002584,Backpack 730,BR00002,CAT004,Ready cut beyond add history technology. Level talk stop present.,2024-05-27,ACTIVE
P002585,SKU002585,Watch 949,BR00081,CAT003,Style man enter peace instead success. Just they build this.,2024-03-10,ACTIVE
P002586,SKU002586,Headphones 441,BR00084,CAT002,Play find later list wish. Last idea develop in alone source remain.,2024-02-05,ACTIVE
P002587,SKU002587,T-Shirt 521,BR00060,CAT004,Environment least approach top these.,2025-03-30,ACTIVE
P002588,SKU002588,Headphones 487,BR00036,CAT001,Area individual significant possible that open money go. Herself realize ball walk.,2025-07-19,ACTIVE
P002589,SKU002589,Watch 793,BR00020,CAT002,Another open administration culture indeed agent include. Bar entire yet somebody voice officer.,2024-11-29,ACTIVE
P002590,SKU002590,Headphones 427,BR00098,CAT004,Data activity wait respond above cut. Each no difference including. Two campaign another dog.,2024-11-15,ACTIVE
P002591,SKU002591,Sneakers 261,BR00043,CAT005,Too purpose find official nice food. Join peace participant meeting industry government.,2025-07-10,ACTIVE
P002592,SKU002592,Jacket 953,BR00038,CAT003,Radio great on real pay lose its. Though no real head herself arrive.,2024-08-19,ACTIVE
P002593,SKU002593,Watch 307,BR00071,CAT001,Save mission economy expect. Consumer sit truth public would.,2024-01-06,ACTIVE
P002594,SKU002594,Headphones 841,BR00029,CAT002,Box quickly seven picture position rule pass strong. Agreement end employee bill.,2025-08-03,ACTIVE
P002595,SKU002595,Headphones 759,BR00040,CAT004,Can camera those financial. Business will tonight month possible.,2023-11-21,ACTIVE
P002596,SKU002596,T-Shirt 51,BR00030,CAT002,Idea consider to will happy. Age behavior low run fast skin.,2024-02-14,ACTIVE
P002597,SKU002597,T-Shirt 358,BR00032,CAT002,Alone senior very newspaper though exist. Capital brother rise notice lot boy low.,2025-01-11,ACTIVE
P002598,SKU002598,Headphones 383,BR00094,CAT002,Quickly close key kitchen son those unit.,2024-03-09,ACTIVE
P002599,SKU002599,Jacket 691,BR00073,CAT001,Hold early agree find strategy. Activity tax beat.,2026-01-14,ACTIVE
P002600,SKU002600,Watch 642,BR00099,CAT005,It recognize computer draw those single. Myself choose down discuss opportunity two figure.,2025-05-23,ACTIVE
P002601,SKU002601,Laptop 438,BR00023,CAT002,Care note for. Skin buy red theory capital ahead. Grow write three charge protect.,2023-10-19,ACTIVE
P002602,SKU002602,Headphones 574,BR00012,CAT004,Store consumer section baby answer yet.,2024-05-07,ACTIVE
P002603,SKU002603,Watch 112,BR00015,CAT004,"Subject base single court. Design not research smile.
This start yes mean.",2024-10-17,ACTIVE
P002604,SKU002604,Jacket 883,BR00027,CAT004,Eight interview fear positive around friend measure. Ago keep manager player real including.,2025-08-25,ACTIVE
P002605,SKU002605,Headphones 249,BR00094,CAT003,Hand magazine address kid personal against. Course foreign family program.,2024-05-22,ACTIVE
P002606,SKU002606,Laptop 849,BR00068,CAT003,From firm level market but. Open real total rule. Later paper stage side even.,2026-06-05,ACTIVE
P002607,SKU002607,Laptop 361,BR00062,CAT001,Who ball day reduce. Ready Democrat fish organization.,2025-12-26,ACTIVE
P002608,SKU002608,Headphones 30,BR00016,CAT005,Former sure grow toward. Building pattern eight already.,2024-11-01,ACTIVE
P002609,SKU002609,Jeans 845,BR00042,CAT003,Boy Congress decision. Order western report technology future. Space close during moment exactly.,2025-09-20,ACTIVE
P002610,SKU002610,Headphones 12,BR00048,CAT002,Term section all southern moment poor. Perhaps choice might month able. Fire threat read risk type.,2023-12-09,ACTIVE
P002611,SKU002611,Sneakers 873,BR00070,CAT003,Religious oil trip page ball. Theory see available claim agree.,2025-10-28,ACTIVE
P002612,SKU002612,Jeans 268,BR00082,CAT005,Under represent campaign station remember security. Business customer since without.,2024-06-11,ACTIVE
P002613,SKU002613,Jeans 228,BR00009,CAT005,Whether single oil toward different two building. Like protect college eye because lot.,2025-09-23,ACTIVE
P002614,SKU002614,Saree 508,BR00099,CAT002,According number such property gun.,2026-05-31,ACTIVE
P002615,SKU002615,Jacket 490,BR00038,CAT002,Majority assume parent some score identify.,2025-03-16,ACTIVE
P002616,SKU002616,Backpack 882,BR00020,CAT002,Send small street analysis recently along. Past tax baby. Finally political several.,2025-12-09,ACTIVE
P002617,SKU002617,Watch 133,BR00004,CAT004,House sometimes perhaps head painting small challenge window. Draw hope kind two forward.,2024-12-23,ACTIVE
P002618,SKU002618,Watch 302,BR00074,CAT004,Care always direction serious hear most station wrong. Moment special analysis lot.,2023-10-03,ACTIVE
P002619,SKU002619,Jeans 284,BR00042,CAT005,Continue book technology door support.,2023-12-01,ACTIVE
P002620,SKU002620,T-Shirt 151,BR00034,CAT004,Throw ball by. In police girl weight occur. Me see increase along hard special.,2026-01-22,ACTIVE
P002621,SKU002621,Laptop 147,BR00054,CAT002,Nature two exactly make range author style. Allow result let maybe. Itself story laugh develop.,2025-07-10,ACTIVE
P002622,SKU002622,Laptop 261,BR00067,CAT005,Meet red heavy. Will rise large memory. Turn energy people even child.,2025-01-05,ACTIVE
P002623,SKU002623,Saree 194,BR00061,CAT001,Wind structure officer space green from exactly. Line another actually throw rise.,2026-05-11,ACTIVE
P002624,SKU002624,Saree 849,BR00055,CAT002,Live ask agree southern. Eat age hair second clearly.,2025-09-02,ACTIVE
P002625,SKU002625,Watch 109,BR00002,CAT001,Class example size order cut PM character note.,2026-02-12,ACTIVE
P002626,SKU002626,Saree 980,BR00052,CAT005,Note notice fund material. Six just whom teach. Either tell discover.,2026-01-19,ACTIVE
P002627,SKU002627,Jeans 164,BR00058,CAT003,Institution important even sure though. Hand hundred nor hard real.,2024-09-27,ACTIVE
P002628,SKU002628,Sneakers 674,BR00020,CAT001,Some family what end green listen soldier. Strong with able against owner citizen.,2025-05-04,ACTIVE
P002629,SKU002629,Watch 960,BR00080,CAT005,Next group art think. Serious you rise factor including particularly.,2024-03-02,ACTIVE
P002630,SKU002630,Laptop 265,BR00065,CAT003,"Everything page agreement. Play stop article physical practice upon.
List college hot big.",2025-11-24,ACTIVE
P002631,SKU002631,T-Shirt 454,BR00084,CAT002,Herself happy garden recently its. Hear again gun fast discussion painting class.,2023-10-27,ACTIVE
P002632,SKU002632,Sneakers 280,BR00039,CAT003,Go eye government action trial. Million always policy soldier now. Top letter perform buy.,2026-01-11,ACTIVE
P002633,SKU002633,Watch 173,BR00017,CAT001,Speech real yard strong talk music. Particularly much white region usually.,2026-07-16,ACTIVE
P002634,SKU002634,Headphones 122,BR00050,CAT005,Physical fine such. Dark service after.,2026-02-15,ACTIVE
P002635,SKU002635,Backpack 320,BR00077,CAT005,Head through image page.,2025-03-10,ACTIVE
P002636,SKU002636,Sneakers 663,BR00010,CAT005,Toward want it sense. Adult bag them prove. Leader fund western begin.,2025-01-04,ACTIVE
P002637,SKU002637,Headphones 134,BR00031,CAT004,Order able leg. Government along movie these law. Force decade into away animal.,2025-05-18,ACTIVE
P002638,SKU002638,Jacket 100,BR00036,CAT005,Wife soldier assume sometimes each involve table. Pressure he bar TV today effort discover.,2025-09-15,ACTIVE
P002639,SKU002639,T-Shirt 980,BR00047,CAT001,Necessary boy song financial. Program defense when against expert. Drug writer be pick drive race.,2025-08-16,ACTIVE
P002640,SKU002640,Laptop 656,BR00018,CAT004,Measure also every interview.,2025-10-09,ACTIVE
P002641,SKU002641,Watch 670,BR00091,CAT002,Side catch rich better. Watch fly including page relationship.,2026-07-20,ACTIVE
P002642,SKU002642,Saree 645,BR00018,CAT004,Yes knowledge walk in organization everyone however meeting. Agency base collection heart.,2026-01-02,ACTIVE
P002643,SKU002643,Headphones 300,BR00068,CAT001,"There available air money.
Low its nation. Successful book hundred. Month consumer fight religious.",2024-06-26,ACTIVE
P002644,SKU002644,Laptop 64,BR00095,CAT002,Increase get art card. Number whether morning. Peace Congress popular about. To school pretty wish.,2026-07-24,ACTIVE
P002645,SKU002645,Saree 723,BR00042,CAT001,Position someone write good model Republican easy particular. Moment realize already anything him.,2025-05-27,ACTIVE
P002646,SKU002646,Jeans 599,BR00008,CAT003,"Product history impact major.
Color life consumer keep. Property call agree method fish.",2024-08-11,ACTIVE
P002647,SKU002647,Laptop 338,BR00024,CAT004,Sport figure certain treat ago. National sort run cost piece government since bit.,2025-10-13,ACTIVE
P002648,SKU002648,Saree 2,BR00079,CAT002,Economic shoulder meet create. Animal store itself knowledge enough hard. Rate reveal from heavy.,2024-10-30,ACTIVE
P002649,SKU002649,Backpack 960,BR00061,CAT002,Become end we answer purpose good. Not song garden book fly try particularly.,2025-11-22,ACTIVE
P002650,SKU002650,Sneakers 91,BR00002,CAT003,Seem feeling book once figure cost order. Else budget which fall them society at.,2024-11-02,ACTIVE
P002651,SKU002651,Saree 460,BR00035,CAT001,Nor subject if question learn. Range common soldier television. Author research anyone.,2024-01-02,ACTIVE
P002652,SKU002652,Jacket 163,BR00061,CAT005,Alone him cultural camera. Western report out. Option move law.,2024-06-27,ACTIVE
P002653,SKU002653,Laptop 959,BR00072,CAT005,Political service to couple add. Moment thousand hospital child start feeling phone exactly.,2025-12-06,ACTIVE
P002654,SKU002654,Headphones 681,BR00004,CAT003,Specific avoid artist coach research discuss. Particular enjoy surface important their say new man.,2024-02-20,ACTIVE
P002655,SKU002655,Laptop 992,BR00045,CAT001,Return good suddenly son avoid member I. Camera once here summer fish customer.,2025-12-01,ACTIVE
P002656,SKU002656,Watch 528,BR00029,CAT002,Young dark top quality environment chair guess. Explain movement religious personal.,2025-09-05,ACTIVE
P002657,SKU002657,T-Shirt 403,BR00095,CAT002,Million give other. Say property treat executive election energy consumer.,2025-10-06,ACTIVE
P002658,SKU002658,Laptop 656,BR00022,CAT002,"These peace number experience.
Case theory experience. Citizen state source environmental art.",2026-01-01,ACTIVE
P002659,SKU002659,Laptop 878,BR00018,CAT001,Specific very cultural save. Better me participant area.,2024-12-01,ACTIVE
P002660,SKU002660,Watch 563,BR00033,CAT005,Training heart interesting stay clearly side. One sport tree Congress onto trouble outside agency.,2025-03-01,ACTIVE
P002661,SKU002661,Headphones 920,BR00066,CAT001,Always campaign talk develop walk much. Tonight provide short admit.,2025-03-19,ACTIVE
P002662,SKU002662,Saree 20,BR00006,CAT002,Finally and military. Hard production whom deep visit race.,2024-09-23,ACTIVE
P002663,SKU002663,Headphones 836,BR00053,CAT003,Agent not third before second themselves trouble. Dinner the art early vote society.,2025-09-21,ACTIVE
P002664,SKU002664,Jacket 391,BR00025,CAT003,Boy full national.,2025-08-09,ACTIVE
P002665,SKU002665,T-Shirt 382,BR00074,CAT005,Firm growth available available should want same.,2024-06-04,ACTIVE
P002666,SKU002666,Laptop 83,BR00093,CAT004,Energy research coach rate example. Benefit follow election fire fact.,2024-01-05,ACTIVE
P002667,SKU002667,Watch 238,BR00004,CAT001,Seat accept do final line crime organization cell.,2025-03-22,ACTIVE
P002668,SKU002668,Saree 227,BR00008,CAT004,Act pick ever head bring prepare Republican a. Hundred cost financial family line.,2024-07-26,ACTIVE
P002669,SKU002669,Jacket 636,BR00048,CAT002,Try create pretty Congress right. Within section value describe almost.,2026-05-26,ACTIVE
P002670,SKU002670,Jeans 891,BR00027,CAT005,Reveal low cup staff draw join house. Perhaps southern information later give.,2026-03-22,ACTIVE
P002671,SKU002671,Headphones 719,BR00076,CAT004,Mouth ago increase add. Win wear scientist moment.,2024-08-31,ACTIVE
P002672,SKU002672,Backpack 530,BR00097,CAT002,Work central certainly establish. Report mind value page shake citizen.,2025-02-22,ACTIVE
P002673,SKU002673,T-Shirt 697,BR00013,CAT004,Thousand break four moment need. Democratic story finish partner listen.,2024-09-15,ACTIVE
P002674,SKU002674,Headphones 713,BR00016,CAT002,However street term key way. On note kitchen measure bit individual car.,2025-11-11,ACTIVE
P002675,SKU002675,Saree 824,BR00078,CAT005,Ahead nearly serious challenge. South join get loss professional.,2024-03-12,ACTIVE
P002676,SKU002676,Laptop 826,BR00081,CAT005,Stock behind lot huge certain clearly. Threat mouth very goal accept.,2025-09-05,ACTIVE
P002677,SKU002677,Jacket 490,BR00072,CAT003,Common put however human upon pull. Get student third address.,2025-01-07,ACTIVE
P002678,SKU002678,Headphones 464,BR00061,CAT002,Police because continue why along newspaper picture. Break race measure.,2024-12-19,ACTIVE
P002679,SKU002679,Saree 623,BR00043,CAT005,On white common cup road. Soon sense top identify student.,2026-05-02,ACTIVE
P002680,SKU002680,Headphones 489,BR00028,CAT001,"Media whatever over sometimes. Car state finish according.
Including employee along wrong.",2024-11-15,ACTIVE
P002681,SKU002681,Sneakers 902,BR00021,CAT005,Art as thousand practice doctor everybody detail.,2026-02-18,ACTIVE
P002682,SKU002682,Laptop 139,BR00097,CAT005,Series environment beat training over expect the. Sister child always throw speak happy.,2024-11-21,ACTIVE
P002683,SKU002683,Jacket 235,BR00082,CAT003,Society professor Mrs themselves. Important like it occur least affect. Free east population.,2025-08-21,ACTIVE
P002684,SKU002684,Laptop 171,BR00008,CAT001,Training increase onto with challenge fall notice. Long who citizen western charge campaign.,2025-12-08,ACTIVE
P002685,SKU002685,Jacket 663,BR00077,CAT001,Determine about mean medical near since. Scientist save when million produce discuss walk.,2024-08-16,ACTIVE
P002686,SKU002686,Jacket 631,BR00088,CAT002,Market second deal case shake section offer player. Moment politics chair hair term.,2024-09-02,ACTIVE
P002687,SKU002687,Saree 356,BR00085,CAT004,Like serve reality pattern Democrat nothing. Sometimes knowledge image beat many executive.,2024-04-26,ACTIVE
P002688,SKU002688,Headphones 238,BR00019,CAT002,Citizen friend once small house around speech seem.,2024-02-11,ACTIVE
P002689,SKU002689,Backpack 470,BR00003,CAT005,Citizen detail other one president provide. War case community plant either build perhaps.,2023-12-15,ACTIVE
P002690,SKU002690,Saree 183,BR00061,CAT003,So relationship help network. American prove international population future important trade.,2025-03-07,ACTIVE
P002691,SKU002691,Headphones 233,BR00059,CAT003,Physical even this south least. Team food low political it.,2026-08-27,ACTIVE
P002692,SKU002692,Jacket 449,BR00083,CAT002,By court site soon push school opportunity. Same whether box find.,2024-02-02,ACTIVE
P002693,SKU002693,Headphones 18,BR00040,CAT002,Computer worker cause unit beat. Case set away pick.,2025-01-04,ACTIVE
P002694,SKU002694,Backpack 71,BR00070,CAT001,Court religious may large. Yeah side money lose put meet. Whom television may letter.,2026-03-07,ACTIVE
P002695,SKU002695,Headphones 342,BR00070,CAT002,Whose around floor plant. Soldier member law add meeting back them.,2024-12-06,ACTIVE
P002696,SKU002696,Saree 841,BR00051,CAT001,Area store arm yourself product. Key argue ok sell environmental.,2024-01-19,ACTIVE
P002697,SKU002697,Laptop 163,BR00092,CAT004,Own more yes free particular sell want school. Late decade later season boy from place.,2025-12-29,ACTIVE
P002698,SKU002698,Laptop 720,BR00095,CAT005,Traditional data language north. National quickly wear.,2024-03-22,ACTIVE
P002699,SKU002699,T-Shirt 916,BR00044,CAT004,Charge product prepare policy. Hotel treat yard.,2025-09-07,ACTIVE
P002700,SKU002700,Jeans 204,BR00090,CAT003,Degree want raise seek. Baby production church.,2025-11-12,ACTIVE
P002701,SKU002701,Headphones 183,BR00028,CAT001,"Specific wait machine class keep. Who wrong boy at.
Throw management need.",2026-02-05,ACTIVE
P002702,SKU002702,Laptop 954,BR00020,CAT005,Nice color character which. New word imagine.,2026-05-02,ACTIVE
P002703,SKU002703,Jacket 199,BR00021,CAT004,Very would state if actually alone growth.,2024-10-24,ACTIVE
P002704,SKU002704,Saree 787,BR00048,CAT005,Color message time fight see.,2026-01-22,ACTIVE
P002705,SKU002705,Headphones 229,BR00044,CAT005,Debate item ball which result PM she. Speak prove only bank century star condition.,2024-12-07,ACTIVE
P002706,SKU002706,Backpack 801,BR00082,CAT002,Rock firm go. Modern military building realize change box senior campaign.,2026-03-04,ACTIVE
P002707,SKU002707,Jeans 17,BR00092,CAT002,Write vote support so garden billion. Success thousand blue new poor source way.,2025-10-17,ACTIVE
P002708,SKU002708,Backpack 307,BR00010,CAT002,Head box science rest serious trouble. Quality along best above same wear window.,2024-02-10,ACTIVE
P002709,SKU002709,T-Shirt 109,BR00039,CAT002,Month dream save item. Short admit around trouble.,2024-01-23,ACTIVE
P002710,SKU002710,Laptop 527,BR00039,CAT001,Year about west. Here political across soon.,2025-03-08,ACTIVE
P002711,SKU002711,Laptop 501,BR00076,CAT002,Sound every safe ahead soldier through.,2025-07-22,ACTIVE
P002712,SKU002712,Headphones 897,BR00088,CAT002,Own face argue smile according by. Young represent light allow of soon.,2025-02-27,ACTIVE
P002713,SKU002713,T-Shirt 678,BR00058,CAT003,Season act nearly race career. Relate class together special shoulder air along.,2024-06-14,ACTIVE
P002714,SKU002714,Sneakers 989,BR00033,CAT003,Be area seat about task method. Step case account rest. Ten play mean street body audience.,2024-03-01,ACTIVE
P002715,SKU002715,Jeans 270,BR00076,CAT003,Piece thus whole or carry.,2024-05-06,ACTIVE
P002716,SKU002716,Saree 579,BR00009,CAT002,Create gas what possible think. Within near meet state.,2025-05-31,ACTIVE
P002717,SKU002717,Sneakers 495,BR00077,CAT005,Same affect open family eye. Member event series sort set require success.,2024-11-25,ACTIVE
P002718,SKU002718,Backpack 784,BR00086,CAT001,Exactly strong his traditional although morning defense. Whether place worker teach.,2025-04-25,ACTIVE
P002719,SKU002719,Saree 43,BR00091,CAT002,Ball daughter record head notice president Republican. Bank memory true girl.,2025-08-22,ACTIVE
P002720,SKU002720,Backpack 111,BR00098,CAT004,Film easy treat develop. Business like memory will evidence.,2026-03-04,ACTIVE
P002721,SKU002721,Headphones 76,BR00034,CAT001,Environment story while fine police many. Professor between stop pick yourself father.,2024-04-18,ACTIVE
P002722,SKU002722,Jacket 596,BR00074,CAT005,Maintain process language man black whom successful. National natural ready usually.,2025-04-22,ACTIVE
P002723,SKU002723,Saree 700,BR00062,CAT001,Focus doctor term some as. Happen among possible glass decision source care.,2023-09-22,ACTIVE
P002724,SKU002724,Saree 802,BR00022,CAT003,Detail lay analysis model project. Their friend PM. World determine movie reason over here add.,2024-04-19,ACTIVE
P002725,SKU002725,Backpack 569,BR00052,CAT004,Language Mr for certain. Teacher participant usually police catch just give decision.,2026-08-25,ACTIVE
P002726,SKU002726,Saree 9,BR00035,CAT002,Population much it event standard. Eye exactly simple. Born candidate piece hot figure majority.,2024-09-05,ACTIVE
P002727,SKU002727,Backpack 633,BR00087,CAT005,Manager meeting manager full. Big to which arrive certainly no.,2023-11-10,ACTIVE
P002728,SKU002728,Jeans 449,BR00046,CAT001,Thousand any hear even however. School size claim discussion reach mother anyone involve.,2025-11-18,ACTIVE
P002729,SKU002729,Saree 653,BR00028,CAT001,Age up her since often foot example. Red thing perform true fast. Son once use help.,2026-02-06,ACTIVE
P002730,SKU002730,Backpack 543,BR00037,CAT003,Now majority store bag others. Away interest question yet still large others.,2024-12-21,ACTIVE
P002731,SKU002731,Watch 555,BR00085,CAT003,Environmental drop seven during fish discuss foreign. Draw record cultural similar fact.,2025-03-07,ACTIVE
P002732,SKU002732,Backpack 991,BR00089,CAT004,Travel court deep ever good. As within success house future. Notice simply try according night.,2023-09-20,ACTIVE
P002733,SKU002733,Watch 879,BR00091,CAT004,Close last future character although. Situation discussion own manager toward center option.,2026-06-20,ACTIVE
P002734,SKU002734,Jeans 303,BR00046,CAT003,"Law effort social raise.
Address bit yourself make kitchen. Sea a life over seem always.",2024-01-21,ACTIVE
P002735,SKU002735,Jeans 229,BR00068,CAT005,Agree low without computer data. Act whatever investment almost lay. Level store in.,2025-08-24,ACTIVE
P002736,SKU002736,Saree 377,BR00058,CAT002,National discover carry to air indicate six.,2023-09-22,ACTIVE
P002737,SKU002737,Laptop 443,BR00014,CAT003,Describe above worry I now believe. Try water top body. Rock me trip add suddenly.,2024-03-07,ACTIVE
P002738,SKU002738,T-Shirt 618,BR00047,CAT002,Voice party dog stuff summer agent back.,2026-07-15,ACTIVE
P002739,SKU002739,Laptop 440,BR00058,CAT003,Degree you player candidate across model perform.,2024-12-10,ACTIVE
P002740,SKU002740,Backpack 112,BR00082,CAT002,Poor board knowledge. Guess road pass food stay.,2026-02-02,ACTIVE
P002741,SKU002741,Sneakers 293,BR00067,CAT003,Stuff class cultural room. Claim yeah health result system spring.,2025-08-01,ACTIVE
P002742,SKU002742,Backpack 780,BR00014,CAT002,Off among author. Song to talk general.,2025-04-12,ACTIVE
P002743,SKU002743,Sneakers 643,BR00097,CAT004,Civil director discover tree artist type difficult. Long leader evidence.,2023-12-16,ACTIVE
P002744,SKU002744,Headphones 840,BR00030,CAT002,Increase quite care bad media mean score.,2025-12-15,ACTIVE
P002745,SKU002745,Jeans 449,BR00023,CAT003,In report attorney sing two move. Our just yard play finish themselves.,2026-03-11,ACTIVE
P002746,SKU002746,Saree 11,BR00046,CAT003,Medical name foreign once difficult car know camera. Current assume concern.,2025-11-15,ACTIVE
P002747,SKU002747,T-Shirt 798,BR00074,CAT001,Rule nice a.,2026-08-25,ACTIVE
P002748,SKU002748,Jeans 106,BR00036,CAT003,Nice peace foot school to. Month partner technology very option art family.,2024-08-08,ACTIVE
P002749,SKU002749,Laptop 359,BR00052,CAT005,With entire hundred my detail discuss. Against bed usually simply before alone.,2026-03-24,ACTIVE
P002750,SKU002750,Jacket 202,BR00030,CAT003,Garden trouble choice morning instead play.,2024-04-28,ACTIVE
P002751,SKU002751,T-Shirt 568,BR00031,CAT004,Artist rather field since. Than society push improve page. Thus audience another hundred.,2026-03-23,ACTIVE
P002752,SKU002752,Jeans 298,BR00054,CAT005,Six collection million why. Detail late visit wait power thought.,2024-02-22,ACTIVE
P002753,SKU002753,Jeans 498,BR00038,CAT003,Environment recognize check dog open with senior what. Door mission make.,2025-07-30,ACTIVE
P002754,SKU002754,T-Shirt 929,BR00032,CAT002,Send collection rich drug. Above door none professor baby media. Expect yeah though.,2025-03-29,ACTIVE
P002755,SKU002755,Watch 536,BR00058,CAT002,Central wide act serve indeed capital. Garden simple rather radio rise.,2024-04-07,ACTIVE
P002756,SKU002756,Backpack 29,BR00071,CAT002,Music young west let decision note. Product customer represent bank.,2024-11-29,ACTIVE
P002757,SKU002757,Sneakers 352,BR00004,CAT001,Billion buy cut occur learn four. With smile edge huge.,2025-08-02,ACTIVE
P002758,SKU002758,Jacket 354,BR00002,CAT001,Stop government talk step. Bring product value include air girl worker.,2025-04-29,ACTIVE
P002759,SKU002759,Jeans 164,BR00022,CAT003,Everything thank southern player. Too deal red situation nature page. Small ground system like.,2024-11-01,ACTIVE
P002760,SKU002760,T-Shirt 878,BR00094,CAT002,Around vote order single treatment. Large close catch under. Beat win student draw.,2023-11-27,ACTIVE
P002761,SKU002761,T-Shirt 45,BR00018,CAT002,Common quality result by pull old these. State own story sort.,2026-08-06,ACTIVE
P002762,SKU002762,T-Shirt 230,BR00041,CAT002,Mean think particularly skin. Too any also year them yard lay former. Who join else.,2026-04-25,ACTIVE
P002763,SKU002763,Watch 305,BR00082,CAT003,With seem provide line rate. Step first fund almost.,2026-02-15,ACTIVE
P002764,SKU002764,Laptop 715,BR00085,CAT002,Today card condition until think alone. Bad worry detail should TV face.,2026-01-07,ACTIVE
P002765,SKU002765,Jacket 633,BR00054,CAT005,Vote wrong city. Wonder perhaps Democrat. Gas option must feel task wrong. Goal begin seven modern.,2025-01-22,ACTIVE
P002766,SKU002766,Saree 383,BR00058,CAT001,"Himself some exactly.
Term we less music behind record the.",2023-09-24,ACTIVE
P002767,SKU002767,Laptop 456,BR00023,CAT001,Voice box speak.,2024-02-07,ACTIVE
P002768,SKU002768,Laptop 720,BR00094,CAT004,City remain when worker official enjoy still.,2024-02-04,ACTIVE
P002769,SKU002769,Laptop 511,BR00057,CAT001,Experience up everything interest individual.,2025-01-06,ACTIVE
P002770,SKU002770,Jeans 498,BR00051,CAT001,He evidence debate break.,2023-11-22,ACTIVE
P002771,SKU002771,Jacket 267,BR00039,CAT004,Forward season list writer be opportunity idea somebody. Glass result key put answer land summer.,2024-08-17,ACTIVE
P002772,SKU002772,Laptop 372,BR00071,CAT003,Good leave life girl. Yard without because from.,2026-02-05,ACTIVE
P002773,SKU002773,Watch 132,BR00049,CAT004,Treat with mean once simple under. Firm single scene collection. Boy trade woman figure pull.,2026-09-01,ACTIVE
P002774,SKU002774,Jacket 551,BR00061,CAT003,Personal tell seven share continue agency. Author tough direction common.,2026-03-17,ACTIVE
P002775,SKU002775,Saree 996,BR00087,CAT001,"Fish writer task decide.
Customer letter trouble policy increase then minute.",2023-10-28,ACTIVE
P002776,SKU002776,Jeans 418,BR00097,CAT002,Need ground against company. Drive price federal.,2023-12-03,ACTIVE
P002777,SKU002777,Saree 998,BR00062,CAT001,Interest to town human push say wide sport. Anyone development summer movie modern although paper.,2025-05-17,ACTIVE
P002778,SKU002778,Sneakers 854,BR00052,CAT003,Social paper truth. Them before real.,2024-04-01,ACTIVE
P002779,SKU002779,Watch 342,BR00097,CAT004,Crime figure strategy class. Community data those.,2025-08-07,ACTIVE
P002780,SKU002780,Saree 270,BR00096,CAT005,Beyond see such involve page from. Message chance western than explain.,2026-06-13,ACTIVE
P002781,SKU002781,Backpack 809,BR00093,CAT004,All evidence recently partner thus.,2024-11-16,ACTIVE
P002782,SKU002782,T-Shirt 88,BR00073,CAT003,Country any little pass. While suggest while less box. Sell knowledge system yes up.,2026-08-06,ACTIVE
P002783,SKU002783,T-Shirt 878,BR00051,CAT001,"President chair ok first watch left.
Source conference with book purpose community force music.",2026-02-16,ACTIVE
P002784,SKU002784,Watch 643,BR00042,CAT001,Meet when leave art perform onto watch. Over plan catch serious phone decision fact.,2024-12-05,ACTIVE
P002785,SKU002785,Sneakers 537,BR00086,CAT003,But sister but impact lay. Station guy simply fact believe. Employee computer couple agent.,2025-10-12,ACTIVE
P002786,SKU002786,Headphones 791,BR00003,CAT004,Bed develop join federal easy training leave. Recognize onto nothing TV.,2024-11-07,ACTIVE
P002787,SKU002787,Jeans 101,BR00091,CAT004,Them check anything serve too set soldier. Crime pay possible job. Eye technology run somebody.,2025-10-04,ACTIVE
P002788,SKU002788,T-Shirt 907,BR00065,CAT005,Mrs election friend man why. Dinner minute part keep southern nice.,2024-07-16,ACTIVE
P002789,SKU002789,T-Shirt 158,BR00076,CAT004,Still score management serious happen apply. Law enjoy again test task maintain performance.,2024-05-13,ACTIVE
P002790,SKU002790,Watch 535,BR00012,CAT003,Each citizen life bring worry. Boy financial several travel. Same national goal realize money kind.,2026-03-05,ACTIVE
P002791,SKU002791,Backpack 77,BR00040,CAT005,Pull husband attack into. Quickly nice hold suffer.,2023-11-04,ACTIVE
P002792,SKU002792,Jacket 669,BR00066,CAT002,Point road with determine. Skill sure human kitchen.,2025-01-29,ACTIVE
P002793,SKU002793,T-Shirt 421,BR00033,CAT002,History hair he head over camera generation. Notice western put create sure phone. Cold dream less.,2025-05-21,ACTIVE
P002794,SKU002794,Jacket 493,BR00026,CAT005,Boy enjoy medical tell. Official month child new write. Since these end challenge stage.,2023-12-06,ACTIVE
P002795,SKU002795,Watch 758,BR00008,CAT003,Thought remember risk. Hour major region.,2025-05-15,ACTIVE
P002796,SKU002796,Jacket 270,BR00059,CAT004,This born wear score man. Computer term serious employee concern.,2023-11-28,ACTIVE
P002797,SKU002797,Headphones 112,BR00099,CAT005,Simply conference note.,2025-01-23,ACTIVE
P002798,SKU002798,Jacket 775,BR00070,CAT004,Short something best on. Watch step family guess. Example movie rather relationship alone.,2024-04-30,ACTIVE
P002799,SKU002799,Jeans 151,BR00021,CAT002,Term establish may tonight. Painting probably you success.,2023-12-19,ACTIVE
P002800,SKU002800,Jacket 651,BR00047,CAT003,Single trip yard group seem soon statement three. Recent age rather rate.,2026-09-13,ACTIVE
P002801,SKU002801,Saree 391,BR00075,CAT004,As most table later serve. Anyone quickly every listen fast likely those.,2024-06-22,ACTIVE
P002802,SKU002802,Sneakers 818,BR00029,CAT002,Project personal dinner dark unit leg.,2023-11-23,ACTIVE
P002803,SKU002803,Watch 355,BR00020,CAT003,Hard ability social how. Early good serve.,2025-11-11,ACTIVE
P002804,SKU002804,Backpack 691,BR00070,CAT003,Since television present from garden. Outside finish stop seem officer.,2024-09-23,ACTIVE
P002805,SKU002805,Sneakers 177,BR00067,CAT002,Data possible low citizen get method.,2026-04-03,ACTIVE
P002806,SKU002806,Backpack 883,BR00057,CAT003,Reduce section three population attorney wrong that. South positive eat former industry.,2024-10-21,ACTIVE
P002807,SKU002807,T-Shirt 856,BR00049,CAT005,Media feel tend few son natural. Wrong can I price. Last several such reality recently special.,2025-05-04,ACTIVE
P002808,SKU002808,Jeans 531,BR00091,CAT004,Think quickly wide answer trade test they. Republican father across network.,2026-02-13,ACTIVE
P002809,SKU002809,Headphones 233,BR00093,CAT004,Site page full American maybe. President right baby.,2026-03-04,ACTIVE
P002810,SKU002810,Watch 863,BR00094,CAT003,Hour end behind. Sort that power cell see push.,2023-10-06,ACTIVE
P002811,SKU002811,Watch 947,BR00074,CAT002,Probably recently recently win drug job data. Support own break edge.,2026-08-31,ACTIVE
P002812,SKU002812,Laptop 733,BR00029,CAT004,Send newspaper reality exactly degree. Value bit I each. Me politics style painting view.,2024-04-25,ACTIVE
P002813,SKU002813,Sneakers 789,BR00031,CAT001,Effort leader responsibility. Around even of TV fill. Huge model participant politics scene.,2025-04-19,ACTIVE
P002814,SKU002814,Jacket 104,BR00033,CAT003,Else necessary fact suggest. Act trial itself maintain no worry.,2024-04-05,ACTIVE
P002815,SKU002815,Watch 604,BR00043,CAT001,Land reveal report amount analysis. Keep position after sense table allow.,2024-05-03,ACTIVE
P002816,SKU002816,T-Shirt 147,BR00053,CAT004,List bring choose beautiful. Begin finish individual less.,2024-03-03,ACTIVE
P002817,SKU002817,T-Shirt 91,BR00010,CAT002,Follow ability play hospital leader special.,2024-04-18,ACTIVE
P002818,SKU002818,Laptop 669,BR00011,CAT003,"East price page growth who. System enter entire team. Way degree concern.
Have remember us.",2025-12-28,ACTIVE
P002819,SKU002819,Saree 346,BR00081,CAT001,Pm organization Mrs official wonder price modern. Today sell save produce.,2024-10-10,ACTIVE
P002820,SKU002820,Jeans 171,BR00039,CAT003,Owner sing let weight.,2024-11-02,ACTIVE
P002821,SKU002821,T-Shirt 824,BR00041,CAT004,Check member list health. Turn project from whether human. Green officer everything minute moment.,2026-08-14,ACTIVE
P002822,SKU002822,Headphones 686,BR00067,CAT004,Care budget walk list.,2025-09-20,ACTIVE
P002823,SKU002823,Jacket 101,BR00023,CAT002,"It draw city candidate. Officer level ten teach keep.
Strategy find feel. Fast eye art area.",2023-12-04,ACTIVE
P002824,SKU002824,Headphones 983,BR00018,CAT003,Benefit cultural kind often almost.,2024-09-01,ACTIVE
P002825,SKU002825,Watch 31,BR00014,CAT005,Son north by economic. Return cup shake prevent around throw.,2023-11-18,ACTIVE
P002826,SKU002826,Jeans 696,BR00039,CAT005,Specific call step with give. Figure yes as stand environment. Issue others never.,2023-11-16,ACTIVE
P002827,SKU002827,Watch 331,BR00090,CAT001,"Yeah kid race by.
Model see off adult firm skill. Kid management yes what loss whose least.",2026-06-05,ACTIVE
P002828,SKU002828,Backpack 535,BR00019,CAT002,Director blood us might there. Body follow authority though list standard left. Hair become use.,2025-10-14,ACTIVE
P002829,SKU002829,Sneakers 473,BR00097,CAT002,Ball soldier each against. Every drug class and.,2023-12-17,ACTIVE
P002830,SKU002830,T-Shirt 796,BR00063,CAT001,Drive story believe usually central make.,2025-05-06,ACTIVE
P002831,SKU002831,Jacket 278,BR00025,CAT003,Mouth door moment book commercial over guess. Green chair course bit almost language television.,2024-12-04,ACTIVE
P002832,SKU002832,Backpack 979,BR00026,CAT004,Reveal own store figure. Control production reason side.,2026-04-07,ACTIVE
P002833,SKU002833,Headphones 836,BR00040,CAT004,Focus popular sea appear pretty. Possible oil step. Win common crime.,2026-04-25,ACTIVE
P002834,SKU002834,Saree 380,BR00093,CAT003,Strategy work meeting woman collection. Analysis professor argue recently. Per field his agency.,2025-09-22,ACTIVE
P002835,SKU002835,Watch 442,BR00023,CAT002,Reality meet them. Good result ball. Statement treat work stand condition wonder.,2025-01-20,ACTIVE
P002836,SKU002836,Headphones 25,BR00085,CAT003,Kitchen bad soon finish around. Team law dinner say sure.,2026-04-11,ACTIVE
P002837,SKU002837,Jeans 55,BR00000,CAT005,Color painting much police enjoy finally lawyer bank.,2025-09-24,ACTIVE
P002838,SKU002838,Watch 706,BR00051,CAT004,Concern cultural star possible behavior heart. Tell song item guy.,2024-05-07,ACTIVE
P002839,SKU002839,Saree 833,BR00008,CAT001,Response lead especially eye share. Trip child everyone score.,2025-10-05,ACTIVE
P002840,SKU002840,Watch 831,BR00085,CAT004,Less per similar she. Perform course two rich. Meeting you rest enough.,2026-03-27,ACTIVE
P002841,SKU002841,Saree 586,BR00011,CAT002,Relate fight suggest last draw deep. Argue seat relationship writer human material.,2025-04-23,ACTIVE
P002842,SKU002842,T-Shirt 53,BR00019,CAT003,At hotel trouble candidate. Support while wonder who challenge condition. Drop I read him.,2024-10-06,ACTIVE
P002843,SKU002843,Backpack 341,BR00061,CAT002,Never claim reflect hit however. Act own lay despite free. Note board modern down.,2024-03-06,ACTIVE
P002844,SKU002844,Saree 646,BR00095,CAT004,Stand act serve contain collection cell model skill. Lawyer today public author American.,2025-12-04,ACTIVE
P002845,SKU002845,Laptop 486,BR00061,CAT005,Generation reach interesting recently. Beautiful once four us.,2025-02-22,ACTIVE
P002846,SKU002846,Jacket 310,BR00063,CAT004,Move his camera let marriage or. Exactly appear agent unit.,2025-07-27,ACTIVE
P002847,SKU002847,Headphones 878,BR00084,CAT002,Fight suddenly according soon down half his. Respond green defense party character really relate.,2026-07-02,ACTIVE
P002848,SKU002848,T-Shirt 533,BR00037,CAT003,Owner model baby go include imagine only father. Parent hot service much where.,2026-03-23,ACTIVE
P002849,SKU002849,Watch 40,BR00078,CAT002,Former direction speech never. Summer expect professional.,2023-10-29,ACTIVE
P002850,SKU002850,Sneakers 7,BR00094,CAT001,Success character few dream back. Congress look road so now.,2026-09-18,ACTIVE
P002851,SKU002851,Watch 151,BR00095,CAT002,One writer word water.,2024-05-13,ACTIVE
P002852,SKU002852,Sneakers 86,BR00014,CAT003,Single property talk point. International husband behind still.,2026-05-25,ACTIVE
P002853,SKU002853,Headphones 849,BR00067,CAT004,Series maybe election candidate she describe. Amount small others success out successful speak use.,2023-12-25,ACTIVE
P002854,SKU002854,T-Shirt 39,BR00038,CAT001,Positive interest instead effect he. Score yes just. Somebody push step approach truth.,2026-07-28,ACTIVE
P002855,SKU002855,Backpack 127,BR00006,CAT003,Clearly keep sense room back up. Newspaper crime guess father through.,2025-02-10,ACTIVE
P002856,SKU002856,Saree 823,BR00078,CAT001,People child break tonight.,2024-02-18,ACTIVE
P002857,SKU002857,T-Shirt 116,BR00089,CAT005,Base listen study theory surface. None wonder into city.,2024-03-19,ACTIVE
P002858,SKU002858,Sneakers 261,BR00008,CAT002,Should inside response knowledge source ahead. Investment management us unit three.,2025-06-09,ACTIVE
P002859,SKU002859,Headphones 562,BR00050,CAT003,Town year off draw whole. May cause product important feel itself.,2025-12-08,ACTIVE
P002860,SKU002860,Jeans 494,BR00005,CAT002,Live station collection. Article discover same painting agree state miss.,2025-09-12,ACTIVE
P002861,SKU002861,Headphones 38,BR00070,CAT005,How president always. Mission deep memory chance arm great.,2025-08-09,ACTIVE
P002862,SKU002862,T-Shirt 730,BR00021,CAT004,Reflect manager beat camera.,2024-12-29,ACTIVE
P002863,SKU002863,Jacket 467,BR00092,CAT002,Skill peace they bit significant travel research style. Student truth method young treatment in ok.,2026-02-16,ACTIVE
P002864,SKU002864,Saree 474,BR00073,CAT001,"Tough arrive power brother on win participant.
Down service explain model store.",2024-02-04,ACTIVE
P002865,SKU002865,T-Shirt 231,BR00059,CAT005,"American go drug which support. Choice the why other decision.
Learn foot student open.",2025-07-08,ACTIVE
P002866,SKU002866,Jeans 988,BR00064,CAT001,He recognize late. Easy effect during player both range if. Prove take station.,2023-10-08,ACTIVE
P002867,SKU002867,Jacket 233,BR00047,CAT003,Marriage only choice. Nation economy eight these face prevent economy. Owner must low recently.,2024-02-24,ACTIVE
P002868,SKU002868,T-Shirt 752,BR00089,CAT001,From reflect guess everything study. Laugh can story range home ability guy.,2025-06-09,ACTIVE
P002869,SKU002869,Laptop 268,BR00072,CAT001,Such fine much nature idea house their. Man ahead tonight claim provide lawyer.,2024-09-05,ACTIVE
P002870,SKU002870,Laptop 363,BR00086,CAT003,Plant decide deep lot treatment. Special night project.,2024-02-12,ACTIVE
P002871,SKU002871,Headphones 275,BR00063,CAT004,Check medical very small computer.,2025-01-28,ACTIVE
P002872,SKU002872,Headphones 875,BR00028,CAT001,Seem audience cup better. From fly see research stock. Standard last environment soon.,2024-11-05,ACTIVE
P002873,SKU002873,T-Shirt 549,BR00037,CAT005,Material mention fish lose news push. Reduce a recent notice. Soldier always life audience.,2025-05-20,ACTIVE
P002874,SKU002874,Headphones 306,BR00033,CAT001,Simple capital threat just machine very professor. Political hold shoulder.,2026-03-03,ACTIVE
P002875,SKU002875,Backpack 674,BR00050,CAT001,"Raise alone fall go despite. Factor medical reach stock.
Sense hair piece throw there.",2026-08-16,ACTIVE
P002876,SKU002876,Watch 94,BR00040,CAT005,Success gas who look capital perform. Mother poor city gun eight fact history.,2023-10-06,ACTIVE
P002877,SKU002877,Jeans 776,BR00048,CAT004,Church center building have sign response charge. Whole beyond course beautiful.,2025-05-14,ACTIVE
P002878,SKU002878,Laptop 818,BR00029,CAT005,Table stuff once chair. Small every everyone manage generation church.,2024-06-05,ACTIVE
P002879,SKU002879,Backpack 146,BR00056,CAT003,Here measure water eye. Wish kitchen manage seat response money management.,2024-10-04,ACTIVE
P002880,SKU002880,Saree 594,BR00027,CAT001,South kitchen both past police bar the. Popular pay early air ago. Just letter area around.,2026-07-04,ACTIVE
P002881,SKU002881,Watch 55,BR00029,CAT001,Base watch court long skin budget. Piece theory pressure husband fight approach parent.,2025-11-16,ACTIVE
P002882,SKU002882,Backpack 91,BR00053,CAT005,Resource night statement trade away. Six break room.,2025-01-28,ACTIVE
P002883,SKU002883,Backpack 329,BR00031,CAT002,Eight themselves though everyone size item month. Baby simply three.,2026-07-16,ACTIVE
P002884,SKU002884,Sneakers 244,BR00057,CAT002,Participant style future. Quickly establish those order light training move.,2024-11-24,ACTIVE
P002885,SKU002885,Backpack 276,BR00079,CAT002,After watch write speech oil. Camera ten candidate rock live. Trade father sense that.,2024-02-12,ACTIVE
P002886,SKU002886,Sneakers 268,BR00079,CAT003,Watch usually ago. Individual design box price history. Admit gas scientist government he onto.,2025-09-27,ACTIVE
P002887,SKU002887,Backpack 785,BR00014,CAT005,Dog science establish result could section. Back care director spring agent very something.,2025-04-16,ACTIVE
P002888,SKU002888,Jacket 982,BR00014,CAT005,Indicate necessary against rather ever generation low which. Small political near.,2025-11-23,ACTIVE
P002889,SKU002889,Saree 472,BR00009,CAT004,Because baby perform movement.,2025-06-23,ACTIVE
P002890,SKU002890,Laptop 379,BR00010,CAT004,Keep last they. Investment skill ask property goal difference force.,2025-05-22,ACTIVE
P002891,SKU002891,Headphones 753,BR00074,CAT002,Step sing usually store. Rock tough enough sense writer ability.,2024-05-14,ACTIVE
P002892,SKU002892,Backpack 584,BR00092,CAT002,Whole almost so view everybody.,2025-09-01,ACTIVE
P002893,SKU002893,Laptop 19,BR00027,CAT001,"Day fund already actually.
Win red economic watch account with evening walk. Girl window here.",2026-09-17,ACTIVE
P002894,SKU002894,Jeans 660,BR00011,CAT004,Score economy old end sing air them. Little light shoulder maintain political traditional then.,2026-08-09,ACTIVE
P002895,SKU002895,T-Shirt 917,BR00086,CAT004,Season ability time they. Join half choice clear above old provide. Subject cover with dream.,2025-01-26,ACTIVE
P002896,SKU002896,Jacket 599,BR00076,CAT005,Entire region network.,2025-04-04,ACTIVE
P002897,SKU002897,Laptop 679,BR00067,CAT001,Actually some health sure author. Program she top set pattern firm left.,2025-01-23,ACTIVE
P002898,SKU002898,Sneakers 741,BR00052,CAT004,Fight since figure indicate industry teach. Little list movie.,2024-05-29,ACTIVE
P002899,SKU002899,Sneakers 197,BR00030,CAT002,Rise him about view wind. Stock doctor environment smile after work church. Campaign rock human.,2024-08-06,ACTIVE
P002900,SKU002900,Sneakers 692,BR00067,CAT005,Many over government child civil. Item both public bed huge.,2026-03-18,ACTIVE
P002901,SKU002901,Laptop 483,BR00086,CAT002,And suffer so read child attention street. Dream man ever happy interesting major.,2026-06-11,ACTIVE
P002902,SKU002902,T-Shirt 506,BR00081,CAT005,Professor wife arrive. Sit program finally material describe among explain it.,2024-04-07,ACTIVE
P002903,SKU002903,T-Shirt 999,BR00043,CAT002,Add well public foreign they. Who radio accept on drug field. Protect way main sea third.,2025-10-31,ACTIVE
P002904,SKU002904,Headphones 677,BR00036,CAT004,Senior above determine low seat rich security environment.,2026-05-08,ACTIVE
P002905,SKU002905,Headphones 349,BR00013,CAT003,We radio draw total appear. Music four require old think put color.,2023-10-01,ACTIVE
P002906,SKU002906,Sneakers 67,BR00059,CAT003,Get take total low son. Lay development wrong price. Discuss participant wife two recent give.,2024-02-27,ACTIVE
P002907,SKU002907,Headphones 512,BR00027,CAT002,Speech space range into past meeting. Democratic front describe current.,2025-07-04,ACTIVE
P002908,SKU002908,Laptop 36,BR00084,CAT002,Guy discussion score. Then admit billion address mission. Natural worry produce under society food.,2026-03-06,ACTIVE
P002909,SKU002909,Sneakers 379,BR00075,CAT003,Quickly improve box catch security. Break well especially.,2024-11-21,ACTIVE
P002910,SKU002910,Laptop 366,BR00016,CAT005,Sure again themselves natural black fight time performance. Senior fast cost to system hospital.,2023-10-06,ACTIVE
P002911,SKU002911,Headphones 234,BR00055,CAT002,Story must level power challenge. It grow network agree. Language stock amount.,2023-10-29,ACTIVE
P002912,SKU002912,Watch 397,BR00026,CAT003,Crime present consider over power. Arm nice lead degree. Down him ago week player if eight.,2024-06-07,ACTIVE
P002913,SKU002913,Headphones 954,BR00076,CAT003,"Official seek behind.
Next me join reduce treatment. Hit common bad participant recent.",2025-08-01,ACTIVE
P002914,SKU002914,Saree 796,BR00034,CAT001,Audience book meeting probably church. Today most consider.,2025-12-13,ACTIVE
P002915,SKU002915,Backpack 878,BR00019,CAT003,Exist true debate put. Call wait before.,2025-05-23,ACTIVE
P002916,SKU002916,Saree 631,BR00041,CAT005,Safe set room what event anyone. Party front you many blood image not red.,2026-04-08,ACTIVE
P002917,SKU002917,Sneakers 198,BR00071,CAT004,Book particular back trouble actually Republican treatment. Condition first simply agent.,2026-04-17,ACTIVE
P002918,SKU002918,Sneakers 864,BR00047,CAT005,Seek nice serve. Lot red book challenge.,2025-03-16,ACTIVE
P002919,SKU002919,Saree 302,BR00095,CAT003,Process once memory late rock. Discussion story dinner bill goal success professor history.,2025-06-01,ACTIVE
P002920,SKU002920,Jeans 379,BR00069,CAT003,Bed usually food shake. Night charge use within difference yet. Go the whatever.,2023-11-11,ACTIVE
P002921,SKU002921,Sneakers 122,BR00026,CAT004,Hospital course certainly election budget up. Social pass source campaign.,2026-03-19,ACTIVE
P002922,SKU002922,Backpack 727,BR00009,CAT003,Compare stand exactly close. Rise cost avoid country late deal.,2024-01-05,ACTIVE
P002923,SKU002923,Backpack 218,BR00091,CAT004,Rather range which say argue station. Book rock mother understand all wrong.,2024-01-19,ACTIVE
P002924,SKU002924,T-Shirt 814,BR00020,CAT004,Floor also should where safe article a.,2025-02-20,ACTIVE
P002925,SKU002925,Laptop 916,BR00029,CAT001,Common sound risk me continue. Style quickly accept.,2024-07-31,ACTIVE
P002926,SKU002926,Watch 75,BR00078,CAT005,Once hundred gun listen. Soldier program at rule.,2024-02-21,ACTIVE
P002927,SKU002927,Jacket 462,BR00016,CAT001,More sport executive actually. Bad night visit whom democratic present.,2025-12-03,ACTIVE
P002928,SKU002928,Watch 850,BR00018,CAT003,Hundred own wait figure establish. Sea situation president parent security population medical.,2025-04-17,ACTIVE
P002929,SKU002929,Saree 704,BR00014,CAT002,General watch serve language. Spend it brother politics American lay good huge.,2026-05-13,ACTIVE
P002930,SKU002930,Saree 336,BR00000,CAT004,Agent win itself gun food. Happy too require left.,2023-09-30,ACTIVE
P002931,SKU002931,Headphones 637,BR00017,CAT004,Garden fire happen sound join mention. Edge house whom him fine.,2025-06-19,ACTIVE
P002932,SKU002932,Jacket 44,BR00022,CAT001,Set guy culture last possible work. Wear carry ground.,2024-03-14,ACTIVE
P002933,SKU002933,Backpack 914,BR00091,CAT001,Cultural home she entire have sit. Beat great lawyer fact.,2024-10-11,ACTIVE
P002934,SKU002934,Sneakers 582,BR00037,CAT002,Memory oil kind one however. Ability determine effort floor as gas. Of agree article pay.,2026-04-02,ACTIVE
P002935,SKU002935,Jeans 210,BR00091,CAT005,Describe smile what. Choose central former force air over.,2024-05-02,ACTIVE
P002936,SKU002936,Sneakers 797,BR00060,CAT003,Husband garden health ok. Carry fill skill third involve.,2024-07-01,ACTIVE
P002937,SKU002937,Sneakers 38,BR00028,CAT004,Ready thousand hit current choice water. Reality business shake business agent.,2026-08-19,ACTIVE
P002938,SKU002938,T-Shirt 706,BR00095,CAT002,Month standard change action. Camera method call since.,2024-11-26,ACTIVE
P002939,SKU002939,Headphones 727,BR00055,CAT004,Week include enjoy store near miss. Market none expert by.,2024-12-14,ACTIVE
P002940,SKU002940,T-Shirt 632,BR00087,CAT003,Out recognize TV back direction several it. Need career authority special professional.,2025-11-13,ACTIVE
P002941,SKU002941,Backpack 618,BR00027,CAT003,Picture management edge eight wait film leader. Miss resource particular authority fall.,2024-12-09,ACTIVE
P002942,SKU002942,Jeans 383,BR00052,CAT001,Word that one look number general close. Store hotel message.,2023-11-24,ACTIVE
P002943,SKU002943,T-Shirt 651,BR00017,CAT003,Arrive option weight partner some son. He since discuss want think summer friend.,2025-10-10,ACTIVE
P002944,SKU002944,Saree 483,BR00079,CAT003,We fast anyone throw state. Site international have send.,2024-08-11,ACTIVE
P002945,SKU002945,Jeans 868,BR00017,CAT004,Week new ten list agency through sport fact. Person able Mrs prevent natural.,2025-08-11,ACTIVE
P002946,SKU002946,Sneakers 63,BR00065,CAT001,Remember method put site white. Ask human myself dinner.,2025-03-18,ACTIVE
P002947,SKU002947,Jeans 912,BR00044,CAT001,Edge attack month able already operation. Set instead ten behavior audience.,2024-03-02,ACTIVE
P002948,SKU002948,Sneakers 188,BR00015,CAT002,Above other cover which. Last low focus perform action.,2023-09-24,ACTIVE
P002949,SKU002949,Jacket 780,BR00085,CAT004,Join audience prepare head voice quite federal many. Experience stay standard movie day.,2025-08-28,ACTIVE
P002950,SKU002950,Saree 118,BR00080,CAT001,Movie sense skill place food first share gun. Enjoy somebody Mr present poor.,2024-07-05,ACTIVE
P002951,SKU002951,Backpack 22,BR00087,CAT003,So quickly too simple. Determine meeting central lead movement culture share.,2023-11-09,ACTIVE
P002952,SKU002952,Backpack 187,BR00021,CAT005,Of camera mission receive teacher site police want.,2024-05-16,ACTIVE
P002953,SKU002953,Headphones 486,BR00034,CAT003,Resource debate former. Whole evidence both cup. Kind single way head music.,2024-09-17,ACTIVE
P002954,SKU002954,Watch 493,BR00032,CAT003,Area computer natural because born. Respond discover thank build everyone candidate art.,2026-01-16,ACTIVE
P002955,SKU002955,Jacket 961,BR00051,CAT004,"Hour recent south.
Hot own never.",2025-01-14,ACTIVE
P002956,SKU002956,Saree 276,BR00033,CAT002,Executive position couple despite capital. Meeting never character minute safe sister instead.,2026-04-06,ACTIVE
P002957,SKU002957,Sneakers 286,BR00087,CAT002,Television herself production agreement top. Might often close three.,2024-01-06,ACTIVE
P002958,SKU002958,Headphones 583,BR00096,CAT003,Stage vote small already customer first thing.,2024-10-30,ACTIVE
P002959,SKU002959,Backpack 567,BR00011,CAT003,Member paper both case. Leave run show identify. Push through stand response I across.,2025-09-17,ACTIVE
P002960,SKU002960,Laptop 100,BR00047,CAT002,Different maybe article stock record stand store.,2025-10-14,ACTIVE
P002961,SKU002961,Laptop 702,BR00002,CAT003,Control lawyer movie piece magazine American.,2024-01-03,ACTIVE
P002962,SKU002962,Headphones 61,BR00089,CAT004,Population help contain tax there what free. Summer federal thousand record happy.,2025-06-27,ACTIVE
P002963,SKU002963,Watch 830,BR00089,CAT002,"Financial area school final dog. Positive happy today per vote.
Individual art blue form call.",2024-04-18,ACTIVE
P002964,SKU002964,Sneakers 574,BR00053,CAT005,Situation pretty smile support the. People goal health house. Edge own per mouth available.,2024-11-18,ACTIVE
P002965,SKU002965,Headphones 471,BR00060,CAT004,Story more employee week allow even. Research believe send simply them million.,2023-09-28,ACTIVE
P002966,SKU002966,Sneakers 593,BR00013,CAT003,Consider whom capital now cold. Develop view mind mean.,2024-05-05,ACTIVE
P002967,SKU002967,T-Shirt 243,BR00009,CAT005,Site majority other describe. Young approach discover key product.,2025-07-08,ACTIVE
P002968,SKU002968,Watch 803,BR00046,CAT002,Contain girl unit anything executive. Suggest general child less others simple.,2026-01-12,ACTIVE
P002969,SKU002969,Laptop 225,BR00058,CAT004,"Add full final room radio.
Answer standard accept. Threat age look common.",2024-06-06,ACTIVE
P002970,SKU002970,T-Shirt 119,BR00020,CAT005,Address perhaps seem its anyone. Trade firm myself camera.,2026-07-31,ACTIVE
P002971,SKU002971,Jacket 744,BR00041,CAT001,Practice memory suddenly tax. Attention race reality garden talk chair to.,2025-02-22,ACTIVE
P002972,SKU002972,Headphones 215,BR00030,CAT005,Involve have performance figure. Time positive ground.,2023-10-14,ACTIVE
P002973,SKU002973,T-Shirt 233,BR00033,CAT001,Blood everything behind young. Body indeed around decide consider.,2026-08-05,ACTIVE
P002974,SKU002974,Jeans 718,BR00003,CAT002,Speech good world six use glass front war. State guy total everybody fine short life indicate.,2026-05-18,ACTIVE
P002975,SKU002975,Jeans 441,BR00027,CAT004,Safe per certain politics. Method form performance marriage. Ball subject white.,2023-12-13,ACTIVE
P002976,SKU002976,Backpack 42,BR00032,CAT003,Well gas her between. Be like exactly fire story bed bring. Really citizen unit ever tax.,2025-05-06,ACTIVE
P002977,SKU002977,Jacket 900,BR00055,CAT005,Writer by analysis than life remain player. Hotel finish order which student represent describe.,2025-06-12,ACTIVE
P002978,SKU002978,Laptop 949,BR00073,CAT002,Road race able international quickly. Field second public.,2024-04-05,ACTIVE
P002979,SKU002979,Jeans 823,BR00032,CAT003,Worker air music spring company away trip station.,2025-05-15,ACTIVE
P002980,SKU002980,T-Shirt 85,BR00053,CAT005,Member natural prove reach election. Loss Congress nor kitchen. Back wall particularly bank bring.,2026-03-23,ACTIVE
P002981,SKU002981,T-Shirt 939,BR00023,CAT001,Next office Republican nothing bit success.,2024-04-02,ACTIVE
P002982,SKU002982,Laptop 490,BR00000,CAT004,"Safe break day. Trouble seek maintain.
Describe true mother. Example he director traditional more.",2024-03-21,ACTIVE
P002983,SKU002983,Saree 8,BR00019,CAT005,State story stock increase bed everybody with. Increase live one type third.,2024-12-27,ACTIVE
P002984,SKU002984,Watch 687,BR00075,CAT004,Nor industry much section individual less easy. Day measure all mean way.,2025-12-19,ACTIVE
P002985,SKU002985,Saree 96,BR00082,CAT003,Modern eight throughout fish consumer instead station.,2024-04-15,ACTIVE
P002986,SKU002986,Saree 918,BR00006,CAT005,Save turn political low produce man kitchen your. Find building political then effort.,2025-11-24,ACTIVE
P002987,SKU002987,Headphones 568,BR00008,CAT004,Center plant bed toward. Land very too bit tree work again. Everybody late never.,2025-08-29,ACTIVE
P002988,SKU002988,Headphones 945,BR00049,CAT003,Film wish available value. Charge talk your. Sound let officer thing.,2025-07-07,ACTIVE
P002989,SKU002989,Jacket 591,BR00032,CAT001,Operation former marriage prove plant book. Anyone more above check.,2026-05-06,ACTIVE
P002990,SKU002990,Watch 919,BR00001,CAT005,Seven popular cup blue determine begin. Follow sister law sing.,2025-11-29,ACTIVE
P002991,SKU002991,Jeans 331,BR00019,CAT002,Attorney here close remember court. This police law story should ten usually.,2026-02-13,ACTIVE
P002992,SKU002992,Jeans 604,BR00028,CAT005,Blue would nation manage. Concern key option. Heavy work market return.,2023-10-25,ACTIVE
P002993,SKU002993,Headphones 870,BR00077,CAT003,Whole note memory become family morning room plan. Attack prepare environmental term sort.,2024-10-11,ACTIVE
P002994,SKU002994,Laptop 195,BR00055,CAT001,"Into occur environmental town. See season show. Edge hot get then.
Condition rich herself.",2023-10-09,ACTIVE
P002995,SKU002995,Jeans 60,BR00023,CAT004,Try smile blue sit environmental practice. Lead window seven husband eight factor less.,2024-09-14,ACTIVE
P002996,SKU002996,Laptop 598,BR00087,CAT004,Act material officer remember place option. Card could friend especially certain about.,2026-06-07,ACTIVE
P002997,SKU002997,Laptop 808,BR00041,CAT001,Much his dinner time not parent. Morning opportunity wall feel without traditional.,2024-12-06,ACTIVE
P002998,SKU002998,Jeans 139,BR00023,CAT003,Significant risk draw talk international. Bit town free. Actually star question.,2025-10-06,ACTIVE
P002999,SKU002999,Saree 936,BR00046,CAT001,Themselves president year effect.,2024-08-28,ACTIVE
P003000,SKU003000,Jeans 972,BR00031,CAT002,Agreement avoid place prevent base discover late. Yourself during current we protect.,2024-12-25,ACTIVE
P003001,SKU003001,Jeans 717,BR00032,CAT001,That others other north happy thought. When do tend for according.,2025-05-31,ACTIVE
P003002,SKU003002,Sneakers 496,BR00053,CAT004,Maybe example she itself study process set attention. Everything learn sell.,2026-05-19,ACTIVE
P003003,SKU003003,Saree 654,BR00000,CAT003,After he to building every however.,2025-02-01,ACTIVE
P003004,SKU003004,T-Shirt 189,BR00007,CAT005,Service purpose develop after phone push my. Natural lose security tax seek young.,2026-04-02,ACTIVE
P003005,SKU003005,Jacket 741,BR00098,CAT005,I board eight art yeah.,2025-06-14,ACTIVE
P003006,SKU003006,Saree 384,BR00096,CAT004,"Health series Republican law economy.
Financial true choose. Even position kind hundred.",2024-09-24,ACTIVE
P003007,SKU003007,Jeans 198,BR00072,CAT005,Remember house prove brother worry heart. Goal draw everybody think sing.,2024-05-07,ACTIVE
P003008,SKU003008,Headphones 412,BR00001,CAT004,Lead responsibility difficult method person. Expert real over cut road similar.,2025-02-02,ACTIVE
P003009,SKU003009,Saree 326,BR00030,CAT001,Cold stock data exist.,2024-03-22,ACTIVE
P003010,SKU003010,Saree 85,BR00063,CAT002,"But shoulder out huge save heart glass.
Where Mrs feeling particularly store interview miss.",2025-06-14,ACTIVE
P003011,SKU003011,Laptop 16,BR00067,CAT003,When wall interest attention. Since concern likely floor surface. Item represent drug environment.,2024-03-25,ACTIVE
P003012,SKU003012,Backpack 898,BR00091,CAT002,Executive local product us him.,2024-01-27,ACTIVE
P003013,SKU003013,Watch 202,BR00079,CAT004,Artist score southern professional. Single century body image sort together.,2023-12-30,ACTIVE
P003014,SKU003014,Laptop 211,BR00048,CAT002,Idea population science movie. Describe employee whom.,2023-12-13,ACTIVE
P003015,SKU003015,Jeans 685,BR00097,CAT003,Organization course threat with respond arrive. Writer window one talk interesting work tax.,2025-10-01,ACTIVE
P003016,SKU003016,Sneakers 971,BR00075,CAT004,Ability board point among school. Moment for value.,2025-04-20,ACTIVE
P003017,SKU003017,Watch 338,BR00041,CAT005,Improve maintain seek when.,2024-02-23,ACTIVE
P003018,SKU003018,Backpack 199,BR00030,CAT001,Want buy Democrat find project box indicate. Role take opportunity quality.,2024-10-02,ACTIVE
P003019,SKU003019,Jacket 569,BR00079,CAT003,Reveal whom crime right mission form. Bill ball education coach middle. Want him rate very huge.,2024-11-24,ACTIVE
P003020,SKU003020,Sneakers 424,BR00066,CAT003,Course pass report perform easy indicate bit. Attack consider he one amount campaign brother adult.,2026-03-19,ACTIVE
P003021,SKU003021,Jeans 918,BR00044,CAT001,Life kid official pick. Bar a explain candidate while role everything.,2024-08-19,ACTIVE
P003022,SKU003022,Sneakers 747,BR00003,CAT005,"Arm turn consider per exist. Bad draw war watch.
Ask whom include attorney.",2023-10-03,ACTIVE
P003023,SKU003023,Headphones 934,BR00009,CAT002,Control fish door her role camera. Answer appear they.,2024-11-26,ACTIVE
P003024,SKU003024,Sneakers 8,BR00099,CAT002,Since oil draw. Country minute kind tree present project southern. Ten effort explain.,2024-10-08,ACTIVE
P003025,SKU003025,Headphones 162,BR00006,CAT001,Often though participant gas. Personal nation lead ten. Also direction score television become.,2024-09-05,ACTIVE
P003026,SKU003026,T-Shirt 601,BR00088,CAT005,Answer air treat change. Student imagine free people sense. Conference so thank throw.,2024-12-10,ACTIVE
P003027,SKU003027,Watch 975,BR00028,CAT005,Crime the our likely southern. Newspaper thing past garden few high front.,2026-09-01,ACTIVE
P003028,SKU003028,Watch 101,BR00067,CAT005,Keep imagine boy tough product. Stop summer recent election thousand international.,2026-01-24,ACTIVE
P003029,SKU003029,T-Shirt 163,BR00002,CAT001,Bring go single letter. Medical religious thus product human. Catch son me business bag.,2025-03-10,ACTIVE
P003030,SKU003030,Sneakers 863,BR00026,CAT003,Air head each camera. Agreement number big network real. Collection trade night stand until alone.,2026-02-01,ACTIVE
P003031,SKU003031,Jacket 42,BR00017,CAT003,Run per operation south. Summer fund can happy.,2024-05-11,ACTIVE
P003032,SKU003032,Watch 765,BR00056,CAT002,Role medical new hour night audience key. Feel offer fear say beyond.,2025-10-08,ACTIVE
P003033,SKU003033,Saree 251,BR00085,CAT004,Fact create feel share. Mention yard push process bag series. Hour black sell music degree.,2023-12-28,ACTIVE
P003034,SKU003034,Jacket 300,BR00090,CAT005,Toward account meeting research war. Picture beyond approach ask.,2026-04-17,ACTIVE
P003035,SKU003035,Sneakers 391,BR00045,CAT005,Really behind along model trial free. About ability pick worker camera civil see.,2023-11-24,ACTIVE
P003036,SKU003036,Laptop 885,BR00037,CAT004,Tonight actually fire. Information plan deal occur admit matter.,2026-09-09,ACTIVE
P003037,SKU003037,Sneakers 7,BR00061,CAT003,Huge nor ok current expect end computer image. Security money company across page campaign leave.,2024-12-03,ACTIVE
P003038,SKU003038,Laptop 444,BR00028,CAT003,Around exist free thus. Hard voice whom question concern sea ball. Learn relate those degree under.,2026-09-09,ACTIVE
P003039,SKU003039,Jeans 877,BR00033,CAT003,Most arm time high single. Opportunity perform high matter thus it training how.,2025-03-17,ACTIVE
P003040,SKU003040,Headphones 375,BR00026,CAT003,Leg because former care force wrong space. Poor democratic tend with.,2025-04-10,ACTIVE
P003041,SKU003041,Jacket 946,BR00037,CAT001,Network number draw.,2025-06-24,ACTIVE
P003042,SKU003042,Jacket 417,BR00027,CAT004,Sit factor page administration her. Two beyond final support best history discussion.,2026-06-24,ACTIVE
P003043,SKU003043,Saree 816,BR00037,CAT001,Thank last final sing prepare decide side.,2023-12-17,ACTIVE
P003044,SKU003044,Sneakers 702,BR00040,CAT002,Life already agency however state moment. Add spend meet activity picture.,2026-05-29,ACTIVE
P003045,SKU003045,Laptop 839,BR00039,CAT002,With edge easy owner all. Much continue challenge relationship would explain when ten.,2025-01-17,ACTIVE
P003046,SKU003046,Watch 532,BR00071,CAT002,"Adult tax suffer car.
Standard wall right response sort. Radio friend face begin health and.",2024-01-09,ACTIVE
P003047,SKU003047,Sneakers 739,BR00055,CAT003,Factor sport item after foot sport late.,2023-10-05,ACTIVE
P003048,SKU003048,Jacket 495,BR00015,CAT005,Front person live TV option enough actually.,2026-08-02,ACTIVE
P003049,SKU003049,Jacket 284,BR00041,CAT002,Hold religious nor my across benefit.,2026-03-11,ACTIVE
P003050,SKU003050,T-Shirt 988,BR00000,CAT005,Security right pay attack pay suggest notice. Crime country size choose trial run.,2025-08-03,ACTIVE
P003051,SKU003051,Jeans 977,BR00005,CAT002,With north impact middle. Star by major before.,2026-04-30,ACTIVE
P003052,SKU003052,Saree 542,BR00029,CAT001,Increase many give be million. Always agree imagine all store upon significant.,2025-12-08,ACTIVE
P003053,SKU003053,Backpack 365,BR00025,CAT001,Keep sell green above play wear theory. Assume several civil sell make discussion fight.,2025-08-11,ACTIVE
P003054,SKU003054,Jacket 652,BR00037,CAT004,Sea successful open sister rock. Compare situation name Mr yes until.,2026-06-12,ACTIVE
P003055,SKU003055,Jacket 676,BR00057,CAT002,Others degree onto these clear interest kid. Per hot buy rest focus.,2026-05-28,ACTIVE
P003056,SKU003056,Headphones 638,BR00095,CAT003,Single tonight box. Social outside behind economic more. Oil nice large black apply point.,2026-08-15,ACTIVE
P003057,SKU003057,T-Shirt 181,BR00090,CAT002,Song both exactly boy goal. Ready early of skill southern school.,2025-03-22,ACTIVE
P003058,SKU003058,T-Shirt 995,BR00003,CAT001,Allow candidate issue hundred. Task drop herself outside story tell. Serve none free section.,2026-05-04,ACTIVE
P003059,SKU003059,Sneakers 255,BR00027,CAT004,Financial realize leg happy. International her who water action. Seem sea reduce wide.,2025-06-16,ACTIVE
P003060,SKU003060,Sneakers 967,BR00099,CAT002,Suddenly election who pressure.,2025-08-07,ACTIVE
P003061,SKU003061,Laptop 556,BR00006,CAT002,By field store write million.,2026-02-27,ACTIVE
P003062,SKU003062,Watch 96,BR00016,CAT004,Style seem day happen key issue. Always science away piece field statement beyond.,2026-05-01,ACTIVE
P003063,SKU003063,Watch 135,BR00051,CAT001,Bad natural own garden today. Education detail seven collection call him also. Than cost reach.,2025-04-25,ACTIVE
P003064,SKU003064,T-Shirt 616,BR00039,CAT004,College security concern. Treat even thus. Process design mouth whose.,2023-11-28,ACTIVE
P003065,SKU003065,Jacket 32,BR00055,CAT003,Very anything plan collection quickly.,2025-05-24,ACTIVE
P003066,SKU003066,Saree 223,BR00081,CAT003,My always situation. Clear join indicate whom how billion.,2026-09-13,ACTIVE
P003067,SKU003067,Jacket 928,BR00014,CAT003,Wear industry town any. Someone season focus administration including serve.,2024-05-13,ACTIVE
P003068,SKU003068,Backpack 98,BR00053,CAT002,Really two heavy white senior federal. Personal road board reveal.,2025-08-13,ACTIVE
P003069,SKU003069,Laptop 566,BR00034,CAT003,Street husband employee analysis catch between. Feeling land seat visit heart family.,2024-02-15,ACTIVE
P003070,SKU003070,Jacket 645,BR00000,CAT003,Environment how event area small during. Represent under science until. Sound discover who a.,2025-02-05,ACTIVE
P003071,SKU003071,Backpack 853,BR00042,CAT005,Audience him watch way together whatever.,2025-02-13,ACTIVE
P003072,SKU003072,Watch 871,BR00004,CAT005,Condition first front no. Also practice them sound.,2024-05-14,ACTIVE
P003073,SKU003073,Backpack 941,BR00003,CAT003,Peace best must make animal difference. Hot between it suffer very property.,2026-02-28,ACTIVE
P003074,SKU003074,Jacket 936,BR00046,CAT003,Head when answer themselves soon a. Maintain Republican executive or cultural care conference TV.,2025-11-20,ACTIVE
P003075,SKU003075,Saree 385,BR00086,CAT001,Around story pick shake. Guess threat child some water finally toward.,2025-09-27,ACTIVE
P003076,SKU003076,Saree 114,BR00054,CAT004,Everyone operation majority.,2024-07-19,ACTIVE
P003077,SKU003077,Saree 737,BR00012,CAT005,Week day hair behind possible discuss not arrive. Direction true fall range.,2025-01-16,ACTIVE
P003078,SKU003078,Jeans 743,BR00086,CAT004,Stuff decade kitchen reveal follow wide method all. Morning turn career north wide respond.,2026-02-12,ACTIVE
P003079,SKU003079,Headphones 803,BR00000,CAT005,Year difference sea wait. We prepare special mean friend.,2025-03-20,ACTIVE
P003080,SKU003080,Backpack 479,BR00090,CAT004,Senior decision guy build near. Enough inside far through record.,2024-12-03,ACTIVE
P003081,SKU003081,T-Shirt 651,BR00016,CAT002,Believe thousand mission so while. Late large usually standard buy energy.,2026-08-09,ACTIVE
P003082,SKU003082,Watch 509,BR00032,CAT002,Song remember three majority. Economy send price check. Major situation born.,2024-04-02,ACTIVE
P003083,SKU003083,Laptop 712,BR00037,CAT003,Hour claim bad let thought. Serious picture will responsibility.,2024-08-12,ACTIVE
P003084,SKU003084,Backpack 850,BR00030,CAT001,"Fast human Congress author room score.
Hard imagine state. Black produce senior organization.",2025-02-27,ACTIVE
P003085,SKU003085,Watch 959,BR00016,CAT005,Draw serious see student. Few friend child blue still.,2023-10-03,ACTIVE
P003086,SKU003086,T-Shirt 547,BR00089,CAT001,Laugh especially expert positive. Character actually draw doctor tough subject family.,2023-11-16,ACTIVE
P003087,SKU003087,Headphones 414,BR00034,CAT005,Face court few ready institution base. Common project short.,2025-12-15,ACTIVE
P003088,SKU003088,Jeans 610,BR00003,CAT003,Determine small respond no fine table so begin. Husband worry account life then born across.,2026-04-20,ACTIVE
P003089,SKU003089,Watch 548,BR00023,CAT001,Kitchen staff employee process second peace. Computer down knowledge environment.,2026-08-25,ACTIVE
P003090,SKU003090,Sneakers 550,BR00024,CAT002,Ability paper section design less chance degree. Wide phone nation sometimes summer through author.,2026-04-28,ACTIVE
P003091,SKU003091,Saree 369,BR00083,CAT001,Summer form early they fast. Fear this discussion issue our visit generation.,2025-08-02,ACTIVE
P003092,SKU003092,Jeans 120,BR00085,CAT005,Class machine buy as environment develop process. Own personal line PM bank among.,2024-01-04,ACTIVE
P003093,SKU003093,Watch 894,BR00012,CAT003,Kid her staff instead me speak. Meeting director minute reason. Ahead memory property skill enter.,2025-06-25,ACTIVE
P003094,SKU003094,Jacket 418,BR00028,CAT005,Answer political give myself. Staff main magazine say.,2024-05-17,ACTIVE
P003095,SKU003095,Headphones 317,BR00007,CAT005,Author meeting fast group approach. Hit into trouble turn.,2025-09-29,ACTIVE
P003096,SKU003096,T-Shirt 344,BR00022,CAT004,Three leg economy economy money age good experience. Likely sport say spring best yes.,2025-03-30,ACTIVE
P003097,SKU003097,Jacket 306,BR00088,CAT004,Chance win cut former happen. Return trip guy in. This ground send spend interest skill.,2023-10-26,ACTIVE
P003098,SKU003098,Jacket 149,BR00045,CAT005,Impact feel however least idea. Red can help own.,2023-11-05,ACTIVE
P003099,SKU003099,Jacket 670,BR00061,CAT002,Society thought material I. Avoid term face professor data cup sense.,2025-11-01,ACTIVE
P003100,SKU003100,Headphones 844,BR00091,CAT003,Every into business. Subject thousand stuff movie gun. Safe before do least name research.,2024-01-12,ACTIVE
P003101,SKU003101,Jacket 266,BR00041,CAT004,Kid number politics all. Require stage only too. Senior involve our everyone success.,2025-04-01,ACTIVE
P003102,SKU003102,Laptop 816,BR00079,CAT002,Effort argue stage. Different young role bad.,2023-10-18,ACTIVE
P003103,SKU003103,Laptop 406,BR00047,CAT004,Television start sure score everybody several.,2024-07-26,ACTIVE
P003104,SKU003104,T-Shirt 482,BR00077,CAT005,Quite save girl and. Sign theory imagine. Give no say anyone defense.,2024-01-09,ACTIVE
P003105,SKU003105,Watch 286,BR00032,CAT004,Room grow reach church hit let event different.,2025-10-10,ACTIVE
P003106,SKU003106,Jeans 89,BR00015,CAT004,Tend affect serve. Fish relationship middle door these education set seek. Share enter save.,2026-03-13,ACTIVE
P003107,SKU003107,Backpack 288,BR00058,CAT002,Subject director point student should sense word. Class color bag least.,2025-12-28,ACTIVE
P003108,SKU003108,Saree 247,BR00019,CAT001,Ready plan else treat financial research. Either study face door.,2026-07-14,ACTIVE
P003109,SKU003109,Backpack 462,BR00076,CAT004,Over peace sport approach during soon agree. Night new research federal offer lay.,2023-11-15,ACTIVE
P003110,SKU003110,Laptop 357,BR00040,CAT004,Bit look yes half. Crime allow accept somebody body hour. Whatever result movement coach interest.,2023-11-22,ACTIVE
P003111,SKU003111,Watch 391,BR00035,CAT003,Same rich number painting condition both. Will moment politics which century able effect.,2025-01-06,ACTIVE
P003112,SKU003112,Laptop 621,BR00083,CAT002,Fear read action get always. Tree budget together figure free scientist wall.,2024-02-06,ACTIVE
P003113,SKU003113,Saree 94,BR00080,CAT003,Five deep science nor always. Level interview network. Magazine big guy close.,2026-06-08,ACTIVE
P003114,SKU003114,Sneakers 205,BR00007,CAT001,Personal enter shoulder fly politics. Foot office right vote. Across partner matter so manager how.,2026-03-09,ACTIVE
P003115,SKU003115,Headphones 988,BR00000,CAT002,Visit trade hour peace. Herself color similar subject no report daughter.,2024-03-30,ACTIVE
P003116,SKU003116,Sneakers 836,BR00098,CAT001,Teacher fear building film bring. Tax move kid owner.,2026-06-06,ACTIVE
P003117,SKU003117,Backpack 837,BR00030,CAT001,Future glass score where ground local. Understand worry them source central.,2025-11-03,ACTIVE
P003118,SKU003118,Backpack 10,BR00034,CAT003,Case already now for father action. Person field series serve find.,2024-05-03,ACTIVE
P003119,SKU003119,Headphones 475,BR00051,CAT001,Movie check build certainly choice world meet. Others whom must rate structure argue.,2023-12-27,ACTIVE
P003120,SKU003120,Saree 170,BR00017,CAT001,If give alone sign defense modern. Matter doctor fear country religious morning.,2025-11-20,ACTIVE
P003121,SKU003121,Saree 212,BR00015,CAT003,Director material film father. He player through growth trial as sit.,2023-10-09,ACTIVE
P003122,SKU003122,Jeans 123,BR00046,CAT005,Several road body produce. Else open decade foreign class. Today write work me.,2026-05-17,ACTIVE
P003123,SKU003123,Sneakers 980,BR00086,CAT002,Into paper quite defense. Success fish about market something senior.,2025-10-07,ACTIVE
P003124,SKU003124,Laptop 379,BR00026,CAT005,Those member back will more. Professional glass senior arm return five stuff continue.,2024-11-24,ACTIVE
P003125,SKU003125,Watch 64,BR00009,CAT001,Produce its believe cold actually. Or side itself son without research building power.,2025-12-03,ACTIVE
P003126,SKU003126,Watch 51,BR00016,CAT001,International quality research. Reality current hundred bit stand section.,2024-06-21,ACTIVE
P003127,SKU003127,Jacket 545,BR00035,CAT004,Home a southern another. Serve interview fact amount these.,2024-01-14,ACTIVE
P003128,SKU003128,Saree 591,BR00079,CAT005,"Son on sure action.
Eight training compare thank. Threat travel marriage professor.",2026-04-18,ACTIVE
P003129,SKU003129,Laptop 256,BR00090,CAT004,Argue matter or environmental. Wish between measure artist sign significant drop.,2024-04-05,ACTIVE
P003130,SKU003130,Laptop 922,BR00038,CAT005,"Camera standard reason Mrs.
Wrong explain gas benefit. Despite subject safe.",2026-04-26,ACTIVE
P003131,SKU003131,Jacket 807,BR00003,CAT003,Nature order front cell. Really few newspaper me business since.,2025-11-25,ACTIVE
P003132,SKU003132,Jacket 938,BR00069,CAT002,Citizen training know here thought. Learn have level deep.,2023-10-07,ACTIVE
P003133,SKU003133,T-Shirt 718,BR00071,CAT004,Manager it actually who space. Mention for land although. Country fish with up deep.,2025-11-23,ACTIVE
P003134,SKU003134,Headphones 359,BR00069,CAT003,Feeling yard stock side most.,2026-01-17,ACTIVE
P003135,SKU003135,Backpack 457,BR00081,CAT002,Admit realize north note. Candidate election social body.,2026-02-25,ACTIVE
P003136,SKU003136,Laptop 948,BR00008,CAT001,Something Republican admit inside student. Account nation detail tax head discussion.,2026-07-30,ACTIVE
P003137,SKU003137,Backpack 325,BR00039,CAT001,"Who tough anyone federal couple society.
Table kind ago dog. Ability create follow dog.",2023-11-19,ACTIVE
P003138,SKU003138,Saree 500,BR00054,CAT005,Reason control yourself space particularly coach focus value.,2025-08-07,ACTIVE
P003139,SKU003139,Watch 918,BR00097,CAT003,Election option avoid best reveal play anyone. Democrat vote plan force significant.,2024-07-09,ACTIVE
P003140,SKU003140,T-Shirt 741,BR00015,CAT001,Laugh charge collection hair. Hour simple great decade record.,2025-06-21,ACTIVE
P003141,SKU003141,Sneakers 833,BR00064,CAT001,Police officer arm per hard good end.,2024-02-17,ACTIVE
P003142,SKU003142,Watch 235,BR00046,CAT005,Break among may stuff draw keep put. Find way director top.,2023-09-25,ACTIVE
P003143,SKU003143,Backpack 904,BR00012,CAT003,Place rule worker lay those stay. Six choose agreement ground sure. Stage wear suddenly some firm.,2026-07-31,ACTIVE
P003144,SKU003144,Jeans 387,BR00010,CAT003,So moment already turn treatment.,2025-09-03,ACTIVE
P003145,SKU003145,Headphones 724,BR00067,CAT003,Affect history weight end. Rule a reduce Congress.,2024-12-16,ACTIVE
P003146,SKU003146,Backpack 2,BR00018,CAT003,Million admit oil. Yard civil buy role return garden.,2024-04-29,ACTIVE
P003147,SKU003147,Saree 778,BR00048,CAT002,Simply yes young purpose road. Development field he newspaper might.,2023-12-20,ACTIVE
P003148,SKU003148,Saree 83,BR00004,CAT004,Individual north someone knowledge fast can. Information bring condition space.,2025-11-22,ACTIVE
P003149,SKU003149,Sneakers 410,BR00055,CAT005,Realize send hand in. Pay animal dark brother question respond plant.,2024-03-15,ACTIVE
P003150,SKU003150,Saree 68,BR00097,CAT002,"Challenge care news red through main.
Even mother light. Lead spend hit sure person without design.",2025-10-25,ACTIVE
P003151,SKU003151,Sneakers 643,BR00016,CAT004,"Factor he step pass.
Great economic contain mouth above relate. Mother herself life expert.",2024-09-12,ACTIVE
P003152,SKU003152,Jacket 202,BR00097,CAT002,Up that build provide particular parent over card. Bit note hospital add stuff.,2024-03-01,ACTIVE
P003153,SKU003153,Watch 299,BR00061,CAT001,Send close but happen responsibility lead. Everybody with benefit argue happen.,2024-10-12,ACTIVE
P003154,SKU003154,Watch 922,BR00084,CAT001,Character economic necessary floor. Class reality significant anything system who.,2026-08-24,ACTIVE
P003155,SKU003155,Jeans 632,BR00088,CAT003,Thought talk since. Early office real increase.,2026-02-15,ACTIVE
P003156,SKU003156,Watch 45,BR00059,CAT004,Take everything draw ten. Could size stock paper.,2025-09-23,ACTIVE
P003157,SKU003157,Saree 873,BR00063,CAT001,Sure not high here effort much. Change effort consider feeling when idea.,2025-10-19,ACTIVE
P003158,SKU003158,Watch 580,BR00043,CAT001,Physical difference enter trade.,2025-06-23,ACTIVE
P003159,SKU003159,Backpack 487,BR00067,CAT004,Heavy pick scientist develop. Red tonight thus season new shoulder individual.,2024-11-05,ACTIVE
P003160,SKU003160,Laptop 158,BR00089,CAT004,Wish reach bag behavior lead box special.,2024-12-02,ACTIVE
P003161,SKU003161,Headphones 896,BR00015,CAT005,Customer forward stuff ability past board standard. Rest type kind friend.,2025-03-31,ACTIVE
P003162,SKU003162,Watch 694,BR00025,CAT005,Occur so Congress spring himself. Room kind subject general through buy fish.,2025-11-29,ACTIVE
P003163,SKU003163,Laptop 442,BR00020,CAT002,Exist staff spring light real rest. Effect she reality.,2026-05-09,ACTIVE
P003164,SKU003164,T-Shirt 111,BR00002,CAT001,If floor candidate. Drug quality similar growth.,2025-12-15,ACTIVE
P003165,SKU003165,Saree 14,BR00058,CAT004,Both shoulder drug owner institution between large partner.,2025-03-17,ACTIVE
P003166,SKU003166,T-Shirt 763,BR00043,CAT003,No among exist. Economy continue this more. Gun customer source.,2024-10-31,ACTIVE
P003167,SKU003167,Backpack 324,BR00070,CAT004,Place add collection hotel nation into. Fire also mind campaign rate off picture the.,2024-11-10,ACTIVE
P003168,SKU003168,Laptop 924,BR00061,CAT003,Child place continue stop though energy itself. Tend adult now culture position.,2024-10-31,ACTIVE
P003169,SKU003169,Laptop 200,BR00012,CAT001,Little both west road simply camera develop. Network picture where program space business.,2026-05-23,ACTIVE
P003170,SKU003170,Jeans 124,BR00063,CAT002,Investment memory animal program media put money value.,2026-08-11,ACTIVE
P003171,SKU003171,Backpack 491,BR00015,CAT004,Church increase machine fund candidate order enough. Whole available hotel arm better.,2025-01-09,ACTIVE
P003172,SKU003172,Sneakers 134,BR00063,CAT005,Our assume recent yes head college beautiful whose. Sport main model might.,2024-03-19,ACTIVE
P003173,SKU003173,Backpack 379,BR00075,CAT004,Political on can then matter physical name. Authority news red she agent do spring.,2025-08-10,ACTIVE
P003174,SKU003174,Watch 236,BR00094,CAT001,Administration talk window approach. Series behind floor part.,2025-05-31,ACTIVE
P003175,SKU003175,Jeans 423,BR00043,CAT002,Look thus stop throw green. Kind important recent single beyond population ahead.,2023-10-28,ACTIVE
P003176,SKU003176,Jacket 305,BR00039,CAT003,Group course power minute. Hour smile skin school dream these.,2025-12-21,ACTIVE
P003177,SKU003177,Laptop 332,BR00046,CAT004,Player position entire hour. Out state today real able. Thought computer man.,2025-08-19,ACTIVE
P003178,SKU003178,Laptop 172,BR00024,CAT005,Movie together sit. Whom seek consider necessary price agency college.,2026-09-13,ACTIVE
P003179,SKU003179,Watch 642,BR00090,CAT005,Might total much resource dark product later other. Each finally recognize sing.,2024-10-29,ACTIVE
P003180,SKU003180,T-Shirt 593,BR00016,CAT002,Particular fill society back. Forward collection whole these hospital difference.,2025-01-10,ACTIVE
P003181,SKU003181,Backpack 838,BR00016,CAT003,Hotel should brother cut. Card community thing interview its bit still.,2025-03-23,ACTIVE
P003182,SKU003182,Laptop 870,BR00006,CAT003,Feeling employee some push.,2025-03-19,ACTIVE
P003183,SKU003183,Jeans 309,BR00075,CAT003,Measure method high use baby through Mrs. Provide second yard.,2024-12-19,ACTIVE
P003184,SKU003184,Laptop 895,BR00068,CAT001,Series with her either. Kind why fast service else. Hand exactly beat up save particular.,2023-12-27,ACTIVE
P003185,SKU003185,Backpack 517,BR00031,CAT003,"Against each win article market.
Part space nice among.",2026-09-11,ACTIVE
P003186,SKU003186,Saree 854,BR00048,CAT003,Interview tax item mother by. Return speech health check chair bring.,2025-05-18,ACTIVE
P003187,SKU003187,Jeans 290,BR00040,CAT003,Learn collection activity part candidate manager.,2024-10-19,ACTIVE
P003188,SKU003188,Jacket 142,BR00016,CAT003,Help top manager style tend. Ok sport prevent check senior than when. Long even exactly.,2026-06-01,ACTIVE
P003189,SKU003189,Jeans 707,BR00076,CAT005,Party change two movement gas. Poor current physical not. Opportunity land include.,2024-04-27,ACTIVE
P003190,SKU003190,Jeans 228,BR00032,CAT005,Who around company drive PM oil. Wonder where member stop law beyond American.,2025-05-30,ACTIVE
P003191,SKU003191,Sneakers 59,BR00066,CAT005,Scientist maybe fill money west trouble.,2025-03-06,ACTIVE
P003192,SKU003192,Saree 980,BR00017,CAT003,Land process beyond image soon. Industry pattern source itself call choose.,2024-07-15,ACTIVE
P003193,SKU003193,Jeans 31,BR00027,CAT004,Dream firm subject by group thus.,2025-11-06,ACTIVE
P003194,SKU003194,Sneakers 329,BR00081,CAT002,Eye find allow. Owner threat major recent whose. Gas center threat serve.,2025-03-11,ACTIVE
P003195,SKU003195,Jeans 361,BR00092,CAT003,Industry next main figure executive and news. Study relationship travel least final.,2025-12-13,ACTIVE
P003196,SKU003196,Jacket 655,BR00089,CAT003,Ability if decision world analysis effect inside.,2024-05-10,ACTIVE
P003197,SKU003197,Laptop 534,BR00049,CAT004,Consider program place lawyer road candidate campaign same. Degree mean break actually pull watch.,2025-10-17,ACTIVE
P003198,SKU003198,Sneakers 882,BR00005,CAT003,Push fine chair field may indicate. Major green quality look concern.,2025-02-15,ACTIVE
P003199,SKU003199,Saree 127,BR00069,CAT001,With may foot voice eight decade would. Daughter into so painting decide fund treatment.,2024-12-14,ACTIVE
P003200,SKU003200,Jacket 349,BR00029,CAT004,Glass page doctor fish.,2026-02-16,ACTIVE
P003201,SKU003201,Saree 858,BR00061,CAT002,Reduce enough decade who leave focus television. Field investment himself onto middle crime.,2024-10-14,ACTIVE
P003202,SKU003202,Laptop 401,BR00047,CAT005,Meeting her police vote fire. Offer under bit edge whole question remember.,2025-07-26,ACTIVE
P003203,SKU003203,Saree 972,BR00065,CAT002,Certain keep society nor arm environmental turn. Energy heart actually give letter provide.,2023-12-17,ACTIVE
P003204,SKU003204,Saree 274,BR00055,CAT005,Red time boy. Rich guess hair support less financial full. Material guy record.,2023-12-13,ACTIVE
P003205,SKU003205,Watch 743,BR00084,CAT005,Become unit together. Instead about just upon set security trade conference.,2023-11-26,ACTIVE
P003206,SKU003206,Saree 487,BR00047,CAT003,Also street probably final.,2025-06-06,ACTIVE
P003207,SKU003207,T-Shirt 629,BR00045,CAT003,Reveal eat available you for people. Would alone soon produce staff dark.,2026-07-22,ACTIVE
P003208,SKU003208,T-Shirt 360,BR00031,CAT005,Its because do society nice end interest. By international quite he class deep.,2025-03-04,ACTIVE
P003209,SKU003209,Backpack 543,BR00088,CAT001,Direction foreign find image growth view debate.,2024-01-20,ACTIVE
P003210,SKU003210,Watch 607,BR00026,CAT002,In fall but friend listen himself special fire. Yes speech notice act.,2024-07-26,ACTIVE
P003211,SKU003211,Headphones 631,BR00026,CAT004,Mother example write since. Sound face car party. Later to to address alone.,2026-01-08,ACTIVE
P003212,SKU003212,Jacket 502,BR00017,CAT001,Discussion hospital protect hear. Up simply necessary pressure hour exist growth.,2026-05-04,ACTIVE
P003213,SKU003213,Backpack 330,BR00015,CAT004,Discover method use only. Push power also public its modern letter. Arrive walk week attack.,2024-10-03,ACTIVE
P003214,SKU003214,Headphones 1,BR00073,CAT003,Skin war research. Born throw try look. Entire herself language.,2024-10-24,ACTIVE
P003215,SKU003215,Saree 709,BR00052,CAT001,Technology down through reality official. Dark ago rise author. Road add stay relationship.,2024-06-13,ACTIVE
P003216,SKU003216,Laptop 962,BR00080,CAT003,Others man condition which social pattern.,2023-12-01,ACTIVE
P003217,SKU003217,Saree 178,BR00093,CAT003,Early trial about push window. Hotel from off ten thank. Win wife against.,2025-03-13,ACTIVE
P003218,SKU003218,Headphones 814,BR00024,CAT001,Society various today cover. Least toward political raise red long.,2026-03-01,ACTIVE
P003219,SKU003219,Headphones 760,BR00082,CAT005,Two where close bill. Good force form number can light stop. Stock ball part whole.,2023-12-22,ACTIVE
P003220,SKU003220,Saree 757,BR00076,CAT004,"Someone house speak too just. Rest hot college possible rich.
Pull store clear happy.",2026-02-18,ACTIVE
P003221,SKU003221,Jacket 250,BR00096,CAT004,Home produce not summer person.,2024-10-09,ACTIVE
P003222,SKU003222,Watch 425,BR00027,CAT003,Our take smile family eye dream. Ok turn sign risk.,2025-06-23,ACTIVE
P003223,SKU003223,Sneakers 474,BR00045,CAT002,Reflect middle within lot. Agreement detail reality successful parent.,2025-06-30,ACTIVE
P003224,SKU003224,Jacket 447,BR00044,CAT001,Continue three executive least even lose.,2024-10-28,ACTIVE
P003225,SKU003225,Laptop 153,BR00000,CAT001,Side nature white important parent. Work result I memory not. Free middle understand.,2023-11-11,ACTIVE
P003226,SKU003226,Headphones 782,BR00019,CAT002,More card part them build space mouth forward. Game drop nothing add represent center hard.,2025-11-22,ACTIVE
P003227,SKU003227,Jeans 672,BR00040,CAT003,Must more yes hospital keep military commercial watch.,2024-02-09,ACTIVE
P003228,SKU003228,Saree 839,BR00043,CAT003,"Without walk soon mouth majority week full.
Choice way brother gun lay. Player someone ball soon.",2025-06-22,ACTIVE
P003229,SKU003229,Saree 782,BR00066,CAT003,Draw show across management.,2026-01-22,ACTIVE
P003230,SKU003230,Backpack 839,BR00090,CAT003,Describe base around. Nation whole mention kind true environment. Wear audience card above.,2026-04-24,ACTIVE
P003231,SKU003231,Laptop 673,BR00012,CAT004,Join ready physical along. Spend make main drive often dark lawyer.,2024-06-23,ACTIVE
P003232,SKU003232,Jacket 582,BR00077,CAT002,Green environmental financial system. Wait itself before shoulder write maintain.,2026-09-06,ACTIVE
P003233,SKU003233,T-Shirt 845,BR00082,CAT002,Drop but mission single range word.,2023-11-12,ACTIVE
P003234,SKU003234,Jeans 663,BR00070,CAT003,Thousand they dog force. Tonight of above short. Chance price late skin daughter.,2025-01-29,ACTIVE
P003235,SKU003235,Jacket 928,BR00077,CAT004,Level oil class. Than operation certainly management owner similar let.,2024-09-29,ACTIVE
P003236,SKU003236,Jacket 713,BR00041,CAT001,Increase management able. Notice song happy.,2024-02-18,ACTIVE
P003237,SKU003237,T-Shirt 50,BR00041,CAT005,I behind condition each red book. Federal summer each almost I top see image.,2024-02-20,ACTIVE
P003238,SKU003238,Sneakers 633,BR00033,CAT002,Arm guess edge choose summer stand. Life strategy in science statement player production.,2026-08-25,ACTIVE
P003239,SKU003239,Jacket 418,BR00062,CAT005,Which piece space try.,2025-08-14,ACTIVE
P003240,SKU003240,Watch 401,BR00068,CAT004,Look opportunity information bad. Sell show administration almost candidate.,2023-11-19,ACTIVE
P003241,SKU003241,Jacket 7,BR00001,CAT004,Well best democratic beyond. Thus billion current. Game local look tough memory.,2023-11-08,ACTIVE
P003242,SKU003242,Backpack 937,BR00088,CAT003,Civil ball onto defense. Record tell evening perform travel room. Specific guy key this.,2025-06-24,ACTIVE
P003243,SKU003243,Jeans 44,BR00057,CAT003,Power security person wide ten. Full modern husband.,2026-08-31,ACTIVE
P003244,SKU003244,Jacket 591,BR00066,CAT004,Moment bad term board. Appear design foot share. Edge hospital institution put.,2025-07-05,ACTIVE
P003245,SKU003245,Jeans 92,BR00072,CAT003,Them me assume enter.,2024-11-08,ACTIVE
P003246,SKU003246,T-Shirt 867,BR00049,CAT004,Experience thing catch military. Activity vote trouble popular whom hear series.,2026-07-26,ACTIVE
P003247,SKU003247,Backpack 769,BR00026,CAT002,Degree small enter garden. Media very common major. Human focus model total science president.,2025-03-16,ACTIVE
P003248,SKU003248,Jacket 9,BR00050,CAT005,Hold fast hit. Report less early record model medical.,2025-07-15,ACTIVE
P003249,SKU003249,Jeans 738,BR00067,CAT005,Yard body energy prepare positive return entire. Maybe base keep choose anything.,2025-11-03,ACTIVE
P003250,SKU003250,Sneakers 913,BR00041,CAT001,Could significant life energy prevent memory major. Will including amount interview news.,2026-07-08,ACTIVE
P003251,SKU003251,T-Shirt 563,BR00075,CAT004,One young world scene theory oil. Amount air hundred.,2025-06-08,ACTIVE
P003252,SKU003252,Sneakers 766,BR00026,CAT005,Beat see one administration bit. Claim instead them tree commercial. Particular rather imagine yes.,2024-09-30,ACTIVE
P003253,SKU003253,Laptop 820,BR00016,CAT003,Miss no else inside. A as travel nature seat.,2024-04-12,ACTIVE
P003254,SKU003254,Sneakers 583,BR00039,CAT001,Sit wide address themselves. Door medical enter during seven news military.,2025-05-02,ACTIVE
P003255,SKU003255,T-Shirt 841,BR00005,CAT004,Expert meeting myself marriage seven begin. Prepare event wonder. Throughout under agree improve.,2025-02-10,ACTIVE
P003256,SKU003256,Sneakers 253,BR00083,CAT001,Official say impact start such. Religious project crime issue event.,2023-12-10,ACTIVE
P003257,SKU003257,Backpack 202,BR00044,CAT004,Conference soldier billion religious. Family five body red. Identify watch feel anyone.,2024-07-17,ACTIVE
P003258,SKU003258,Backpack 856,BR00066,CAT004,Structure both network end there career. Various help condition drug article government.,2023-10-07,ACTIVE
P003259,SKU003259,Sneakers 604,BR00042,CAT004,Both similar charge catch wide. War born prove safe sign. Available network also brother develop.,2025-10-31,ACTIVE
P003260,SKU003260,Jeans 326,BR00063,CAT005,Street water reality feeling institution. Democratic stock wear key foreign public woman.,2025-05-08,ACTIVE
P003261,SKU003261,Headphones 433,BR00049,CAT003,Past difference may box head first mouth measure. Church discover measure ask body medical.,2024-08-07,ACTIVE
P003262,SKU003262,Sneakers 887,BR00094,CAT002,Prove away outside. Range economy focus high rise kind.,2025-12-20,ACTIVE
P003263,SKU003263,Laptop 804,BR00029,CAT004,Able relationship strong rich bank. Stand once believe want. Hot pressure rest around.,2024-08-02,ACTIVE
P003264,SKU003264,Laptop 627,BR00093,CAT002,Alone participant foot form win heavy.,2026-03-21,ACTIVE
P003265,SKU003265,Watch 364,BR00038,CAT004,Ask family though. Much citizen of skill develop.,2024-09-24,ACTIVE
P003266,SKU003266,Watch 866,BR00003,CAT001,Second conference must animal our option recognize. Blue energy road.,2025-01-16,ACTIVE
P003267,SKU003267,T-Shirt 621,BR00081,CAT005,Way realize win size attention huge. Two month pay rate skill.,2023-10-20,ACTIVE
P003268,SKU003268,Watch 958,BR00080,CAT003,Fight treat reveal wrong form animal. Black marriage employee put thousand.,2025-11-06,ACTIVE
P003269,SKU003269,Jeans 627,BR00000,CAT002,Go actually six one. Way nearly community a.,2026-06-20,ACTIVE
P003270,SKU003270,Jacket 524,BR00026,CAT001,Heart catch style well group seek hundred property. Out however former pattern sport.,2024-07-20,ACTIVE
P003271,SKU003271,Headphones 412,BR00017,CAT005,Time east foreign goal. Their grow computer training others. Word entire seven with.,2026-02-08,ACTIVE
P003272,SKU003272,Jeans 248,BR00079,CAT002,Inside dog fight voice because little company. Provide paper account response.,2026-05-05,ACTIVE
P003273,SKU003273,Backpack 267,BR00081,CAT005,Window office store message wonder within. Bank worry man expect hope spring.,2025-09-22,ACTIVE
P003274,SKU003274,Headphones 437,BR00030,CAT002,Discuss end pay such. Any wide move lead.,2023-12-06,ACTIVE
P003275,SKU003275,T-Shirt 618,BR00048,CAT001,Remember minute behavior first spend. Daughter about prove must record.,2026-09-19,ACTIVE
P003276,SKU003276,T-Shirt 508,BR00076,CAT003,Fish them population. Can player scientist. Must administration part foreign. Four huge money son.,2024-08-31,ACTIVE
P003277,SKU003277,Jeans 132,BR00047,CAT004,Six allow laugh physical manage clearly draw.,2024-11-22,ACTIVE
P003278,SKU003278,Jeans 884,BR00041,CAT005,"Usually area watch.
Employee care career sense ask today. Compare view her.",2024-12-15,ACTIVE
P003279,SKU003279,Backpack 255,BR00082,CAT003,Ground identify group value for bill. Add billion nature bit as.,2026-06-29,ACTIVE
P003280,SKU003280,T-Shirt 806,BR00090,CAT001,Friend room radio reality image. Change night professional ready cut stop.,2023-10-07,ACTIVE
P003281,SKU003281,Jeans 194,BR00047,CAT002,Social third city source tend evening heart mouth. Much those trade.,2026-02-21,ACTIVE
P003282,SKU003282,Jacket 677,BR00024,CAT001,Stand so side cold network leave.,2024-09-19,ACTIVE
P003283,SKU003283,Sneakers 621,BR00053,CAT004,Finish player cost why. It himself soldier fish building.,2024-04-06,ACTIVE
P003284,SKU003284,Saree 836,BR00079,CAT005,Cut federal those kind.,2025-11-03,ACTIVE
P003285,SKU003285,Saree 512,BR00031,CAT005,But name activity positive.,2025-02-12,ACTIVE
P003286,SKU003286,Backpack 832,BR00041,CAT005,Card decade finally talk little all research establish. Fear blue doctor watch.,2025-02-14,ACTIVE
P003287,SKU003287,Laptop 940,BR00077,CAT003,Never trip probably it choice.,2023-10-10,ACTIVE
P003288,SKU003288,Saree 645,BR00063,CAT001,Hear military participant way. Tough section become daughter.,2026-02-04,ACTIVE
P003289,SKU003289,Watch 802,BR00017,CAT003,"Site discover knowledge mind ok.
Series family when. Skin because war set.",2026-04-30,ACTIVE
P003290,SKU003290,Jacket 92,BR00058,CAT003,Worry front trip sound. Lot worker want during. Lawyer middle serve special.,2025-10-02,ACTIVE
P003291,SKU003291,Headphones 768,BR00005,CAT001,Join this carry fly despite if. Type believe black never. Record anyone tree than outside hard.,2026-01-02,ACTIVE
P003292,SKU003292,Laptop 854,BR00057,CAT004,Bill Republican item prove production watch example.,2026-03-31,ACTIVE
P003293,SKU003293,Laptop 654,BR00082,CAT004,Art seat Congress add weight. Member health religious government laugh couple worker.,2023-11-07,ACTIVE
P003294,SKU003294,Laptop 906,BR00089,CAT002,Race write personal campaign prevent serious reach. Raise modern heavy speak for true.,2024-11-07,ACTIVE
P003295,SKU003295,Headphones 359,BR00051,CAT003,Ok so but goal court boy interview. Watch let recent it program them ground wife.,2026-04-21,ACTIVE
P003296,SKU003296,Jeans 793,BR00059,CAT001,Third situation study kid travel even step.,2025-10-24,ACTIVE
P003297,SKU003297,Saree 119,BR00022,CAT001,Because life camera. Forward hand can police. Difficult American parent TV.,2024-12-18,ACTIVE
P003298,SKU003298,Sneakers 245,BR00065,CAT001,Still pressure employee. Large available coach.,2024-03-04,ACTIVE
P003299,SKU003299,Watch 467,BR00075,CAT005,Dark southern section receive development how economic analysis.,2026-09-12,ACTIVE
P003300,SKU003300,Headphones 1,BR00030,CAT005,Follow board nation send political. National admit answer blood worry trade foot.,2025-07-09,ACTIVE
P003301,SKU003301,Sneakers 529,BR00005,CAT004,Can national prepare. Anyone finally another listen two establish.,2026-04-29,ACTIVE
P003302,SKU003302,Laptop 491,BR00053,CAT005,Wide decision finish past social. Recently entire member check.,2023-12-08,ACTIVE
P003303,SKU003303,Sneakers 774,BR00002,CAT002,"Mr major several hold west others.
Safe common wrong single. Than Democrat contain painting.",2024-04-14,ACTIVE
P003304,SKU003304,Headphones 624,BR00067,CAT003,Many issue but accept party ability offer short. Type position line hundred benefit financial cold.,2026-08-04,ACTIVE
P003305,SKU003305,Laptop 101,BR00064,CAT004,Effect prove know method might here account. Idea research none.,2024-04-29,ACTIVE
P003306,SKU003306,Jacket 70,BR00069,CAT002,Edge miss including try five part. Avoid may group response southern senior.,2025-07-20,ACTIVE
P003307,SKU003307,Sneakers 122,BR00037,CAT003,Sound laugh forget structure home. Activity current service suggest hard benefit either.,2024-02-07,ACTIVE
P003308,SKU003308,Jeans 21,BR00062,CAT003,Couple know law check measure condition sense. Strong foreign country phone wide reason.,2025-01-06,ACTIVE
P003309,SKU003309,Watch 649,BR00069,CAT004,Bank season end red. Strong address account trip nice director.,2023-09-27,ACTIVE
P003310,SKU003310,Watch 189,BR00079,CAT004,Girl rich not long. Size final hope different see head morning.,2024-06-01,ACTIVE
P003311,SKU003311,Saree 974,BR00022,CAT002,Simply senior suddenly act. Operation attorney kid weight study. Its break truth be.,2025-05-30,ACTIVE
P003312,SKU003312,Saree 397,BR00067,CAT003,Weight low history wind within drive.,2025-08-30,ACTIVE
P003313,SKU003313,Jacket 560,BR00024,CAT001,Town receive animal doctor memory. Now least loss material five true. Station whose any spend.,2024-11-18,ACTIVE
P003314,SKU003314,Sneakers 731,BR00065,CAT004,Late father expect film. Game leader possible indeed good collection.,2025-06-20,ACTIVE
P003315,SKU003315,Jeans 767,BR00022,CAT004,Time personal all challenge physical. Professor scientist scientist technology.,2024-08-05,ACTIVE
P003316,SKU003316,Laptop 947,BR00094,CAT003,Firm discover support break. Prove keep hundred truth stock white.,2024-01-02,ACTIVE
P003317,SKU003317,Jeans 900,BR00098,CAT004,Center available subject building summer. Early be each current senior assume.,2025-11-14,ACTIVE
P003318,SKU003318,Saree 363,BR00095,CAT003,Myself do serious ago yet when computer. Agency particular morning.,2025-07-01,ACTIVE
P003319,SKU003319,T-Shirt 400,BR00062,CAT001,Strategy arm week table.,2026-05-10,ACTIVE
P003320,SKU003320,T-Shirt 73,BR00036,CAT005,Beyond agent surface form. Allow line fact party.,2026-04-05,ACTIVE
P003321,SKU003321,Saree 984,BR00064,CAT003,Purpose add mouth nearly. Purpose cause scientist down Mrs.,2023-12-22,ACTIVE
P003322,SKU003322,Backpack 423,BR00009,CAT001,Before if ahead also social perhaps many. During rate design a.,2023-12-05,ACTIVE
P003323,SKU003323,Watch 510,BR00084,CAT004,Official expect tree speech speech age. Citizen almost doctor person give about state main.,2026-01-11,ACTIVE
P003324,SKU003324,Laptop 651,BR00064,CAT003,Modern game support while great recent want. Travel until magazine natural. Really spend media.,2025-02-27,ACTIVE
P003325,SKU003325,Saree 243,BR00013,CAT005,Scientist take develop. Movie themselves program.,2025-05-31,ACTIVE
P003326,SKU003326,Sneakers 797,BR00092,CAT005,Laugh nothing music. Leader something policy what surface give let treat. South firm another place.,2025-05-12,ACTIVE
P003327,SKU003327,Saree 380,BR00059,CAT003,Good cup director indicate try even. We north between still however change.,2024-01-21,ACTIVE
P003328,SKU003328,Saree 158,BR00089,CAT004,Performance attention decision way make. Just half amount either air measure.,2024-06-06,ACTIVE
P003329,SKU003329,Jacket 609,BR00070,CAT004,Southern sometimes lead already. Likely their bank of.,2024-09-27,ACTIVE
P003330,SKU003330,Watch 684,BR00037,CAT001,Series ok region individual property really line inside. Only kid represent hour.,2023-10-06,ACTIVE
P003331,SKU003331,Saree 727,BR00053,CAT001,Fly difficult seek agreement cup. Ball southern personal peace.,2024-06-03,ACTIVE
P003332,SKU003332,Laptop 430,BR00078,CAT001,Defense various score protect back black let camera. Agent to may item.,2026-07-03,ACTIVE
P003333,SKU003333,Sneakers 266,BR00064,CAT004,Teacher account give majority pass talk. Future ready political stand sometimes.,2023-11-12,ACTIVE
P003334,SKU003334,Sneakers 75,BR00084,CAT005,Option result moment perhaps leave. Cause child describe certainly little.,2024-01-20,ACTIVE
P003335,SKU003335,Watch 752,BR00034,CAT005,"Exist look use old PM movement Mrs.
Drop this most section seat thus. Image find mouth.",2025-11-26,ACTIVE
P003336,SKU003336,Laptop 26,BR00052,CAT002,Force guess discover certain. Represent area financial.,2026-08-19,ACTIVE
P003337,SKU003337,Laptop 491,BR00014,CAT002,Detail attention really success parent. Character year boy.,2026-01-09,ACTIVE
P003338,SKU003338,Jeans 249,BR00020,CAT002,"Serious middle wait century a.
Common exist give way.",2025-05-18,ACTIVE
P003339,SKU003339,Jacket 289,BR00034,CAT004,Body prevent computer event alone. Car condition whatever. Everybody on cost spend deal local.,2025-03-19,ACTIVE
P003340,SKU003340,Watch 576,BR00072,CAT002,Note suffer adult Mr process enough watch real. See call life lot.,2024-04-18,ACTIVE
P003341,SKU003341,Laptop 942,BR00082,CAT004,Friend officer management bed. Happen own notice particularly. South ahead oil quickly drug.,2026-07-30,ACTIVE
P003342,SKU003342,Saree 787,BR00023,CAT004,Charge federal ever act which serve fill. Dream science design that.,2024-11-26,ACTIVE
P003343,SKU003343,Headphones 129,BR00038,CAT002,Parent figure go send million rock mother former. Before mission much treat.,2025-07-19,ACTIVE
P003344,SKU003344,Headphones 523,BR00097,CAT002,Which health she partner. Fine forward bit nothing believe attack.,2024-09-22,ACTIVE
P003345,SKU003345,T-Shirt 388,BR00024,CAT002,You foot senior himself black bank. Story sit might send place. Party rich report wish.,2025-05-03,ACTIVE
P003346,SKU003346,Backpack 818,BR00033,CAT001,Without away guess up. Able provide world fast.,2026-04-26,ACTIVE
P003347,SKU003347,Laptop 148,BR00006,CAT005,Now there security response help. Live almost great land similar force.,2024-09-10,ACTIVE
P003348,SKU003348,Watch 868,BR00011,CAT001,Possible kid chair issue agreement rule should. Through respond foreign. Writer draw you.,2023-10-12,ACTIVE
P003349,SKU003349,Laptop 429,BR00058,CAT003,Prove reflect back five when light. Instead number treat may not attack company.,2026-09-07,ACTIVE
P003350,SKU003350,Watch 704,BR00034,CAT004,American deal collection. Specific high various lead in. Particular military care support.,2025-04-14,ACTIVE
P003351,SKU003351,Jacket 311,BR00088,CAT003,Choose consider there yard. Yeah his at possible establish.,2023-12-15,ACTIVE
P003352,SKU003352,Jacket 844,BR00036,CAT004,Think probably mention lay reason.,2024-08-17,ACTIVE
P003353,SKU003353,T-Shirt 355,BR00023,CAT002,If mother coach serve piece despite. Serve person different. Leave owner study record dinner.,2024-07-05,ACTIVE
P003354,SKU003354,Laptop 776,BR00084,CAT003,Major recent law pick himself truth. Avoid at town several out.,2025-12-14,ACTIVE
P003355,SKU003355,Laptop 275,BR00028,CAT001,Performance I ahead yet. Real call glass suggest. Mother note analysis important friend.,2025-10-14,ACTIVE
P003356,SKU003356,Watch 864,BR00065,CAT004,Night must water put lot American necessary. Recognize what view best deep.,2026-03-31,ACTIVE
P003357,SKU003357,Backpack 586,BR00030,CAT004,College tax second official into program none available. Evidence past rule its success window.,2024-03-29,ACTIVE
P003358,SKU003358,Laptop 463,BR00047,CAT003,Under improve between ground create. If seat risk soon weight hear.,2024-07-06,ACTIVE
P003359,SKU003359,T-Shirt 689,BR00083,CAT002,Today test wish science now everyone.,2024-10-01,ACTIVE
P003360,SKU003360,Backpack 693,BR00064,CAT002,Else present remain. Author moment report bar.,2023-11-11,ACTIVE
P003361,SKU003361,Backpack 615,BR00011,CAT004,Lead relationship hear series step. Cell generation method responsibility. Rich live upon morning.,2026-02-27,ACTIVE
P003362,SKU003362,Jeans 250,BR00002,CAT005,Current value pretty ok four either. Discussion just rise low culture service thing.,2025-03-16,ACTIVE
P003363,SKU003363,Sneakers 48,BR00091,CAT002,"Too society still one kid paper.
Continue outside theory safe point dinner model.",2026-01-07,ACTIVE
P003364,SKU003364,Headphones 327,BR00003,CAT001,Cell bar site first. Then trouble lot again.,2025-02-08,ACTIVE
P003365,SKU003365,Headphones 740,BR00081,CAT003,Talk behavior call cell. Fine many goal trade my. Some red base hard.,2025-06-25,ACTIVE
P003366,SKU003366,Jacket 394,BR00048,CAT004,Fire difference able. Now cut understand final leader throw.,2024-03-13,ACTIVE
P003367,SKU003367,Sneakers 880,BR00050,CAT001,Seven benefit every bag former clearly coach seat. Character return speech he news.,2026-06-20,ACTIVE
P003368,SKU003368,T-Shirt 389,BR00056,CAT001,Heavy often among believe. Cold carry central staff.,2024-03-18,ACTIVE
P003369,SKU003369,Laptop 597,BR00085,CAT001,"Who from two control.
Long these resource quality bed exist. Field few value.",2024-12-29,ACTIVE
P003370,SKU003370,Backpack 740,BR00028,CAT005,Fire back dream same edge nearly.,2024-05-29,ACTIVE
P003371,SKU003371,Jacket 495,BR00083,CAT002,"Record people same. Air sign myself wind clear become.
Rich question affect enter its shoulder.",2024-11-22,ACTIVE
P003372,SKU003372,Watch 344,BR00022,CAT003,Administration wait any trip west. Step physical kid upon former. Yourself firm order scientist.,2025-06-18,ACTIVE
P003373,SKU003373,Backpack 478,BR00037,CAT005,Baby open no value article. Voice price herself.,2024-07-28,ACTIVE
P003374,SKU003374,Laptop 557,BR00025,CAT003,War rule entire opportunity dream spring. And age act fund PM appear.,2025-01-10,ACTIVE
P003375,SKU003375,Sneakers 332,BR00095,CAT005,Manage point cause writer lot plant figure. Energy room three able financial.,2026-02-14,ACTIVE
P003376,SKU003376,Headphones 665,BR00055,CAT003,Page can would wonder choice. Woman full really clearly sure art sister.,2023-11-25,ACTIVE
P003377,SKU003377,T-Shirt 78,BR00098,CAT002,Gun than cultural right trial manager street.,2026-08-01,ACTIVE
P003378,SKU003378,Headphones 94,BR00044,CAT005,Seven cultural radio race. Somebody quite bad this once if. Month team standard.,2024-02-15,ACTIVE
P003379,SKU003379,Watch 950,BR00042,CAT005,City less bit yet government personal. Need really state.,2023-09-26,ACTIVE
P003380,SKU003380,T-Shirt 591,BR00083,CAT003,"Our bank sea. Detail feel dog.
Range trouble and road must gun television. Order culture suffer.",2025-04-08,ACTIVE
P003381,SKU003381,Headphones 657,BR00038,CAT004,Stage save politics player certainly spring begin seem. Nothing friend plan school blue.,2024-03-30,ACTIVE
P003382,SKU003382,Sneakers 593,BR00003,CAT004,Window like market former phone ok. Hour land score large physical participant.,2023-11-08,ACTIVE
P003383,SKU003383,Backpack 80,BR00091,CAT001,Doctor break grow. Education build owner check care challenge least.,2026-04-13,ACTIVE
P003384,SKU003384,Saree 541,BR00071,CAT003,Health picture field wall suddenly. Government store western camera magazine cell place.,2025-05-15,ACTIVE
P003385,SKU003385,Jacket 214,BR00098,CAT001,Kind today music ever card. Need civil bit him white film move. Whom four nor service.,2025-10-14,ACTIVE
P003386,SKU003386,Laptop 290,BR00075,CAT001,Whatever star why century. Study buy report fill president cell.,2026-01-31,ACTIVE
P003387,SKU003387,Jacket 46,BR00077,CAT002,Behavior wonder best marriage effect organization. White glass draw character.,2024-09-02,ACTIVE
P003388,SKU003388,Headphones 382,BR00027,CAT001,Hold thought race friend second. Enjoy consumer few present. Mind home read word successful.,2024-01-02,ACTIVE
P003389,SKU003389,Laptop 518,BR00012,CAT003,"Material kid effort rock.
Hospital again air save sense.",2023-12-16,ACTIVE
P003390,SKU003390,T-Shirt 269,BR00028,CAT003,Science most assume pull show. Business gun call detail defense town enjoy.,2023-12-09,ACTIVE
P003391,SKU003391,Jacket 14,BR00029,CAT001,Item win expect quickly worker source. Lot happy guy seek because.,2024-09-29,ACTIVE
P003392,SKU003392,Saree 40,BR00059,CAT004,In section voice today yard. Side enter word buy foreign appear. Cut clearly summer.,2026-06-15,ACTIVE
P003393,SKU003393,T-Shirt 881,BR00083,CAT004,Difference quality billion hundred. Minute the leg either TV inside sit.,2026-08-22,ACTIVE
P003394,SKU003394,Backpack 167,BR00088,CAT003,Method citizen half memory seven option yes dog. Believe its person management market.,2023-12-27,ACTIVE
P003395,SKU003395,Sneakers 421,BR00079,CAT004,Project single camera door accept seem vote. Throughout this occur beat.,2024-11-20,ACTIVE
P003396,SKU003396,Laptop 575,BR00082,CAT005,Though family bar with. Chance spend give. Assume throughout grow.,2025-12-28,ACTIVE
P003397,SKU003397,Jacket 827,BR00034,CAT004,Instead assume along because ago cause hot. Customer heart million. Own mother say lose hair.,2024-05-02,ACTIVE
P003398,SKU003398,Laptop 464,BR00000,CAT001,Activity almost event. Two hard everybody three. It sort create far receive bag develop sense.,2026-01-17,ACTIVE
P003399,SKU003399,Jacket 726,BR00082,CAT002,Something candidate point. After appear throughout particular cell yourself.,2024-06-28,ACTIVE
P003400,SKU003400,Jacket 264,BR00013,CAT003,Your side concern. Head magazine water purpose song hand. Miss safe expect.,2025-05-29,ACTIVE
P003401,SKU003401,Backpack 108,BR00030,CAT001,Finish it since painting why campaign. Treatment order because approach.,2025-11-25,ACTIVE
P003402,SKU003402,Jeans 436,BR00038,CAT003,Information six budget five tell.,2024-07-17,ACTIVE
P003403,SKU003403,Watch 387,BR00011,CAT003,Sister mind wait. Health fly sing heavy response. Support investment day weight very.,2024-01-03,ACTIVE
P003404,SKU003404,T-Shirt 736,BR00064,CAT001,Who exactly huge perform fish federal media.,2024-10-06,ACTIVE
P003405,SKU003405,Sneakers 864,BR00055,CAT001,Well make need sit season recently should. Wish him light family reveal candidate. Two a their age.,2025-08-04,ACTIVE
P003406,SKU003406,T-Shirt 708,BR00085,CAT005,Everything business trade nature. Key need run themselves act lead recently.,2025-06-13,ACTIVE
P003407,SKU003407,Laptop 527,BR00061,CAT003,Difficult small raise either. Summer single week operation president.,2023-11-22,ACTIVE
P003408,SKU003408,Watch 518,BR00065,CAT004,People trial lead along right then respond. As if low bar guess.,2024-11-30,ACTIVE
P003409,SKU003409,Watch 377,BR00099,CAT004,Debate law history art enjoy. Room movie security foreign room throughout drop.,2026-03-06,ACTIVE
P003410,SKU003410,Watch 779,BR00099,CAT002,Article treat part.,2023-09-23,ACTIVE
P003411,SKU003411,Jeans 794,BR00040,CAT004,Stage rich who note wrong practice water. Its system admit meet wonder.,2023-09-24,ACTIVE
P003412,SKU003412,Laptop 731,BR00091,CAT004,Pressure why when support indeed door. Probably yeah near while. You brother build different face.,2026-09-13,ACTIVE
P003413,SKU003413,Jeans 301,BR00071,CAT001,Get coach turn camera go figure. Everything enjoy even product.,2026-01-24,ACTIVE
P003414,SKU003414,Watch 486,BR00062,CAT002,Behind leave democratic help small whatever fill. Sort hair there.,2025-10-02,ACTIVE
P003415,SKU003415,Backpack 616,BR00089,CAT003,Film you fill specific would. Develop bit remember.,2025-07-19,ACTIVE
P003416,SKU003416,Jacket 535,BR00040,CAT005,Even strong investment administration. Debate executive popular.,2024-07-14,ACTIVE
P003417,SKU003417,Saree 798,BR00029,CAT004,Option follow movie message. Chance win newspaper sell. Child such game.,2024-05-14,ACTIVE
P003418,SKU003418,Saree 395,BR00032,CAT004,Contain instead level loss join. Huge item organization writer board total.,2026-04-28,ACTIVE
P003419,SKU003419,Saree 814,BR00033,CAT004,Feel national require resource painting oil field score. Small effect remain too PM.,2025-01-03,ACTIVE
P003420,SKU003420,Sneakers 685,BR00037,CAT002,Word value their school sign company. Ago many into small organization happy.,2026-06-02,ACTIVE
P003421,SKU003421,Headphones 367,BR00090,CAT005,Nearly ahead play chance. Our all determine song make rest. Building though value.,2025-08-28,ACTIVE
P003422,SKU003422,Backpack 990,BR00070,CAT002,Task identify again describe score ask. Record yourself miss war prepare very fund.,2025-05-21,ACTIVE
P003423,SKU003423,Saree 353,BR00063,CAT001,Work Congress either position every of establish. Finally people cut everyone down civil.,2026-04-13,ACTIVE
P003424,SKU003424,Headphones 685,BR00039,CAT002,Fear natural tree entire respond identify happy. Life project cell.,2024-05-22,ACTIVE
P003425,SKU003425,Backpack 85,BR00039,CAT004,Particular base name garden identify. Land officer health stop baby manage a.,2025-09-20,ACTIVE
P003426,SKU003426,Headphones 405,BR00050,CAT004,History baby through. Six together mention over operation stage. Section employee dog attention.,2025-09-18,ACTIVE
P003427,SKU003427,Jacket 449,BR00060,CAT002,Story though test lawyer hair. Usually certain own. Company wait nice radio here.,2026-05-13,ACTIVE
P003428,SKU003428,T-Shirt 338,BR00097,CAT005,Attack through administration manager degree.,2023-10-22,ACTIVE
P003429,SKU003429,Watch 801,BR00071,CAT002,Clear gas collection. Long bar piece reduce without Mrs explain animal.,2025-09-23,ACTIVE
P003430,SKU003430,Jeans 972,BR00022,CAT004,Type fear teach ago. Customer own after list. Hour feeling would service.,2026-01-19,ACTIVE
P003431,SKU003431,T-Shirt 967,BR00055,CAT005,"Outside order push performance arrive hot.
Doctor you show director.",2025-01-25,ACTIVE
P003432,SKU003432,Jacket 585,BR00066,CAT002,Check our worry catch bed increase. Air side perform write security.,2026-04-17,ACTIVE
P003433,SKU003433,T-Shirt 796,BR00019,CAT003,Past card political realize school. Family blood camera staff us.,2023-12-17,ACTIVE
P003434,SKU003434,Laptop 938,BR00001,CAT004,Green during rate town career quickly worry town.,2023-12-27,ACTIVE
P003435,SKU003435,Backpack 250,BR00011,CAT002,Real early standard see seven. Thing that cause. Bar activity yeah statement policy PM card.,2024-05-31,ACTIVE
P003436,SKU003436,Headphones 208,BR00030,CAT001,Front huge half identify physical concern cause.,2025-09-25,ACTIVE
P003437,SKU003437,Backpack 25,BR00051,CAT005,Loss admit direction economic write relate. How sing husband bed leader left reality.,2025-03-20,ACTIVE
P003438,SKU003438,T-Shirt 678,BR00038,CAT001,Than recognize wide something guy value set. Hand hope house near short.,2026-07-21,ACTIVE
P003439,SKU003439,Laptop 98,BR00007,CAT002,Reach risk soon seek result. Debate policy method create life. Ball want police nation.,2024-10-04,ACTIVE
P003440,SKU003440,Jeans 296,BR00042,CAT001,Out television able though. Herself opportunity wind life.,2026-09-07,ACTIVE
P003441,SKU003441,Watch 184,BR00087,CAT003,Start glass some bad movie. Deep with food paper.,2023-11-23,ACTIVE
P003442,SKU003442,Backpack 188,BR00038,CAT001,Player decide reveal difference evidence development day player. Prepare various Mr drug their.,2024-04-29,ACTIVE
P003443,SKU003443,T-Shirt 880,BR00038,CAT002,Current on alone spend clear matter.,2025-03-25,ACTIVE
P003444,SKU003444,T-Shirt 400,BR00005,CAT003,Air house certainly. Not wrong factor.,2024-09-16,ACTIVE
P003445,SKU003445,Sneakers 122,BR00081,CAT004,Trip rather beautiful run. Money attention herself how add go amount.,2023-10-28,ACTIVE
P003446,SKU003446,Backpack 246,BR00070,CAT005,Explain can hear if community citizen. First style day. Morning standard station people policy.,2023-10-08,ACTIVE
P003447,SKU003447,Saree 352,BR00073,CAT002,Right center certainly note field very. Environmental see forget look perhaps.,2024-04-27,ACTIVE
P003448,SKU003448,Backpack 387,BR00041,CAT001,Successful line hotel create we. Him third view.,2023-10-13,ACTIVE
P003449,SKU003449,Saree 200,BR00079,CAT005,Thought candidate civil artist mean again. College want line allow environmental guy option.,2026-02-27,ACTIVE
P003450,SKU003450,Watch 972,BR00080,CAT004,Letter land same stock buy. Price author could. Star leg teach year sort.,2024-03-28,ACTIVE
P003451,SKU003451,Jacket 256,BR00029,CAT004,Agent there purpose wind media. Evening feel first production.,2026-09-07,ACTIVE
P003452,SKU003452,Backpack 597,BR00001,CAT004,Huge above agent participant. History laugh change weight. Major technology air gun behavior.,2024-11-25,ACTIVE
P003453,SKU003453,Sneakers 367,BR00076,CAT002,Need woman argue receive civil field dark. Left clear ready page decision.,2026-07-02,ACTIVE
P003454,SKU003454,Jeans 673,BR00088,CAT005,Other well themselves rather assume research word. Eat former base PM the serious everybody.,2025-03-21,ACTIVE
P003455,SKU003455,Jacket 498,BR00099,CAT003,Bill note behavior situation much north. Civil age value behavior thus during.,2024-10-28,ACTIVE
P003456,SKU003456,Saree 980,BR00002,CAT003,Order few drug sing build same. Yes product our care rather owner key.,2025-04-11,ACTIVE
P003457,SKU003457,Sneakers 117,BR00095,CAT003,Face majority happy today. Receive board indeed hold. Evening risk part special.,2025-09-27,ACTIVE
P003458,SKU003458,Sneakers 996,BR00073,CAT003,Course truth whatever you. Attention smile ready personal manage central. Section fund tonight bag.,2024-06-13,ACTIVE
P003459,SKU003459,Jacket 763,BR00043,CAT005,Understand save though those pressure perform. Her until recently lawyer hospital war.,2026-01-23,ACTIVE
P003460,SKU003460,Sneakers 851,BR00085,CAT004,Employee instead according quite age. Free several grow our with.,2026-03-04,ACTIVE
P003461,SKU003461,Jacket 227,BR00073,CAT003,Always decade yard yes might art. Whatever word center.,2025-05-04,ACTIVE
P003462,SKU003462,Jeans 790,BR00094,CAT005,"Order others that.
Effect trial pay movie.",2026-01-30,ACTIVE
P003463,SKU003463,Laptop 134,BR00003,CAT004,Plan car tonight kid. Make listen of scientist financial.,2024-07-22,ACTIVE
P003464,SKU003464,Laptop 872,BR00017,CAT005,Different field wind loss thousand ten picture.,2025-12-24,ACTIVE
P003465,SKU003465,Sneakers 716,BR00065,CAT001,Realize deal environmental member. Citizen voice treat. Month just water trial day strong.,2024-05-15,ACTIVE
P003466,SKU003466,Sneakers 679,BR00039,CAT004,Movie structure quite up citizen traditional on Democrat. Trouble expert strategy responsibility.,2026-06-07,ACTIVE
P003467,SKU003467,Jacket 370,BR00049,CAT001,Line watch step president cultural official. Watch support time performance remain just.,2024-04-17,ACTIVE
P003468,SKU003468,Backpack 309,BR00064,CAT002,Ball improve anything city among. Defense watch project skin. One production visit anything least.,2026-05-29,ACTIVE
P003469,SKU003469,Jacket 301,BR00060,CAT002,Move sense reach individual. Court item develop. Discover management character any.,2024-10-09,ACTIVE
P003470,SKU003470,Jeans 823,BR00002,CAT001,Figure job again general trip help. Here foot camera bad scene.,2026-02-01,ACTIVE
P003471,SKU003471,Saree 414,BR00005,CAT002,Account catch heart cup usually go. Sure note whatever administration note old. New hold dream.,2024-10-03,ACTIVE
P003472,SKU003472,Sneakers 93,BR00064,CAT002,Friend responsibility anything old matter fact learn. Around career local church.,2023-12-14,ACTIVE
P003473,SKU003473,Headphones 627,BR00016,CAT005,Between because kid music wish. Might floor grow page left exactly.,2025-10-13,ACTIVE
P003474,SKU003474,Headphones 924,BR00085,CAT003,Able certainly camera buy cover. Author evidence certainly in.,2026-04-19,ACTIVE
P003475,SKU003475,Backpack 106,BR00032,CAT005,Tv remain small sing call believe. My they imagine. Begin else candidate.,2024-07-29,ACTIVE
P003476,SKU003476,Headphones 292,BR00014,CAT002,Drive according card theory water wife break open.,2024-09-25,ACTIVE
P003477,SKU003477,Jeans 85,BR00004,CAT001,Each American reveal defense your entire. Plant road measure across.,2024-04-09,ACTIVE
P003478,SKU003478,Watch 214,BR00072,CAT004,Nor whole special recent government Mrs senior. Moment each real event we board indeed.,2026-01-20,ACTIVE
P003479,SKU003479,T-Shirt 196,BR00083,CAT004,Care city team should firm attorney deep step. Religious evening Congress.,2025-05-17,ACTIVE
P003480,SKU003480,Saree 66,BR00016,CAT001,Wall then actually alone choice. Soldier three little. Like listen during beyond stock.,2026-05-22,ACTIVE
P003481,SKU003481,Headphones 575,BR00038,CAT003,Sound yeah left whatever authority. Fight positive less case sport.,2024-07-21,ACTIVE
P003482,SKU003482,Jeans 639,BR00095,CAT003,Become without increase reveal. She teacher voice must. Cover bit drop talk may.,2025-04-13,ACTIVE
P003483,SKU003483,Sneakers 936,BR00059,CAT004,Traditional risk wear together page. Plant peace which want point letter. Far rest event rock make.,2023-11-11,ACTIVE
P003484,SKU003484,Watch 457,BR00012,CAT001,Look participant system soon other special. Plant onto stay white raise unit person.,2025-08-12,ACTIVE
P003485,SKU003485,T-Shirt 321,BR00059,CAT005,Mrs than reduce president. Beat water first watch.,2025-07-27,ACTIVE
P003486,SKU003486,T-Shirt 325,BR00076,CAT004,Successful involve some. Since next participant author.,2024-02-22,ACTIVE
P003487,SKU003487,Headphones 836,BR00098,CAT005,Whose college concern stock also hospital.,2025-09-12,ACTIVE
P003488,SKU003488,Jacket 41,BR00091,CAT004,Bill produce visit. Often political maybe heart.,2025-03-13,ACTIVE
P003489,SKU003489,Headphones 60,BR00017,CAT004,Option less continue fine PM how debate. Increase hold minute interview.,2025-09-28,ACTIVE
P003490,SKU003490,Jeans 255,BR00051,CAT001,Every section such style increase dream spend. Why group may piece line responsibility through.,2026-04-19,ACTIVE
P003491,SKU003491,Backpack 830,BR00025,CAT003,Seat cell difference. Similar statement report successful his various.,2025-09-26,ACTIVE
P003492,SKU003492,Backpack 272,BR00017,CAT002,Fill your station even message family. Kind decade feeling according.,2026-09-16,ACTIVE
P003493,SKU003493,Saree 663,BR00045,CAT004,Poor so about risk near bank action. Cover cause need share. Year Mr fact defense speak special.,2026-07-28,ACTIVE
P003494,SKU003494,Sneakers 535,BR00003,CAT005,"Report above good wrong scientist walk.
Our for state kind. Nothing all east left let avoid.",2024-11-22,ACTIVE
P003495,SKU003495,Headphones 854,BR00099,CAT002,"Rich side beat lot. Only question whatever so since.
Space course room.",2024-12-10,ACTIVE
P003496,SKU003496,Sneakers 610,BR00063,CAT004,Defense she American article professional old. By hit sing bag party catch.,2024-07-11,ACTIVE
P003497,SKU003497,Watch 473,BR00010,CAT001,Series call protect turn inside. Society land yard nation huge girl. Computer feel white possible.,2023-10-29,ACTIVE
P003498,SKU003498,Headphones 996,BR00030,CAT005,College it investment leave. A table three ground small road.,2026-01-16,ACTIVE
P003499,SKU003499,Saree 595,BR00089,CAT005,Room course could again possible clearly. Exist protect them option door one.,2025-10-02,ACTIVE
P003500,SKU003500,Watch 306,BR00020,CAT001,He president perform. Environment agent never himself inside turn.,2024-07-22,ACTIVE
P003501,SKU003501,Laptop 833,BR00071,CAT005,Would wear PM. Provide together offer international.,2024-09-09,ACTIVE
P003502,SKU003502,Saree 102,BR00046,CAT001,Kid each follow. Imagine wall away doctor generation.,2025-02-18,ACTIVE
P003503,SKU003503,Jeans 934,BR00086,CAT004,Government financial building. Bad former dark agreement wife.,2024-10-16,ACTIVE
P003504,SKU003504,Jacket 872,BR00021,CAT003,Mention customer idea sign shake their live. Happen notice determine eight responsibility.,2025-10-27,ACTIVE
P003505,SKU003505,T-Shirt 229,BR00055,CAT004,Floor big wear create price. Well four room cost. Seem dream again month.,2025-10-15,ACTIVE
P003506,SKU003506,Jacket 157,BR00068,CAT005,Town maybe suggest other see find. The detail somebody recently.,2026-06-30,ACTIVE
P003507,SKU003507,T-Shirt 421,BR00054,CAT004,Federal now relationship note. Late special test least probably.,2026-02-01,ACTIVE
P003508,SKU003508,Watch 181,BR00022,CAT002,Coach type among build ago watch. Simple sing yourself who source. Service enjoy candidate.,2024-10-15,ACTIVE
P003509,SKU003509,Jeans 258,BR00097,CAT001,"Believe interesting appear all kid fish woman.
Couple they economy big.",2025-10-30,ACTIVE
P003510,SKU003510,Backpack 801,BR00075,CAT003,South sure once without. Me place dream type pass. Might movement interest federal case.,2024-03-20,ACTIVE
P003511,SKU003511,T-Shirt 504,BR00090,CAT005,Point while protect back address west anyone. Two nothing build fly himself blood.,2024-07-11,ACTIVE
P003512,SKU003512,Backpack 495,BR00021,CAT001,As whole worker start. Nature high vote also most discuss treat. Recognize discussion skin him.,2024-11-15,ACTIVE
P003513,SKU003513,Headphones 478,BR00009,CAT005,Reduce right system hot. Site always reduce surface. Check heavy maintain detail.,2023-11-17,ACTIVE
P003514,SKU003514,Jacket 189,BR00022,CAT004,Call behavior window score. Fall four nothing. Work central together role per ever knowledge.,2025-11-29,ACTIVE
P003515,SKU003515,T-Shirt 795,BR00038,CAT001,Argue decision issue north. Board mean lay mouth both less claim. Lay place hold concern.,2025-02-20,ACTIVE
P003516,SKU003516,Jeans 890,BR00067,CAT005,Capital player himself service. Pull instead sport suggest. Remember among race oil.,2026-09-01,ACTIVE
P003517,SKU003517,T-Shirt 933,BR00020,CAT001,Leave image go. Age four throughout office quite senior subject vote.,2023-10-01,ACTIVE
P003518,SKU003518,Saree 227,BR00033,CAT002,Hot model institution food ten training and. Prevent laugh where against still skin behavior wide.,2026-04-04,ACTIVE
P003519,SKU003519,Saree 440,BR00013,CAT004,Rich gas night effort before.,2026-04-30,ACTIVE
P003520,SKU003520,Laptop 396,BR00094,CAT004,Face of available more edge. Wonder reach fly fill theory.,2025-03-16,ACTIVE
P003521,SKU003521,T-Shirt 319,BR00041,CAT004,"Front write on stock foot. Bank her admit sort per green.
My himself you reality.",2026-09-17,ACTIVE
P003522,SKU003522,T-Shirt 24,BR00080,CAT001,Method rate reason conference arrive herself. Tell company major attorney.,2025-03-09,ACTIVE
P003523,SKU003523,T-Shirt 484,BR00056,CAT003,Pay food hair since pattern visit. List maybe half spring personal author.,2026-05-21,ACTIVE
P003524,SKU003524,Headphones 201,BR00032,CAT002,They its billion. Near person person report along number family.,2024-07-25,ACTIVE
P003525,SKU003525,T-Shirt 200,BR00063,CAT003,Wall record wife respond cover past also wish.,2024-05-28,ACTIVE
P003526,SKU003526,Watch 246,BR00060,CAT002,"Special pick even front.
Past order notice participant. Religious standard usually.",2024-02-23,ACTIVE
P003527,SKU003527,Watch 707,BR00074,CAT004,Wear agreement issue theory. Consumer success last travel interview. Everyone book camera.,2025-10-10,ACTIVE
P003528,SKU003528,T-Shirt 212,BR00035,CAT002,Process development government with wide.,2025-12-30,ACTIVE
P003529,SKU003529,Backpack 50,BR00019,CAT003,His word very so. Send fear picture method give.,2023-12-20,ACTIVE
P003530,SKU003530,Sneakers 509,BR00007,CAT003,Leg firm floor. Stop interest station responsibility.,2026-03-31,ACTIVE
P003531,SKU003531,Jacket 360,BR00049,CAT001,Project toward live idea. Argue beat ground particular.,2025-02-22,ACTIVE
P003532,SKU003532,Sneakers 409,BR00095,CAT005,Plant choose sure building chance at these Democrat. Space close color whether middle avoid.,2024-05-26,ACTIVE
P003533,SKU003533,Backpack 187,BR00085,CAT004,Then election thank whose. Land none citizen recently happy school.,2026-03-23,ACTIVE
P003534,SKU003534,Saree 250,BR00012,CAT004,Push now hand production. Since sea often. Party key imagine matter blood tough later.,2026-02-02,ACTIVE
P003535,SKU003535,Watch 846,BR00068,CAT003,Realize quite dream federal. Scientist anyone rather opportunity front sign grow.,2023-09-24,ACTIVE
P003536,SKU003536,Laptop 47,BR00056,CAT001,Result seek scene girl. Military at build direction. In cost feel personal tell start street.,2025-07-23,ACTIVE
P003537,SKU003537,Laptop 721,BR00023,CAT005,Skin require condition base.,2024-12-04,ACTIVE
P003538,SKU003538,Jacket 268,BR00087,CAT004,Speak its stand recent. Magazine college born spend another debate respond.,2025-04-17,ACTIVE
P003539,SKU003539,Jacket 464,BR00081,CAT001,How occur keep serious. Seek apply fast.,2024-01-25,ACTIVE
P003540,SKU003540,Headphones 676,BR00044,CAT001,Office democratic himself. Number million word her pull bill tonight. Worker pay talk once green.,2026-05-10,ACTIVE
P003541,SKU003541,Headphones 290,BR00061,CAT001,Step position trouble assume. Game argue feel nearly.,2024-12-25,ACTIVE
P003542,SKU003542,Backpack 902,BR00003,CAT005,Benefit past interest affect. Fill direction save animal good instead.,2023-10-28,ACTIVE
P003543,SKU003543,Saree 149,BR00057,CAT001,Federal every later team. Participant small individual upon especially quite.,2024-11-17,ACTIVE
P003544,SKU003544,Backpack 509,BR00033,CAT004,Anyone me green whether become. Generation place building box major kind right.,2024-03-17,ACTIVE
P003545,SKU003545,Headphones 640,BR00058,CAT002,Enter factor consider voice executive build. How network food head nothing discussion.,2026-02-17,ACTIVE
P003546,SKU003546,Backpack 76,BR00020,CAT004,Beat little name. Next act just. On number ok help both. Left list though lay beautiful.,2026-01-09,ACTIVE
P003547,SKU003547,Jeans 911,BR00043,CAT005,Media force pressure behind. Ability side thousand camera. Fear yard lay majority character say.,2024-06-13,ACTIVE
P003548,SKU003548,Watch 634,BR00060,CAT004,Lot by break long become answer test. Majority activity party. Prepare responsibility present yet.,2026-09-02,ACTIVE
P003549,SKU003549,T-Shirt 165,BR00073,CAT005,Investment talk prepare top risk. Common road I become fear. Choose student class write key.,2024-11-23,ACTIVE
P003550,SKU003550,Laptop 389,BR00012,CAT004,Clear relationship real community also center grow store. Skin wife world picture time onto.,2025-01-26,ACTIVE
P003551,SKU003551,Jacket 783,BR00011,CAT004,Drop land let song radio of position. At bar argue dream. Current yes first condition product our.,2025-02-28,ACTIVE
P003552,SKU003552,Sneakers 879,BR00074,CAT005,Consumer choice only boy. Act station brother wish Mr. Nor give sign.,2024-12-19,ACTIVE
P003553,SKU003553,Jeans 817,BR00065,CAT002,Everyone job increase drug. Often produce vote debate stuff hear.,2024-12-08,ACTIVE
P003554,SKU003554,Saree 364,BR00008,CAT001,Number air mention down she win. Often senior six control pressure approach.,2026-06-27,ACTIVE
P003555,SKU003555,Sneakers 195,BR00099,CAT003,Allow firm fight run wrong factor. Choose trouble while reveal mouth himself as those.,2024-07-12,ACTIVE
P003556,SKU003556,Laptop 789,BR00068,CAT002,Reality today attorney foreign all or market. Both parent protect myself another.,2025-05-22,ACTIVE
P003557,SKU003557,Backpack 705,BR00070,CAT001,Street note appear man. Company body bill at film scientist experience range.,2026-02-21,ACTIVE
P003558,SKU003558,Headphones 269,BR00087,CAT004,Mention lot western today. Range various available discover food six. Trial understand set.,2025-07-19,ACTIVE
P003559,SKU003559,Watch 998,BR00011,CAT005,Group indeed water only.,2026-08-14,ACTIVE
P003560,SKU003560,Sneakers 257,BR00086,CAT005,Catch analysis two if. Already reflect onto space where indeed. Traditional happy produce wife.,2026-07-30,ACTIVE
P003561,SKU003561,Headphones 553,BR00002,CAT001,Line thought whole charge.,2025-04-08,ACTIVE
P003562,SKU003562,Jacket 516,BR00012,CAT004,Physical million speak care. Couple power best main reduce culture themselves.,2025-04-11,ACTIVE
P003563,SKU003563,Laptop 518,BR00007,CAT005,These ground key growth remember single. Front provide name may ability next great.,2026-01-02,ACTIVE
P003564,SKU003564,Watch 516,BR00023,CAT002,Production sea lay anyone candidate protect. Tv just store east.,2024-08-27,ACTIVE
P003565,SKU003565,Jacket 966,BR00047,CAT001,Southern realize police political these.,2024-01-01,ACTIVE
P003566,SKU003566,Sneakers 334,BR00098,CAT002,Business above discover site child recently. But include seven war. Think policy hear hear.,2026-04-04,ACTIVE
P003567,SKU003567,Jeans 763,BR00091,CAT001,Successful light dog interest project treatment. Town not small back.,2026-07-09,ACTIVE
P003568,SKU003568,Laptop 836,BR00002,CAT003,All attack debate letter forget case cover. Single these music second business.,2024-12-19,ACTIVE
P003569,SKU003569,Laptop 152,BR00037,CAT004,Several few region. Talk this item idea particularly choose. Its possible finish.,2025-11-01,ACTIVE
P003570,SKU003570,Headphones 782,BR00040,CAT005,True matter exist. Investment price hot page.,2025-05-31,ACTIVE
P003571,SKU003571,Headphones 763,BR00014,CAT005,Know public movie. Face for hour note respond.,2026-05-24,ACTIVE
P003572,SKU003572,Saree 734,BR00041,CAT002,Note such skin same another. Mr thought thing fight ever capital tax. Level idea option.,2026-08-13,ACTIVE
P003573,SKU003573,T-Shirt 467,BR00006,CAT003,"Bit edge choice third exactly thousand skin. Write mission draw.
Claim peace manager response.",2024-08-31,ACTIVE
P003574,SKU003574,Jeans 619,BR00014,CAT003,Benefit first bad. By ground win list.,2024-04-07,ACTIVE
P003575,SKU003575,Sneakers 196,BR00090,CAT003,Trouble describe kid half. Mention war however down letter go central.,2026-08-18,ACTIVE
P003576,SKU003576,Jacket 126,BR00055,CAT001,Pm guess make thing guess resource. Enough do know leave. Without establish exist wide.,2024-02-01,ACTIVE
P003577,SKU003577,Watch 496,BR00054,CAT002,Dog value note do have. Gun thus person floor sister hard anyone. Build west trip.,2024-07-07,ACTIVE
P003578,SKU003578,Backpack 412,BR00043,CAT003,Believe ball course paper sign per on. Late people unit movement say wait miss.,2024-08-16,ACTIVE
P003579,SKU003579,T-Shirt 846,BR00016,CAT005,Itself second increase soon. Hear candidate record sound. Space between modern all page eat.,2024-02-27,ACTIVE
P003580,SKU003580,Watch 882,BR00009,CAT001,Scientist how focus rate war south pass. Nor whose everybody meeting hot scene point.,2025-04-18,ACTIVE
P003581,SKU003581,Watch 807,BR00029,CAT003,Worker maybe whether movie. List goal three task.,2025-08-23,ACTIVE
P003582,SKU003582,Jacket 890,BR00057,CAT005,Kid attorney own among two month accept. South everything put most.,2025-06-20,ACTIVE
P003583,SKU003583,Watch 128,BR00059,CAT004,"Woman value range watch garden allow. Consumer imagine so easy apply believe.
Picture trade leg.",2025-12-08,ACTIVE
P003584,SKU003584,T-Shirt 527,BR00073,CAT001,"Reach everything north idea.
Coach clearly present. Window adult yes specific your.",2025-01-15,ACTIVE
P003585,SKU003585,Jacket 250,BR00024,CAT004,Citizen receive whatever writer reason somebody yourself tough.,2024-10-27,ACTIVE
P003586,SKU003586,Sneakers 750,BR00050,CAT001,Fine close around sister ready country Mr. Nation small central let key full walk.,2024-03-09,ACTIVE
P003587,SKU003587,Headphones 586,BR00021,CAT003,Blood who large so. Goal determine everyone bring line mention. Sing another professional base.,2025-09-11,ACTIVE
P003588,SKU003588,Headphones 183,BR00011,CAT002,Summer price dinner value economic few house. Yard total building factor fish.,2023-09-30,ACTIVE
P003589,SKU003589,Sneakers 871,BR00052,CAT001,Seat might wife into fill country. More eye source research same nice television least.,2025-08-15,ACTIVE
P003590,SKU003590,Watch 122,BR00043,CAT001,Life its number race notice leader. Close threat build agency federal general.,2025-07-18,ACTIVE
P003591,SKU003591,Watch 34,BR00073,CAT001,Himself factor lead feeling quite.,2023-11-30,ACTIVE
P003592,SKU003592,Sneakers 829,BR00009,CAT005,Like kind same assume image defense check success. Defense specific eight cover be.,2024-04-19,ACTIVE
P003593,SKU003593,Watch 894,BR00098,CAT001,Believe sometimes late. Different group imagine perform.,2023-12-08,ACTIVE
P003594,SKU003594,Laptop 118,BR00018,CAT005,"Describe mean leader.
Technology I produce together example. Four seat exactly child most social.",2024-04-12,ACTIVE
P003595,SKU003595,Sneakers 796,BR00088,CAT004,Crime nice firm movement young. Near available kitchen main. Write charge rich heavy up.,2023-09-24,ACTIVE
P003596,SKU003596,Jeans 992,BR00087,CAT004,Do when image. Whole new worry eye. What manage oil spring class lawyer visit exactly.,2026-06-19,ACTIVE
P003597,SKU003597,Backpack 906,BR00071,CAT002,Glass society most right area perform line. Go picture either door possible field.,2025-10-10,ACTIVE
P003598,SKU003598,Jeans 181,BR00077,CAT003,Address particular resource despite. Prevent very science though. Green risk energy book.,2025-07-29,ACTIVE
P003599,SKU003599,Jacket 847,BR00093,CAT001,Pm hand about coach push under. Debate list cut team head.,2025-05-29,ACTIVE
P003600,SKU003600,Backpack 489,BR00093,CAT004,Reason song whatever surface. Tough over field paper.,2024-12-29,ACTIVE
P003601,SKU003601,Sneakers 842,BR00044,CAT001,Drug hold summer necessary. Responsibility understand week fact foreign.,2025-09-20,ACTIVE
P003602,SKU003602,Jacket 131,BR00023,CAT005,"Peace benefit them executive.
At find rate others left direction course.",2025-10-15,ACTIVE
P003603,SKU003603,Watch 923,BR00067,CAT002,Seat tend then admit suddenly. Role different everyone however.,2024-11-30,ACTIVE
P003604,SKU003604,T-Shirt 367,BR00056,CAT005,Give rest election father. Leg often fly late guy smile visit. Full evening positive record person.,2026-07-24,ACTIVE
P003605,SKU003605,Jacket 250,BR00018,CAT001,End sister point still study though happy. Generation indicate perhaps section notice.,2024-12-05,ACTIVE
P003606,SKU003606,T-Shirt 609,BR00020,CAT005,Cut onto national believe large. Hot discuss raise walk. Good need scene.,2025-12-30,ACTIVE
P003607,SKU003607,Jacket 272,BR00017,CAT005,Fund technology send often. Different treat table possible owner. Money song behind program you.,2025-02-23,ACTIVE
P003608,SKU003608,Backpack 350,BR00043,CAT004,Him no hour tend tough develop message. Rock professional address debate seat apply discover just.,2023-09-24,ACTIVE
P003609,SKU003609,T-Shirt 11,BR00083,CAT004,Expert wife remain sense health protect.,2026-09-03,ACTIVE
P003610,SKU003610,Jacket 154,BR00098,CAT002,Mind against half board price work area. Person car night throw often forward sea.,2025-06-13,ACTIVE
P003611,SKU003611,Saree 890,BR00008,CAT003,State stuff sea friend than tonight. Resource feeling guy.,2025-09-13,ACTIVE
P003612,SKU003612,Backpack 31,BR00044,CAT003,Item word never off. Great prove large.,2025-11-15,ACTIVE
P003613,SKU003613,Headphones 442,BR00038,CAT005,About size say kind water stage clearly. Maintain final type before her. Both it policy away when.,2025-11-09,ACTIVE
P003614,SKU003614,Laptop 149,BR00061,CAT004,Dark trip play check minute. Care send always. Without daughter do plan see.,2025-04-21,ACTIVE
P003615,SKU003615,T-Shirt 839,BR00080,CAT003,"Particular door single. Behind partner later.
Need black approach both bag learn stop.",2026-08-27,ACTIVE
P003616,SKU003616,Backpack 551,BR00083,CAT001,Follow white fast price fear final might. Black size worker carry different material.,2024-02-02,ACTIVE
P003617,SKU003617,Jeans 792,BR00065,CAT005,Hear down our leader. Individual recently life serious always. Among person contain top.,2025-12-17,ACTIVE
P003618,SKU003618,Backpack 906,BR00004,CAT003,Move yet citizen choice lot anyone marriage material. Today if dark claim administration.,2025-04-09,ACTIVE
P003619,SKU003619,Jacket 527,BR00080,CAT004,Energy impact wonder. Think authority concern we organization. Second open president.,2025-06-02,ACTIVE
P003620,SKU003620,Jacket 397,BR00086,CAT003,Nor record especially growth they store. Social card writer throughout best certainly TV.,2024-04-25,ACTIVE
P003621,SKU003621,Backpack 296,BR00056,CAT001,"Through with plan city answer ask. Here through recently.
For new board at several evening various.",2024-10-14,ACTIVE
P003622,SKU003622,T-Shirt 169,BR00078,CAT002,Region none bad describe through sure. Some draw whole start.,2025-08-11,ACTIVE
P003623,SKU003623,T-Shirt 413,BR00035,CAT002,Energy few collection. Behavior perhaps record white material fine.,2025-05-21,ACTIVE
P003624,SKU003624,Saree 255,BR00018,CAT003,Question both matter four build record arm. Small there bit bank everybody really too.,2024-10-20,ACTIVE
P003625,SKU003625,T-Shirt 843,BR00097,CAT004,Owner window free bank. Improve push claim choose. Sea one peace.,2025-03-27,ACTIVE
P003626,SKU003626,Jeans 81,BR00070,CAT005,Challenge away star general treatment book up while. Poor college thought financial.,2026-03-25,ACTIVE
P003627,SKU003627,Headphones 819,BR00022,CAT002,Consider defense detail vote indicate picture. Time final yes.,2024-04-13,ACTIVE
P003628,SKU003628,Laptop 561,BR00030,CAT001,Example large site person play. Stuff there administration return.,2025-05-24,ACTIVE
P003629,SKU003629,Watch 549,BR00040,CAT004,Make two too according back personal. Audience whole history maybe. Cup visit may politics.,2023-12-07,ACTIVE
P003630,SKU003630,Saree 498,BR00023,CAT002,Quality player government a question off police.,2023-12-17,ACTIVE
P003631,SKU003631,Jacket 275,BR00061,CAT004,Cup Mr shake guy give. Film choice buy street task act.,2025-04-27,ACTIVE
P003632,SKU003632,Jacket 937,BR00075,CAT002,Fish allow most quickly. No young must. Performance Mrs hotel until each heavy person.,2025-07-12,ACTIVE
P003633,SKU003633,Saree 624,BR00079,CAT002,Away plant move chance seat. Her go thousand section pattern.,2025-10-14,ACTIVE
P003634,SKU003634,Jacket 163,BR00059,CAT003,Team pull experience since themselves close. Office trip magazine send.,2026-07-03,ACTIVE
P003635,SKU003635,Saree 179,BR00002,CAT004,Become add air rule reduce product. Happy turn him others lay each. Medical still mother trip.,2024-11-19,ACTIVE
P003636,SKU003636,Sneakers 997,BR00011,CAT003,Worker well remember out crime worry group. Indeed also camera someone. Run shoulder fine involve.,2026-09-08,ACTIVE
P003637,SKU003637,Backpack 45,BR00028,CAT004,"Run long history occur power.
Nice yard letter call reduce mind. Thought identify notice dark.",2026-03-13,ACTIVE
P003638,SKU003638,T-Shirt 715,BR00088,CAT005,Impact career across across grow agreement. Quickly perhaps executive language everything.,2023-12-10,ACTIVE
P003639,SKU003639,Watch 684,BR00065,CAT003,Off car play draw. Plan international project standard.,2025-01-25,ACTIVE
P003640,SKU003640,Headphones 928,BR00065,CAT005,To grow discussion amount of edge. Those threat within run we.,2024-09-25,ACTIVE
P003641,SKU003641,Headphones 598,BR00051,CAT004,Professor easy maintain each walk gas policy.,2025-08-27,ACTIVE
P003642,SKU003642,Headphones 595,BR00030,CAT002,Husband house including most artist simply home. Offer member rather natural.,2024-01-23,ACTIVE
P003643,SKU003643,Watch 276,BR00072,CAT002,Politics mission environmental risk reach score. Method eight short together main land accept.,2025-10-11,ACTIVE
P003644,SKU003644,Headphones 840,BR00041,CAT003,Coach fire prevent prepare each practice baby.,2026-06-02,ACTIVE
P003645,SKU003645,Jacket 349,BR00049,CAT001,Prove carry foot later. Unit ready rise. Control record nearly.,2026-01-25,ACTIVE
P003646,SKU003646,Backpack 62,BR00072,CAT005,Where health food big become. All as open mission affect.,2024-02-28,ACTIVE
P003647,SKU003647,Laptop 798,BR00082,CAT002,Our test full rich matter rest list. Good last quality writer available month.,2026-06-21,ACTIVE
P003648,SKU003648,Jacket 879,BR00012,CAT005,Responsibility take guy interesting boy. Whatever now fill win tax board. Budget ready bank talk.,2025-07-04,ACTIVE
P003649,SKU003649,Jeans 475,BR00068,CAT001,Firm cold even why whatever gun break teach. Civil study teach garden small read real later.,2026-07-11,ACTIVE
P003650,SKU003650,Jeans 4,BR00071,CAT005,Everything yes business article. Foreign big sport manage. According fall natural hot.,2023-12-12,ACTIVE
P003651,SKU003651,Sneakers 66,BR00065,CAT003,Join notice blue various yourself. Power everybody quickly card indicate.,2025-12-13,ACTIVE
P003652,SKU003652,Laptop 948,BR00017,CAT004,By difference foot wear can.,2025-02-21,ACTIVE
P003653,SKU003653,Watch 985,BR00094,CAT003,Off several though federal kitchen open may. Example purpose career.,2025-06-01,ACTIVE
P003654,SKU003654,Backpack 225,BR00003,CAT004,Various stage spend improve. Meet hour along effort.,2023-11-16,ACTIVE
P003655,SKU003655,Jeans 880,BR00072,CAT001,"War choice doctor child that run.
His man compare part form point wall.",2026-08-18,ACTIVE
P003656,SKU003656,Saree 541,BR00051,CAT004,Bit dog decade thousand teach condition buy. Election light rise media would determine simple.,2024-02-02,ACTIVE
P003657,SKU003657,Jeans 704,BR00048,CAT003,Hour other clearly film east society. Back charge not rule figure relate stage.,2024-06-22,ACTIVE
P003658,SKU003658,Saree 748,BR00085,CAT005,Condition understand this we. Plant than provide itself senior fast save.,2025-10-03,ACTIVE
P003659,SKU003659,Saree 609,BR00062,CAT005,Friend know stay spring research discover. Although walk themselves similar.,2025-06-07,ACTIVE
P003660,SKU003660,Backpack 609,BR00008,CAT002,Door see song. Add man charge certainly cultural brother. Tough voice thought chance.,2024-01-15,ACTIVE
P003661,SKU003661,Backpack 520,BR00054,CAT005,"Wrong decide another.
Successful character word.",2024-03-18,ACTIVE
P003662,SKU003662,Sneakers 53,BR00093,CAT005,How prepare see several media. Both garden life art ever challenge. Rate about hour total seem tax.,2024-03-28,ACTIVE
P003663,SKU003663,Watch 612,BR00012,CAT001,Early since success dream. Degree support section. Sell office test.,2026-02-07,ACTIVE
P003664,SKU003664,Jacket 178,BR00020,CAT003,Firm along build act offer return region.,2026-01-06,ACTIVE
P003665,SKU003665,Headphones 5,BR00028,CAT003,Become require allow part push animal fund.,2025-10-24,ACTIVE
P003666,SKU003666,T-Shirt 676,BR00029,CAT002,Provide history culture beat strong pretty wonder. Act card end scientist issue by.,2026-08-21,ACTIVE
P003667,SKU003667,Watch 414,BR00045,CAT002,Pull quality science her within avoid rest. Can break five western.,2024-03-04,ACTIVE
P003668,SKU003668,T-Shirt 869,BR00077,CAT005,Series mind little. Account adult seek improve. Red we customer.,2024-08-08,ACTIVE
P003669,SKU003669,Jeans 679,BR00043,CAT004,Exist half response he establish. Stage face laugh pay.,2024-02-22,ACTIVE
P003670,SKU003670,Sneakers 537,BR00088,CAT003,Base relationship recently relationship those rise foot five.,2026-01-21,ACTIVE
P003671,SKU003671,Headphones 220,BR00033,CAT004,Method per few car Congress protect TV. Our just house year from air particular push.,2024-11-17,ACTIVE
P003672,SKU003672,Sneakers 555,BR00024,CAT004,Drop scene debate lot bank. Student far above impact month. Budget when debate drive during.,2023-10-06,ACTIVE
P003673,SKU003673,Watch 68,BR00027,CAT003,Parent evidence picture series arm. Always through seek believe main during.,2024-05-08,ACTIVE
P003674,SKU003674,Backpack 823,BR00000,CAT003,Station total pick actually military.,2024-05-18,ACTIVE
P003675,SKU003675,Sneakers 173,BR00036,CAT001,Teacher protect consumer four final rest. Woman can figure whatever tax peace born blue.,2023-12-05,ACTIVE
P003676,SKU003676,T-Shirt 669,BR00054,CAT004,Name ever degree she fine eight low. Direction four the campaign.,2026-06-30,ACTIVE
P003677,SKU003677,Saree 820,BR00076,CAT001,Art never there series strategy need quickly voice.,2024-08-18,ACTIVE
P003678,SKU003678,Watch 362,BR00092,CAT004,Expect suffer save forget middle. Speak join little forget sort democratic deep.,2024-02-15,ACTIVE
P003679,SKU003679,Watch 274,BR00056,CAT004,Hit lot who control floor. Family total present note cut close.,2025-08-17,ACTIVE
P003680,SKU003680,Sneakers 515,BR00075,CAT002,Cut half now scene.,2026-08-04,ACTIVE
P003681,SKU003681,Watch 793,BR00028,CAT005,Strong number yard baby walk story event list. Report letter west city understand.,2025-08-15,ACTIVE
P003682,SKU003682,Headphones 525,BR00095,CAT005,Eye talk crime cold build perhaps. Apply though always language environmental friend.,2024-09-10,ACTIVE
P003683,SKU003683,T-Shirt 981,BR00043,CAT002,Candidate around management lay finally. Least mean listen. Without occur media design.,2024-01-17,ACTIVE
P003684,SKU003684,Watch 280,BR00088,CAT004,Available later measure interest face such civil. Against radio entire bed.,2026-02-04,ACTIVE
P003685,SKU003685,Backpack 735,BR00098,CAT004,Number nature yard grow. Physical education baby outside cell receive.,2024-09-10,ACTIVE
P003686,SKU003686,Sneakers 313,BR00021,CAT004,Six state financial. Teacher accept go popular cover election.,2026-05-30,ACTIVE
P003687,SKU003687,Jeans 764,BR00068,CAT005,"Experience wife wall.
Such data seek take hear. Smile its store night work.",2024-10-03,ACTIVE
P003688,SKU003688,Jacket 34,BR00009,CAT004,Gas amount public. During sometimes same a agency shoulder. Rule community let camera each.,2024-10-26,ACTIVE
P003689,SKU003689,T-Shirt 281,BR00080,CAT004,What true value prevent despite consider. Magazine only quite pretty ask.,2024-05-15,ACTIVE
P003690,SKU003690,Saree 17,BR00010,CAT001,Decision maybe effort near design. Edge recent question.,2025-09-29,ACTIVE
P003691,SKU003691,Jacket 845,BR00086,CAT005,Mr anyone out realize itself. Ball economic appear reach executive ahead now.,2024-01-18,ACTIVE
P003692,SKU003692,T-Shirt 658,BR00073,CAT002,Push on view color. Including idea idea situation.,2024-12-14,ACTIVE
P003693,SKU003693,Headphones 139,BR00091,CAT001,Popular firm personal manage. Writer ready our that.,2025-05-25,ACTIVE
P003694,SKU003694,Watch 359,BR00001,CAT002,Suggest field suggest remain thing discuss television cultural.,2025-10-29,ACTIVE
P003695,SKU003695,Sneakers 733,BR00085,CAT004,Economic clear food more rich current Mr finish.,2024-06-07,ACTIVE
P003696,SKU003696,T-Shirt 570,BR00051,CAT002,Adult claim run size live. Kid really though than day growth son.,2024-05-20,ACTIVE
P003697,SKU003697,T-Shirt 60,BR00046,CAT004,Decide test weight happen resource.,2025-09-12,ACTIVE
P003698,SKU003698,Watch 91,BR00098,CAT003,Politics author month attorney. This real why on their hit. Recognize mind piece sing resource try.,2024-04-26,ACTIVE
P003699,SKU003699,Laptop 772,BR00013,CAT001,Person decision black citizen street development guess marriage. Above senior change accept show.,2025-08-22,ACTIVE
P003700,SKU003700,Watch 251,BR00008,CAT004,Land exist financial three town expert early. Lot writer adult technology raise.,2023-12-28,ACTIVE
P003701,SKU003701,T-Shirt 376,BR00072,CAT002,Remember break car. Strategy interview above.,2025-09-03,ACTIVE
P003702,SKU003702,Backpack 705,BR00019,CAT005,Miss ask little since relationship. Ready answer truth generation education small.,2025-11-02,ACTIVE
P003703,SKU003703,Backpack 454,BR00054,CAT005,Fall single budget drug first. Know go yard onto. Father TV us number game both piece.,2025-04-27,ACTIVE
P003704,SKU003704,Jacket 45,BR00025,CAT002,Pull provide better ability even wall. Computer eat use near. Long poor take sit president.,2026-03-29,ACTIVE
P003705,SKU003705,Watch 189,BR00085,CAT005,Difference glass measure skill tax fact ready. Save throw lot those compare dinner dream expert.,2026-07-03,ACTIVE
P003706,SKU003706,Saree 197,BR00064,CAT002,Unit ok compare use foreign both education middle. Remain build executive central main too.,2025-02-04,ACTIVE
P003707,SKU003707,Backpack 569,BR00084,CAT005,"Become here spend throughout. Fly eight home season.
Operation worry face make piece.",2024-11-19,ACTIVE
P003708,SKU003708,Watch 791,BR00072,CAT003,Drug doctor case morning. She figure director never almost college body. Program benefit this east.,2024-01-23,ACTIVE
P003709,SKU003709,Laptop 108,BR00049,CAT001,Every benefit ago for down agree decision. Daughter card with yeah area source.,2024-01-08,ACTIVE
P003710,SKU003710,Backpack 798,BR00042,CAT001,Whatever although eye run capital movement. Simple source beyond nice firm.,2023-10-16,ACTIVE
P003711,SKU003711,Watch 376,BR00006,CAT001,Catch good might almost. Smile sell college than seek open whether.,2026-01-07,ACTIVE
P003712,SKU003712,Jeans 410,BR00012,CAT004,Close product about wife.,2025-09-17,ACTIVE
P003713,SKU003713,Laptop 928,BR00006,CAT003,Congress teacher sound learn. Into challenge eight across how box difference economic.,2024-10-07,ACTIVE
P003714,SKU003714,Watch 27,BR00047,CAT002,Especially detail because source toward job. Bank risk recent responsibility.,2023-12-25,ACTIVE
P003715,SKU003715,Jeans 591,BR00097,CAT003,Quickly room four side market soldier someone rather.,2026-01-13,ACTIVE
P003716,SKU003716,Jeans 226,BR00079,CAT005,Operation add carry clearly quickly sound. Both single else even test.,2024-07-23,ACTIVE
P003717,SKU003717,T-Shirt 884,BR00079,CAT002,Big television deep account throw authority national. Focus strategy discuss stock nation.,2025-11-03,ACTIVE
P003718,SKU003718,Watch 448,BR00047,CAT004,Bit prove various home some.,2025-07-11,ACTIVE
P003719,SKU003719,Watch 679,BR00060,CAT002,Population population yeah option special. Go under stock play vote.,2025-03-25,ACTIVE
P003720,SKU003720,T-Shirt 667,BR00037,CAT004,Know network debate head. Consumer woman learn standard any eight. Decade outside majority.,2026-05-16,ACTIVE
P003721,SKU003721,Jacket 424,BR00059,CAT002,Reason nor begin nature beautiful fast professor continue. Very whom food.,2024-11-19,ACTIVE
P003722,SKU003722,T-Shirt 795,BR00063,CAT002,Picture inside practice college card feeling. Tree form foreign information push southern.,2023-11-09,ACTIVE
P003723,SKU003723,Backpack 259,BR00041,CAT005,Fire management news ability person. Different member interview as church.,2026-03-28,ACTIVE
P003724,SKU003724,Backpack 723,BR00080,CAT005,Listen prevent example. Yeah nor energy window. Participant low occur consider.,2024-01-02,ACTIVE
P003725,SKU003725,Saree 666,BR00053,CAT002,Should gun matter air pretty. Product less image half.,2024-08-02,ACTIVE
P003726,SKU003726,Saree 625,BR00073,CAT004,Treatment anyone real maintain thus. Statement interesting tend. His something reveal oil.,2024-03-23,ACTIVE
P003727,SKU003727,Saree 191,BR00084,CAT002,Be eat magazine serve trial anything. Person win we good dinner bed summer represent.,2024-03-20,ACTIVE
P003728,SKU003728,Saree 450,BR00022,CAT001,Skin room anyone maintain. Law for magazine she despite. Town per energy direction cause purpose.,2026-07-03,ACTIVE
P003729,SKU003729,Watch 449,BR00022,CAT003,Market skill same here per message. Describe month success rather.,2025-02-16,ACTIVE
P003730,SKU003730,Jacket 477,BR00030,CAT005,Worker herself soon feeling yes middle. Can present glass hot say able. Oil husband how stop.,2023-10-30,ACTIVE
P003731,SKU003731,Saree 33,BR00029,CAT004,Director my national thousand expert yes wide. Central church himself rise.,2026-02-24,ACTIVE
P003732,SKU003732,Laptop 162,BR00080,CAT005,Behavior second read their lead know. Research give television give.,2023-11-09,ACTIVE
P003733,SKU003733,T-Shirt 138,BR00010,CAT005,Trial newspaper relate image somebody. Week message according rock suffer process.,2024-12-22,ACTIVE
P003734,SKU003734,T-Shirt 808,BR00011,CAT001,Drop vote model more maybe store. Notice down land cut gun employee.,2025-09-17,ACTIVE
P003735,SKU003735,Saree 356,BR00016,CAT005,Garden letter interest suffer maybe. Girl happen tree once charge state not.,2025-06-19,ACTIVE
P003736,SKU003736,Saree 709,BR00007,CAT001,Board beautiful paper. Whom you these so for.,2026-08-11,ACTIVE
P003737,SKU003737,Headphones 170,BR00028,CAT004,Seek third example whatever.,2024-04-30,ACTIVE
P003738,SKU003738,Jacket 470,BR00009,CAT003,Form party social indeed unit two. Both article just Republican federal.,2024-07-26,ACTIVE
P003739,SKU003739,Jeans 515,BR00024,CAT003,Range sea car them upon. Lead catch fact mother. Natural during energy job difficult.,2024-09-20,ACTIVE
P003740,SKU003740,Laptop 808,BR00068,CAT004,Lead special shake eye. Data learn call simply trial minute trip.,2024-12-02,ACTIVE
P003741,SKU003741,Headphones 665,BR00048,CAT003,Get teach support game against beautiful final.,2025-10-20,ACTIVE
P003742,SKU003742,Saree 30,BR00081,CAT005,Improve special spend stock gas deal day.,2026-04-17,ACTIVE
P003743,SKU003743,Sneakers 193,BR00038,CAT002,Its by story. Subject leave eat list scene term action such.,2024-02-07,ACTIVE
P003744,SKU003744,Saree 135,BR00083,CAT003,Race discover matter firm movement another. Skill somebody ten school cultural.,2025-08-14,ACTIVE
P003745,SKU003745,Sneakers 265,BR00032,CAT005,Physical PM town worry last write. History community TV sport floor.,2026-06-11,ACTIVE
P003746,SKU003746,Headphones 806,BR00004,CAT002,Network box worker reason my general. Candidate wait final gas teacher television heart.,2025-01-15,ACTIVE
P003747,SKU003747,T-Shirt 689,BR00005,CAT001,Morning show situation certain very all stock.,2024-01-11,ACTIVE
P003748,SKU003748,Sneakers 23,BR00043,CAT002,Moment rule plant debate. Over indeed report knowledge. Media range it.,2024-12-01,ACTIVE
P003749,SKU003749,Jacket 861,BR00030,CAT004,Management most heavy against.,2026-05-17,ACTIVE
P003750,SKU003750,Backpack 531,BR00089,CAT004,Candidate raise six doctor. Arm manager pressure.,2026-06-16,ACTIVE
P003751,SKU003751,Headphones 197,BR00052,CAT004,What citizen choice decision job team billion.,2025-07-13,ACTIVE
P003752,SKU003752,Watch 980,BR00047,CAT001,Special head production ask central Mr build. Become shake miss ready step.,2024-05-02,ACTIVE
P003753,SKU003753,Saree 773,BR00023,CAT005,Newspaper evidence involve often week factor. Contain continue address total over.,2025-06-15,ACTIVE
P003754,SKU003754,Sneakers 107,BR00058,CAT002,First quite when history light something world.,2023-11-24,ACTIVE
P003755,SKU003755,Jacket 348,BR00080,CAT001,Indeed so evidence question. Relate live them term. Within serious know eight teacher.,2026-01-03,ACTIVE
P003756,SKU003756,Watch 286,BR00099,CAT002,Until goal himself city guy stand price outside. Teach also instead if over follow.,2026-01-26,ACTIVE
P003757,SKU003757,Jacket 219,BR00096,CAT001,Piece event who during. Happen who loss learn new. Break first during such financial reveal bit.,2026-07-11,ACTIVE
P003758,SKU003758,Saree 988,BR00051,CAT003,Language nature before some decision. Organization day by a.,2024-03-22,ACTIVE
P003759,SKU003759,Headphones 830,BR00019,CAT002,Happen Congress as practice. Economic choice dog want last job.,2025-04-21,ACTIVE
P003760,SKU003760,Jeans 710,BR00052,CAT005,"Relationship little necessary green.
Another him care production easy expert bring can.",2025-05-27,ACTIVE
P003761,SKU003761,Backpack 335,BR00016,CAT004,"Concern interesting modern. Two option second national save.
My affect trade enter. Day cold point.",2025-04-28,ACTIVE
P003762,SKU003762,Jeans 430,BR00007,CAT002,Message American guy. List record question such develop music establish.,2023-12-13,ACTIVE
P003763,SKU003763,Laptop 837,BR00054,CAT005,Laugh industry why bad concern site small. Responsibility full certain prevent upon.,2025-08-15,ACTIVE
P003764,SKU003764,Headphones 844,BR00006,CAT004,Behavior increase sing rise carry. Pass ago shoulder eight while stay spring.,2025-05-28,ACTIVE
P003765,SKU003765,Sneakers 911,BR00029,CAT005,Soon left rather piece skill gas. Agent building nor. Better marriage edge color.,2024-03-22,ACTIVE
P003766,SKU003766,Jacket 218,BR00096,CAT002,Week thing stand case. Claim improve station style behind plant the.,2026-05-23,ACTIVE
P003767,SKU003767,Sneakers 47,BR00065,CAT002,Source special if. Computer also coach cultural.,2025-02-05,ACTIVE
P003768,SKU003768,Headphones 428,BR00060,CAT003,Political onto such what suggest beyond born.,2024-01-08,ACTIVE
P003769,SKU003769,Headphones 459,BR00009,CAT001,Argue blue part meeting.,2026-04-07,ACTIVE
P003770,SKU003770,Sneakers 692,BR00001,CAT001,Contain federal everybody indicate state these big. Wind president visit role economy history.,2026-01-16,ACTIVE
P003771,SKU003771,Laptop 489,BR00070,CAT003,Sign letter source have. Until plan someone Mrs information center tree region.,2023-10-01,ACTIVE
P003772,SKU003772,Laptop 177,BR00064,CAT001,Particular man wonder hit a even begin. Open artist month position.,2024-11-11,ACTIVE
P003773,SKU003773,T-Shirt 694,BR00077,CAT002,Fight travel behavior part. Public way guess.,2024-11-08,ACTIVE
P003774,SKU003774,T-Shirt 14,BR00087,CAT005,Green leave keep career couple answer article. Change true forget whom range.,2024-12-02,ACTIVE
P003775,SKU003775,Backpack 781,BR00087,CAT003,College child almost foreign company teacher responsibility. Because site answer almost.,2024-06-08,ACTIVE
P003776,SKU003776,Headphones 114,BR00072,CAT004,Ready my indeed develop say party. Structure where deep beyond item.,2024-03-03,ACTIVE
P003777,SKU003777,Headphones 933,BR00022,CAT001,Future during voice minute. Around sort give maintain full. Easy buy TV. Black scientist where.,2024-07-15,ACTIVE
P003778,SKU003778,Backpack 178,BR00016,CAT005,Former window could paper. Memory yet thus suggest relationship.,2025-10-18,ACTIVE
P003779,SKU003779,Headphones 329,BR00067,CAT005,Than entire face wish. Service than able economic without.,2024-11-19,ACTIVE
P003780,SKU003780,Jacket 970,BR00035,CAT005,Research that follow approach. Week degree what certainly drive should process.,2024-05-22,ACTIVE
P003781,SKU003781,Jeans 632,BR00077,CAT005,Race half country. Ground suggest change parent house.,2025-01-04,ACTIVE
P003782,SKU003782,Sneakers 834,BR00091,CAT003,Return size conference voice consider. Myself eight woman store prevent social list bill.,2025-11-25,ACTIVE
P003783,SKU003783,Backpack 434,BR00028,CAT005,Glass military somebody summer line. Hope cut sometimes issue collection run country.,2026-06-04,ACTIVE
P003784,SKU003784,Jacket 321,BR00000,CAT002,Son physical sort with price card. Scientist price war drug enjoy debate position.,2023-10-11,ACTIVE
P003785,SKU003785,Laptop 629,BR00015,CAT005,Be often house adult feel shoulder dinner. Mother song say keep environment this.,2025-09-20,ACTIVE
P003786,SKU003786,Saree 783,BR00013,CAT003,Current save six few daughter.,2025-09-06,ACTIVE
P003787,SKU003787,T-Shirt 113,BR00084,CAT004,Bit southern large think believe several.,2026-04-08,ACTIVE
P003788,SKU003788,Jacket 873,BR00095,CAT004,Face picture whose administration within develop manager.,2025-09-23,ACTIVE
P003789,SKU003789,Laptop 846,BR00010,CAT002,North TV recently safe prepare huge collection black. Per here opportunity white walk.,2024-10-11,ACTIVE
P003790,SKU003790,Headphones 629,BR00002,CAT005,Effort travel work tax seek price. Senior area decision win watch.,2024-09-23,ACTIVE
P003791,SKU003791,Laptop 409,BR00096,CAT001,Little base positive idea federal husband table.,2024-11-23,ACTIVE
P003792,SKU003792,Watch 310,BR00087,CAT001,"Real resource shake firm surface. Person maintain your.
Weight today study fish term land visit.",2024-03-28,ACTIVE
P003793,SKU003793,Jacket 969,BR00074,CAT003,Require exist support my story. Fight Republican near possible few role.,2025-10-11,ACTIVE
P003794,SKU003794,Headphones 380,BR00085,CAT003,Less size water trial. Brother huge sing near subject may mention early.,2024-09-22,ACTIVE
P003795,SKU003795,Jacket 857,BR00005,CAT005,Choice how throughout. Here field partner central admit card above.,2026-04-10,ACTIVE
P003796,SKU003796,Jacket 538,BR00030,CAT005,Machine none individual party discuss. Theory Republican image international.,2026-03-16,ACTIVE
P003797,SKU003797,Watch 887,BR00065,CAT002,"Especially never plant center.
Thus affect significant. Executive will break.
Write mind arrive TV.",2026-06-18,ACTIVE
P003798,SKU003798,Sneakers 355,BR00024,CAT003,Television important notice ok sure check. Away throughout unit office baby.,2026-02-12,ACTIVE
P003799,SKU003799,Saree 95,BR00064,CAT004,Audience admit artist lose able style. Someone organization a black hospital degree throw.,2024-09-22,ACTIVE
P003800,SKU003800,Laptop 957,BR00025,CAT003,Subject make and final. Way different choose enjoy perhaps result.,2024-09-05,ACTIVE
P003801,SKU003801,Jeans 536,BR00047,CAT003,Single full and stage daughter travel. Suggest range could tax may get increase. Story bag build.,2025-06-22,ACTIVE
P003802,SKU003802,Jacket 524,BR00054,CAT003,Role audience dog worry want author. Society prevent people ready watch something lot leave.,2024-11-15,ACTIVE
P003803,SKU003803,Jacket 31,BR00071,CAT003,Usually truth difference firm. Boy boy air describe president level.,2024-08-31,ACTIVE
P003804,SKU003804,Sneakers 732,BR00023,CAT005,Civil nearly executive always. Expert form population method close year.,2023-10-18,ACTIVE
P003805,SKU003805,Headphones 338,BR00004,CAT002,Lot national pay. At kitchen blood.,2025-11-20,ACTIVE
P003806,SKU003806,Sneakers 800,BR00091,CAT002,Pay send measure close expert floor of still. To let best.,2024-03-08,ACTIVE
P003807,SKU003807,Jeans 195,BR00031,CAT005,Firm foreign feeling month community buy. Including about list admit.,2025-04-25,ACTIVE
P003808,SKU003808,Jacket 565,BR00088,CAT002,When determine between stuff now state recently. Drug in large state what.,2024-12-15,ACTIVE
P003809,SKU003809,Saree 169,BR00009,CAT002,Allow lose cell human appear these. Us here indicate meet.,2025-03-03,ACTIVE
P003810,SKU003810,Jacket 163,BR00016,CAT005,Consider body religious church financial mean speak. Small attack deep safe since.,2025-09-03,ACTIVE
P003811,SKU003811,Watch 132,BR00020,CAT001,Fish your four out stuff loss prevent. Take matter fish leg. Significant draw new side.,2024-11-26,ACTIVE
P003812,SKU003812,Backpack 123,BR00099,CAT002,"Worker contain his ever.
Study four section inside great. Find weight himself best.",2025-01-29,ACTIVE
P003813,SKU003813,Laptop 938,BR00044,CAT002,Trip his design explain consumer. Across design sell return child go meeting.,2024-01-16,ACTIVE
P003814,SKU003814,Sneakers 723,BR00011,CAT001,Might write together gas. Thing exist grow dark tree energy. Company task who play prevent.,2024-11-22,ACTIVE
P003815,SKU003815,Laptop 858,BR00056,CAT001,Development game smile reach technology. Between court near return space section.,2024-04-10,ACTIVE
P003816,SKU003816,T-Shirt 48,BR00054,CAT003,"Throw return fear wind say.
Fill cause thank home set news. Know suggest across chair.",2025-03-13,ACTIVE
P003817,SKU003817,Watch 831,BR00019,CAT003,"I case likely.
Charge south something lead. Value student away part matter well.",2025-03-14,ACTIVE
P003818,SKU003818,Jeans 638,BR00070,CAT004,"Whether than young.
Foot only trial too fast. Subject thousand wrong weight.",2024-07-31,ACTIVE
P003819,SKU003819,T-Shirt 586,BR00020,CAT002,Challenge knowledge past too. Which third visit right move now while prevent.,2025-08-02,ACTIVE
P003820,SKU003820,T-Shirt 432,BR00044,CAT003,Wife still long be hear. Road record strategy rise trouble price.,2023-11-20,ACTIVE
P003821,SKU003821,T-Shirt 171,BR00016,CAT005,Know even travel he. Ago line successful future kid house.,2024-06-14,ACTIVE
P003822,SKU003822,Saree 687,BR00049,CAT005,While weight store environment stage. News push but effect.,2026-05-21,ACTIVE
P003823,SKU003823,Laptop 497,BR00025,CAT005,"Material large open because.
Store yard national behavior thank six owner radio.",2025-03-29,ACTIVE
P003824,SKU003824,Jacket 916,BR00000,CAT004,Among edge per laugh us. Indicate television PM skill turn ready.,2024-05-27,ACTIVE
P003825,SKU003825,Jeans 985,BR00088,CAT003,Realize head become memory personal. Believe face color.,2024-06-22,ACTIVE
P003826,SKU003826,Watch 299,BR00034,CAT001,Coach would Mr mother. Maintain year see minute.,2025-01-18,ACTIVE
P003827,SKU003827,T-Shirt 535,BR00002,CAT002,Bad go table beyond suddenly too. Color night religious. Lead could us start it agent role.,2026-08-11,ACTIVE
P003828,SKU003828,T-Shirt 13,BR00098,CAT005,"Help four sister behavior. College research physical.
Audience under recent though news still old.",2025-11-01,ACTIVE
P003829,SKU003829,T-Shirt 73,BR00017,CAT001,Five ready he voice theory move. Worker country how century tax recently. State thought art event.,2025-04-05,ACTIVE
P003830,SKU003830,Saree 3,BR00068,CAT004,Memory tough team court treatment. Whole bar should vote respond issue. Beat born anyone leg hard.,2024-08-27,ACTIVE
P003831,SKU003831,Backpack 266,BR00090,CAT002,Next pattern until hold. Gas stay action alone teacher matter scene.,2025-05-17,ACTIVE
P003832,SKU003832,Headphones 835,BR00025,CAT002,Its position politics. World carry serious campaign.,2025-07-26,ACTIVE
P003833,SKU003833,Saree 474,BR00021,CAT001,"More west generation guess growth. Authority action choose boy.
Able majority how lot.",2025-05-28,ACTIVE
P003834,SKU003834,Laptop 586,BR00077,CAT001,Fast million kind kid campaign computer movement. Value western you want cover allow fear.,2026-07-20,ACTIVE
P003835,SKU003835,Watch 534,BR00054,CAT003,Day box really great total. List also race thousand along involve.,2024-09-05,ACTIVE
P003836,SKU003836,Backpack 340,BR00087,CAT003,Issue black road figure wonder over. Skill another even. Different century direction.,2026-05-23,ACTIVE
P003837,SKU003837,Jeans 491,BR00030,CAT003,Walk whatever during table kitchen. Wonder nice hard. Person conference idea public.,2026-01-26,ACTIVE
P003838,SKU003838,Watch 252,BR00066,CAT001,My reveal over wall. Who baby crime discover.,2026-06-19,ACTIVE
P003839,SKU003839,Headphones 732,BR00005,CAT001,Safe national its kitchen recognize surface everything. Risk serve large produce to.,2023-11-23,ACTIVE
P003840,SKU003840,Jeans 761,BR00078,CAT004,"Never campaign economy Mr me.
My deep discover at pay piece.
At spring see not with both.",2025-10-30,ACTIVE
P003841,SKU003841,Saree 258,BR00083,CAT002,Table among decade institution. Report effort impact little sort operation first.,2024-04-15,ACTIVE
P003842,SKU003842,Headphones 511,BR00083,CAT001,South accept drop. Here popular write exactly.,2024-01-04,ACTIVE
P003843,SKU003843,Laptop 754,BR00035,CAT003,My meeting explain commercial between.,2024-07-01,ACTIVE
P003844,SKU003844,Headphones 699,BR00019,CAT003,Resource significant position. Day against left key learn. Unit fine practice may society.,2025-04-19,ACTIVE
P003845,SKU003845,Headphones 679,BR00002,CAT002,Although music worry important gas address. Recent food him ability wear wrong rock.,2024-09-12,ACTIVE
P003846,SKU003846,Laptop 721,BR00052,CAT005,Against to method major her firm. From check do adult candidate low parent.,2025-12-04,ACTIVE
P003847,SKU003847,Backpack 701,BR00046,CAT004,Less authority media create small.,2025-10-04,ACTIVE
P003848,SKU003848,T-Shirt 401,BR00001,CAT002,Once rule single kid produce example treatment.,2025-08-20,ACTIVE
P003849,SKU003849,T-Shirt 886,BR00069,CAT003,Policy close ground resource. Go prove design perhaps. Put watch short visit source science.,2024-10-21,ACTIVE
P003850,SKU003850,Watch 668,BR00062,CAT004,Performance floor name.,2024-09-26,ACTIVE
P003851,SKU003851,Backpack 538,BR00077,CAT005,Ago bed nearly ok small try report.,2024-02-07,ACTIVE
P003852,SKU003852,Headphones 994,BR00058,CAT001,Consider fall rather rich house. Strong look think town population worker.,2024-01-26,ACTIVE
P003853,SKU003853,Saree 774,BR00073,CAT003,Business east play. Air step born nature. Develop increase while sometimes check toward expert.,2024-09-03,ACTIVE
P003854,SKU003854,Backpack 848,BR00038,CAT002,Tonight final response its writer often car want. Accept maintain first notice.,2026-04-25,ACTIVE
P003855,SKU003855,T-Shirt 34,BR00078,CAT004,Report event bill certainly. None sometimes lawyer should minute recognize.,2025-05-27,ACTIVE
P003856,SKU003856,Jacket 681,BR00030,CAT004,View area night state call bit produce. Type talk physical member exist minute for.,2026-09-17,ACTIVE
P003857,SKU003857,Saree 126,BR00059,CAT001,Strong meet break the major strategy. Film plant study save leg individual.,2024-01-04,ACTIVE
P003858,SKU003858,Backpack 40,BR00098,CAT003,"Whether fill across.
Offer discussion image along ready. Head could law.",2025-01-30,ACTIVE
P003859,SKU003859,Headphones 717,BR00060,CAT004,Democrat message officer toward. Probably smile do focus appear herself put.,2025-12-09,ACTIVE
P003860,SKU003860,Laptop 981,BR00065,CAT001,Ok his according between that become. Old six need expect would.,2025-01-11,ACTIVE
P003861,SKU003861,Watch 892,BR00065,CAT002,Response free argue cold.,2025-12-08,ACTIVE
P003862,SKU003862,Watch 56,BR00052,CAT003,Brother cultural fish agreement force on. Explain court entire reduce stock.,2023-10-11,ACTIVE
P003863,SKU003863,T-Shirt 679,BR00088,CAT002,Ground local image argue blue save. Tonight school easy American let.,2026-08-04,ACTIVE
P003864,SKU003864,Jacket 686,BR00005,CAT004,Respond church out look policy travel number collection. Upon church evening professor.,2025-12-21,ACTIVE
P003865,SKU003865,Watch 223,BR00073,CAT005,Future argue drop order relationship pass.,2025-10-08,ACTIVE
P003866,SKU003866,Saree 172,BR00003,CAT005,Other father fill start list into about. Tax dark receive. Firm partner increase open little baby.,2025-12-22,ACTIVE
P003867,SKU003867,Backpack 519,BR00028,CAT003,Society job specific situation. Himself enter beautiful. Yourself yet provide sort.,2025-11-06,ACTIVE
P003868,SKU003868,Sneakers 957,BR00087,CAT005,Entire level difficult. Reach city art. Majority city bed thing.,2026-07-23,ACTIVE
P003869,SKU003869,Backpack 290,BR00083,CAT004,Member interest charge key too crime.,2025-07-12,ACTIVE
P003870,SKU003870,Sneakers 10,BR00098,CAT001,Ready treatment item local door.,2026-05-30,ACTIVE
P003871,SKU003871,Sneakers 22,BR00036,CAT003,Write partner because audience capital movie. Describe hand question dark add college start.,2023-11-04,ACTIVE
P003872,SKU003872,Sneakers 236,BR00072,CAT002,Region newspaper girl level eye carry. Meeting discover firm put look.,2025-12-09,ACTIVE
P003873,SKU003873,Headphones 536,BR00087,CAT002,Or about reduce space those size thank. Small sing coach lead officer these. Lot happy forget grow.,2024-01-21,ACTIVE
P003874,SKU003874,Laptop 316,BR00000,CAT001,"During on weight should black. Term phone hit different.
Whole nearly admit purpose certain.",2024-01-02,ACTIVE
P003875,SKU003875,Headphones 186,BR00023,CAT001,Over somebody score American. Short offer piece include some.,2025-08-19,ACTIVE
P003876,SKU003876,Backpack 983,BR00014,CAT002,Military west I deal. Maybe and fine fact.,2024-08-19,ACTIVE
P003877,SKU003877,Watch 810,BR00076,CAT003,Detail though whole office employee. Today collection try. Baby own house various.,2025-11-16,ACTIVE
P003878,SKU003878,Saree 697,BR00011,CAT003,North draw might music security. Rock financial church yourself near weight.,2024-11-22,ACTIVE
P003879,SKU003879,Backpack 689,BR00083,CAT005,Recognize but them matter democratic black approach among. Whole real few member church.,2025-06-24,ACTIVE
P003880,SKU003880,T-Shirt 123,BR00080,CAT005,Example audience student let determine. Pay big car. Probably thank issue now budget authority.,2024-04-02,ACTIVE
P003881,SKU003881,Saree 886,BR00085,CAT004,Though from relate top whom. Enter itself sometimes.,2023-12-29,ACTIVE
P003882,SKU003882,Jacket 573,BR00041,CAT002,A per result. Store shoulder partner voice.,2024-05-16,ACTIVE
P003883,SKU003883,Laptop 425,BR00098,CAT004,Training magazine station less program right. Than role role police care detail bank.,2025-03-11,ACTIVE
P003884,SKU003884,Jeans 904,BR00020,CAT004,Report opportunity product learn. Trial heart authority note yet road no behind.,2026-04-27,ACTIVE
P003885,SKU003885,Backpack 544,BR00055,CAT002,Clearly computer out suddenly process. Close author compare computer real peace.,2023-12-27,ACTIVE
P003886,SKU003886,Sneakers 135,BR00093,CAT003,Interview real real subject discover exist. Show read amount country door long.,2024-05-27,ACTIVE
P003887,SKU003887,Headphones 816,BR00004,CAT002,Meet executive employee still and new. Ahead half fact along.,2026-09-11,ACTIVE
P003888,SKU003888,Jeans 773,BR00089,CAT002,Education catch play series will. Result risk full subject institution.,2025-08-13,ACTIVE
P003889,SKU003889,Laptop 762,BR00072,CAT002,Themselves worry commercial between suffer discuss into.,2025-03-21,ACTIVE
P003890,SKU003890,Headphones 774,BR00041,CAT001,Family now accept quickly. Professor job address you still how hope.,2025-06-28,ACTIVE
P003891,SKU003891,Backpack 542,BR00001,CAT001,Price kind wonder arm right late.,2023-10-23,ACTIVE
P003892,SKU003892,Headphones 265,BR00031,CAT002,Of visit respond I. Experience everyone activity defense. Particular they training body.,2023-11-22,ACTIVE
P003893,SKU003893,Backpack 570,BR00066,CAT003,Little remember mother support. Wide trouble lose board worry serious turn live. Feel ago position.,2024-08-18,ACTIVE
P003894,SKU003894,Saree 722,BR00029,CAT002,At page whatever member hundred. Knowledge way themselves discuss.,2025-06-18,ACTIVE
P003895,SKU003895,T-Shirt 966,BR00049,CAT004,"Season guy arrive main. Fly later service.
Detail agency green loss. Focus pull join.",2024-11-14,ACTIVE
P003896,SKU003896,Watch 731,BR00090,CAT002,When hard decide age factor. Other list small grow term number own. Anything ahead such usually.,2023-10-12,ACTIVE
P003897,SKU003897,Saree 487,BR00014,CAT004,Physical by recognize company wife. Fund short now top. Party age determine scene.,2025-08-29,ACTIVE
P003898,SKU003898,Saree 409,BR00012,CAT002,Media identify population style hot. Ok lot yourself idea member either trade.,2023-10-31,ACTIVE
P003899,SKU003899,Watch 513,BR00072,CAT001,Develop goal green above. Me town value yeah debate happen.,2026-01-25,ACTIVE
P003900,SKU003900,Watch 809,BR00024,CAT002,Movie its president low herself before help. General book affect.,2024-05-15,ACTIVE
P003901,SKU003901,Jeans 24,BR00099,CAT004,Sea investment certain form production beautiful successful. These note certainly tree mother.,2025-12-07,ACTIVE
P003902,SKU003902,T-Shirt 362,BR00065,CAT002,Gun rise religious nearly north. Time generation word four. Life son begin outside.,2025-10-13,ACTIVE
P003903,SKU003903,Watch 190,BR00031,CAT001,Almost sort three let thousand. Sister page word front anyone individual what.,2026-01-19,ACTIVE
P003904,SKU003904,Jacket 718,BR00061,CAT005,South back it nice computer place serve subject. Democratic building buy best.,2026-05-07,ACTIVE
P003905,SKU003905,Sneakers 551,BR00077,CAT004,Event need wear smile everyone. Available few inside store. Focus film we less hotel rock.,2024-11-29,ACTIVE
P003906,SKU003906,Saree 269,BR00044,CAT005,Three condition sport attack. Before sport leg form. Mind until soon rock form program.,2024-11-09,ACTIVE
P003907,SKU003907,Jacket 257,BR00074,CAT001,Paper necessary analysis agent energy. Understand leave animal follow.,2025-12-17,ACTIVE
P003908,SKU003908,T-Shirt 736,BR00040,CAT005,Produce similar health draw development reason soldier. Cultural ask think various.,2024-01-19,ACTIVE
P003909,SKU003909,Watch 283,BR00090,CAT005,Capital perhaps magazine full situation boy get north.,2026-02-12,ACTIVE
P003910,SKU003910,Watch 353,BR00047,CAT001,Account worry including past important.,2023-12-17,ACTIVE
P003911,SKU003911,Headphones 441,BR00017,CAT002,Door mouth against. Argue then five commercial. Would long dream campaign policy.,2024-07-26,ACTIVE
P003912,SKU003912,Jacket 325,BR00081,CAT002,World glass approach relate. Forget year none hand through address.,2024-11-30,ACTIVE
P003913,SKU003913,Jeans 377,BR00042,CAT005,Watch give ask. Study much few tree never near which. Beyond front health drop past foot.,2024-08-13,ACTIVE
P003914,SKU003914,Headphones 649,BR00089,CAT003,Include woman analysis serious. Arm near country allow manage also source.,2025-09-07,ACTIVE
P003915,SKU003915,Backpack 249,BR00087,CAT001,Conference speech effort nothing line.,2024-11-16,ACTIVE
P003916,SKU003916,Watch 802,BR00040,CAT001,Area tonight base pressure figure meet generation game.,2026-05-25,ACTIVE
P003917,SKU003917,Jeans 445,BR00044,CAT003,Garden thus term market better. Final citizen suggest recent firm feeling. Song rich data car.,2024-08-16,ACTIVE
P003918,SKU003918,Jeans 912,BR00072,CAT001,Show think policy development.,2024-01-31,ACTIVE
P003919,SKU003919,Laptop 457,BR00052,CAT002,Local service exist. Act recently than down whether next story. Get receive game mind near culture.,2026-08-24,ACTIVE
P003920,SKU003920,Sneakers 537,BR00011,CAT002,Project deep these significant painting various.,2025-10-09,ACTIVE
P003921,SKU003921,Saree 347,BR00053,CAT002,Yard student example. Three plan early fish walk. Through top study value while.,2025-07-06,ACTIVE
P003922,SKU003922,T-Shirt 397,BR00001,CAT004,"Spend save most change set.
Their including lay. Myself minute how.",2026-04-17,ACTIVE
P003923,SKU003923,Saree 518,BR00096,CAT004,"Trip network size crime read exactly son.
Argue wonder do word prove thus. Spend card coach senior.",2024-05-27,ACTIVE
P003924,SKU003924,Jeans 98,BR00043,CAT002,Hard memory wear main. Trip form risk far fear. Cause remember time family sort again.,2025-06-11,ACTIVE
P003925,SKU003925,Backpack 922,BR00051,CAT003,Music politics media deep list participant. Front national one local.,2026-05-13,ACTIVE
P003926,SKU003926,Laptop 728,BR00035,CAT002,"Woman benefit theory likely. Because west trouble. Then any power.
Move get ago them green.",2024-07-06,ACTIVE
P003927,SKU003927,Watch 302,BR00024,CAT002,Color past few stand foreign. This manager goal money side.,2024-02-14,ACTIVE
P003928,SKU003928,Laptop 268,BR00000,CAT002,Win find sell animal system employee. Happy project region ready story matter.,2023-10-09,ACTIVE
P003929,SKU003929,Watch 278,BR00083,CAT004,Ok perform deep yet food. Since old lot hospital see.,2026-08-23,ACTIVE
P003930,SKU003930,Jeans 413,BR00028,CAT004,Where writer maintain over certainly sea finally. Mr pick officer floor standard office.,2026-06-02,ACTIVE
P003931,SKU003931,Jeans 861,BR00011,CAT005,Wear number front store assume well know. Order area nice.,2026-01-23,ACTIVE
P003932,SKU003932,T-Shirt 576,BR00004,CAT004,Show area organization their on fact. No break along career suddenly between.,2026-03-22,ACTIVE
P003933,SKU003933,Headphones 982,BR00009,CAT001,Camera our feel computer material million me several. Break put their.,2023-10-12,ACTIVE
P003934,SKU003934,Jeans 344,BR00011,CAT004,Have what it morning owner agreement. Budget door medical pay tend.,2023-10-25,ACTIVE
P003935,SKU003935,Jeans 661,BR00081,CAT002,Impact meeting beyond trouble according indicate wonder decide. Child PM line. Fast take community.,2026-05-30,ACTIVE
P003936,SKU003936,Sneakers 952,BR00084,CAT003,Or foreign after threat around say. Move need suddenly lead. Ability soldier far food.,2025-03-27,ACTIVE
P003937,SKU003937,Sneakers 101,BR00056,CAT001,Safe child rock five choice economic bar. West feeling win new style successful.,2025-09-21,ACTIVE
P003938,SKU003938,Jacket 502,BR00029,CAT003,Experience until lead kid unit control. Form fear father four experience.,2025-12-16,ACTIVE
P003939,SKU003939,Sneakers 29,BR00010,CAT005,Which new onto may what mean. Public century but company ok.,2025-09-14,ACTIVE
P003940,SKU003940,Jacket 663,BR00028,CAT005,Organization message trial education foot save show. Many song they career.,2026-08-23,ACTIVE
P003941,SKU003941,Jacket 128,BR00023,CAT002,Baby wall kid free. Anything all discover. Lead fine inside.,2024-09-21,ACTIVE
P003942,SKU003942,Headphones 571,BR00048,CAT003,Account actually fast star read matter.,2024-03-04,ACTIVE
P003943,SKU003943,Jacket 238,BR00098,CAT004,Style study at child by role.,2025-11-09,ACTIVE
P003944,SKU003944,Sneakers 680,BR00086,CAT005,Likely weight raise central prove. Star result site food relationship door.,2024-06-12,ACTIVE
P003945,SKU003945,Backpack 959,BR00060,CAT005,Source assume politics control play magazine whose reflect. Factor and management.,2026-07-18,ACTIVE
P003946,SKU003946,Laptop 918,BR00011,CAT003,Thing interest bad. Rich reduce million rock stage loss.,2026-02-18,ACTIVE
P003947,SKU003947,Sneakers 218,BR00047,CAT003,Next industry suddenly top involve discussion. Activity behavior skin.,2026-02-09,ACTIVE
P003948,SKU003948,Jacket 401,BR00039,CAT001,Control avoid kind couple girl hold. One analysis full suffer. Economic professor stock not.,2025-08-17,ACTIVE
P003949,SKU003949,Jacket 995,BR00010,CAT002,Religious field explain language right security. Short real institution future.,2025-06-11,ACTIVE
P003950,SKU003950,Saree 203,BR00094,CAT003,It after know bit. Executive control pick boy. It through bag human deep.,2025-01-28,ACTIVE
P003951,SKU003951,Saree 116,BR00080,CAT002,Religious light cause city couple much. Center enjoy just. Practice up conference.,2024-10-29,ACTIVE
P003952,SKU003952,Laptop 531,BR00024,CAT001,Want future avoid measure. Only have more laugh phone friend eight.,2024-07-25,ACTIVE
P003953,SKU003953,Headphones 258,BR00066,CAT005,Small and company manage break morning. Model data example nice.,2026-03-10,ACTIVE
P003954,SKU003954,T-Shirt 511,BR00028,CAT005,Music until land growth medical arrive structure. Will by player right down.,2026-07-04,ACTIVE
P003955,SKU003955,Headphones 228,BR00006,CAT004,Prove manage amount yeah black guess. Total answer large.,2024-03-05,ACTIVE
P003956,SKU003956,Laptop 424,BR00052,CAT002,Sister kid always guess cause direction street. It seven within crime all.,2026-09-14,ACTIVE
P003957,SKU003957,Watch 59,BR00017,CAT004,Time part far heart move. Camera executive know. Gun threat woman section beyond.,2024-09-16,ACTIVE
P003958,SKU003958,Saree 82,BR00078,CAT003,Capital add positive. Their thought carry explain clearly both. Treat sort local ability.,2024-06-26,ACTIVE
P003959,SKU003959,Jeans 348,BR00004,CAT002,"Activity close paper fine experience. Amount future represent notice.
Skin green image.",2025-07-18,ACTIVE
P003960,SKU003960,Laptop 300,BR00040,CAT003,Great information despite its form enter attack Mrs. Upon crime once of. Agreement bar win.,2026-04-08,ACTIVE
P003961,SKU003961,Jacket 367,BR00042,CAT004,Up especially bring charge easy opportunity.,2023-11-22,ACTIVE
P003962,SKU003962,Sneakers 900,BR00061,CAT001,Speak shake into suddenly. Ball health effect dark team month. While trade happy several clear.,2026-04-02,ACTIVE
P003963,SKU003963,Watch 693,BR00010,CAT003,"Security there resource else project avoid adult.
Identify sea road memory.",2024-05-01,ACTIVE
P003964,SKU003964,Watch 183,BR00019,CAT005,Field stage figure start. When sometimes body production list main.,2023-09-27,ACTIVE
P003965,SKU003965,Laptop 647,BR00026,CAT004,Sign another television project road what performance. By development southern capital.,2025-07-08,ACTIVE
P003966,SKU003966,Backpack 655,BR00004,CAT003,Voice ball once represent themselves. Attack wait tell page.,2024-01-05,ACTIVE
P003967,SKU003967,Watch 77,BR00044,CAT005,Conference identify later level class simply. Family popular road little small front.,2023-12-17,ACTIVE
P003968,SKU003968,Sneakers 939,BR00035,CAT002,Type loss education kid part firm. Show chance long staff wife form onto.,2026-01-18,ACTIVE
P003969,SKU003969,Watch 629,BR00086,CAT001,All people sit option land project.,2024-06-25,ACTIVE
P003970,SKU003970,Sneakers 655,BR00074,CAT004,Minute behavior artist structure difficult thought. Human best rather player important natural.,2025-05-08,ACTIVE
P003971,SKU003971,Jacket 335,BR00099,CAT001,Star body economy seven we door. General relationship successful model.,2026-08-22,ACTIVE
P003972,SKU003972,Headphones 903,BR00009,CAT003,Eight position stop. Water simply yard.,2023-10-13,ACTIVE
P003973,SKU003973,Sneakers 503,BR00028,CAT004,Ask word race nearly. Loss live north fight partner. Magazine start itself ready room never blue.,2023-09-22,ACTIVE
P003974,SKU003974,Saree 882,BR00097,CAT004,Bit appear and individual later.,2024-04-18,ACTIVE
P003975,SKU003975,Sneakers 442,BR00046,CAT003,Coach executive will customer sea no lead. Low call card something instead.,2026-04-07,ACTIVE
P003976,SKU003976,Headphones 818,BR00081,CAT004,Part hear leg even. Run drive call daughter billion.,2026-03-05,ACTIVE
P003977,SKU003977,Jacket 152,BR00050,CAT002,Speak statement news suffer high. Have indeed suffer record next.,2024-11-15,ACTIVE
P003978,SKU003978,Jeans 822,BR00024,CAT002,Take let audience table very. Should way realize single work clearly. Modern remain bring head.,2025-07-20,ACTIVE
P003979,SKU003979,Saree 42,BR00013,CAT003,Consumer board free seven heavy early. Modern ground today.,2024-09-10,ACTIVE
P003980,SKU003980,Jeans 344,BR00070,CAT003,Effort of skin born. Live focus reason force. All language she participant reflect still impact.,2025-05-29,ACTIVE
P003981,SKU003981,Saree 884,BR00070,CAT005,Impact suggest owner whatever above ever. Authority green institution enough camera center want.,2025-02-11,ACTIVE
P003982,SKU003982,Watch 201,BR00038,CAT002,Yet culture common pull attention. Middle catch many care job difficult.,2024-10-06,ACTIVE
P003983,SKU003983,Headphones 479,BR00083,CAT004,Tree class feeling. Quite memory bar law property dinner. Me media study.,2026-05-28,ACTIVE
P003984,SKU003984,Headphones 720,BR00094,CAT003,What customer certainly very husband source inside. Why page particular gas.,2023-09-24,ACTIVE
P003985,SKU003985,Headphones 137,BR00011,CAT004,Sell forget born. Alone wide all.,2026-01-17,ACTIVE
P003986,SKU003986,Jacket 836,BR00085,CAT003,Individual offer different several believe challenge provide. Not toward concern should success if.,2025-06-01,ACTIVE
P003987,SKU003987,T-Shirt 212,BR00005,CAT003,Society recognize realize successful truth. Media near whose.,2025-05-05,ACTIVE
P003988,SKU003988,Headphones 22,BR00088,CAT004,Return dog collection. Yeah effort recently second near. Life bill close experience.,2026-04-18,ACTIVE
P003989,SKU003989,Sneakers 293,BR00059,CAT004,Seek bank bring beyond out. Your last main image arm bad. Story few respond among visit strong.,2024-11-02,ACTIVE
P003990,SKU003990,Headphones 723,BR00042,CAT001,"Information address operation well light.
Attorney cut turn poor eight.",2026-04-10,ACTIVE
P003991,SKU003991,Jeans 32,BR00021,CAT003,Number wish environmental article low success evening. Region from ten determine edge shoulder.,2026-01-09,ACTIVE
P003992,SKU003992,Jacket 839,BR00018,CAT003,Enough about couple purpose present six. Up similar exactly probably. Great scene authority.,2024-02-18,ACTIVE
P003993,SKU003993,Laptop 208,BR00089,CAT002,At service building about employee issue change. Day really discuss improve baby him note.,2025-02-27,ACTIVE
P003994,SKU003994,Laptop 595,BR00049,CAT002,The throughout finally professional need plan.,2025-11-15,ACTIVE
P003995,SKU003995,Watch 816,BR00032,CAT004,Student eye north everybody medical less event deal. Fish southern maintain several.,2025-02-23,ACTIVE
P003996,SKU003996,Jacket 365,BR00090,CAT002,Tonight particular leader kid building reduce.,2024-12-05,ACTIVE
P003997,SKU003997,Backpack 341,BR00049,CAT005,Moment fear hand her range. Radio behavior world future letter car. Reveal want through.,2026-06-21,ACTIVE
P003998,SKU003998,Watch 598,BR00076,CAT003,Particular I course reason him. Care now business. Air notice industry interview member.,2025-10-22,ACTIVE
P003999,SKU003999,T-Shirt 776,BR00088,CAT004,"Go alone since city born new. Thus popular far TV respond.
Level total fight our table lead lot.",2024-12-28,ACTIVE
P004000,SKU004000,Sneakers 246,BR00034,CAT001,Drop yourself adult especially. Amount us machine success.,2024-03-13,ACTIVE
P004001,SKU004001,Jacket 536,BR00039,CAT005,Finish call participant protect later.,2025-02-17,ACTIVE
P004002,SKU004002,Headphones 665,BR00054,CAT004,Never increase avoid. Question night his board police production. Citizen clear factor exactly.,2024-02-22,ACTIVE
P004003,SKU004003,Backpack 835,BR00029,CAT002,Ok student resource. You read play present local. Stop interview sing area little.,2026-09-19,ACTIVE
P004004,SKU004004,Jacket 414,BR00042,CAT001,Recognize recent more memory music worker. Consumer quality great see set make process.,2025-01-20,ACTIVE
P004005,SKU004005,Watch 11,BR00063,CAT004,Indeed which feel agency. Nature century charge act.,2024-07-03,ACTIVE
P004006,SKU004006,Jeans 210,BR00000,CAT005,Anyone early his though three. Message letter both pass.,2025-10-06,ACTIVE
P004007,SKU004007,Sneakers 489,BR00015,CAT005,Third join deal explain. Expert baby consumer.,2023-10-27,ACTIVE
P004008,SKU004008,Watch 165,BR00038,CAT004,Too get mother money. Foot walk value power news today. Fish world a hour may common line lead.,2025-07-31,ACTIVE
P004009,SKU004009,Sneakers 25,BR00084,CAT003,Finish someone minute pay woman hair system. Instead natural student back spend south admit.,2026-03-17,ACTIVE
P004010,SKU004010,Sneakers 796,BR00077,CAT004,Mrs me east including throw guess. Left animal kitchen property hundred than democratic attorney.,2026-09-05,ACTIVE
P004011,SKU004011,T-Shirt 663,BR00075,CAT004,Call common according represent it join police. Want never be little use.,2026-07-31,ACTIVE
P004012,SKU004012,Saree 275,BR00007,CAT004,Rich pay protect money relate.,2025-12-22,ACTIVE
P004013,SKU004013,T-Shirt 510,BR00011,CAT003,Age building character turn campaign mean traditional. Carry kind though yet.,2026-02-06,ACTIVE
P004014,SKU004014,Watch 98,BR00087,CAT002,Take door would paper arm wife free. Product structure around dinner agent. Buy baby protect lose.,2025-01-27,ACTIVE
P004015,SKU004015,Sneakers 967,BR00098,CAT003,Third executive store lot grow. Us rate win side manage need among.,2026-08-19,ACTIVE
P004016,SKU004016,Backpack 624,BR00070,CAT003,They against station key new.,2025-10-26,ACTIVE
P004017,SKU004017,T-Shirt 43,BR00037,CAT001,Spring inside produce help. Into purpose before challenge learn health world role.,2025-04-09,ACTIVE
P004018,SKU004018,Backpack 979,BR00066,CAT004,And down through soldier create itself southern. State ball which suffer ahead long.,2026-02-18,ACTIVE
P004019,SKU004019,Watch 862,BR00092,CAT002,Reflect economy yourself human deal. Spend reach prevent term. Rule institution stand.,2024-05-12,ACTIVE
P004020,SKU004020,Saree 168,BR00075,CAT005,Entire actually then southern. Though close style coach.,2024-03-10,ACTIVE
P004021,SKU004021,Laptop 358,BR00024,CAT003,Want pass in however.,2025-06-07,ACTIVE
P004022,SKU004022,Sneakers 590,BR00055,CAT005,Sure reality but letter sing. Or southern network whether anyone after recognize evening.,2025-06-07,ACTIVE
P004023,SKU004023,Saree 588,BR00046,CAT004,Garden read who federal. Claim agency reflect phone pick exist measure they.,2024-08-29,ACTIVE
P004024,SKU004024,T-Shirt 615,BR00003,CAT003,As these head will program woman. Admit all want current record center.,2024-05-15,ACTIVE
P004025,SKU004025,Headphones 851,BR00068,CAT005,Benefit couple back majority. Second thank old. Result during get evening indeed however.,2025-03-20,ACTIVE
P004026,SKU004026,Sneakers 299,BR00019,CAT004,Many wear capital station feel fall.,2023-11-16,ACTIVE
P004027,SKU004027,Saree 456,BR00009,CAT001,Finally administration arm. Black without across ahead. Soldier do choice good staff upon.,2024-12-23,ACTIVE
P004028,SKU004028,Laptop 522,BR00029,CAT001,Its physical keep up. Avoid girl already.,2025-01-15,ACTIVE
P004029,SKU004029,T-Shirt 823,BR00092,CAT005,Action record speak past politics everyone five.,2023-12-11,ACTIVE
P004030,SKU004030,Saree 69,BR00091,CAT005,Tough report paper guess must great continue involve. Technology several true main week notice.,2026-03-13,ACTIVE
P004031,SKU004031,Jacket 991,BR00062,CAT001,Green realize least education citizen cell sport. Reveal mouth fight. Let industry fall.,2025-03-12,ACTIVE
P004032,SKU004032,Headphones 757,BR00014,CAT005,Fight key system thank study. Administration believe who idea defense agent.,2026-03-31,ACTIVE
P004033,SKU004033,Backpack 22,BR00043,CAT005,Common land interest game law recognize while effect. Prepare voice tax.,2025-05-09,ACTIVE
P004034,SKU004034,Sneakers 933,BR00030,CAT005,Style picture continue evidence. Size and business majority season. Be let sea hit important.,2024-11-26,ACTIVE
P004035,SKU004035,Saree 167,BR00077,CAT005,Law safe free long realize.,2026-02-25,ACTIVE
P004036,SKU004036,Headphones 451,BR00092,CAT003,Enjoy keep despite notice hot yes. Detail medical threat radio.,2024-03-20,ACTIVE
P004037,SKU004037,Backpack 623,BR00028,CAT001,Professor shoulder blood important. Improve fall thus interview.,2026-07-16,ACTIVE
P004038,SKU004038,Sneakers 757,BR00049,CAT001,Former better explain development.,2024-05-14,ACTIVE
P004039,SKU004039,Saree 12,BR00038,CAT003,Mission accept not bag maybe his big. Own affect room dog particular.,2024-02-29,ACTIVE
P004040,SKU004040,Jacket 470,BR00091,CAT005,Very everything wear price ask soon. East program state receive.,2026-08-06,ACTIVE
P004041,SKU004041,Watch 883,BR00064,CAT001,Program weight push could owner fly long. Current interesting show out need serious safe campaign.,2024-11-23,ACTIVE
P004042,SKU004042,Jeans 773,BR00073,CAT004,Produce such to long half. Because under law. Can friend sometimes ok my town nearly.,2023-11-03,ACTIVE
P004043,SKU004043,Jacket 597,BR00033,CAT002,Daughter born factor true conference. Interesting cause upon difficult environment.,2024-02-12,ACTIVE
P004044,SKU004044,Watch 94,BR00064,CAT003,Be southern conference two show receive. Tell according well. Rule series order bed pattern.,2025-12-28,ACTIVE
P004045,SKU004045,Sneakers 930,BR00085,CAT005,Almost economic decide wind. Stand become head even north land defense. Stand where see place.,2024-05-07,ACTIVE
P004046,SKU004046,Laptop 413,BR00084,CAT001,Meeting consider certainly score suffer town position.,2026-01-29,ACTIVE
P004047,SKU004047,Jacket 857,BR00005,CAT004,Music dinner Congress three figure. Of should authority rest when rich us. Loss yeah star.,2024-12-23,ACTIVE
P004048,SKU004048,T-Shirt 686,BR00055,CAT001,Everything least claim only song mouth task. Sort and memory white federal wind his.,2025-01-12,ACTIVE
P004049,SKU004049,Sneakers 975,BR00096,CAT005,Environment customer best grow school final drive. Choice business again young in foreign.,2026-07-24,ACTIVE
P004050,SKU004050,Jeans 482,BR00031,CAT002,Should clearly trade box want. Really treatment whose benefit rate position.,2026-08-31,ACTIVE
P004051,SKU004051,Jacket 302,BR00066,CAT002,Behavior dog herself their prevent possible baby trip. Live wear teach. Already hear other sport.,2026-07-31,ACTIVE
P004052,SKU004052,Headphones 772,BR00056,CAT003,Defense name stage family site. Professor wide another could student.,2024-04-06,ACTIVE
P004053,SKU004053,Saree 823,BR00054,CAT004,Continue white second chance half player. Serious near turn job it relationship door.,2026-04-12,ACTIVE
P004054,SKU004054,Backpack 705,BR00015,CAT001,Tonight fund loss. Give yeah nor brother. Rule recent animal skin choice thank add whether.,2024-05-26,ACTIVE
P004055,SKU004055,Jeans 38,BR00073,CAT001,All million sort ready it beyond also.,2025-01-14,ACTIVE
P004056,SKU004056,T-Shirt 268,BR00003,CAT004,Sea late economy young different group new series. Policy young lot painting. Plan fact son friend.,2024-10-18,ACTIVE
P004057,SKU004057,T-Shirt 7,BR00009,CAT002,Example whatever gun month end agree even. Especially protect population right.,2024-05-11,ACTIVE
P004058,SKU004058,Laptop 512,BR00034,CAT002,Spring quickly chance raise. Factor people girl both off can.,2024-05-22,ACTIVE
P004059,SKU004059,Headphones 850,BR00075,CAT001,"Huge manager catch happen.
Book team job reach culture full though. Book would impact respond.",2026-07-27,ACTIVE
P004060,SKU004060,Laptop 459,BR00083,CAT004,Decision agent agent travel. Ahead might no.,2026-01-28,ACTIVE
P004061,SKU004061,Backpack 438,BR00049,CAT001,Bank then quality four serious. Child seem painting power. Hundred me common quite.,2025-10-25,ACTIVE
P004062,SKU004062,Saree 261,BR00020,CAT001,Red yet whose forward material allow rest. You camera enjoy worry inside.,2025-02-27,ACTIVE
P004063,SKU004063,Jacket 705,BR00088,CAT004,Position particular water. Somebody upon actually debate no up treat wonder.,2026-08-23,ACTIVE
P004064,SKU004064,Laptop 523,BR00078,CAT004,"Leg check base any record.
Forward commercial seek him.",2025-04-02,ACTIVE
P004065,SKU004065,T-Shirt 669,BR00052,CAT002,His shake others author. Increase hundred sister her event material material.,2024-02-29,ACTIVE
P004066,SKU004066,Watch 201,BR00042,CAT003,Population like civil anyone. Imagine no professor world tend sort trip.,2024-08-23,ACTIVE
P004067,SKU004067,Sneakers 456,BR00090,CAT004,Task task down already. Surface network little although I although. Simple sea floor include.,2025-09-13,ACTIVE
P004068,SKU004068,Sneakers 631,BR00069,CAT001,Live car free. Break day effect painting up ground soon including.,2025-05-25,ACTIVE
P004069,SKU004069,Jacket 209,BR00017,CAT003,Another rule although happy. Boy under behind notice four nature first.,2025-08-01,ACTIVE
P004070,SKU004070,Headphones 739,BR00084,CAT005,Top cold they candidate. Poor leg among eat than air.,2024-10-03,ACTIVE
P004071,SKU004071,Saree 565,BR00075,CAT003,Include different citizen wish.,2026-06-21,ACTIVE
P004072,SKU004072,Jacket 914,BR00015,CAT001,Start bag heart town customer. Store be dream.,2024-01-09,ACTIVE
P004073,SKU004073,Jacket 959,BR00077,CAT003,Defense father call play local none watch. Make member worker improve team. Since pick table know.,2023-11-02,ACTIVE
P004074,SKU004074,Sneakers 27,BR00081,CAT004,Once heart easy why. Loss range theory sit speech star down candidate. Develop your just.,2026-08-09,ACTIVE
P004075,SKU004075,Laptop 15,BR00042,CAT002,Forget north catch yet property. Maybe beat would born he nation bag.,2024-08-18,ACTIVE
P004076,SKU004076,Laptop 440,BR00019,CAT005,Ok off suddenly. Official apply current such. Then matter third base some former line relationship.,2025-11-04,ACTIVE
P004077,SKU004077,Laptop 853,BR00094,CAT004,Strong practice member only sing. Detail impact over itself race.,2025-01-13,ACTIVE
P004078,SKU004078,Sneakers 177,BR00015,CAT002,Road everyone may raise. Music region thing serve stay rock.,2024-10-22,ACTIVE
P004079,SKU004079,Watch 354,BR00015,CAT005,Food make control interview. Whole research member near land manage.,2026-09-08,ACTIVE
P004080,SKU004080,Jeans 754,BR00059,CAT004,Upon land necessary fear. Way support it not bit fight show. A American behavior difference these.,2026-06-13,ACTIVE
P004081,SKU004081,Jacket 909,BR00027,CAT001,Life front light. Federal however increase history claim woman.,2025-08-01,ACTIVE
P004082,SKU004082,Saree 720,BR00071,CAT005,But major need place here.,2024-09-25,ACTIVE
P004083,SKU004083,Saree 765,BR00095,CAT002,Chair serve room perhaps middle month member company. Computer team difficult hospital.,2024-03-26,ACTIVE
P004084,SKU004084,Headphones 667,BR00002,CAT001,Meet eye serve director seven music improve. Up benefit laugh.,2026-02-16,ACTIVE
P004085,SKU004085,Watch 803,BR00037,CAT005,Girl involve stop middle goal dinner. Play blood watch today whole seat relationship.,2026-05-01,ACTIVE
P004086,SKU004086,Backpack 224,BR00044,CAT001,Few inside case. Tell fish against impact later computer without. Bad this accept there hard.,2025-08-29,ACTIVE
P004087,SKU004087,Jacket 420,BR00022,CAT004,According have understand company way. Ever father defense indeed yeah right.,2024-04-07,ACTIVE
P004088,SKU004088,Jeans 121,BR00010,CAT005,Surface travel she rise see sing.,2026-08-15,ACTIVE
P004089,SKU004089,T-Shirt 804,BR00075,CAT004,System out plant drive great. Watch unit her dinner cup answer wish remember.,2025-04-08,ACTIVE
P004090,SKU004090,Jeans 748,BR00020,CAT004,President test huge but. Late think audience too return theory.,2026-01-30,ACTIVE
P004091,SKU004091,Sneakers 514,BR00018,CAT003,Visit rock character information black. Owner relate sister sound every end more.,2025-07-08,ACTIVE
P004092,SKU004092,Jacket 834,BR00067,CAT005,National home action vote book stage. Management discuss under later carry.,2025-03-10,ACTIVE
P004093,SKU004093,Jacket 625,BR00036,CAT004,"Business trial win his check.
Appear only information blue voice toward range.",2023-12-16,ACTIVE
P004094,SKU004094,Laptop 792,BR00044,CAT003,Before throw here able imagine special whom. Detail something year mean magazine.,2023-11-18,ACTIVE
P004095,SKU004095,Backpack 641,BR00037,CAT004,Offer its we politics. Agree push investment within country special chance.,2026-04-23,ACTIVE
P004096,SKU004096,Sneakers 241,BR00001,CAT004,Soldier amount personal goal. As kind activity sea despite. Who agent culture indeed step become.,2024-04-17,ACTIVE
P004097,SKU004097,Jacket 923,BR00029,CAT001,Enough although sure. Everything interesting old thus form put.,2026-09-16,ACTIVE
P004098,SKU004098,Headphones 447,BR00065,CAT005,Same while so artist. Painting two see long. Improve campaign everybody product.,2024-05-04,ACTIVE
P004099,SKU004099,Watch 898,BR00044,CAT003,Bank side laugh purpose skin movie. Crime life tell yard.,2023-10-14,ACTIVE
P004100,SKU004100,Jeans 597,BR00094,CAT002,Avoid save own serious floor. Company including everybody couple against administration.,2025-07-12,ACTIVE
P004101,SKU004101,T-Shirt 335,BR00071,CAT005,Cultural husband trouble from. Indeed without man provide yard.,2025-01-14,ACTIVE
P004102,SKU004102,Sneakers 79,BR00063,CAT002,Experience produce his keep. Easy rock idea relate hand body movie. Clear item north price bag.,2024-03-13,ACTIVE
P004103,SKU004103,T-Shirt 582,BR00057,CAT003,Special end discussion team. Eight draw opportunity company section.,2025-01-07,ACTIVE
P004104,SKU004104,Laptop 238,BR00037,CAT005,Save arrive product police. Paper chair staff history wrong.,2023-09-29,ACTIVE
P004105,SKU004105,Saree 609,BR00031,CAT003,Probably above car require manage become capital.,2025-11-04,ACTIVE
P004106,SKU004106,T-Shirt 432,BR00043,CAT004,Help admit usually management least eight institution. Beautiful sort unit play.,2025-01-11,ACTIVE
P004107,SKU004107,Headphones 563,BR00025,CAT005,Leave than bag summer whatever.,2025-07-02,ACTIVE
P004108,SKU004108,Saree 470,BR00037,CAT003,Machine parent scientist table individual. Body first else than have use only.,2026-01-23,ACTIVE
P004109,SKU004109,Laptop 348,BR00099,CAT004,Write feel claim policy. Key sometimes reduce behind apply worry tree.,2025-04-12,ACTIVE
P004110,SKU004110,Watch 999,BR00094,CAT005,Board long represent peace deal husband hotel center.,2026-02-11,ACTIVE
P004111,SKU004111,Jeans 744,BR00076,CAT003,Well read sure staff require. Oil trouble cause various crime center suggest price.,2024-01-14,ACTIVE
P004112,SKU004112,Headphones 665,BR00078,CAT003,Mr mouth space.,2026-04-16,ACTIVE
P004113,SKU004113,Jacket 109,BR00040,CAT005,Crime support theory follow north huge base. Least bag purpose whole girl moment.,2025-10-01,ACTIVE
P004114,SKU004114,Saree 460,BR00010,CAT002,Scene network high whether kitchen. Draw no news spend news across. Project sign her.,2026-03-27,ACTIVE
P004115,SKU004115,Jeans 411,BR00015,CAT001,Rise walk Mrs want beyond. Public wait part final person produce subject.,2024-07-10,ACTIVE
P004116,SKU004116,T-Shirt 638,BR00020,CAT005,Know some best agreement particular these. Protect group treat general young tonight.,2024-07-15,ACTIVE
P004117,SKU004117,Jacket 609,BR00044,CAT002,Interest vote last road population. Sometimes maybe subject watch total over run friend.,2025-12-08,ACTIVE
P004118,SKU004118,Jeans 970,BR00057,CAT001,Federal strategy trade author. Three everybody lead day field fall.,2023-11-26,ACTIVE
P004119,SKU004119,Laptop 876,BR00092,CAT001,Record paper good field. At degree reflect before stock.,2026-02-09,ACTIVE
P004120,SKU004120,Jeans 435,BR00010,CAT002,Tell approach shoulder issue itself. Rate and number others.,2024-08-12,ACTIVE
P004121,SKU004121,Laptop 503,BR00083,CAT003,Many worry try food. Mrs half response really along position allow.,2024-04-10,ACTIVE
P004122,SKU004122,Saree 152,BR00090,CAT002,House trip network. Moment argue place.,2025-05-09,ACTIVE
P004123,SKU004123,Laptop 446,BR00045,CAT001,Deep including child road. College spring you task all best.,2025-09-08,ACTIVE
P004124,SKU004124,Jeans 584,BR00001,CAT005,Concern month film she one arrive. Tv after ten blue special.,2026-09-04,ACTIVE
P004125,SKU004125,Laptop 83,BR00095,CAT003,Opportunity individual test line wear. Director prevent especially. Tv impact his hot sport.,2025-10-15,ACTIVE
P004126,SKU004126,Laptop 782,BR00055,CAT004,Sell central want create start white south. Guy tough gun vote happy camera it.,2026-03-03,ACTIVE
P004127,SKU004127,Saree 225,BR00041,CAT005,Bit bit officer list. Example bit wife rock. Year window rock.,2025-08-31,ACTIVE
P004128,SKU004128,Laptop 289,BR00007,CAT004,Degree economy send listen. Meet court certainly network though reason course.,2024-03-14,ACTIVE
P004129,SKU004129,Laptop 394,BR00077,CAT003,Expert the wind law. Resource spend partner focus amount. Care person mother before skin boy.,2026-07-11,ACTIVE
P004130,SKU004130,Jacket 175,BR00054,CAT002,Detail smile general rise sell history. Government why eat answer work.,2025-04-03,ACTIVE
P004131,SKU004131,Sneakers 900,BR00070,CAT003,Direction himself which child base catch their. Manager whatever people week ready drug put right.,2025-02-15,ACTIVE
P004132,SKU004132,T-Shirt 516,BR00075,CAT004,Night bit here sort movie exactly. Traditional partner since whose life style any.,2024-10-26,ACTIVE
P004133,SKU004133,T-Shirt 268,BR00019,CAT002,Her fine smile idea hold every. Quite guy deep plan eight join.,2026-08-16,ACTIVE
P004134,SKU004134,Saree 358,BR00044,CAT002,All where meeting edge.,2026-05-16,ACTIVE
P004135,SKU004135,Watch 334,BR00082,CAT002,Parent determine reality week order hot finish. Method benefit class evening main detail.,2024-10-14,ACTIVE
P004136,SKU004136,Watch 905,BR00047,CAT003,Artist think law note. Bring commercial ahead risk world approach fine. Happy dog market end.,2024-06-01,ACTIVE
P004137,SKU004137,Watch 38,BR00091,CAT002,Administration capital great machine difficult. Agree start security southern its trade myself.,2026-08-02,ACTIVE
P004138,SKU004138,Laptop 269,BR00062,CAT003,Should of her production.,2025-02-25,ACTIVE
P004139,SKU004139,Jacket 78,BR00015,CAT001,Big ten central green. Recognize value pass. Exactly north clear however.,2024-05-12,ACTIVE
P004140,SKU004140,Jacket 160,BR00029,CAT004,Color certain gas important. Could stock officer discussion role with occur.,2025-01-20,ACTIVE
P004141,SKU004141,Jeans 913,BR00039,CAT001,Night property answer wonder player responsibility. Available language table past risk prove later.,2025-12-09,ACTIVE
P004142,SKU004142,Watch 757,BR00023,CAT005,Quickly history direction indeed. Option worry part win.,2026-01-28,ACTIVE
P004143,SKU004143,Watch 126,BR00056,CAT004,Whom under sound last charge anything.,2025-07-07,ACTIVE
P004144,SKU004144,Headphones 882,BR00090,CAT002,Plant have than control. Good film maybe fear. Such successful event brother move person one.,2025-04-10,ACTIVE
P004145,SKU004145,Sneakers 547,BR00045,CAT003,Every there list look later. Land great side. Do color born lot image job.,2026-01-11,ACTIVE
P004146,SKU004146,Laptop 164,BR00086,CAT002,Read quickly can admit. Well expect trip only tax method.,2024-01-31,ACTIVE
P004147,SKU004147,Watch 411,BR00055,CAT002,Until control paper.,2024-04-20,ACTIVE
P004148,SKU004148,Laptop 682,BR00032,CAT003,Within add certain within way.,2025-10-13,ACTIVE
P004149,SKU004149,Jacket 732,BR00086,CAT004,Open body cold cultural. Wait visit purpose quality. Cover nothing through.,2025-06-02,ACTIVE
P004150,SKU004150,Jeans 745,BR00089,CAT004,I long reach miss. Development industry especially. Reason social glass still tonight but simply.,2025-12-17,ACTIVE
P004151,SKU004151,Sneakers 415,BR00092,CAT001,Animal save trip there move start. Character investment pull together. Reason many happy suffer.,2024-01-27,ACTIVE
P004152,SKU004152,Headphones 376,BR00091,CAT005,Drop move create turn chance. Capital write guy student well.,2025-08-19,ACTIVE
P004153,SKU004153,Watch 602,BR00048,CAT003,Relationship individual remember garden. House rise sit.,2024-10-30,ACTIVE
P004154,SKU004154,Jeans 453,BR00032,CAT002,Management modern company heart build. Computer apply father back.,2024-08-17,ACTIVE
P004155,SKU004155,Backpack 480,BR00048,CAT005,Mention perhaps front sort. Practice together couple ago.,2025-07-01,ACTIVE
P004156,SKU004156,Backpack 888,BR00068,CAT003,Lay spring tend wide agreement. Require find center treat third study bag.,2024-04-04,ACTIVE
P004157,SKU004157,Sneakers 795,BR00024,CAT005,Thus yet well beautiful very thank behavior land. Stage finally tree bar old.,2026-06-23,ACTIVE
P004158,SKU004158,Sneakers 492,BR00008,CAT005,Ok drop think voice per nearly partner. Win bag affect resource.,2025-09-11,ACTIVE
P004159,SKU004159,Watch 452,BR00061,CAT001,Science happy from war on provide. Nothing us throw old.,2024-07-27,ACTIVE
P004160,SKU004160,Laptop 715,BR00067,CAT003,Sister yet these travel. That form relate leave mention. Run about face apply.,2026-09-04,ACTIVE
P004161,SKU004161,Jeans 944,BR00059,CAT001,Ready season movement high hand. Middle great process personal.,2025-02-09,ACTIVE
P004162,SKU004162,T-Shirt 892,BR00096,CAT004,Fast which one. Never development in shake. Apply might recent clearly your top wall.,2025-02-11,ACTIVE
P004163,SKU004163,Watch 558,BR00051,CAT002,Send son wait drug population industry mission.,2025-01-08,ACTIVE
P004164,SKU004164,Jacket 392,BR00013,CAT005,Official cost bring and because. Team north director drive prove political push yeah.,2024-04-13,ACTIVE
P004165,SKU004165,Headphones 292,BR00066,CAT001,Rise entire line loss. Prove participant magazine customer professional gas.,2024-03-23,ACTIVE
P004166,SKU004166,Jeans 508,BR00071,CAT002,Stop best type we. Space before career religious discuss artist behind.,2025-10-02,ACTIVE
P004167,SKU004167,Laptop 790,BR00063,CAT002,Amount now back season tax.,2026-07-12,ACTIVE
P004168,SKU004168,Sneakers 788,BR00096,CAT001,Pretty push green final. Leader ready within strategy.,2025-12-10,ACTIVE
P004169,SKU004169,Headphones 337,BR00068,CAT002,Run amount themselves suffer along thank. Data believe support fill over perhaps.,2025-03-01,ACTIVE
P004170,SKU004170,Headphones 703,BR00076,CAT001,Training accept same just commercial pull.,2024-01-31,ACTIVE
P004171,SKU004171,Saree 838,BR00044,CAT002,"Individual environmental of phone country decade.
Think similar heart experience.",2026-05-13,ACTIVE
P004172,SKU004172,Jacket 973,BR00093,CAT005,Break food policy. Wind themselves least whole.,2026-06-23,ACTIVE
P004173,SKU004173,Laptop 746,BR00049,CAT001,Particularly agent win want visit us. Ground want country event decision water simple.,2024-05-12,ACTIVE
P004174,SKU004174,T-Shirt 378,BR00080,CAT004,Money offer ok catch. Draw occur including keep it. Outside serve federal toward wall.,2025-06-22,ACTIVE
P004175,SKU004175,Jeans 934,BR00033,CAT005,Decide own last use any human. Green pass impact agent when office.,2024-11-27,ACTIVE
P004176,SKU004176,T-Shirt 436,BR00091,CAT005,Manager rest page walk cultural color. Close personal hundred space ever star medical.,2024-11-27,ACTIVE
P004177,SKU004177,Sneakers 127,BR00014,CAT004,Pattern record conference kind agency cold. Weight opportunity military indeed majority fast.,2026-01-18,ACTIVE
P004178,SKU004178,Sneakers 913,BR00028,CAT005,Economic letter beat perform. Data body ten father sort somebody.,2024-02-23,ACTIVE
P004179,SKU004179,Headphones 814,BR00071,CAT001,Education message sort. Seven allow by take. Office window risk sea.,2024-08-12,ACTIVE
P004180,SKU004180,Saree 679,BR00030,CAT004,Attorney part eye region school nothing. Agent response field nearly perhaps.,2026-03-02,ACTIVE
P004181,SKU004181,Jeans 687,BR00062,CAT004,"Well project result never bad strategy.
Such suffer allow wear. Boy space effect may sure.",2024-03-08,ACTIVE
P004182,SKU004182,Jeans 98,BR00004,CAT002,Environment heavy sport crime. Why you fight tree agent our understand. Big put president enter.,2025-12-30,ACTIVE
P004183,SKU004183,Saree 267,BR00036,CAT001,About real art suddenly smile. Seven film fill these likely than.,2023-11-15,ACTIVE
P004184,SKU004184,T-Shirt 71,BR00044,CAT002,Baby about discussion the. Student player expert including send success and.,2025-08-18,ACTIVE
P004185,SKU004185,Jeans 734,BR00032,CAT001,Center program capital list. Remember last likely lot them.,2024-12-18,ACTIVE
P004186,SKU004186,Laptop 784,BR00091,CAT001,Set enter until make. Theory provide western whom listen none.,2024-07-11,ACTIVE
P004187,SKU004187,Headphones 295,BR00034,CAT002,Game gun himself speech. Will stuff south page artist economic.,2025-03-29,ACTIVE
P004188,SKU004188,Jeans 159,BR00042,CAT004,Government administration tough kitchen pick quite reach. Page seek street as debate believe its.,2024-08-29,ACTIVE
P004189,SKU004189,Jacket 897,BR00027,CAT003,Risk them myself beautiful ask long increase account. Rich edge each finally ask test understand.,2024-07-21,ACTIVE
P004190,SKU004190,Saree 31,BR00042,CAT002,Keep hear interview hope you partner. New million debate.,2026-03-19,ACTIVE
P004191,SKU004191,Backpack 287,BR00032,CAT001,Career several Democrat guy say.,2023-11-21,ACTIVE
P004192,SKU004192,Headphones 755,BR00003,CAT001,Either born enter among relate across hear. Dark plant need may call ground.,2024-05-26,ACTIVE
P004193,SKU004193,Saree 831,BR00072,CAT003,War finish scientist leave consumer man six Congress.,2026-05-24,ACTIVE
P004194,SKU004194,Jeans 276,BR00010,CAT005,Human account box less. Yourself grow his here writer even with.,2024-05-28,ACTIVE
P004195,SKU004195,T-Shirt 139,BR00070,CAT001,Instead matter win back again lawyer. Firm turn rather difference.,2025-08-26,ACTIVE
P004196,SKU004196,Jacket 945,BR00044,CAT005,Cover house chance lot.,2024-09-04,ACTIVE
P004197,SKU004197,Jacket 783,BR00054,CAT002,Example glass out yourself.,2025-04-03,ACTIVE
P004198,SKU004198,Jeans 367,BR00000,CAT004,Answer pretty information class among. Maintain market best involve lead set apply.,2026-03-09,ACTIVE
P004199,SKU004199,Jacket 255,BR00019,CAT003,Pretty relate range price five class. Feel tree contain.,2023-10-30,ACTIVE
P004200,SKU004200,Saree 387,BR00011,CAT005,Hard growth offer door wish bank.,2025-06-01,ACTIVE
P004201,SKU004201,Jacket 534,BR00025,CAT003,Entire up age ever fact rather improve. Such model the expert. Crime blue key officer often bit.,2023-12-09,ACTIVE
P004202,SKU004202,Watch 402,BR00060,CAT005,Score provide official until finally blood. Which fast writer almost policy more week.,2024-07-18,ACTIVE
P004203,SKU004203,Headphones 505,BR00002,CAT003,Receive couple require radio media stand condition. Study pass on dark trial should.,2024-09-07,ACTIVE
P004204,SKU004204,Saree 520,BR00078,CAT002,Management campaign vote doctor answer. Popular one her threat would know year.,2023-11-13,ACTIVE
P004205,SKU004205,Saree 452,BR00067,CAT004,Check left and risk against simple there involve. Poor seven nearly cell kitchen tough.,2026-09-07,ACTIVE
P004206,SKU004206,Sneakers 131,BR00081,CAT004,Yes real strategy pretty by size. Loss sit stuff education simply. Heavy unit life among.,2024-03-16,ACTIVE
P004207,SKU004207,Sneakers 59,BR00074,CAT003,Say woman building level prove. Market range together. Not although will include future explain.,2025-04-07,ACTIVE
P004208,SKU004208,Headphones 410,BR00053,CAT004,Know wonder entire big. Move produce specific its.,2025-07-17,ACTIVE
P004209,SKU004209,Sneakers 752,BR00001,CAT002,So defense change despite mean laugh. Charge cup not debate. Base ask attack.,2026-08-01,ACTIVE
P004210,SKU004210,T-Shirt 863,BR00082,CAT002,Design citizen fly stand sure national someone yourself. Those next American serious six.,2024-05-19,ACTIVE
P004211,SKU004211,Jeans 312,BR00001,CAT002,Word cost product condition really air cold. Rather wind current lose north.,2025-09-02,ACTIVE
P004212,SKU004212,Headphones 97,BR00085,CAT005,Good certainly race. Use program smile couple home. Use boy heart affect foot news will.,2023-12-30,ACTIVE
P004213,SKU004213,Headphones 585,BR00055,CAT005,Light represent leave mission attention situation. Final east bed media.,2026-09-16,ACTIVE
P004214,SKU004214,Jacket 137,BR00039,CAT003,Raise all use usually force training increase hope.,2025-05-03,ACTIVE
P004215,SKU004215,Sneakers 16,BR00013,CAT001,Alone affect but while avoid around. Share expert camera actually subject all society.,2024-05-13,ACTIVE
P004216,SKU004216,Watch 559,BR00099,CAT002,Until owner find act later remain far. Human end seek film coach. Enough plant indeed bank green.,2023-11-13,ACTIVE
P004217,SKU004217,Headphones 677,BR00038,CAT005,Class support half government.,2024-04-14,ACTIVE
P004218,SKU004218,Watch 840,BR00054,CAT002,Detail side upon because expert movement my. Wish recognize recently worry my present teacher.,2024-08-21,ACTIVE
P004219,SKU004219,Saree 764,BR00088,CAT001,Model ahead go however piece. Easy apply evening election but.,2025-05-07,ACTIVE
P004220,SKU004220,Sneakers 796,BR00066,CAT001,Green manage cold run together than machine laugh. Hope listen let her analysis.,2026-09-19,ACTIVE
P004221,SKU004221,Jeans 561,BR00091,CAT001,Property with list amount beyond computer support science. Outside kid new heart.,2026-03-18,ACTIVE
P004222,SKU004222,Headphones 396,BR00081,CAT001,Evening improve father ability far. Bad onto service first.,2024-10-25,ACTIVE
P004223,SKU004223,Laptop 821,BR00030,CAT002,One pass task claim similar. Play oil seven win. Participant gas lay Republican yet approach city.,2023-12-24,ACTIVE
P004224,SKU004224,Jacket 656,BR00068,CAT001,Scientist age station appear thought start. Throw chance hard rock trip.,2024-08-05,ACTIVE
P004225,SKU004225,Jacket 506,BR00061,CAT003,Very program animal carry sort born other. Present cultural four step.,2025-11-06,ACTIVE
P004226,SKU004226,Headphones 973,BR00040,CAT005,System agent who although provide market collection civil. Day hour sing somebody.,2024-01-02,ACTIVE
P004227,SKU004227,T-Shirt 327,BR00041,CAT004,"Risk realize class tax. Avoid federal imagine may war hot.
Deal term audience kitchen.",2024-07-21,ACTIVE
P004228,SKU004228,Jacket 250,BR00042,CAT002,Suggest reflect prepare population seat. Ever artist crime.,2024-09-18,ACTIVE
P004229,SKU004229,Jacket 975,BR00072,CAT002,Establish find his firm onto usually Mrs drop. Give still care civil present.,2024-02-24,ACTIVE
P004230,SKU004230,Sneakers 196,BR00087,CAT003,Less security option and. Several enjoy drive central simple.,2026-01-01,ACTIVE
P004231,SKU004231,Jeans 621,BR00061,CAT005,Raise director on peace these. Represent we hard.,2024-04-01,ACTIVE
P004232,SKU004232,Headphones 329,BR00061,CAT005,"Nearly traditional challenge score.
Off sport today side notice today group. Budget stage sort.",2024-10-04,ACTIVE
P004233,SKU004233,Headphones 358,BR00098,CAT003,Investment population all. Reveal reality think goal share much. Of matter fear.,2024-03-24,ACTIVE
P004234,SKU004234,Watch 633,BR00050,CAT005,None throw data professional feeling. Surface oil inside.,2025-07-25,ACTIVE
P004235,SKU004235,T-Shirt 512,BR00036,CAT003,She sit candidate. Drop add stuff significant city.,2024-04-28,ACTIVE
P004236,SKU004236,Saree 484,BR00090,CAT003,Billion style take interview and role senior. Bank she do meet fine.,2025-12-30,ACTIVE
P004237,SKU004237,Laptop 630,BR00035,CAT004,Account relationship technology station food cover. North by store join war.,2024-02-02,ACTIVE
P004238,SKU004238,Jacket 584,BR00036,CAT003,Hair force guess sea. Task remain fight run Congress.,2025-06-30,ACTIVE
P004239,SKU004239,Headphones 150,BR00010,CAT003,Seem value five dream. Wait sort serious per beautiful. Surface piece weight force.,2024-07-15,ACTIVE
P004240,SKU004240,Saree 694,BR00017,CAT001,Music company tree guy if finish. Choose safe respond respond television.,2025-12-27,ACTIVE
P004241,SKU004241,Backpack 12,BR00016,CAT003,Outside education as money weight scene.,2025-09-12,ACTIVE
P004242,SKU004242,Jacket 339,BR00061,CAT002,Military civil risk. Range other science person magazine.,2025-07-23,ACTIVE
P004243,SKU004243,Saree 646,BR00007,CAT003,Site actually get seek. Start set check act high doctor. Site practice investment.,2023-12-17,ACTIVE
P004244,SKU004244,Saree 475,BR00003,CAT004,Onto whatever ahead but against also month. Task check just one green foot glass west.,2025-05-24,ACTIVE
P004245,SKU004245,Watch 198,BR00025,CAT002,Happen perhaps system fish. Raise pressure trade home. Stand present another.,2026-06-30,ACTIVE
P004246,SKU004246,Saree 628,BR00088,CAT003,Meet cup modern save send Mr goal. Technology prevent result indeed. Our only audience learn kid.,2024-10-10,ACTIVE
P004247,SKU004247,Laptop 128,BR00028,CAT002,Sing drive center modern. Step policy while its.,2026-08-13,ACTIVE
P004248,SKU004248,Saree 130,BR00016,CAT005,Nice long option doctor space. Attack ahead simple west.,2026-03-20,ACTIVE
P004249,SKU004249,Saree 194,BR00029,CAT005,Far she agency drop.,2024-10-23,ACTIVE
P004250,SKU004250,T-Shirt 435,BR00000,CAT002,Policy look region out teacher us dream.,2023-11-15,ACTIVE
P004251,SKU004251,Headphones 92,BR00028,CAT002,"Teach fall attorney.
Final research really buy born pull. Wonder letter throw morning find.",2024-10-17,ACTIVE
P004252,SKU004252,Backpack 159,BR00084,CAT002,Item true few expert. Occur difference executive foot five eye. Value play ability campaign child.,2026-03-30,ACTIVE
P004253,SKU004253,Laptop 339,BR00048,CAT004,Age ball seat support fire. Should fund bring rather carry for. Different glass cut main.,2023-10-29,ACTIVE
P004254,SKU004254,Sneakers 632,BR00009,CAT004,Charge deal audience fast important firm. Thousand hotel hospital worry stay impact.,2023-12-08,ACTIVE
P004255,SKU004255,Jacket 386,BR00076,CAT004,Food agency stock popular only where industry.,2026-08-31,ACTIVE
P004256,SKU004256,Sneakers 357,BR00067,CAT005,Candidate cost agent century.,2024-03-09,ACTIVE
P004257,SKU004257,Headphones 381,BR00006,CAT004,Late general true shoulder. Role week word loss.,2023-10-11,ACTIVE
P004258,SKU004258,Sneakers 165,BR00070,CAT002,Little so practice actually strong. Thank sometimes resource industry continue such.,2023-10-22,ACTIVE
P004259,SKU004259,Saree 129,BR00074,CAT005,Else view subject many professor ahead at. Reflect summer family spend discuss add those agent.,2026-03-28,ACTIVE
P004260,SKU004260,Backpack 80,BR00062,CAT002,Actually child son group star. Growth decision believe get resource him need stop.,2023-10-28,ACTIVE
P004261,SKU004261,Jeans 386,BR00059,CAT001,Hit century walk issue create simply decide. Do think street manage light north statement.,2024-11-05,ACTIVE
P004262,SKU004262,Watch 441,BR00083,CAT004,Score will body cultural. Radio spring behavior end year. Although nearly analysis who yeah many.,2026-06-05,ACTIVE
P004263,SKU004263,T-Shirt 961,BR00036,CAT003,Upon seat until spend someone.,2025-08-29,ACTIVE
P004264,SKU004264,Sneakers 102,BR00032,CAT005,Once nature skill house. Risk nearly bag. Form spend month long group democratic.,2025-09-30,ACTIVE
P004265,SKU004265,Sneakers 123,BR00044,CAT002,Would late arm four bank theory dog. Maybe leave sport store remain. Gas media ten dinner building.,2025-06-09,ACTIVE
P004266,SKU004266,T-Shirt 249,BR00067,CAT004,Recognize happen center site eat. Artist head from treat best parent kid.,2024-12-31,ACTIVE
P004267,SKU004267,Watch 29,BR00027,CAT003,Prevent yourself without minute fight.,2025-08-13,ACTIVE
P004268,SKU004268,Headphones 994,BR00007,CAT003,Doctor real consider answer although.,2024-03-13,ACTIVE
P004269,SKU004269,T-Shirt 315,BR00006,CAT004,Various summer put plant hour population institution. Little mean oil good. Hot other bit occur.,2025-06-25,ACTIVE
P004270,SKU004270,Watch 287,BR00027,CAT005,Cell imagine street itself relationship. Word source almost rock. Sea bed heart.,2024-09-14,ACTIVE
P004271,SKU004271,Jacket 565,BR00058,CAT001,Feel evening skill kind daughter song time degree. Page remain magazine painting so even.,2025-04-22,ACTIVE
P004272,SKU004272,T-Shirt 678,BR00019,CAT001,Use everyone inside letter final area include. Begin reduce gun prepare power listen.,2024-12-30,ACTIVE
P004273,SKU004273,Headphones 11,BR00099,CAT005,Movie simply drive. Pay cut huge day. Statement catch hit TV ask commercial make.,2026-07-27,ACTIVE
P004274,SKU004274,Watch 396,BR00001,CAT002,Suddenly teacher prevent step they. Other reflect scene walk.,2025-04-24,ACTIVE
P004275,SKU004275,Jeans 755,BR00043,CAT002,Up traditional himself ten garden woman stop future. Paper share possible left.,2024-10-01,ACTIVE
P004276,SKU004276,Saree 771,BR00018,CAT002,Class baby interest word draw less green. Camera station too can. Food any keep hit song.,2024-09-23,ACTIVE
P004277,SKU004277,Headphones 776,BR00019,CAT002,Gun wonder discover. Buy performance beyond loss huge.,2025-05-03,ACTIVE
P004278,SKU004278,Watch 698,BR00096,CAT003,Radio nor receive weight look. Popular sit age activity. Leave walk have between.,2024-02-02,ACTIVE
P004279,SKU004279,T-Shirt 566,BR00009,CAT003,Affect public chance discuss ask. Standard consider office statement. Meeting kid east protect.,2026-01-18,ACTIVE
P004280,SKU004280,Backpack 474,BR00015,CAT002,Perhaps everybody a agreement. Number fear so memory ability best.,2023-11-16,ACTIVE
P004281,SKU004281,Laptop 409,BR00048,CAT002,Similar drug size book in TV campaign. Last look child night.,2024-11-18,ACTIVE
P004282,SKU004282,Saree 614,BR00027,CAT002,But himself may base. Small part politics yard international campaign mention.,2025-08-08,ACTIVE
P004283,SKU004283,Sneakers 323,BR00001,CAT001,Speak vote certainly executive walk. Development discover full tend phone in.,2025-05-01,ACTIVE
P004284,SKU004284,Laptop 510,BR00078,CAT003,According tonight everyone attack. Leader eye issue trial old. Join save career up new.,2026-05-16,ACTIVE
P004285,SKU004285,Laptop 419,BR00088,CAT005,Friend never person. Knowledge pretty threat unit rate but over.,2026-02-17,ACTIVE
P004286,SKU004286,Jacket 506,BR00056,CAT001,Hotel the artist scene window create. So power all language leave certain subject.,2025-10-08,ACTIVE
P004287,SKU004287,Sneakers 576,BR00006,CAT003,Message table benefit attention report subject.,2023-11-17,ACTIVE
P004288,SKU004288,Jacket 631,BR00073,CAT005,While lot police organization. Agree blue move long. Decade establish the whether occur.,2024-07-09,ACTIVE
P004289,SKU004289,Headphones 226,BR00049,CAT004,Tree provide wish. Color administration model. Her reveal decade at full.,2025-02-04,ACTIVE
P004290,SKU004290,Sneakers 123,BR00081,CAT003,"Sport stand particular political decision need.
Analysis direction say rule.",2024-10-20,ACTIVE
P004291,SKU004291,Headphones 832,BR00079,CAT003,Clearly to four statement. Risk parent effect save risk near.,2023-11-25,ACTIVE
P004292,SKU004292,Headphones 237,BR00042,CAT004,Find especially accept half choice discover only. Painting eye maybe than skin character yet.,2024-11-18,ACTIVE
P004293,SKU004293,Jacket 636,BR00035,CAT005,Work program theory show. Idea would station hit someone.,2024-03-10,ACTIVE
P004294,SKU004294,Jeans 95,BR00045,CAT001,"Yet natural change.
Activity at security democratic hour actually. Back central once some sport.",2025-10-28,ACTIVE
P004295,SKU004295,Sneakers 397,BR00000,CAT002,Able box spend well to our show. Agent case common focus leave. Room approach thousand road.,2026-06-12,ACTIVE
P004296,SKU004296,Backpack 897,BR00047,CAT005,Already scene imagine director activity language. Finally rise face make moment school.,2025-01-05,ACTIVE
P004297,SKU004297,Laptop 833,BR00046,CAT005,Want dark us these choose remain tree. Those prepare space significant environment bed short.,2024-12-01,ACTIVE
P004298,SKU004298,Sneakers 188,BR00070,CAT004,Provide way your able Mrs system. Power stage be our. Offer program operation oil even peace.,2026-06-04,ACTIVE
P004299,SKU004299,Headphones 25,BR00066,CAT002,Campaign person result resource relate play ready college.,2026-02-25,ACTIVE
P004300,SKU004300,Headphones 809,BR00047,CAT002,Ball debate including. Event east environmental radio measure always.,2023-10-10,ACTIVE
P004301,SKU004301,Watch 422,BR00061,CAT005,Election rock you. Firm for spend those can computer. Area staff trip consider which far sing.,2026-01-08,ACTIVE
P004302,SKU004302,T-Shirt 285,BR00053,CAT003,Some learn hair cell movement continue can. North white walk thing church. Out provide it pretty.,2025-01-22,ACTIVE
P004303,SKU004303,Backpack 156,BR00047,CAT003,Course yes real sort. Opportunity care wait window state agree speech.,2025-08-08,ACTIVE
P004304,SKU004304,Jacket 814,BR00075,CAT004,Suddenly PM understand world police again word. In should find attack himself morning live.,2026-06-08,ACTIVE
P004305,SKU004305,Headphones 66,BR00054,CAT001,Score heavy space mention suggest describe structure. Road security experience artist model.,2025-09-02,ACTIVE
P004306,SKU004306,Backpack 754,BR00045,CAT003,Back huge project American three. Risk live might down. State political scene.,2024-01-16,ACTIVE
P004307,SKU004307,T-Shirt 884,BR00081,CAT004,Operation be for eye. Indicate after image consumer. Town boy raise dog.,2025-12-06,ACTIVE
P004308,SKU004308,Headphones 517,BR00066,CAT001,Back dinner book sit son main tax animal.,2024-06-17,ACTIVE
P004309,SKU004309,Saree 689,BR00067,CAT003,Lot on present like late technology. Power down around improve author job deep.,2026-07-18,ACTIVE
P004310,SKU004310,Sneakers 273,BR00033,CAT003,Father answer plan camera second charge. May value for. Under record food blood nor behind.,2023-11-13,ACTIVE
P004311,SKU004311,Jacket 980,BR00050,CAT002,Charge candidate different we almost until western.,2023-11-29,ACTIVE
P004312,SKU004312,Watch 524,BR00066,CAT005,Growth market west must world pull. Law goal name sure senior in group.,2024-11-29,ACTIVE
P004313,SKU004313,Jeans 946,BR00081,CAT001,Remain result miss. Too raise effect north group. Wonder later until push later mother.,2025-04-27,ACTIVE
P004314,SKU004314,Backpack 841,BR00020,CAT001,Alone machine per movement reality.,2026-06-19,ACTIVE
P004315,SKU004315,Jacket 580,BR00037,CAT003,Candidate quality late oil southern often. While cell project home admit grow each.,2024-06-29,ACTIVE
P004316,SKU004316,Sneakers 487,BR00050,CAT005,Class task possible skill check. Medical no door discussion the material. Near improve in.,2024-10-10,ACTIVE
P004317,SKU004317,T-Shirt 576,BR00018,CAT003,"Brother newspaper how laugh.
Than mention matter summer general. Stand eight response pretty goal.",2024-10-11,ACTIVE
P004318,SKU004318,Headphones 184,BR00032,CAT003,Finish your pass can easy for pretty. Bit avoid set and staff state yeah out.,2024-01-02,ACTIVE
P004319,SKU004319,Backpack 454,BR00007,CAT003,Get defense firm deep foreign. Read foot through hospital health.,2025-06-08,ACTIVE
P004320,SKU004320,T-Shirt 949,BR00012,CAT003,Less star crime production cup face. Stand strategy too attorney.,2025-07-05,ACTIVE
P004321,SKU004321,Laptop 830,BR00001,CAT005,Share very nor rest hear pick. Market despite discover. Remain role course think rock piece.,2023-11-06,ACTIVE
P004322,SKU004322,Jeans 33,BR00054,CAT004,"Choose region least represent.
Such relationship speech off.",2025-07-07,ACTIVE
P004323,SKU004323,T-Shirt 79,BR00014,CAT001,How production family offer. Or particularly note near thing. Affect near huge month half home.,2024-02-13,ACTIVE
P004324,SKU004324,Jeans 505,BR00078,CAT001,House region it anyone mission. Blue push network country citizen bar.,2026-08-28,ACTIVE
P004325,SKU004325,Backpack 494,BR00002,CAT004,Media industry determine care. News guess visit my simply smile.,2026-04-28,ACTIVE
P004326,SKU004326,T-Shirt 386,BR00055,CAT001,These practice few morning outside person bed. Which democratic today something turn space middle.,2024-09-29,ACTIVE
P004327,SKU004327,Sneakers 953,BR00041,CAT005,Wide common level affect force church whom feel. Alone sometimes buy size out crime.,2024-09-30,ACTIVE
P004328,SKU004328,Watch 736,BR00078,CAT001,Painting family our might. Marriage model everybody area Mr meeting.,2025-10-15,ACTIVE
P004329,SKU004329,Headphones 871,BR00017,CAT002,Very half eye. Answer then beat piece nation forward baby grow.,2023-10-25,ACTIVE
P004330,SKU004330,Sneakers 662,BR00004,CAT001,Operation friend hit describe friend see.,2026-05-08,ACTIVE
P004331,SKU004331,Laptop 115,BR00043,CAT001,Gas thus learn past development itself. Knowledge phone by local gas million.,2026-03-15,ACTIVE
P004332,SKU004332,Sneakers 702,BR00017,CAT001,Even total type consider seem. Add public sister actually. Take or partner.,2024-10-14,ACTIVE
P004333,SKU004333,Laptop 318,BR00028,CAT001,Tree feel north mother yeah. Contain old firm will.,2023-12-31,ACTIVE
P004334,SKU004334,Sneakers 853,BR00035,CAT001,Cover world tonight each foot go partner. What final music wall.,2024-03-17,ACTIVE
P004335,SKU004335,Jacket 555,BR00020,CAT003,Face safe budget soon. Picture under assume age environment lawyer.,2026-04-23,ACTIVE
P004336,SKU004336,Sneakers 46,BR00090,CAT004,Where include whether send meet whatever. Defense free voice national push deal rise board.,2025-09-23,ACTIVE
P004337,SKU004337,Backpack 392,BR00093,CAT004,White agreement theory forward choose difficult.,2024-09-01,ACTIVE
P004338,SKU004338,Jeans 811,BR00088,CAT005,Run writer recognize.,2023-12-19,ACTIVE
P004339,SKU004339,Jeans 365,BR00043,CAT003,Standard eat try make road wind others. Represent hospital outside serve.,2024-04-24,ACTIVE
P004340,SKU004340,Saree 664,BR00092,CAT001,Trade issue although student prepare information. Rise material memory message.,2023-09-21,ACTIVE
P004341,SKU004341,Backpack 95,BR00042,CAT004,Line pay season whom loss from local. Per your might as. Player ground price mind.,2023-12-31,ACTIVE
P004342,SKU004342,Saree 326,BR00063,CAT005,Office close and indeed point reveal project.,2025-05-08,ACTIVE
P004343,SKU004343,Laptop 80,BR00036,CAT003,Decide door animal agreement factor white should. Those here entire me.,2025-10-18,ACTIVE
P004344,SKU004344,Jacket 38,BR00002,CAT002,Game less edge have successful. Line pretty artist television a method food. Pass wide like think.,2024-10-29,ACTIVE
P004345,SKU004345,Laptop 832,BR00073,CAT004,Just pressure hand whom issue best. Sound think ok game.,2024-04-28,ACTIVE
P004346,SKU004346,Sneakers 556,BR00023,CAT005,Assume relationship quickly draw life join. Environment do positive shoulder much certain wait.,2025-07-04,ACTIVE
P004347,SKU004347,T-Shirt 251,BR00078,CAT003,Often sit section hear most staff. Mention dream concern miss.,2025-10-13,ACTIVE
P004348,SKU004348,Sneakers 932,BR00072,CAT004,Find start recognize on. Important resource final professor end in campaign machine.,2025-05-23,ACTIVE
P004349,SKU004349,Saree 394,BR00063,CAT004,Assume around account. Decide game answer wide.,2026-01-07,ACTIVE
P004350,SKU004350,Saree 116,BR00063,CAT002,Other group miss tell. Project bill or brother. Store focus goal ready indeed.,2024-09-20,ACTIVE
P004351,SKU004351,Backpack 487,BR00050,CAT002,Against coach area or Republican. Material person space natural hour particular hospital.,2026-07-14,ACTIVE
P004352,SKU004352,Backpack 781,BR00055,CAT004,Determine middle rock light article its health. Media clearly reveal summer vote day movie.,2024-01-04,ACTIVE
P004353,SKU004353,Jacket 122,BR00035,CAT005,Score decade particularly call try.,2025-11-08,ACTIVE
P004354,SKU004354,Backpack 967,BR00061,CAT005,Southern we against report.,2026-05-26,ACTIVE
P004355,SKU004355,Laptop 49,BR00046,CAT005,Tree road man. Great real city upon girl test resource activity.,2024-10-09,ACTIVE
P004356,SKU004356,Jeans 566,BR00039,CAT005,Wife form letter. Interesting rise account Mrs really. Control where team million.,2025-04-29,ACTIVE
P004357,SKU004357,Sneakers 307,BR00051,CAT001,Left health month option. Scientist only as wear. Main gun plan book poor sign.,2026-09-08,ACTIVE
P004358,SKU004358,Jacket 515,BR00080,CAT004,Issue hold while soldier. Fund customer film real rule.,2024-09-05,ACTIVE
P004359,SKU004359,Jacket 838,BR00010,CAT001,Eight major different account set action reveal. National trial home fish energy expect reflect.,2025-07-30,ACTIVE
P004360,SKU004360,Sneakers 807,BR00072,CAT003,Figure for half garden want artist. Develop job agency attack.,2025-11-21,ACTIVE
P004361,SKU004361,Watch 19,BR00024,CAT001,Natural catch brother me. Standard past too new. Store smile eight game.,2024-06-25,ACTIVE
P004362,SKU004362,Backpack 892,BR00003,CAT004,Bad current miss opportunity also. Middle quickly against himself medical head.,2024-07-05,ACTIVE
P004363,SKU004363,Laptop 495,BR00047,CAT001,Beautiful huge learn hope future. Miss staff business item. Four three training.,2024-06-16,ACTIVE
P004364,SKU004364,Laptop 509,BR00090,CAT003,None say word third low reality couple he.,2025-05-22,ACTIVE
P004365,SKU004365,Laptop 111,BR00002,CAT004,All game month very. Child none bag let. Simply action key.,2025-04-11,ACTIVE
P004366,SKU004366,Laptop 882,BR00012,CAT004,Happy that work manager. Easy lay hand rest again effort. Smile box if everything trip life ahead.,2023-12-04,ACTIVE
P004367,SKU004367,Headphones 729,BR00013,CAT005,For reveal author fast. Reason and nor experience.,2024-08-18,ACTIVE
P004368,SKU004368,Laptop 206,BR00005,CAT003,Pattern almost edge city. Measure heart participant manage.,2023-11-02,ACTIVE
P004369,SKU004369,Watch 705,BR00035,CAT005,Of responsibility right operation west. Exist reveal owner grow.,2026-08-14,ACTIVE
P004370,SKU004370,Backpack 75,BR00033,CAT005,Establish sea collection discussion. Front her wish us news then production.,2026-03-26,ACTIVE
P004371,SKU004371,Jacket 864,BR00077,CAT005,Full already throw effort see. Many back nice fly raise member under.,2025-12-28,ACTIVE
P004372,SKU004372,Laptop 97,BR00002,CAT004,Policy recognize what future animal bad.,2023-12-22,ACTIVE
P004373,SKU004373,Sneakers 191,BR00002,CAT005,"Whatever oil face camera. Develop move many.
Religious buy certain receive relate.",2023-09-30,ACTIVE
P004374,SKU004374,Laptop 128,BR00094,CAT005,Enough memory television build well particular. Then blood pattern hot. True write hard option.,2026-03-30,ACTIVE
P004375,SKU004375,Headphones 639,BR00056,CAT004,Student with discover itself. Unit provide involve two may suddenly blue.,2024-03-11,ACTIVE
P004376,SKU004376,Backpack 943,BR00095,CAT004,Many item weight particularly around quickly. Five consider discover.,2025-02-16,ACTIVE
P004377,SKU004377,Saree 494,BR00089,CAT005,Should discuss window apply final any white. Drug anyone citizen wear voice.,2024-12-01,ACTIVE
P004378,SKU004378,Backpack 617,BR00048,CAT003,Evidence parent direction third life value memory responsibility. Head add program Mr industry.,2026-02-05,ACTIVE
P004379,SKU004379,Saree 618,BR00049,CAT004,Site often party computer. House perform ability matter tonight.,2024-05-22,ACTIVE
P004380,SKU004380,Jeans 659,BR00092,CAT005,Morning shoulder past piece. Deep finish gas member more front rule participant.,2023-12-23,ACTIVE
P004381,SKU004381,Backpack 943,BR00036,CAT002,Gas statement place night camera writer. Week especially own ask natural.,2024-02-09,ACTIVE
P004382,SKU004382,Sneakers 849,BR00058,CAT002,Big dream defense where interview sport watch. Main degree late draw.,2024-11-14,ACTIVE
P004383,SKU004383,Watch 443,BR00093,CAT002,Fill former field wind hotel. Realize too cover item region.,2024-05-31,ACTIVE
P004384,SKU004384,Watch 41,BR00050,CAT004,Usually single card foreign. Often mission detail method of appear traditional.,2025-02-10,ACTIVE
P004385,SKU004385,Saree 175,BR00084,CAT002,You line size nature cost woman family. Hour age position popular.,2025-07-15,ACTIVE
P004386,SKU004386,Sneakers 812,BR00096,CAT005,Factor region perhaps produce many foot. Only time letter PM new do.,2024-04-27,ACTIVE
P004387,SKU004387,Jacket 242,BR00076,CAT002,Guy red we believe. Whatever machine expect add least try new.,2024-08-14,ACTIVE
P004388,SKU004388,Backpack 330,BR00072,CAT004,Protect single while say score. Service discussion blue economic away. Beat whole move manage also.,2026-01-06,ACTIVE
P004389,SKU004389,Sneakers 18,BR00065,CAT002,Perhaps actually sometimes. Certain significant partner above name.,2025-07-28,ACTIVE
P004390,SKU004390,Laptop 530,BR00059,CAT002,Cut building wind option certain popular decide. Always share quickly put about produce fight.,2024-12-06,ACTIVE
P004391,SKU004391,Backpack 554,BR00019,CAT001,Admit option individual happy television. Require chair wear opportunity anyone.,2024-06-08,ACTIVE
P004392,SKU004392,Jeans 260,BR00076,CAT005,Scientist very might test. Arrive class economy also old family.,2023-10-06,ACTIVE
P004393,SKU004393,Laptop 686,BR00041,CAT001,Deep consider nice care make charge in. Blood affect about model return your name.,2025-06-24,ACTIVE
P004394,SKU004394,Jacket 798,BR00091,CAT003,Executive wrong couple pattern summer must. No after including trade moment structure play.,2025-02-09,ACTIVE
P004395,SKU004395,T-Shirt 293,BR00020,CAT001,Evening meeting single military trade large system manage. Send artist turn doctor someone.,2026-01-03,ACTIVE
P004396,SKU004396,T-Shirt 482,BR00047,CAT003,Admit maintain trial more bag artist couple. Blue teach plant network about.,2026-04-12,ACTIVE
P004397,SKU004397,Watch 839,BR00019,CAT001,Your while ask town. Investment economy author likely. Future specific you son computer act.,2024-10-21,ACTIVE
P004398,SKU004398,Saree 583,BR00013,CAT004,Manager develop exist test hot. That interview conference attack worker board together.,2023-09-21,ACTIVE
P004399,SKU004399,Laptop 321,BR00027,CAT001,Red carry citizen increase TV produce. Set family present left technology prepare some morning.,2025-06-28,ACTIVE
P004400,SKU004400,Jacket 901,BR00055,CAT001,"Forward increase full start.
Everybody lot enter woman real investment.",2026-01-05,ACTIVE
P004401,SKU004401,Headphones 651,BR00008,CAT005,Him Mr hand fight. Age become job memory forget. May front add network.,2026-07-19,ACTIVE
P004402,SKU004402,Watch 964,BR00000,CAT003,Ability determine heart star course cup paper or. Blue someone general cup store light.,2025-04-19,ACTIVE
P004403,SKU004403,Laptop 771,BR00022,CAT004,Point question yourself skill up. Family choose drop look. Method benefit price box.,2024-01-13,ACTIVE
P004404,SKU004404,T-Shirt 238,BR00096,CAT002,Name fire mother toward. Owner although paper light around. Employee give ever tough.,2025-12-11,ACTIVE
P004405,SKU004405,Laptop 706,BR00066,CAT002,Sort east beat population.,2023-11-22,ACTIVE
P004406,SKU004406,Sneakers 243,BR00001,CAT001,State win beautiful somebody amount drive site.,2024-01-24,ACTIVE
P004407,SKU004407,T-Shirt 13,BR00041,CAT002,Door his rock prove about laugh. Fast watch mother behind sure two arrive.,2026-05-15,ACTIVE
P004408,SKU004408,T-Shirt 529,BR00089,CAT005,Brother five current itself. They take central threat idea listen. Degree evening mind soon.,2024-05-21,ACTIVE
P004409,SKU004409,Jacket 190,BR00017,CAT003,Effect drop beautiful find tonight. Bring material amount everyone pick in civil.,2024-11-18,ACTIVE
P004410,SKU004410,Saree 370,BR00047,CAT005,Media baby free more former specific. Nor level worry region.,2024-12-26,ACTIVE
P004411,SKU004411,Sneakers 519,BR00062,CAT004,"Hope budget I such.
Final interview head oil stage number. Lot area leg friend would.",2025-10-04,ACTIVE
P004412,SKU004412,Backpack 324,BR00002,CAT001,Much democratic picture can agent. Model professional owner travel class American sea we.,2024-11-13,ACTIVE
P004413,SKU004413,Jeans 85,BR00047,CAT005,During full assume order consider maybe hundred.,2025-06-18,ACTIVE
P004414,SKU004414,Saree 171,BR00064,CAT001,Edge partner message today. Form picture six mother everything level behind.,2025-12-28,ACTIVE
P004415,SKU004415,Headphones 359,BR00069,CAT005,Know quality three activity poor outside none. Compare figure road catch toward west foreign.,2024-04-29,ACTIVE
P004416,SKU004416,Headphones 686,BR00044,CAT002,Candidate type go answer. Treat dog store.,2026-06-14,ACTIVE
P004417,SKU004417,Saree 748,BR00062,CAT005,Star yourself wonder again. Near husband right hospital religious rate.,2025-10-24,ACTIVE
P004418,SKU004418,Headphones 73,BR00023,CAT004,Put along continue face glass bed. Increase card serve cold this.,2024-06-05,ACTIVE
P004419,SKU004419,Watch 683,BR00006,CAT005,Leg western office. Will resource sort.,2024-11-20,ACTIVE
P004420,SKU004420,Laptop 609,BR00080,CAT003,Collection theory manage pattern major claim around new. Unit too campaign mention.,2023-10-09,ACTIVE
P004421,SKU004421,Headphones 791,BR00014,CAT005,Send bit total occur fear training. Any community particularly never resource outside.,2025-03-13,ACTIVE
P004422,SKU004422,Laptop 310,BR00011,CAT002,Pick draw degree interview. Yard free actually strong.,2024-09-03,ACTIVE
P004423,SKU004423,Saree 816,BR00018,CAT001,Tax bed nice box low. Draw body tonight check religious challenge important. Child air general.,2025-08-07,ACTIVE
P004424,SKU004424,Sneakers 922,BR00025,CAT002,Speak at door phone include. Space though pull understand able.,2026-02-23,ACTIVE
P004425,SKU004425,Backpack 247,BR00099,CAT002,Support organization star well resource. Day maybe factor stock rate Congress buy evidence.,2025-12-16,ACTIVE
P004426,SKU004426,Laptop 662,BR00055,CAT005,Card argue trouble get hold. Decide represent rock sign me two.,2023-12-04,ACTIVE
P004427,SKU004427,Jeans 714,BR00080,CAT002,Population happen morning enough performance easy strong. Instead learn per.,2024-07-15,ACTIVE
P004428,SKU004428,Sneakers 96,BR00003,CAT003,"Measure later go.
All pay recognize political staff.",2023-12-04,ACTIVE
P004429,SKU004429,Sneakers 131,BR00073,CAT003,Staff worker dog wife positive entire prepare.,2023-10-20,ACTIVE
P004430,SKU004430,Sneakers 677,BR00068,CAT004,Culture provide statement tell assume. Exist religious response. Accept under pull debate pick.,2024-09-02,ACTIVE
P004431,SKU004431,T-Shirt 780,BR00019,CAT003,Possible his story close of peace long. High goal money.,2024-06-03,ACTIVE
P004432,SKU004432,T-Shirt 685,BR00075,CAT003,Can garden specific character either himself four water. Avoid church anyone and upon choose.,2024-02-24,ACTIVE
P004433,SKU004433,Watch 806,BR00038,CAT003,Decide military also. Into grow wide effort. Reduce machine message consider property rate.,2025-03-19,ACTIVE
P004434,SKU004434,Backpack 793,BR00030,CAT005,Different meeting bit.,2024-12-26,ACTIVE
P004435,SKU004435,Jacket 976,BR00013,CAT001,Them design few pay low.,2023-10-04,ACTIVE
P004436,SKU004436,T-Shirt 720,BR00057,CAT001,Author edge floor shoulder store. Add important ask huge feeling yourself could.,2026-03-04,ACTIVE
P004437,SKU004437,Sneakers 476,BR00019,CAT004,Music eat body three poor once. Protect way determine through dinner full.,2024-12-14,ACTIVE
P004438,SKU004438,Jacket 795,BR00065,CAT005,Nor sister game cut already same mind. Each series newspaper like.,2024-01-12,ACTIVE
P004439,SKU004439,Laptop 138,BR00046,CAT002,Protect change specific stage. Low blue ahead write. Seat evening it.,2024-05-13,ACTIVE
P004440,SKU004440,T-Shirt 705,BR00027,CAT001,Get fine marriage almost thing. State car off. Environmental house approach.,2026-07-31,ACTIVE
P004441,SKU004441,Backpack 615,BR00041,CAT005,Number food else whole. Care college television her.,2025-04-21,ACTIVE
P004442,SKU004442,T-Shirt 33,BR00093,CAT004,Black manage gun tax. Population front skin rise. Watch staff team bill author.,2025-05-06,ACTIVE
P004443,SKU004443,T-Shirt 907,BR00074,CAT004,Discuss big stop least party. Know expert mission east.,2024-07-12,ACTIVE
P004444,SKU004444,Jeans 787,BR00069,CAT005,World space rock represent several. Professional majority down.,2025-01-07,ACTIVE
P004445,SKU004445,Headphones 552,BR00087,CAT001,Base age interview significant next. Join each drop color behind help might.,2025-04-22,ACTIVE
P004446,SKU004446,T-Shirt 82,BR00004,CAT004,For board accept. Along quality feel against. Many those rock summer audience.,2026-01-23,ACTIVE
P004447,SKU004447,Jacket 935,BR00073,CAT002,Power trial film student. Lawyer sign support create expert. Skin chance manager.,2026-04-13,ACTIVE
P004448,SKU004448,Headphones 262,BR00058,CAT005,Attack spend provide than human minute. Hair like measure natural.,2023-10-15,ACTIVE
P004449,SKU004449,Watch 809,BR00081,CAT005,Direction environment raise sing. Explain song maybe rich pull speech firm.,2024-08-13,ACTIVE
P004450,SKU004450,T-Shirt 411,BR00095,CAT001,Purpose team someone hear yeah.,2025-04-23,ACTIVE
P004451,SKU004451,Backpack 47,BR00069,CAT003,Himself happen provide recently shoulder. Admit south positive down us.,2026-02-07,ACTIVE
P004452,SKU004452,Watch 877,BR00041,CAT001,Though article fact impact agent continue music.,2023-10-05,ACTIVE
P004453,SKU004453,Jacket 744,BR00098,CAT003,Reflect thought similar how. Member moment tonight education in pattern important.,2024-11-30,ACTIVE
P004454,SKU004454,Laptop 232,BR00098,CAT004,Number wind add sport federal friend job. Care life raise enjoy week.,2024-03-01,ACTIVE
P004455,SKU004455,Saree 772,BR00091,CAT004,Response source life always. Story no child soldier success along foreign.,2024-12-18,ACTIVE
P004456,SKU004456,Jeans 154,BR00036,CAT001,Radio cell worry offer away black wall. Fund task leader early decide.,2025-12-10,ACTIVE
P004457,SKU004457,Laptop 886,BR00099,CAT001,Skin near into some address benefit every two. Water wife music finish end research.,2026-05-21,ACTIVE
P004458,SKU004458,Jacket 424,BR00046,CAT001,Material wait heart organization. Inside smile service throughout base research.,2025-11-27,ACTIVE
P004459,SKU004459,Watch 407,BR00049,CAT004,Skin more perhaps. Agent after leader be growth. Despite mind house knowledge question this nation.,2026-04-29,ACTIVE
P004460,SKU004460,Backpack 634,BR00026,CAT002,Worry tough best social. Piece weight some guy.,2025-08-27,ACTIVE
P004461,SKU004461,Watch 197,BR00031,CAT003,Challenge walk space eight in compare. Moment must himself house price billion.,2024-04-18,ACTIVE
P004462,SKU004462,Backpack 992,BR00068,CAT005,Agree film reflect off ask against. Quality color tell government six.,2025-10-21,ACTIVE
P004463,SKU004463,Watch 611,BR00022,CAT001,Tax letter floor high young. Guess wonder ten whose leave standard. Movement remain be.,2025-01-14,ACTIVE
P004464,SKU004464,Headphones 504,BR00004,CAT001,Not wait result forward senior turn. Realize huge listen treatment protect.,2026-05-29,ACTIVE
P004465,SKU004465,Jeans 776,BR00011,CAT005,Ball start central our treat share.,2025-04-07,ACTIVE
P004466,SKU004466,Backpack 855,BR00026,CAT005,Rate resource culture price as mission. Sign everybody drug stand.,2026-02-04,ACTIVE
P004467,SKU004467,Headphones 480,BR00086,CAT003,Adult game hair. Between south while.,2025-09-16,ACTIVE
P004468,SKU004468,Saree 954,BR00079,CAT005,Material medical happen draw off. Song issue teach measure.,2026-02-04,ACTIVE
P004469,SKU004469,Laptop 630,BR00031,CAT004,Mr man model. Customer prevent would us.,2024-07-01,ACTIVE
P004470,SKU004470,Jacket 626,BR00027,CAT001,It white western organization picture performance forward. Public or strategy market among true.,2024-08-13,ACTIVE
P004471,SKU004471,Jeans 949,BR00054,CAT002,Above past field old now according make actually. Receive this certainly prove pay under.,2023-12-14,ACTIVE
P004472,SKU004472,Backpack 510,BR00060,CAT005,Effort suddenly who start money. Thing rate answer if game maybe.,2024-05-15,ACTIVE
P004473,SKU004473,T-Shirt 811,BR00078,CAT004,Audience food likely. Individual reach instead member role scientist.,2026-03-22,ACTIVE
P004474,SKU004474,Laptop 304,BR00004,CAT001,Parent culture almost yes. Deal with southern night yeah.,2026-03-16,ACTIVE
P004475,SKU004475,Jeans 691,BR00069,CAT005,"Environmental ten in building. Company they want read learn.
Claim both able it.",2026-08-14,ACTIVE
P004476,SKU004476,T-Shirt 196,BR00046,CAT001,Point such six institution dark information on. Current continue job month us letter say.,2025-03-16,ACTIVE
P004477,SKU004477,Sneakers 307,BR00049,CAT003,Wife cold meet this. Paper power gun structure fish medical artist. Born want buy rather bar.,2024-09-24,ACTIVE
P004478,SKU004478,Saree 183,BR00045,CAT001,Force medical sing. Job Democrat design policy.,2023-12-16,ACTIVE
P004479,SKU004479,Headphones 917,BR00059,CAT002,Yes television town worker yet. Set scene budget type hundred along whether.,2024-03-20,ACTIVE
P004480,SKU004480,T-Shirt 379,BR00019,CAT001,Guy certain Democrat than term. Her born she television. Wonder claim question production their.,2025-01-25,ACTIVE
P004481,SKU004481,Sneakers 799,BR00003,CAT004,Paper challenge energy speech. State collection positive.,2026-06-21,ACTIVE
P004482,SKU004482,Laptop 133,BR00045,CAT002,If ok return. Little read figure amount bank. Series blue ever owner sense song very less.,2024-12-18,ACTIVE
P004483,SKU004483,Watch 154,BR00070,CAT001,System scientist professor poor whose similar. Cut too past drug enough. City meet significant.,2024-05-02,ACTIVE
P004484,SKU004484,Backpack 160,BR00087,CAT005,Same break risk. Then reveal charge east part lawyer. Spring experience focus describe town thank.,2025-04-20,ACTIVE
P004485,SKU004485,Saree 828,BR00054,CAT004,Interesting expert not place. Region but almost rate kid. Pull science interesting trial trouble.,2025-02-02,ACTIVE
P004486,SKU004486,Jacket 278,BR00047,CAT004,Opportunity who meeting. Quality stage station leader. Early them film save small.,2024-07-01,ACTIVE
P004487,SKU004487,Headphones 809,BR00083,CAT001,Room yard ok road choice. Understand change against herself determine.,2026-08-24,ACTIVE
P004488,SKU004488,T-Shirt 544,BR00011,CAT001,Industry consumer kid language your. Whether provide health next shake away federal.,2024-08-13,ACTIVE
P004489,SKU004489,Jeans 877,BR00004,CAT005,Century always owner anyone image. Hand film decision debate painting Congress north many.,2025-01-02,ACTIVE
P004490,SKU004490,Headphones 861,BR00073,CAT003,Yard accept she alone. Store ahead kitchen could so seven. Mean action trouble hour tax.,2025-05-04,ACTIVE
P004491,SKU004491,Jacket 541,BR00069,CAT003,Go relate suffer price. Service else sea while despite. Sport cell of service.,2025-02-21,ACTIVE
P004492,SKU004492,Watch 705,BR00011,CAT004,Why lead grow room. Executive ever natural health fine occur. Across because act relate.,2025-12-13,ACTIVE
P004493,SKU004493,Jeans 963,BR00013,CAT001,Statement baby local. With former almost program somebody lose employee.,2025-10-31,ACTIVE
P004494,SKU004494,Backpack 640,BR00096,CAT005,Education design base writer. Lawyer expect people manager open.,2025-12-07,ACTIVE
P004495,SKU004495,Laptop 787,BR00050,CAT005,Wind leave cultural author participant when. Store happy pressure beyond everything approach a.,2024-11-30,ACTIVE
P004496,SKU004496,T-Shirt 686,BR00005,CAT004,Wide bad her cold. Though he keep water general finish.,2024-07-02,ACTIVE
P004497,SKU004497,T-Shirt 44,BR00047,CAT001,Whom top adult work police story. Most white various energy argue.,2025-03-03,ACTIVE
P004498,SKU004498,Sneakers 281,BR00053,CAT002,Born officer defense there kitchen outside condition. Enough business issue about hit ever.,2024-04-17,ACTIVE
P004499,SKU004499,Laptop 293,BR00097,CAT002,Dinner employee edge federal. Bank include woman individual young.,2026-02-06,ACTIVE
P004500,SKU004500,Backpack 211,BR00068,CAT003,"Particularly air paper big. Citizen television particular let movie.
Hotel determine yeah other.",2026-09-06,ACTIVE
P004501,SKU004501,Sneakers 213,BR00039,CAT004,Couple deep agent know life event. Contain political enter no.,2026-05-24,ACTIVE
P004502,SKU004502,Saree 560,BR00000,CAT002,Politics amount hot foot. Again no drug letter material cold. Practice school guy.,2026-06-15,ACTIVE
P004503,SKU004503,Watch 754,BR00073,CAT003,Class get second majority collection treat. Clear whom skill various any.,2025-10-16,ACTIVE
P004504,SKU004504,Jacket 981,BR00062,CAT001,Particular join serve certain. Old ten study official scientist head.,2026-08-02,ACTIVE
P004505,SKU004505,Jacket 145,BR00027,CAT005,Floor condition plant modern local. Share major heart raise try perhaps.,2024-10-21,ACTIVE
P004506,SKU004506,Jacket 622,BR00079,CAT002,Speech quite newspaper court wish kind. Mission some major community.,2025-01-05,ACTIVE
P004507,SKU004507,Jeans 814,BR00059,CAT003,"Address notice manager still.
Lose use amount forward. Water goal pick good run really.",2025-12-28,ACTIVE
P004508,SKU004508,T-Shirt 208,BR00012,CAT005,However cell test key let lay. Part whatever degree reduce admit. Agency behavior affect chance.,2024-01-28,ACTIVE
P004509,SKU004509,Jeans 475,BR00030,CAT001,Test decade effect education worker race. Matter but resource energy stop he boy.,2024-11-08,ACTIVE
P004510,SKU004510,T-Shirt 34,BR00043,CAT005,Development model two group history.,2025-08-18,ACTIVE
P004511,SKU004511,Backpack 665,BR00011,CAT004,Professional main health such small new point. Heart ground half carry environment.,2026-06-25,ACTIVE
P004512,SKU004512,Jacket 52,BR00088,CAT003,Certain senior dog blue. Watch bank star.,2024-02-27,ACTIVE
P004513,SKU004513,T-Shirt 143,BR00007,CAT003,South because they. Military pay treatment responsibility girl true result really.,2026-05-31,ACTIVE
P004514,SKU004514,Headphones 434,BR00047,CAT001,Various public thousand number popular. Approach soon give popular.,2025-04-07,ACTIVE
P004515,SKU004515,Backpack 170,BR00059,CAT001,Nation best military eight at amount paper. Image success threat customer report responsibility.,2024-05-19,ACTIVE
P004516,SKU004516,Jeans 860,BR00016,CAT001,Pressure policy window must science ask tough. Cost maintain nice group end attack.,2026-08-19,ACTIVE
P004517,SKU004517,Watch 144,BR00003,CAT003,Could news firm them business policy care artist.,2026-05-15,ACTIVE
P004518,SKU004518,Jacket 329,BR00018,CAT001,Every little example account. Sport call health management summer eat herself.,2023-12-04,ACTIVE
P004519,SKU004519,Headphones 951,BR00059,CAT005,Hot discuss style stage. Skill candidate son cup for. Own become tell. A big fly poor they.,2026-07-19,ACTIVE
P004520,SKU004520,Jeans 709,BR00082,CAT003,Last plan arrive whether sea make best. Central begin outside smile.,2024-11-18,ACTIVE
P004521,SKU004521,Jacket 183,BR00083,CAT001,Police drug describe economy. Every from responsibility cold.,2026-05-10,ACTIVE
P004522,SKU004522,Laptop 534,BR00026,CAT001,Investment stage civil choose one plant training. According term book major.,2026-01-20,ACTIVE
P004523,SKU004523,Backpack 381,BR00090,CAT003,Child blue on well. Provide us choice successful suddenly director oil of.,2025-03-25,ACTIVE
P004524,SKU004524,Jacket 588,BR00085,CAT004,Use wish probably sound hold. Would example worker artist measure.,2026-06-29,ACTIVE
P004525,SKU004525,Jeans 628,BR00016,CAT005,Same walk language film so back. Late while somebody enter hope.,2025-10-23,ACTIVE
P004526,SKU004526,Saree 312,BR00060,CAT005,Receive rise over number relate subject. Cold very someone direction from cut.,2024-10-19,ACTIVE
P004527,SKU004527,Headphones 400,BR00028,CAT005,Ten back card pattern head shoulder address citizen. Kid would radio avoid front entire service.,2024-06-23,ACTIVE
P004528,SKU004528,Watch 528,BR00098,CAT004,Recent home blood. Ready expect lot chair. Degree thing my general over PM.,2026-06-09,ACTIVE
P004529,SKU004529,Watch 882,BR00044,CAT001,Impact then single skill treatment interview support may. Could reason large news bed.,2024-02-29,ACTIVE
P004530,SKU004530,Laptop 977,BR00098,CAT002,"Cultural right water citizen.
Rich indicate really produce method anything poor.",2025-05-10,ACTIVE
P004531,SKU004531,Jeans 580,BR00080,CAT003,Shake capital team clear. Rich hold travel certainly. His late number.,2026-04-16,ACTIVE
P004532,SKU004532,Jacket 750,BR00054,CAT004,Stage sport enjoy worry weight source. Teacher son girl strategy.,2024-12-02,ACTIVE
P004533,SKU004533,Headphones 661,BR00007,CAT003,Practice provide everyone. Body exactly heart generation focus answer expert.,2026-08-08,ACTIVE
P004534,SKU004534,Jeans 518,BR00023,CAT001,Deal relationship feeling quickly candidate management. Ok fight item.,2024-05-02,ACTIVE
P004535,SKU004535,T-Shirt 381,BR00009,CAT004,Begin difference brother wait million bill pay. Dog different onto.,2026-09-12,ACTIVE
P004536,SKU004536,T-Shirt 992,BR00042,CAT004,Huge approach true state there. Up travel dog car whatever career.,2023-12-02,ACTIVE
P004537,SKU004537,Laptop 273,BR00071,CAT001,"She trip with. Walk result mission among near tonight.
Rather general meet economic.",2023-09-27,ACTIVE
P004538,SKU004538,Watch 588,BR00025,CAT004,Work this describe game course few. Hold election station modern play. Adult nature clearly vote.,2024-06-21,ACTIVE
P004539,SKU004539,Jeans 202,BR00097,CAT004,Personal conference seek someone direction citizen. Mouth treat a close drive. Ten each spring.,2025-06-24,ACTIVE
P004540,SKU004540,Backpack 840,BR00094,CAT005,Strategy national this forget voice. Seem should with.,2023-11-04,ACTIVE
P004541,SKU004541,Backpack 981,BR00090,CAT004,Good read once hit.,2024-08-19,ACTIVE
P004542,SKU004542,Backpack 207,BR00030,CAT001,Loss raise very for management film guess difference. Per relationship expert media drive seek set.,2025-07-31,ACTIVE
P004543,SKU004543,Jeans 722,BR00032,CAT005,Environment idea think author despite order sound. Table hair poor Mr understand community place.,2025-11-05,ACTIVE
P004544,SKU004544,Jacket 38,BR00049,CAT003,In blood realize sure even interesting interview. Claim rate step center sing market.,2026-07-30,ACTIVE
P004545,SKU004545,Saree 581,BR00045,CAT001,Anyone real movie bed who. Item order conference condition available rich him.,2026-01-23,ACTIVE
P004546,SKU004546,Headphones 342,BR00087,CAT003,Hard form south friend. Reflect left threat mind several second game.,2024-02-12,ACTIVE
P004547,SKU004547,Watch 545,BR00021,CAT003,Simply use play analysis four use. Top without their know.,2025-07-30,ACTIVE
P004548,SKU004548,Jeans 702,BR00051,CAT001,"Perhaps inside idea some. Modern woman sea per.
Miss debate me game.",2025-09-23,ACTIVE
P004549,SKU004549,Laptop 376,BR00049,CAT003,Stage require defense score their take value scene. Air buy space push arrive simply Republican.,2025-01-24,ACTIVE
P004550,SKU004550,Backpack 414,BR00053,CAT005,Network case idea even minute into way meet.,2026-03-06,ACTIVE
P004551,SKU004551,Jacket 141,BR00016,CAT004,Rock anything discussion court. Let within foot artist ball.,2024-03-13,ACTIVE
P004552,SKU004552,Headphones 454,BR00032,CAT002,Hold want nor now. Career although career reason body.,2026-09-06,ACTIVE
P004553,SKU004553,Laptop 42,BR00095,CAT004,Summer they particularly military important. Throughout however skin beat nice agency pull.,2025-10-15,ACTIVE
P004554,SKU004554,T-Shirt 451,BR00055,CAT004,Color daughter read dream purpose. Television either gun five interview lay ok. Town bar out.,2024-04-24,ACTIVE
P004555,SKU004555,Sneakers 638,BR00073,CAT003,Feeling hair option clear official decision. Wear outside apply for final.,2023-12-29,ACTIVE
P004556,SKU004556,T-Shirt 943,BR00012,CAT004,Why southern determine window unit third hour wonder. Energy or leg nice it page.,2025-10-31,ACTIVE
P004557,SKU004557,Jeans 492,BR00096,CAT001,South create thank experience. Century energy law education.,2024-08-14,ACTIVE
P004558,SKU004558,Headphones 132,BR00099,CAT001,Explain open sense describe record. Rich visit long front word.,2024-01-24,ACTIVE
P004559,SKU004559,Backpack 831,BR00006,CAT001,Low red true kid. When present brother partner end ten happen. Family face evening.,2023-11-04,ACTIVE
P004560,SKU004560,T-Shirt 232,BR00040,CAT001,Student yeah somebody office unit main here power.,2023-10-27,ACTIVE
P004561,SKU004561,Headphones 123,BR00000,CAT004,Campaign ten television game generation air include. Result capital town strong.,2024-04-23,ACTIVE
P004562,SKU004562,Saree 164,BR00003,CAT004,Drop page government visit newspaper man.,2025-11-27,ACTIVE
P004563,SKU004563,Laptop 993,BR00096,CAT003,Else sing know. Among paper just policy claim. Short shake reflect in leg activity.,2024-05-14,ACTIVE
P004564,SKU004564,Laptop 847,BR00072,CAT004,Cause house forget news decide. Guy nor will natural them culture.,2023-11-28,ACTIVE
P004565,SKU004565,Jacket 627,BR00088,CAT003,Important garden rich help mind face. List response rule late young.,2025-01-20,ACTIVE
P004566,SKU004566,T-Shirt 637,BR00068,CAT003,Consumer style again get down heavy PM. Kid and fear back population letter traditional.,2025-04-19,ACTIVE
P004567,SKU004567,T-Shirt 592,BR00069,CAT003,Whatever start game star yeah worker. Improve partner will eye evidence those.,2025-05-21,ACTIVE
P004568,SKU004568,Headphones 775,BR00033,CAT005,Prepare region just model. Trip method itself. My live decade low member.,2024-10-15,ACTIVE
P004569,SKU004569,Jacket 651,BR00018,CAT005,"Business scientist card apply fish.
Course later near few audience heart government.",2025-06-16,ACTIVE
P004570,SKU004570,Backpack 783,BR00069,CAT005,Music public boy avoid. Bit myself by look.,2025-04-15,ACTIVE
P004571,SKU004571,Headphones 938,BR00005,CAT005,Class kitchen matter article else along. Beyond east analysis determine difference.,2025-02-09,ACTIVE
P004572,SKU004572,Backpack 28,BR00040,CAT002,Into offer west style. Wrong section treatment material.,2023-09-28,ACTIVE
P004573,SKU004573,Backpack 115,BR00060,CAT001,Should view together. Special fight subject television.,2026-05-27,ACTIVE
P004574,SKU004574,Saree 113,BR00019,CAT005,Because color follow light. Agreement east American where.,2024-10-25,ACTIVE
P004575,SKU004575,Headphones 799,BR00000,CAT002,Without nearly space thought answer party stop.,2025-04-29,ACTIVE
P004576,SKU004576,T-Shirt 979,BR00071,CAT002,Author size green beautiful. Then who natural firm one process.,2026-08-09,ACTIVE
P004577,SKU004577,T-Shirt 855,BR00037,CAT001,Message fly common today.,2026-02-22,ACTIVE
P004578,SKU004578,Headphones 499,BR00030,CAT004,"Total agent door relationship. Recognize open stage agency customer.
Entire campaign force give.",2025-01-18,ACTIVE
P004579,SKU004579,T-Shirt 755,BR00069,CAT002,Theory let for consumer culture mean eat. Car can garden her.,2026-04-12,ACTIVE
P004580,SKU004580,Headphones 452,BR00049,CAT001,Policy push station. Law couple audience beyond option well. Finish when you fight government open.,2026-04-07,ACTIVE
P004581,SKU004581,Laptop 797,BR00000,CAT004,Minute hair that family. Decision something have benefit.,2026-04-19,ACTIVE
P004582,SKU004582,Backpack 766,BR00038,CAT005,Tax by performance language necessary. School chance morning focus green morning analysis enjoy.,2023-09-23,ACTIVE
P004583,SKU004583,Sneakers 963,BR00028,CAT003,Despite between discuss image range prevent. Always media above.,2024-12-31,ACTIVE
P004584,SKU004584,Sneakers 114,BR00042,CAT001,Because no many picture check product possible. Light skin check own nature door ago social.,2025-07-29,ACTIVE
P004585,SKU004585,T-Shirt 849,BR00048,CAT004,Beyond many when paper put.,2024-08-30,ACTIVE
P004586,SKU004586,Watch 822,BR00099,CAT003,Plan stuff source east. Everybody western civil shake someone success her.,2025-01-07,ACTIVE
P004587,SKU004587,Saree 736,BR00014,CAT002,Across type these risk arrive share scientist. Listen action single remain hope also crime.,2026-08-12,ACTIVE
P004588,SKU004588,Sneakers 154,BR00034,CAT005,East case business quite. Gun where rule you identify later market hard.,2025-08-09,ACTIVE
P004589,SKU004589,Backpack 541,BR00004,CAT002,Such fine official maintain box result.,2024-01-29,ACTIVE
P004590,SKU004590,Watch 553,BR00051,CAT003,Third opportunity program suggest.,2026-02-13,ACTIVE
P004591,SKU004591,T-Shirt 287,BR00005,CAT004,Bad one doctor scene arm low question. Court determine identify.,2024-06-12,ACTIVE
P004592,SKU004592,Saree 871,BR00076,CAT002,View together indicate game. On play fall four. Practice why until upon lot because rate help.,2025-03-18,ACTIVE
P004593,SKU004593,Jeans 972,BR00056,CAT002,Mr until interesting us performance prove. Cup daughter source especially.,2026-06-03,ACTIVE
P004594,SKU004594,Headphones 553,BR00037,CAT003,Whether rich eight nation. To foreign teacher say buy.,2024-07-01,ACTIVE
P004595,SKU004595,Saree 456,BR00072,CAT001,Father prepare only baby strategy shake. Sign she move. Heart dream best meet true.,2026-09-04,ACTIVE
P004596,SKU004596,Sneakers 106,BR00070,CAT003,Section song sport strategy indicate board surface two. Role instead left adult.,2024-11-05,ACTIVE
P004597,SKU004597,Laptop 999,BR00072,CAT004,Me collection present art away show until.,2026-05-30,ACTIVE
P004598,SKU004598,Laptop 824,BR00073,CAT002,Pick point democratic energy. Those item former something. Try evening like may.,2025-03-25,ACTIVE
P004599,SKU004599,Backpack 75,BR00075,CAT004,Level TV tax fight. Movement smile fill.,2025-10-10,ACTIVE
P004600,SKU004600,Jeans 85,BR00071,CAT005,Image base reason executive. Little open arm. Check large everybody increase share.,2025-01-04,ACTIVE
P004601,SKU004601,Headphones 641,BR00045,CAT003,Our page woman. Actually painting serve hot sound.,2024-10-31,ACTIVE
P004602,SKU004602,Sneakers 372,BR00086,CAT001,Similar stand standard see grow bed. Own inside sea poor air stay discuss.,2024-12-05,ACTIVE
P004603,SKU004603,Headphones 166,BR00087,CAT002,To argue man feeling. Part center join nor eat.,2025-03-01,ACTIVE
P004604,SKU004604,Saree 251,BR00012,CAT002,Travel example mission talk any head.,2025-01-23,ACTIVE
P004605,SKU004605,Jacket 142,BR00014,CAT004,Coach sometimes ago then. Simple Democrat check available activity together support.,2023-10-28,ACTIVE
P004606,SKU004606,Backpack 229,BR00005,CAT004,Instead late picture strategy when worry. Role degree peace.,2024-12-22,ACTIVE
P004607,SKU004607,Sneakers 786,BR00092,CAT002,Time program leg other. Mr question scene eat culture next. Study pass business free others movie.,2026-02-19,ACTIVE
P004608,SKU004608,Watch 347,BR00074,CAT003,Effect arrive radio people produce reach. Church difference ball economic improve laugh building.,2024-08-06,ACTIVE
P004609,SKU004609,Headphones 411,BR00017,CAT003,Add few already garden think some. Area chair rather save to ability leave.,2024-08-22,ACTIVE
P004610,SKU004610,T-Shirt 157,BR00050,CAT005,Available person something crime. Live power state Mrs. Reach campaign something have institution.,2024-08-27,ACTIVE
P004611,SKU004611,Watch 427,BR00046,CAT004,Indicate ahead discuss item join blood. Nothing fish poor world.,2024-05-12,ACTIVE
P004612,SKU004612,Laptop 604,BR00039,CAT002,Probably firm write. Lead society during season available.,2026-01-17,ACTIVE
P004613,SKU004613,Sneakers 32,BR00067,CAT003,Chance positive government forward stand course admit own. Lead off evening hot forget father.,2025-01-08,ACTIVE
P004614,SKU004614,Saree 197,BR00082,CAT003,Option person society election.,2026-05-28,ACTIVE
P004615,SKU004615,Watch 615,BR00048,CAT002,Environment college painting ten. Collection article thank.,2024-04-22,ACTIVE
P004616,SKU004616,T-Shirt 197,BR00014,CAT004,Traditional point throughout home their product. This whatever future available once.,2024-12-13,ACTIVE
P004617,SKU004617,Sneakers 931,BR00046,CAT001,Training officer trade. Happy least open remain physical production deal.,2024-02-10,ACTIVE
P004618,SKU004618,Headphones 537,BR00041,CAT005,Dark meet up decide speech collection according across.,2026-06-07,ACTIVE
P004619,SKU004619,Saree 115,BR00082,CAT001,Training raise give. Discover party hard hold finish event point.,2024-07-07,ACTIVE
P004620,SKU004620,Watch 272,BR00055,CAT005,Smile few piece sure pull too race. Travel air might feel and early happy.,2025-12-01,ACTIVE
P004621,SKU004621,Watch 602,BR00042,CAT002,Room responsibility hair just old economy voice. North local collection environment support.,2023-12-06,ACTIVE
P004622,SKU004622,Watch 927,BR00036,CAT003,Cup off act number. Short development goal ok into.,2025-07-02,ACTIVE
P004623,SKU004623,Saree 194,BR00082,CAT001,Fact Republican song city. Expert too oil never.,2024-03-25,ACTIVE
P004624,SKU004624,T-Shirt 236,BR00058,CAT005,Party perhaps boy almost wear game old. City spring environment including watch lead.,2025-10-06,ACTIVE
P004625,SKU004625,Headphones 186,BR00025,CAT003,Blood station claim response personal effect which. Those close office two air color area.,2023-10-05,ACTIVE
P004626,SKU004626,Backpack 362,BR00020,CAT003,Question dream loss team explain assume production. Sing itself despite real service.,2025-06-06,ACTIVE
P004627,SKU004627,Jacket 789,BR00031,CAT004,Consider task produce city nor stock song. Or drop material throw walk out listen.,2024-11-25,ACTIVE
P004628,SKU004628,Jeans 275,BR00021,CAT004,Suggest development brother instead behavior know crime. Red produce perhaps grow.,2024-09-18,ACTIVE
P004629,SKU004629,Jeans 427,BR00022,CAT004,Interview ready beyond trade evidence. Perhaps answer pass summer option deep nor.,2025-05-21,ACTIVE
P004630,SKU004630,T-Shirt 959,BR00037,CAT004,Woman himself off ball condition. Power ok knowledge house.,2025-11-25,ACTIVE
P004631,SKU004631,Watch 398,BR00093,CAT002,Laugh paper same my science do up. True general task technology instead common.,2023-12-20,ACTIVE
P004632,SKU004632,Backpack 108,BR00090,CAT001,Bad stage important heart. With cost education resource figure institution child.,2024-01-25,ACTIVE
P004633,SKU004633,Headphones 530,BR00090,CAT002,Main yeah send hot. Each something risk along point perform. Street mean dark stock.,2025-01-31,ACTIVE
P004634,SKU004634,Sneakers 792,BR00031,CAT001,Peace building present assume first specific relate.,2026-08-27,ACTIVE
P004635,SKU004635,Saree 630,BR00081,CAT003,"Without listen culture modern.
Pick politics send stay. Baby close blood second control.",2024-02-27,ACTIVE
P004636,SKU004636,T-Shirt 139,BR00046,CAT004,Political peace do ok significant. Instead movement customer effort up indicate majority.,2024-11-13,ACTIVE
P004637,SKU004637,Sneakers 878,BR00026,CAT002,Camera one response capital. Beautiful right goal term each.,2025-07-27,ACTIVE
P004638,SKU004638,T-Shirt 127,BR00055,CAT005,Article bank civil edge. Civil political machine whole whole get subject. Risk such decade another.,2024-02-15,ACTIVE
P004639,SKU004639,Jacket 120,BR00057,CAT005,Long look no east best movement. Identify around yourself former history how arrive.,2026-09-08,ACTIVE
P004640,SKU004640,T-Shirt 524,BR00046,CAT001,Return idea which. Time own support list will maintain. Now between staff spend season.,2024-05-14,ACTIVE
P004641,SKU004641,Sneakers 984,BR00058,CAT002,Level tough break science interview write. Detail pretty push property win.,2025-02-13,ACTIVE
P004642,SKU004642,Jacket 482,BR00014,CAT002,Young wait prepare poor.,2025-11-08,ACTIVE
P004643,SKU004643,Backpack 777,BR00081,CAT001,Season a much long from daughter image. Move long middle later quality.,2025-07-22,ACTIVE
P004644,SKU004644,Laptop 257,BR00043,CAT003,Effect read hot else painting. Door officer peace democratic professional idea value.,2025-07-17,ACTIVE
P004645,SKU004645,T-Shirt 614,BR00036,CAT002,Production various office safe necessary. Inside without animal say natural almost day budget.,2024-12-25,ACTIVE
P004646,SKU004646,Laptop 224,BR00087,CAT001,Kitchen remain space push. Defense compare cost finish rest boy.,2025-12-07,ACTIVE
P004647,SKU004647,Saree 947,BR00083,CAT002,Parent safe forward common view young. Wait charge visit people star.,2025-07-07,ACTIVE
P004648,SKU004648,Jacket 875,BR00054,CAT004,Wish experience beyond general cup statement fire. Year stop artist. Area third full management.,2026-05-06,ACTIVE
P004649,SKU004649,Headphones 127,BR00077,CAT003,Two certain move. Group point professor lot main majority research five.,2025-10-06,ACTIVE
P004650,SKU004650,Laptop 200,BR00015,CAT004,Off on politics oil. Allow identify body responsibility cover ten son.,2025-03-20,ACTIVE
P004651,SKU004651,Backpack 294,BR00011,CAT003,Need nothing order entire hair bag week.,2025-04-08,ACTIVE
P004652,SKU004652,T-Shirt 605,BR00066,CAT004,Clearly picture face suddenly we oil decade. Structure between thus project suffer by around.,2026-02-21,ACTIVE
P004653,SKU004653,Jacket 99,BR00006,CAT002,Nature career yes capital home director. Specific often white here music summer out and.,2023-11-11,ACTIVE
P004654,SKU004654,Laptop 713,BR00099,CAT001,For politics two teach born. Only them book morning simply role body share.,2024-01-25,ACTIVE
P004655,SKU004655,Saree 432,BR00061,CAT002,Down theory message condition just bar look. Particular stock increase down guess.,2026-05-11,ACTIVE
P004656,SKU004656,Jacket 232,BR00077,CAT001,Black cell difference smile after institution half expect. East herself degree then doctor.,2024-11-19,ACTIVE
P004657,SKU004657,T-Shirt 466,BR00090,CAT003,"Body be listen save represent.
List hit child much. Organization guess should call beautiful.",2024-09-28,ACTIVE
P004658,SKU004658,Jacket 384,BR00027,CAT003,Because listen former lose too high.,2024-04-12,ACTIVE
P004659,SKU004659,Jeans 195,BR00008,CAT003,Wide anything certain. Movement push last might sister.,2025-04-14,ACTIVE
P004660,SKU004660,Jeans 341,BR00037,CAT003,Seek with program sit.,2026-09-18,ACTIVE
P004661,SKU004661,T-Shirt 863,BR00067,CAT001,Perform model low pressure watch yeah. Strategy last ever matter.,2024-02-16,ACTIVE
P004662,SKU004662,Saree 717,BR00075,CAT003,Music hospital support record weight. Happen baby above institution agency.,2026-09-01,ACTIVE
P004663,SKU004663,Sneakers 332,BR00028,CAT002,Quality believe use past job foot. Order ready share. Marriage everything image.,2024-01-22,ACTIVE
P004664,SKU004664,Laptop 594,BR00022,CAT004,Current break ground tax. Yeah figure teacher brother peace table.,2024-10-14,ACTIVE
P004665,SKU004665,Watch 233,BR00028,CAT005,Reason forward trouble. Imagine Mrs court late year fight. Democrat five kind law.,2024-04-03,ACTIVE
P004666,SKU004666,Sneakers 595,BR00053,CAT004,Style manage myself citizen. Company boy no deal eye. Here green decision million already.,2026-04-16,ACTIVE
P004667,SKU004667,Watch 405,BR00013,CAT003,Cause still action single matter. Ball knowledge into head voice. Hand chance executive see.,2025-03-13,ACTIVE
P004668,SKU004668,Watch 816,BR00007,CAT001,Stuff role hour free. Fish like friend return pattern. Stand focus science rise.,2026-09-14,ACTIVE
P004669,SKU004669,Jacket 527,BR00030,CAT001,No of describe between them. Force probably machine once. Clearly million dream.,2025-01-20,ACTIVE
P004670,SKU004670,Saree 546,BR00002,CAT004,Include issue probably service. Song carry writer policy. Before policy never impact yeah.,2024-03-01,ACTIVE
P004671,SKU004671,Jacket 294,BR00098,CAT005,Include young read trial marriage. Analysis start run task.,2024-12-02,ACTIVE
P004672,SKU004672,Laptop 280,BR00044,CAT003,Out world down morning.,2025-12-13,ACTIVE
P004673,SKU004673,Watch 81,BR00012,CAT001,Move fly suddenly research maybe. Purpose well Congress usually. Firm movie she energy.,2025-01-21,ACTIVE
P004674,SKU004674,Watch 231,BR00043,CAT004,Administration federal activity wear measure news space. Exactly brother yeah suddenly.,2025-04-12,ACTIVE
P004675,SKU004675,Jeans 510,BR00097,CAT001,Scientist born eat money music.,2024-04-04,ACTIVE
P004676,SKU004676,Watch 457,BR00079,CAT003,Live win space painting especially. Create sound choose possible.,2026-02-10,ACTIVE
P004677,SKU004677,Jacket 785,BR00059,CAT004,Price process data nice more whole.,2024-05-10,ACTIVE
P004678,SKU004678,Sneakers 261,BR00029,CAT004,Tv back evidence enough west believe. None popular often politics black method tend happen.,2024-07-17,ACTIVE
P004679,SKU004679,Laptop 789,BR00096,CAT005,Sell worker common five. Discover sure organization entire. Enter half section open identify.,2026-01-23,ACTIVE
P004680,SKU004680,Sneakers 817,BR00003,CAT005,Kind level while move growth mouth responsibility ok. Health subject ball yeah.,2025-05-24,ACTIVE
P004681,SKU004681,Headphones 716,BR00091,CAT002,Shoulder ability nice maybe she protect Mrs. Peace send think this. Instead work also red pull add.,2024-06-22,ACTIVE
P004682,SKU004682,T-Shirt 674,BR00022,CAT002,Outside space black determine.,2026-01-03,ACTIVE
P004683,SKU004683,Jeans 789,BR00051,CAT004,Interest leave worry many with impact. Ago team commercial foreign.,2025-07-12,ACTIVE
P004684,SKU004684,Headphones 228,BR00067,CAT004,Affect deal win.,2025-01-14,ACTIVE
P004685,SKU004685,Headphones 67,BR00076,CAT003,Decision nor important whom throughout movie determine. Exactly but game compare over much early.,2025-11-26,ACTIVE
P004686,SKU004686,Backpack 673,BR00099,CAT004,All their seat that sort war record. Unit marriage while maybe however.,2026-09-03,ACTIVE
P004687,SKU004687,Headphones 591,BR00047,CAT002,Scene and land hear seem exactly vote. Talk country trade painting.,2024-03-11,ACTIVE
P004688,SKU004688,Watch 268,BR00047,CAT003,Purpose nothing face our. Image factor tree suddenly.,2024-10-09,ACTIVE
P004689,SKU004689,Jacket 921,BR00006,CAT003,Himself beautiful should. Buy word throughout short himself. Growth perhaps hair.,2026-05-19,ACTIVE
P004690,SKU004690,Watch 113,BR00096,CAT004,She rise form. Sit cut rule nature power artist tree leave.,2024-10-12,ACTIVE
P004691,SKU004691,Watch 306,BR00057,CAT005,Reflect mention investment. Own pattern behind recognize. Dog choice guess there.,2024-10-25,ACTIVE
P004692,SKU004692,Jeans 935,BR00089,CAT005,Begin office own trouble occur. Heart personal newspaper outside on look reduce.,2026-09-19,ACTIVE
P004693,SKU004693,Laptop 687,BR00016,CAT001,Religious crime soon arrive call pass popular.,2024-08-31,ACTIVE
P004694,SKU004694,Jacket 390,BR00022,CAT002,Strong suggest grow choice student. Course year all.,2024-10-13,ACTIVE
P004695,SKU004695,Saree 672,BR00070,CAT005,Suddenly popular involve one cost rate dog. Stage open short key animal notice.,2023-11-21,ACTIVE
P004696,SKU004696,Saree 292,BR00073,CAT001,According far our. Strong great happy increase.,2023-11-15,ACTIVE
P004697,SKU004697,Watch 159,BR00001,CAT001,Woman country world area story scientist. Lead reason hope people entire serious.,2024-09-22,ACTIVE
P004698,SKU004698,Saree 841,BR00011,CAT002,Reflect right trial necessary my gun. Sport somebody before perhaps figure happy our represent.,2026-03-16,ACTIVE
P004699,SKU004699,Saree 464,BR00050,CAT002,Lay brother any question.,2024-08-08,ACTIVE
P004700,SKU004700,Saree 524,BR00086,CAT002,No hit dinner thus act money. Finally across I relationship.,2024-09-10,ACTIVE
P004701,SKU004701,T-Shirt 430,BR00026,CAT005,Series hotel audience beat maybe ok boy.,2025-05-08,ACTIVE
P004702,SKU004702,Watch 605,BR00078,CAT005,"Congress indeed control test blood make. Do else later.
Treat field decide president able.",2026-06-22,ACTIVE
P004703,SKU004703,Saree 41,BR00094,CAT001,Behind big miss really only. True understand choice example of culture. Any black morning property.,2025-07-18,ACTIVE
P004704,SKU004704,Watch 414,BR00072,CAT003,Rock ready rock continue professional condition pretty. Along begin factor debate a indeed him law.,2025-12-20,ACTIVE
P004705,SKU004705,Laptop 753,BR00095,CAT001,Later prepare see view individual himself. Group adult news figure hand exist service.,2025-04-23,ACTIVE
P004706,SKU004706,Watch 789,BR00052,CAT001,No task right scene rule research television partner. Book discuss middle growth point.,2025-04-18,ACTIVE
P004707,SKU004707,Jeans 51,BR00062,CAT004,Miss writer doctor enough around. Might half maintain. Increase action all that door create.,2026-03-20,ACTIVE
P004708,SKU004708,Watch 201,BR00048,CAT003,Keep drug agreement. Game low not sure.,2025-09-09,ACTIVE
P004709,SKU004709,Saree 820,BR00069,CAT004,Response cut see do seat benefit money red. Real picture should no tough.,2024-07-18,ACTIVE
P004710,SKU004710,Laptop 169,BR00086,CAT001,Manage language live nice serious begin. Result else democratic light. Resource sell play friend.,2025-08-31,ACTIVE
P004711,SKU004711,Headphones 797,BR00010,CAT004,Notice past action herself become local opportunity section.,2024-08-10,ACTIVE
P004712,SKU004712,Backpack 799,BR00020,CAT004,Cause write our management ask accept. Hotel they today career.,2025-07-28,ACTIVE
P004713,SKU004713,Watch 991,BR00007,CAT001,"Employee area opportunity cut. Product left send seem.
Require friend spring general.",2025-12-10,ACTIVE
P004714,SKU004714,Watch 843,BR00088,CAT002,About price left. Article could make military. Set technology finally receive sort cultural trade.,2024-05-23,ACTIVE
P004715,SKU004715,Jeans 962,BR00093,CAT004,Lose everything billion share. Prevent surface check team hundred interview represent.,2023-12-22,ACTIVE
P004716,SKU004716,Jeans 426,BR00017,CAT004,Let firm young investment force even.,2026-05-08,ACTIVE
P004717,SKU004717,Headphones 507,BR00018,CAT002,Room particular work bar bit tree stand. Raise today eye find.,2025-03-14,ACTIVE
P004718,SKU004718,Backpack 8,BR00021,CAT004,Car dark their focus start class collection. Central we campaign adult act.,2024-04-04,ACTIVE
P004719,SKU004719,Backpack 627,BR00060,CAT004,Business cold bill pressure new second total. At perhaps action table book discuss.,2023-12-10,ACTIVE
P004720,SKU004720,Jeans 42,BR00057,CAT002,Example real address radio another. Place establish easy entire tax question around.,2024-09-20,ACTIVE
P004721,SKU004721,Sneakers 532,BR00002,CAT001,Talk cost option art blood. Probably model institution during.,2025-12-16,ACTIVE
P004722,SKU004722,Watch 612,BR00059,CAT005,Bill east firm western apply ball allow. Property since set high wish.,2025-12-19,ACTIVE
P004723,SKU004723,Backpack 443,BR00065,CAT002,Enough administration step something service what. Control manager action hundred history.,2025-01-21,ACTIVE
P004724,SKU004724,Laptop 978,BR00039,CAT003,Check night rich statement month old religious. Top off shake yes significant.,2026-04-23,ACTIVE
P004725,SKU004725,Backpack 666,BR00055,CAT005,Notice current tell set into at. Response series senior.,2024-11-13,ACTIVE
P004726,SKU004726,Backpack 146,BR00060,CAT003,Participant side school nothing shake. Simple parent truth identify debate.,2026-01-19,ACTIVE
P004727,SKU004727,Laptop 405,BR00032,CAT001,Recent receive wall lawyer page final. Ball end bed entire. Hair wife travel white may reduce send.,2024-05-16,ACTIVE
P004728,SKU004728,Headphones 564,BR00025,CAT002,Executive nation knowledge career light eight. Crime who society detail media person.,2025-12-30,ACTIVE
P004729,SKU004729,Sneakers 384,BR00062,CAT004,Agent firm whose friend. Quality west interest interview.,2026-01-17,ACTIVE
P004730,SKU004730,Headphones 993,BR00055,CAT003,Pattern food east idea quality four. History effort describe likely treatment. Day week since.,2024-05-27,ACTIVE
P004731,SKU004731,Watch 108,BR00076,CAT001,Hair fill lead. Local president middle continue reveal significant rise assume.,2023-09-27,ACTIVE
P004732,SKU004732,Sneakers 428,BR00007,CAT005,Race late face. Congress recently foreign center score.,2024-02-29,ACTIVE
P004733,SKU004733,Jeans 681,BR00072,CAT005,However hear daughter sense north only beautiful item. Your appear kitchen American voice.,2023-12-08,ACTIVE
P004734,SKU004734,Backpack 380,BR00017,CAT002,Particularly drive trade sound them also. Little law drop born difficult.,2026-07-12,ACTIVE
P004735,SKU004735,Jacket 75,BR00020,CAT002,Plant strong single bad season happen. How room on little white.,2025-03-12,ACTIVE
P004736,SKU004736,Sneakers 550,BR00045,CAT001,Section admit million wide real close stop. Hair head conference form wide away law.,2024-11-06,ACTIVE
P004737,SKU004737,Saree 600,BR00013,CAT002,First end meet common. Single on side music beautiful. Surface another civil.,2025-11-05,ACTIVE
P004738,SKU004738,Backpack 76,BR00021,CAT002,Age third marriage financial. Beautiful animal arrive rest information human somebody.,2026-07-22,ACTIVE
P004739,SKU004739,Laptop 452,BR00041,CAT002,Director recent medical they others. Respond fact on.,2023-10-22,ACTIVE
P004740,SKU004740,Saree 550,BR00071,CAT003,Produce sport interesting character culture. Total staff store past run.,2026-09-13,ACTIVE
P004741,SKU004741,Headphones 698,BR00073,CAT004,Very space school than dark blue bed. Wind finish ago now.,2024-10-29,ACTIVE
P004742,SKU004742,Saree 660,BR00073,CAT002,Suffer alone place mention his sister. Live building into which.,2025-09-25,ACTIVE
P004743,SKU004743,Headphones 318,BR00036,CAT004,Then international Congress theory computer. Blood manage never since ball me special outside.,2024-03-13,ACTIVE
P004744,SKU004744,Backpack 658,BR00037,CAT002,Price court hundred actually store. Opportunity rise picture past successful laugh bank.,2024-12-05,ACTIVE
P004745,SKU004745,Sneakers 562,BR00015,CAT003,News take turn. Reality machine imagine world back compare develop citizen.,2026-01-31,ACTIVE
P004746,SKU004746,Laptop 658,BR00056,CAT002,Film give team. Dinner market test reveal reach.,2024-07-18,ACTIVE
P004747,SKU004747,Backpack 875,BR00026,CAT002,Future positive reason thus. Personal guy knowledge.,2026-01-01,ACTIVE
P004748,SKU004748,Watch 774,BR00057,CAT002,Drug performance seven. Full and task available. Big rich heavy around house old.,2025-04-08,ACTIVE
P004749,SKU004749,T-Shirt 188,BR00091,CAT003,Benefit must whose government. Vote also fly tell organization.,2024-09-28,ACTIVE
P004750,SKU004750,Headphones 647,BR00060,CAT003,Popular skill yes interesting lay. Not individual process woman impact.,2025-04-02,ACTIVE
P004751,SKU004751,Sneakers 479,BR00078,CAT003,Walk allow least stock soldier film moment. There thing manager at TV reason court share.,2025-03-18,ACTIVE
P004752,SKU004752,Headphones 604,BR00081,CAT004,Describe middle left brother catch.,2024-12-09,ACTIVE
P004753,SKU004753,Saree 236,BR00059,CAT003,Many something will manager. Trade president edge candidate upon image special.,2024-09-02,ACTIVE
P004754,SKU004754,Jeans 444,BR00032,CAT005,Design decade discover system college reflect. Provide just choice affect exist of.,2025-09-21,ACTIVE
P004755,SKU004755,Saree 116,BR00094,CAT003,Face move near determine. Avoid Mrs article without music rise. Need another some ten part.,2024-07-31,ACTIVE
P004756,SKU004756,Laptop 542,BR00091,CAT002,Popular purpose party order. Interest training walk. Thus say star fund half around.,2025-04-07,ACTIVE
P004757,SKU004757,Backpack 628,BR00047,CAT005,"Compare audience own. Reach yet relate fire popular.
Item hundred partner.",2024-09-29,ACTIVE
P004758,SKU004758,Jeans 58,BR00067,CAT005,Tough reality during leave something. Field friend student defense.,2025-12-24,ACTIVE
P004759,SKU004759,Backpack 807,BR00099,CAT001,Enjoy likely east. Too amount contain age such probably.,2024-03-16,ACTIVE
P004760,SKU004760,Jeans 502,BR00024,CAT002,Effort though drop car key expect for. Method house success vote power trip into anything.,2025-03-18,ACTIVE
P004761,SKU004761,Backpack 132,BR00009,CAT003,Treat lay suffer relate. Late tonight top. Break image heart recent through.,2025-08-02,ACTIVE
P004762,SKU004762,Sneakers 345,BR00036,CAT005,"Low occur dream goal.
Ahead capital personal boy vote. Rich probably yet agree store fly.",2024-10-10,ACTIVE
P004763,SKU004763,T-Shirt 534,BR00083,CAT002,Without back seven human. Hair senior current within business.,2024-02-23,ACTIVE
P004764,SKU004764,Jacket 543,BR00051,CAT003,For popular time may. Sit able far meet mission leave figure support.,2026-07-11,ACTIVE
P004765,SKU004765,T-Shirt 546,BR00060,CAT004,Family reason sport security oil here guy. Leg do degree form glass brother east.,2025-07-23,ACTIVE
P004766,SKU004766,Saree 630,BR00047,CAT003,Forget by cause force region so authority.,2025-05-23,ACTIVE
P004767,SKU004767,Headphones 226,BR00085,CAT003,Manage southern him might determine. Thought safe full go. Return somebody arm give.,2024-09-24,ACTIVE
P004768,SKU004768,Sneakers 341,BR00095,CAT002,About amount air because many. System bank return trip. Heart year break mother.,2026-07-06,ACTIVE
P004769,SKU004769,Sneakers 612,BR00022,CAT003,Fish describe shake. Notice television whose hand attention.,2024-08-22,ACTIVE
P004770,SKU004770,Headphones 775,BR00095,CAT004,Table be responsibility send some across. Poor agency together.,2024-11-04,ACTIVE
P004771,SKU004771,Laptop 836,BR00084,CAT002,If view whole best four. Team travel officer may close role modern price.,2024-11-02,ACTIVE
P004772,SKU004772,Headphones 708,BR00006,CAT004,Bring change exactly fill participant condition. Growth offer camera.,2026-03-06,ACTIVE
P004773,SKU004773,Backpack 2,BR00061,CAT002,May film allow traditional indicate between assume. Middle him door choice.,2026-04-01,ACTIVE
P004774,SKU004774,Laptop 993,BR00014,CAT003,Music quite time pressure. Weight protect check newspaper watch.,2023-11-25,ACTIVE
P004775,SKU004775,Sneakers 306,BR00086,CAT002,Blood black news. Think measure house range wall her similar. Six bank threat husband.,2026-06-15,ACTIVE
P004776,SKU004776,Headphones 50,BR00071,CAT005,Hospital wall economy.,2025-01-19,ACTIVE
P004777,SKU004777,Jacket 993,BR00023,CAT004,Successful central pay reality set discuss phone. Decade theory mother price cultural.,2024-03-19,ACTIVE
P004778,SKU004778,Laptop 869,BR00054,CAT004,Stage someone individual structure according myself. Mean close huge candidate.,2026-01-28,ACTIVE
P004779,SKU004779,Backpack 471,BR00006,CAT002,"Practice focus every level do with maintain.
Others meet authority check morning.",2025-05-01,ACTIVE
P004780,SKU004780,Sneakers 295,BR00006,CAT004,Despite government why instead couple. Sense history wall positive.,2023-11-14,ACTIVE
P004781,SKU004781,Backpack 381,BR00071,CAT002,Law sometimes election agree general.,2026-07-09,ACTIVE
P004782,SKU004782,Watch 447,BR00067,CAT001,Sing smile arm develop brother section new. Image however matter offer. Hair account happy.,2025-10-06,ACTIVE
P004783,SKU004783,Laptop 553,BR00019,CAT004,Him pretty there hospital attorney sell five during. History matter father only phone.,2026-07-24,ACTIVE
P004784,SKU004784,Watch 258,BR00078,CAT005,Material present instead visit should safe. Quite performance agreement the. Pm weight who result.,2025-04-16,ACTIVE
P004785,SKU004785,Sneakers 989,BR00045,CAT002,Player quickly property center avoid catch staff six. Be wind management night.,2026-01-23,ACTIVE
P004786,SKU004786,Backpack 662,BR00099,CAT004,Way person avoid offer alone.,2024-11-30,ACTIVE
P004787,SKU004787,Backpack 403,BR00015,CAT003,Listen I large trouble against. Society home ready. Bar show example after toward.,2024-02-06,ACTIVE
P004788,SKU004788,Jeans 687,BR00061,CAT003,Technology add yard push ahead question. Develop fly camera best.,2024-05-04,ACTIVE
P004789,SKU004789,Headphones 409,BR00095,CAT003,Music great kitchen manager network organization.,2025-04-07,ACTIVE
P004790,SKU004790,Jeans 995,BR00014,CAT004,Country common then woman race. Lot fund natural brother after.,2026-02-10,ACTIVE
P004791,SKU004791,Saree 533,BR00045,CAT004,Case yourself so drug form outside same. Suddenly week attention statement other receive behavior.,2026-08-31,ACTIVE
P004792,SKU004792,Saree 147,BR00088,CAT002,Near board when himself point or group right. Risk not wish must star tonight.,2025-02-09,ACTIVE
P004793,SKU004793,Watch 804,BR00077,CAT004,Floor affect to more surface type network. His home ahead production fast value mother.,2025-08-07,ACTIVE
P004794,SKU004794,T-Shirt 514,BR00017,CAT004,To also painting relate discuss. Tv mouth miss. Of way tend we owner cell meeting.,2026-04-13,ACTIVE
P004795,SKU004795,T-Shirt 535,BR00018,CAT004,Different company until spring economic whether central. Only brother easy media contain.,2024-05-19,ACTIVE
P004796,SKU004796,Jacket 932,BR00035,CAT005,Us kitchen east form. Box yard baby happy to time event.,2024-12-17,ACTIVE
P004797,SKU004797,Backpack 819,BR00015,CAT005,Read challenge somebody especially. Treatment decision guy time. History memory shake.,2024-12-06,ACTIVE
P004798,SKU004798,T-Shirt 191,BR00062,CAT005,Clear success especially she service. Any road through recent. Meet focus also system itself.,2023-10-19,ACTIVE
P004799,SKU004799,Jeans 659,BR00064,CAT005,"Sort service to she theory interview.
Team yeah model. Them knowledge peace these indicate thought.",2026-08-01,ACTIVE
P004800,SKU004800,Headphones 420,BR00017,CAT002,Military individual here these civil continue. On manager listen need.,2026-01-10,ACTIVE
P004801,SKU004801,Sneakers 799,BR00036,CAT005,Choice those decision hard language dream. Capital sea future team which trouble so cultural.,2025-01-07,ACTIVE
P004802,SKU004802,Sneakers 506,BR00001,CAT004,"Begin again look style appear.
Two former smile voice study name continue.",2024-09-27,ACTIVE
P004803,SKU004803,Watch 869,BR00029,CAT003,Really scene understand let deal sign. Democratic ahead debate.,2024-09-25,ACTIVE
P004804,SKU004804,Backpack 674,BR00045,CAT004,Baby assume visit yes. Senior score culture. Take perhaps marriage field work.,2026-06-30,ACTIVE
P004805,SKU004805,Headphones 542,BR00097,CAT002,General field unit argue green teacher. Growth party professional American half.,2024-11-21,ACTIVE
P004806,SKU004806,Jacket 448,BR00025,CAT001,Fly list fish body last result. Least friend yes whatever when spend its including.,2024-04-24,ACTIVE
P004807,SKU004807,Jacket 572,BR00044,CAT004,Role long form. Its behind stage design admit wide floor name.,2024-05-06,ACTIVE
P004808,SKU004808,Backpack 871,BR00021,CAT001,Find lose watch yet. Speech rest condition become. Himself go agreement prove field plan exactly.,2025-09-24,ACTIVE
P004809,SKU004809,Watch 344,BR00038,CAT003,Dream paper seek around fine piece strategy yes. Bar top push.,2024-12-03,ACTIVE
P004810,SKU004810,Jeans 349,BR00087,CAT005,Apply coach light according. A growth media partner.,2025-08-01,ACTIVE
P004811,SKU004811,Jeans 286,BR00084,CAT001,Wide stop entire itself a. General service establish pay enter military capital.,2026-04-18,ACTIVE
P004812,SKU004812,Jeans 260,BR00012,CAT005,Usually defense concern bad. Imagine man court system.,2025-07-07,ACTIVE
P004813,SKU004813,Jacket 729,BR00001,CAT004,Its particularly affect participant base live up. Answer certainly back not.,2024-07-02,ACTIVE
P004814,SKU004814,Watch 85,BR00085,CAT002,Single here difficult kind.,2025-01-11,ACTIVE
P004815,SKU004815,Laptop 254,BR00031,CAT005,Husband prove painting. Safe article forget whose sea decision. Season moment family.,2024-05-28,ACTIVE
P004816,SKU004816,Jeans 321,BR00088,CAT005,Control other main game data black. Admit many spend. Election science point source return board.,2025-11-29,ACTIVE
P004817,SKU004817,Backpack 925,BR00047,CAT002,Different including situation friend. Bar there suffer full.,2025-08-11,ACTIVE
P004818,SKU004818,T-Shirt 664,BR00050,CAT003,Sea food evidence general show. You experience another.,2024-03-21,ACTIVE
P004819,SKU004819,Jeans 322,BR00045,CAT004,Skill stop next. Purpose thank establish prevent walk. Fast personal far together we.,2024-03-02,ACTIVE
P004820,SKU004820,Watch 950,BR00000,CAT005,Blood investment edge place treat letter point. Heart move process simply bed increase within.,2025-09-07,ACTIVE
P004821,SKU004821,Jeans 77,BR00084,CAT001,Assume know director war course food two large. Red street see wonder history amount resource side.,2025-02-08,ACTIVE
P004822,SKU004822,Jacket 209,BR00080,CAT004,Second gun defense question health. Lose task wind. Table story check.,2024-09-30,ACTIVE
P004823,SKU004823,Backpack 30,BR00054,CAT004,Dinner sound suffer any Mr since develop man. Dog agent everyone finally short either pay student.,2026-01-15,ACTIVE
P004824,SKU004824,Sneakers 427,BR00087,CAT004,Benefit eight individual worry. Trial perhaps ever.,2026-05-06,ACTIVE
P004825,SKU004825,T-Shirt 570,BR00025,CAT004,Third a any he. Size same summer low worker lead hair. Throw medical figure others.,2025-06-11,ACTIVE
P004826,SKU004826,Watch 205,BR00052,CAT004,Do fish its process phone.,2025-08-09,ACTIVE
P004827,SKU004827,Laptop 26,BR00013,CAT005,Follow player such several interview yet cell. Something trade any someone face agent.,2024-02-11,ACTIVE
P004828,SKU004828,Saree 86,BR00059,CAT003,Skill ball near whether draw itself. Full enjoy bad from contain respond.,2024-12-09,ACTIVE
P004829,SKU004829,Sneakers 105,BR00057,CAT001,Something choose maybe.,2025-04-17,ACTIVE
P004830,SKU004830,Headphones 860,BR00055,CAT004,Difficult important practice free system. Bar eye able even push.,2025-05-15,ACTIVE
P004831,SKU004831,Watch 985,BR00004,CAT004,Two than fall expert economy modern. Pick be yourself media easy spring small.,2024-01-02,ACTIVE
P004832,SKU004832,Sneakers 875,BR00026,CAT002,Somebody tell again everything. Later else voice fly cold peace one.,2025-06-07,ACTIVE
P004833,SKU004833,Jeans 78,BR00038,CAT001,Red maybe office truth.,2025-10-19,ACTIVE
P004834,SKU004834,Backpack 747,BR00084,CAT003,Full stage government movement. Staff leader he consider.,2023-11-17,ACTIVE
P004835,SKU004835,Jeans 309,BR00029,CAT003,Hold include reach. Challenge difference moment suggest federal.,2023-09-21,ACTIVE
P004836,SKU004836,Saree 524,BR00008,CAT004,Rate between age personal. Class she medical different. Reveal much kitchen.,2025-07-02,ACTIVE
P004837,SKU004837,Jeans 746,BR00024,CAT005,Agency laugh mention sit painting poor about. None newspaper others PM. Month nation address.,2025-10-25,ACTIVE
P004838,SKU004838,Laptop 54,BR00044,CAT004,Establish teach career responsibility no rock perhaps. Last side four whole light.,2025-06-25,ACTIVE
P004839,SKU004839,Backpack 559,BR00042,CAT003,Hospital grow memory image into my thank. Family through talk right.,2024-05-04,ACTIVE
P004840,SKU004840,Sneakers 771,BR00068,CAT004,Through nor window some better. Own wonder attack act why experience prove.,2025-03-05,ACTIVE
P004841,SKU004841,Headphones 166,BR00077,CAT004,Increase provide read treat international.,2025-11-15,ACTIVE
P004842,SKU004842,Saree 656,BR00004,CAT005,"Article sing government must. Suggest step increase reduce. Room job PM we.
Entire plant player he.",2026-03-10,ACTIVE
P004843,SKU004843,Backpack 837,BR00023,CAT003,"Above hard hair training offer carry.
White if attack this official her.",2025-06-23,ACTIVE
P004844,SKU004844,Watch 756,BR00067,CAT001,Idea simply me six table maybe bed who. Lay artist let common. Tree skill war onto.,2024-11-02,ACTIVE
P004845,SKU004845,T-Shirt 737,BR00032,CAT004,Scientist identify base benefit herself. Truth camera design same choice first.,2024-12-10,ACTIVE
P004846,SKU004846,Saree 680,BR00066,CAT005,Raise look whatever treatment away however continue. And mother collection vote nothing really low.,2024-05-23,ACTIVE
P004847,SKU004847,Saree 714,BR00056,CAT005,National list case back community. Worker food standard vote.,2023-11-06,ACTIVE
P004848,SKU004848,Jacket 921,BR00027,CAT004,Half identify east group entire. Garden there vote study. Many central half give.,2026-04-05,ACTIVE
P004849,SKU004849,Watch 254,BR00094,CAT004,Better collection own unit Mrs seat about.,2024-03-11,ACTIVE
P004850,SKU004850,Saree 589,BR00070,CAT002,Physical imagine performance. Fire many his through civil benefit voice.,2026-08-21,ACTIVE
P004851,SKU004851,Headphones 646,BR00037,CAT001,Exactly compare start choice. One option much able three. Protect look those.,2024-02-03,ACTIVE
P004852,SKU004852,Sneakers 748,BR00046,CAT002,Easy store picture so prove.,2024-06-17,ACTIVE
P004853,SKU004853,Backpack 113,BR00052,CAT001,Ground through sign add laugh drug. Five drive thus four beautiful.,2026-03-09,ACTIVE
P004854,SKU004854,Jeans 123,BR00060,CAT004,Behind computer nice little least boy open. Compare eight population week.,2024-09-23,ACTIVE
P004855,SKU004855,Jacket 431,BR00097,CAT003,Impact throughout anyone cultural eye. Born many standard sister vote value. Moment seek can.,2025-04-22,ACTIVE
P004856,SKU004856,Saree 602,BR00087,CAT001,City blue eight travel it state better consider. Once cut collection pass forget.,2024-05-19,ACTIVE
P004857,SKU004857,Jacket 966,BR00015,CAT005,Rise only day. Agent agency lose in. Manage main beautiful.,2026-04-10,ACTIVE
P004858,SKU004858,Saree 906,BR00018,CAT003,We end player local. Force next head manage.,2025-01-18,ACTIVE
P004859,SKU004859,Watch 415,BR00024,CAT003,Do as mention another along. Energy order reflect mother attack.,2025-02-24,ACTIVE
P004860,SKU004860,Jacket 517,BR00074,CAT003,Mission second sell foreign political. Others often sister.,2025-03-02,ACTIVE
P004861,SKU004861,Headphones 332,BR00083,CAT002,Should sing lot place. Wrong leave number ability edge skill.,2024-07-30,ACTIVE
P004862,SKU004862,Headphones 716,BR00083,CAT005,Join upon standard. Model model rock describe arm.,2026-03-06,ACTIVE
P004863,SKU004863,Sneakers 167,BR00057,CAT003,Accept hotel wall policy close center. Hard prevent magazine party significant.,2025-12-22,ACTIVE
P004864,SKU004864,Backpack 904,BR00031,CAT001,Card design western evening if public wind. Call project page will.,2024-08-21,ACTIVE
P004865,SKU004865,Saree 318,BR00011,CAT005,Style bed a the.,2024-05-31,ACTIVE
P004866,SKU004866,T-Shirt 805,BR00082,CAT001,Boy thank today. Able sound hour pass leg direction.,2024-10-28,ACTIVE
P004867,SKU004867,Sneakers 920,BR00034,CAT004,That term team writer.,2025-12-20,ACTIVE
P004868,SKU004868,Jeans 789,BR00011,CAT004,Rise nature speak order set one many. As pattern perform fact better participant company.,2025-04-01,ACTIVE
P004869,SKU004869,Laptop 633,BR00008,CAT004,Others course actually strategy. We kid trade impact firm.,2023-12-15,ACTIVE
P004870,SKU004870,Laptop 561,BR00084,CAT005,Four very really speech.,2024-07-25,ACTIVE
P004871,SKU004871,Watch 42,BR00084,CAT001,However really throw be left need tree. Individual fish just control present be option.,2025-06-20,ACTIVE
P004872,SKU004872,T-Shirt 659,BR00062,CAT001,Begin fast respond prepare generation race election computer. Between then class body ever.,2023-12-04,ACTIVE
P004873,SKU004873,Backpack 387,BR00043,CAT003,Audience near case game. Some read administration us.,2024-12-10,ACTIVE
P004874,SKU004874,Jeans 169,BR00064,CAT005,Last among much impact. Trial election budget show entire. Catch ok dark.,2024-05-23,ACTIVE
P004875,SKU004875,Jeans 59,BR00008,CAT004,Share recent speak education. Southern perform reduce player. Ready discuss one job I leg under.,2024-03-07,ACTIVE
P004876,SKU004876,T-Shirt 28,BR00011,CAT001,Inside respond available allow.,2026-05-31,ACTIVE
P004877,SKU004877,Headphones 88,BR00043,CAT002,Left service all drop. Reason government watch peace whatever. Than what my.,2025-11-26,ACTIVE
P004878,SKU004878,Watch 934,BR00061,CAT005,On son shoulder rock. Left story understand thing size store.,2024-07-16,ACTIVE
P004879,SKU004879,Laptop 737,BR00060,CAT002,Under learn individual occur into worker. Live give gas.,2026-02-01,ACTIVE
P004880,SKU004880,Jeans 464,BR00052,CAT002,Wrong improve card early. Guy environment say per. While listen scene someone late.,2026-04-10,ACTIVE
P004881,SKU004881,Jeans 596,BR00068,CAT004,Summer probably them reality water bag sing story. Later image accept beautiful see out.,2024-04-07,ACTIVE
P004882,SKU004882,Backpack 504,BR00055,CAT004,Need dream heavy instead risk. Arrive partner nature true responsibility.,2024-07-18,ACTIVE
P004883,SKU004883,T-Shirt 211,BR00035,CAT005,Wind back we suddenly drive worry. Run describe stand feeling along.,2023-09-21,ACTIVE
P004884,SKU004884,T-Shirt 269,BR00047,CAT001,Themselves wind parent main yard more several fish.,2023-11-28,ACTIVE
P004885,SKU004885,Backpack 784,BR00082,CAT002,Chair word mind bad everybody.,2023-12-26,ACTIVE
P004886,SKU004886,Backpack 140,BR00065,CAT005,Film everybody rate kitchen all what. Run contain son sell arrive marriage on.,2025-01-06,ACTIVE
P004887,SKU004887,Watch 757,BR00032,CAT005,Director marriage computer worker serious reach. Every high evidence challenge admit.,2025-11-22,ACTIVE
P004888,SKU004888,Sneakers 234,BR00064,CAT001,True TV follow recent. Treatment spend question current out if clearly.,2026-08-28,ACTIVE
P004889,SKU004889,T-Shirt 376,BR00018,CAT005,Ok lose western center sister. Consumer recognize modern use.,2025-10-14,ACTIVE
P004890,SKU004890,Watch 738,BR00066,CAT004,Argue citizen set pretty another.,2025-06-21,ACTIVE
P004891,SKU004891,Watch 5,BR00055,CAT004,Dog research move with card. Game by wait pretty get head.,2024-12-24,ACTIVE
P004892,SKU004892,Headphones 864,BR00083,CAT004,Large cold look still treatment court up think. Defense anything protect natural fall.,2025-10-28,ACTIVE
P004893,SKU004893,Saree 678,BR00071,CAT002,Discover start financial start less.,2026-02-18,ACTIVE
P004894,SKU004894,Headphones 639,BR00026,CAT002,Culture behind although enough business. Eat day also quite within tough truth.,2026-05-28,ACTIVE
P004895,SKU004895,Jeans 634,BR00061,CAT005,Recently old former little it. Husband within southern tend wish.,2026-07-24,ACTIVE
P004896,SKU004896,T-Shirt 1,BR00043,CAT005,Arrive here decade fast. Decide test team thus role response include.,2026-03-30,ACTIVE
P004897,SKU004897,Headphones 637,BR00035,CAT004,Reality wall office imagine ten local on.,2025-08-08,ACTIVE
P004898,SKU004898,T-Shirt 430,BR00022,CAT003,Chance table beat better career address alone. Seat stay other. Mother morning line sit.,2026-02-09,ACTIVE
P004899,SKU004899,Watch 81,BR00049,CAT005,Take stock future single develop safe month. Share direction class identify live animal partner.,2026-08-03,ACTIVE
P004900,SKU004900,Headphones 36,BR00074,CAT001,Military sister learn court bar because. Reach use and claim avoid money term.,2026-07-13,ACTIVE
P004901,SKU004901,Saree 200,BR00038,CAT001,Federal parent strategy perhaps letter. Recent window ago cause letter.,2025-04-08,ACTIVE
P004902,SKU004902,Saree 957,BR00030,CAT005,Radio authority international find local and. Deal child necessary allow suggest light region.,2024-02-21,ACTIVE
P004903,SKU004903,Backpack 43,BR00006,CAT005,Task clear board challenge local. Likely student suffer technology item involve water.,2026-04-12,ACTIVE
P004904,SKU004904,Sneakers 822,BR00086,CAT002,Hour state boy. Hear significant federal address every. Hard response single left.,2026-08-05,ACTIVE
P004905,SKU004905,T-Shirt 832,BR00081,CAT003,Building down help remember week travel. Less law charge successful which.,2026-07-10,ACTIVE
P004906,SKU004906,T-Shirt 896,BR00047,CAT002,Suffer business term western able wall group walk. Lot individual green pass argue official.,2024-06-23,ACTIVE
P004907,SKU004907,Backpack 101,BR00077,CAT003,Cup own race family no year. Picture black scientist manage.,2025-11-17,ACTIVE
P004908,SKU004908,Jeans 977,BR00050,CAT001,Small series consumer writer skill plant sense gas. Heavy piece wind collection top wear hair draw.,2026-03-16,ACTIVE
P004909,SKU004909,Jacket 271,BR00006,CAT004,Will matter again policy. Environmental southern cup office.,2025-09-02,ACTIVE
P004910,SKU004910,Backpack 253,BR00022,CAT003,Big drop though number include. Nearly around main focus spring good young.,2024-07-17,ACTIVE
P004911,SKU004911,Jeans 14,BR00030,CAT004,Attack herself group yet. Doctor technology leader.,2023-10-20,ACTIVE
P004912,SKU004912,Watch 255,BR00039,CAT005,Policy leader speech occur surface watch attention. On culture point until most.,2024-05-22,ACTIVE
P004913,SKU004913,Headphones 922,BR00020,CAT002,Thus probably task theory during. Old professional clear media.,2025-10-18,ACTIVE
P004914,SKU004914,Saree 132,BR00045,CAT005,Wear positive people TV view.,2026-04-03,ACTIVE
P004915,SKU004915,T-Shirt 931,BR00077,CAT001,Majority sort cold sell read. Sit wall response ask worry production.,2026-01-04,ACTIVE
P004916,SKU004916,Watch 906,BR00023,CAT002,Cultural ground experience. Occur rather support thus on else term.,2024-11-28,ACTIVE
P004917,SKU004917,Saree 248,BR00035,CAT001,Support upon east their. Rest affect movement relationship time speech how these.,2025-08-22,ACTIVE
P004918,SKU004918,Watch 6,BR00092,CAT002,Care guy close could reach bed. Wait among quickly model will. Represent notice build.,2025-03-18,ACTIVE
P004919,SKU004919,Saree 836,BR00035,CAT003,Set who option direction. Involve not owner drop long level stop. Road several yeah dog live.,2025-04-06,ACTIVE
P004920,SKU004920,Backpack 694,BR00090,CAT004,Wife east glass writer garden be thought. Bad cultural difference property senior later.,2024-05-15,ACTIVE
P004921,SKU004921,Jacket 869,BR00097,CAT003,Figure on little pay talk. Usually sell anything Mr. Development usually enjoy none.,2024-04-04,ACTIVE
P004922,SKU004922,Jacket 24,BR00084,CAT004,Lay shake art door. May me ago data father group sort.,2024-03-22,ACTIVE
P004923,SKU004923,Watch 301,BR00057,CAT002,Plant maybe actually. Employee common party hand start. Image stock huge me field learn wish.,2025-07-04,ACTIVE
P004924,SKU004924,Jacket 447,BR00049,CAT003,Vote country kid rise. Concern suddenly body word keep send.,2025-06-01,ACTIVE
P004925,SKU004925,Saree 132,BR00017,CAT002,Production both give sort possible argue peace. Management minute world morning rich.,2024-06-30,ACTIVE
P004926,SKU004926,Jeans 139,BR00010,CAT003,Cold high story goal. Entire view though fine across player.,2024-05-09,ACTIVE
P004927,SKU004927,Backpack 882,BR00012,CAT005,Security we another. Price step both available we. As onto dinner every war.,2025-03-12,ACTIVE
P004928,SKU004928,Jacket 154,BR00017,CAT004,Design prevent idea. Become adult not business.,2024-05-30,ACTIVE
P004929,SKU004929,T-Shirt 159,BR00092,CAT003,Hair much knowledge sea become evening head. Expert significant better fine yeah line.,2026-04-03,ACTIVE
P004930,SKU004930,Headphones 266,BR00052,CAT005,Itself make employee individual forward.,2023-12-06,ACTIVE
P004931,SKU004931,Jeans 302,BR00064,CAT002,Bag difficult water wonder me south. Despite none six collection worker onto. Police entire anyone.,2025-01-02,ACTIVE
P004932,SKU004932,Sneakers 577,BR00064,CAT005,Read little together bag. Main part record offer paper near raise.,2025-04-26,ACTIVE
P004933,SKU004933,T-Shirt 930,BR00014,CAT003,Shoulder chair future property student admit. Action crime once matter that.,2023-11-13,ACTIVE
P004934,SKU004934,T-Shirt 158,BR00031,CAT001,National couple tonight politics. Prevent situation important bag mind.,2024-04-10,ACTIVE
P004935,SKU004935,Watch 265,BR00071,CAT004,Value answer professional of product teacher. Allow indeed task well candidate person throughout.,2024-06-11,ACTIVE
P004936,SKU004936,Headphones 205,BR00081,CAT004,Cover matter fact eat check. He power toward order star baby because least.,2024-10-07,ACTIVE
P004937,SKU004937,Laptop 757,BR00017,CAT003,Really condition ahead answer. Rock heavy or sit. Hard century try recently many southern.,2024-01-16,ACTIVE
P004938,SKU004938,Sneakers 771,BR00087,CAT002,Want truth car quality production federal. Prevent actually despite military must cold.,2023-11-30,ACTIVE
P004939,SKU004939,Sneakers 462,BR00065,CAT004,Politics relationship sport. Effect prepare mean would money company themselves maintain.,2026-06-20,ACTIVE
P004940,SKU004940,Laptop 82,BR00066,CAT004,Home while blood animal writer risk. Ok true every better tree.,2024-06-03,ACTIVE
P004941,SKU004941,T-Shirt 637,BR00081,CAT005,Among hear seven chance explain seat. His Mrs guy again nor act ability information.,2025-01-05,ACTIVE
P004942,SKU004942,Watch 454,BR00006,CAT001,Former work close especially. Parent hour decision environment summer decision.,2023-11-04,ACTIVE
P004943,SKU004943,Watch 190,BR00088,CAT001,Story range campaign concern song try consider. Student mouth little officer central less really.,2025-07-19,ACTIVE
P004944,SKU004944,Jeans 119,BR00033,CAT001,Top eat laugh wear. Yard beautiful agreement along. System factor for day give most.,2026-04-21,ACTIVE
P004945,SKU004945,Watch 162,BR00092,CAT005,Million study and result fact moment. Air conference still direction star clearly.,2024-06-13,ACTIVE
P004946,SKU004946,Watch 949,BR00035,CAT001,Study turn rule institution true reality. Not employee serious chair country TV last dinner.,2026-01-22,ACTIVE
P004947,SKU004947,T-Shirt 394,BR00082,CAT005,What window on put common. Though article art. Finally yeah bag fall nor.,2025-09-20,ACTIVE
P004948,SKU004948,Saree 188,BR00008,CAT004,Relationship strong heavy tend big upon. Pm standard receive big analysis relate. This edge boy.,2025-06-13,ACTIVE
P004949,SKU004949,Backpack 27,BR00021,CAT004,Home decade meet education traditional. Catch other remember growth themselves.,2025-03-31,ACTIVE
P004950,SKU004950,Watch 552,BR00044,CAT002,Bit receive this subject hit cell allow draw. End weight house.,2025-08-19,ACTIVE
P004951,SKU004951,T-Shirt 681,BR00094,CAT005,Air indeed class. People star size last decide available difference.,2023-10-31,ACTIVE
P004952,SKU004952,Jeans 341,BR00092,CAT003,Practice environment important race face follow water. Eight job quickly grow within himself early.,2026-02-11,ACTIVE
P004953,SKU004953,Saree 376,BR00090,CAT004,Little affect cover picture community gun explain. Large stand war support whom bring support.,2024-05-28,ACTIVE
P004954,SKU004954,Backpack 424,BR00058,CAT003,Meeting leg before must concern organization outside. Wish bag avoid mention.,2024-04-30,ACTIVE
P004955,SKU004955,Sneakers 79,BR00032,CAT004,Picture again white special through. Street sense parent live fire staff.,2025-02-03,ACTIVE
P004956,SKU004956,T-Shirt 407,BR00066,CAT003,Voice attorney clear agreement mind. Policy executive more fine consumer your operation accept.,2024-08-05,ACTIVE
P004957,SKU004957,Backpack 102,BR00029,CAT001,Thousand go will his mission represent today choose. With our young.,2025-04-23,ACTIVE
P004958,SKU004958,T-Shirt 623,BR00097,CAT004,"Order trade business.
Stock return test. Him charge clear feel foreign.",2024-10-24,ACTIVE
P004959,SKU004959,Watch 118,BR00086,CAT001,"Relate place side side early. Night eat future author building environment.
Affect fill from.",2023-09-22,ACTIVE
P004960,SKU004960,Headphones 180,BR00006,CAT001,Successful so clearly our. Almost page investment whole either suggest day.,2026-08-10,ACTIVE
P004961,SKU004961,Backpack 947,BR00050,CAT003,This article collection serve rest. Reveal would itself rich like all capital.,2026-09-13,ACTIVE
P004962,SKU004962,Sneakers 511,BR00034,CAT004,Fund office what. Nice opportunity attention. Many color why art.,2026-04-09,ACTIVE
P004963,SKU004963,Laptop 272,BR00036,CAT003,American reason total. Item forget section coach.,2025-06-17,ACTIVE
P004964,SKU004964,Saree 864,BR00005,CAT003,"Risk top friend summer.
Morning month family doctor. Buy treat amount nice.",2026-08-09,ACTIVE
P004965,SKU004965,Headphones 362,BR00020,CAT004,Among material care physical see prepare right design. Always only he course.,2026-01-07,ACTIVE
P004966,SKU004966,Backpack 448,BR00072,CAT001,Treat tonight behavior food enjoy. Resource mouth career huge.,2024-10-28,ACTIVE
P004967,SKU004967,Watch 298,BR00003,CAT002,Score somebody set catch here reason card raise.,2026-03-17,ACTIVE
P004968,SKU004968,T-Shirt 248,BR00099,CAT002,Such field spend above line. Civil difference positive stock together century body.,2025-06-12,ACTIVE
P004969,SKU004969,Sneakers 623,BR00071,CAT002,Measure clear hand stuff sister course tend mind. Budget everyone fish lead read reflect.,2026-09-02,ACTIVE
P004970,SKU004970,Saree 937,BR00071,CAT003,Feeling tend tough authority hope himself. Style from choose.,2025-05-31,ACTIVE
P004971,SKU004971,Backpack 223,BR00052,CAT001,Apply although collection job she. However develop final site challenge citizen.,2024-02-02,ACTIVE
P004972,SKU004972,Sneakers 316,BR00059,CAT001,Police third cost scene travel. Various hundred return six cause provide when.,2025-11-23,ACTIVE
P004973,SKU004973,Laptop 429,BR00009,CAT005,While plant where fast section where film. Alone vote brother.,2024-01-23,ACTIVE
P004974,SKU004974,Jeans 750,BR00041,CAT001,Central amount focus capital join if. May herself word traditional require poor occur body.,2026-02-01,ACTIVE
P004975,SKU004975,Jacket 294,BR00093,CAT001,Fire wrong page cup. Bill maybe rather according order.,2025-03-10,ACTIVE
P004976,SKU004976,Sneakers 673,BR00050,CAT001,Necessary ago government life choose development. Energy memory forget you.,2025-08-29,ACTIVE
P004977,SKU004977,Jacket 188,BR00054,CAT005,Watch should finally benefit sell nation.,2025-01-28,ACTIVE
P004978,SKU004978,Jacket 160,BR00069,CAT002,Entire her TV thought fear brother. Successful consumer candidate mean lay piece want among.,2023-12-12,ACTIVE
P004979,SKU004979,Headphones 48,BR00050,CAT002,Matter start fast only wind call discuss. Reason market her drug girl.,2023-12-13,ACTIVE
P004980,SKU004980,Saree 360,BR00062,CAT002,Enjoy worry else grow. Attack single computer foot. Agree wide everything quickly state treat want.,2025-06-13,ACTIVE
P004981,SKU004981,Headphones 851,BR00092,CAT002,Message quite effort. Help yet treat a yeah.,2025-11-19,ACTIVE
P004982,SKU004982,Jeans 52,BR00080,CAT004,Dog deal just heart door. Dinner purpose training writer leave group by.,2024-06-04,ACTIVE
P004983,SKU004983,Laptop 723,BR00060,CAT005,Pm least girl. Teacher letter main change.,2025-12-24,ACTIVE
P004984,SKU004984,Sneakers 801,BR00059,CAT004,Around understand open wall. Interview law recent down attorney next.,2023-10-26,ACTIVE
P004985,SKU004985,Laptop 194,BR00093,CAT003,A born management why protect door east organization. Board one news small concern tell.,2024-03-20,ACTIVE
P004986,SKU004986,Watch 708,BR00053,CAT001,Soldier woman focus. Form fact court box term model player focus. Agent break rest to star big.,2023-12-20,ACTIVE
P004987,SKU004987,Backpack 119,BR00029,CAT001,Source simply end specific. Condition thus player.,2025-03-04,ACTIVE
P004988,SKU004988,Laptop 12,BR00060,CAT004,Save system kitchen article beyond class maybe not. Tax relate car trial trade cup.,2023-11-11,ACTIVE
P004989,SKU004989,Headphones 383,BR00015,CAT004,Sometimes record music. Manager let doctor suffer new few several.,2024-01-22,ACTIVE
P004990,SKU004990,Saree 690,BR00083,CAT002,Could would bad however mean source. Must lawyer the also. Best again because case.,2023-12-07,ACTIVE
P004991,SKU004991,Laptop 125,BR00030,CAT003,"Floor else low.
With history his consider. Far six learn drive floor those bag.",2026-03-11,ACTIVE
P004992,SKU004992,Sneakers 190,BR00091,CAT002,Success ever draw base begin morning heart. Institution trouble staff mother smile.,2024-10-31,ACTIVE
P004993,SKU004993,Watch 122,BR00021,CAT001,Commercial drive to help seven. Little yeah anyone my red discuss. Call policy tax group husband.,2026-01-18,ACTIVE
P004994,SKU004994,Headphones 423,BR00096,CAT005,Popular result remain movement beautiful work.,2026-07-19,ACTIVE
P004995,SKU004995,Saree 188,BR00069,CAT002,Market market degree. Our quite present big. Skin bank open reflect.,2025-12-23,ACTIVE
P004996,SKU004996,T-Shirt 768,BR00007,CAT001,Poor baby eye clear night animal. Keep never apply.,2025-02-12,ACTIVE
P004997,SKU004997,Headphones 376,BR00083,CAT001,Century American need campaign nearly return product. Hot world right. Hair particularly space.,2026-03-02,ACTIVE
P004998,SKU004998,Laptop 86,BR00044,CAT001,"Most two be prepare course seek customer. Protect rich free.
True fly table build long tough.",2025-08-12,ACTIVE
P004999,SKU004999,Laptop 108,BR00035,CAT002,Why able role. Return west however each. About knowledge thought plan bit or.,2024-06-08,ACTIVE
