attribute_id,sku_id,color,size,material,gender,season
0ae6b4ff-9222-415e-aeae-a2660930980b,SKU000000,White,XXL,Leather,Men,Summer
fe19dd18-e282-472a-8fd6-ccfd54756ddc,SKU000001,Black,L,Leather,Women,Winter
3be70b0c-e0c0-4b41-88d8-bfb9b411c6e0,SKU000002,Green,XXL,Cotton,Women,Summer
c5274d0b-8c10-4f80-83cd-5948ec9b465f,SKU000003,Red,S,Denim,Women,Winter
8467f3e7-fda0-4129-8072-860aca4a425d,SKU000004,Green,XXL,Cotton,Women,Summer
7df84a13-6986-4705-891b-f06bc5098532,SKU000005,Red,XXL,Denim,Men,Summer
c34b92b4-6805-45db-a8a3-3ad0bd3be586,SKU000006,White,L,Cotton,Men,Winter
ee92aa13-b419-42b7-a01b-2eefec5b1b79,SKU000007,Blue,S,Leather,Women,Summer
2cdb91ed-5fc4-4311-bed2-316b175ed968,SKU000008,Blue,L,Leather,Women,Summer
acc667c1-9458-4b8c-9ae5-c515f765c898,SKU000009,Green,XXL,Leather,Men,Summer
39b70dce-82a5-4026-925b-c37df6b6667f,SKU000010,Black,XL,Cotton,Men,Winter
eb9df5cf-fe7d-4f0c-83af-d024b83dacb5,SKU000011,Black,XXL,Leather,Men,All Season
e051a773-8ca7-4103-b775-25c3c543e50e,SKU000012,Red,XXL,Polyester,Men,Winter
eda37ca3-add7-4b60-a0a5-10d240fc1f97,SKU000013,Red,XS,Denim,Men,Summer
f3dac192-3458-4abd-b576-1411764224ef,SKU000014,Green,XL,Cotton,Men,All Season
6fb5353c-e505-412f-b783-159a1df76df4,SKU000015,Blue,L,Cotton,Men,Winter
831ea16e-b6ae-446b-b138-7295f807888b,SKU000016,Black,M,Cotton,Women,All Season
b03433fb-bf2d-45cc-90ec-37df9595c9c0,SKU000017,Black,XXXL,Polyester,Men,Winter
0d0bd4c9-b046-4260-893e-7bc91a2e1ba0,SKU000018,Black,S,Cotton,Men,All Season
196a0860-8f34-43ea-9c04-ec8bb289c875,SKU000019,Black,XL,Polyester,Men,All Season
a6ad238c-6a28-4cd3-9a5e-f88cc8f64dda,SKU000020,Green,M,Leather,Men,All Season
a76a1b2b-c253-4a4d-a95f-3aaae4651a71,SKU000021,White,XS,Leather,Women,Summer
84d24e3b-eb85-45a9-98c2-52ab22345eaf,SKU000022,White,S,Denim,Women,All Season
16bd7261-af32-4583-a4f9-737a43c958ef,SKU000023,Red,XS,Denim,Men,Winter
6beff967-69af-4330-a326-4d69b9d07fa2,SKU000024,White,XXL,Leather,Men,Winter
09874c96-fd35-4af3-9135-5fa5e5183ae3,SKU000025,Black,XL,Polyester,Women,Summer
3c0ec80c-322f-467f-9cc0-529c38ec2089,SKU000026,Green,S,Cotton,Women,Summer
da4ab716-d79b-47b7-9426-4eae99001720,SKU000027,Red,L,Denim,Men,Summer
7a18a897-434a-4707-8e40-75e41d8c8c7d,SKU000028,Green,XXXL,Denim,Men,Summer
42002f4f-3d1a-46fd-9249-7814cadd6b86,SKU000029,Red,L,Denim,Women,Summer
a04d749b-4237-4922-a9b2-bc28ae0a07d4,SKU000030,Blue,M,Leather,Men,Winter
0c2141a5-dfe0-4dfb-a22b-9630c9ce263c,SKU000031,Green,S,Polyester,Women,Winter
8f967548-44d2-45b1-a6d2-fb1c591ace61,SKU000032,Red,L,Cotton,Women,All Season
ae4da125-2179-4168-b122-864c2ac0b876,SKU000033,Red,XL,Polyester,Men,Summer
392fd5a6-4d45-4800-b5ae-9398d4b95f00,SKU000034,Green,XS,Leather,Men,All Season
f349564f-9f93-4bff-8762-16d6cf0f5fb3,SKU000035,Red,XL,Leather,Men,Winter
796c147c-a21f-4887-8bcf-274b86860c98,SKU000036,Black,S,Denim,Men,Summer
4156ba38-27eb-4f19-a892-f631805f0c6f,SKU000037,Green,XS,Leather,Men,Winter
9849c391-6427-41cf-b0c7-93aaef3802c0,SKU000038,Green,L,Polyester,Men,All Season
21760112-3b07-4d88-b15d-f55172cd3d9e,SKU000039,Red,L,Leather,Men,Winter
46783f32-5815-41a4-86cf-a5028c4fd63e,SKU000040,Red,M,Denim,Men,All Season
134bbd51-88db-4e5a-8a33-7790a71384b3,SKU000041,Blue,XXXL,Polyester,Women,Winter
375fd23f-beab-4210-bb37-a8b611987ca2,SKU000042,Blue,M,Polyester,Women,Winter
04d2324d-05fb-42d9-b7bf-ec75b748337c,SKU000043,Red,XXL,Leather,Women,Summer
6bb8732f-9d8a-460b-9549-14f56dad39db,SKU000044,Red,XXL,Denim,Women,Winter
9228d200-0bab-4f0d-ade6-f23f1274556d,SKU000045,Blue,XL,Leather,Women,Summer
31fec673-ae83-44b1-824c-0f1707d8e1c5,SKU000046,Blue,L,Cotton,Men,All Season
c018eed1-9402-412f-bf1e-9b4e72d2fce7,SKU000047,Blue,XL,Leather,Women,Winter
bb8abcc9-df25-4fcf-919f-540f395a87f8,SKU000048,Green,M,Cotton,Women,Summer
df244e48-5d89-4240-a4ce-e9b728f41e8c,SKU000049,Green,XS,Cotton,Men,Summer
454dbaa5-95d6-4487-8553-e8dcdc5bf844,SKU000050,Black,S,Cotton,Men,Winter
57fa57c1-86ae-4112-a2b7-5aefc44dd5ad,SKU000051,Blue,XXXL,Cotton,Women,Summer
e2892385-48bf-4b23-b2e9-cedf11eca75f,SKU000052,Black,XXXL,Denim,Women,Winter
5782464c-7254-4ebe-ae1b-4cbe3de6a7a5,SKU000053,Blue,S,Cotton,Men,Summer
30dbc9a2-a60f-49b8-b39e-e1f09094d23a,SKU000054,White,XXXL,Denim,Women,Winter
311ff60b-bd7b-4872-8f14-c91c7ce5ac0f,SKU000055,Red,S,Polyester,Women,All Season
11012320-fcdf-41a9-9b93-ade99612e6c5,SKU000056,Blue,L,Denim,Men,Winter
88f7bca8-7d10-498b-a407-d4cff3dc71a2,SKU000057,White,S,Leather,Women,Winter
5c9e652a-82df-43e7-86fc-8182a3800273,SKU000058,Blue,XXXL,Denim,Men,All Season
94a5a08d-54a9-42d7-9389-985d55d287fc,SKU000059,Green,XS,Polyester,Women,Summer
d02946cb-617a-4791-bf5f-831e0d5fa450,SKU000060,White,XS,Polyester,Women,Summer
b6efdfc7-f31a-4915-8e45-9da1f04e43b6,SKU000061,Green,S,Denim,Men,All Season
5a90c952-11d9-4931-a1bc-3ee53421e158,SKU000062,Blue,M,Polyester,Men,Winter
03f2fd49-77ed-42b6-a573-e0ce14dade20,SKU000063,Green,S,Leather,Men,Summer
96ac796a-fc33-47cd-972a-7411012fb0b4,SKU000064,White,XXXL,Denim,Women,All Season
ff1ecfdb-93ef-4a88-89fb-178589a9f974,SKU000065,Red,L,Denim,Men,All Season
3977038f-4914-462a-9c58-85a2494490b4,SKU000066,White,S,Polyester,Men,Winter
0adbcda1-dd93-4f2f-9dbd-b7d1427eaef6,SKU000067,White,XL,Leather,Women,Winter
d7618054-72dd-49b3-99bc-1ecb7495eb59,SKU000068,Red,XXXL,Polyester,Men,All Season
84cd63f1-c92c-41c6-9704-dda54cbb6c34,SKU000069,White,XXL,Polyester,Women,Summer
065d266a-5074-4799-9091-2912a93c6ff0,SKU000070,White,XS,Polyester,Men,Summer
7f610c55-976d-44f6-834c-ba9f77e85370,SKU000071,Blue,XL,Denim,Men,All Season
c0780c7a-400a-4a08-951a-43ed602f223b,SKU000072,Red,M,Leather,Men,Winter
9c513180-e8ab-4a53-9704-c5c56f1aa9c7,SKU000073,Black,XS,Leather,Women,All Season
a655a6ab-7026-4ba6-9e99-c19cb3b1b695,SKU000074,Black,XXL,Polyester,Men,Winter
3f56d2d7-0b41-40ce-9827-fffa5b02893a,SKU000075,Green,XXXL,Denim,Women,Winter
e57c73c1-71ed-4f79-9422-b07834006460,SKU000076,Green,XL,Leather,Women,Winter
f0ef8c09-e362-4b12-b34c-7949f53f6c09,SKU000077,White,XS,Leather,Women,Winter
b782ebfb-6037-4e04-925b-480a1d998131,SKU000078,Red,XS,Polyester,Women,All Season
a08e7219-5ef3-4aaf-be1e-145ca265a780,SKU000079,Red,XS,Denim,Men,Winter
1a750598-051c-4267-b185-b925eff8703c,SKU000080,White,XL,Leather,Women,All Season
391e02a6-4913-4cf9-879e-d036dbefdc92,SKU000081,Red,XXXL,Cotton,Men,Summer
a5c9ef37-325e-4b0d-934a-d7bcb92cd9ea,SKU000082,Blue,XXXL,Polyester,Women,Winter
4070116c-31e4-47a5-9992-1379b5906f3a,SKU000083,Black,S,Cotton,Women,All Season
a80821c1-f980-402a-aafc-0011265d2a9d,SKU000084,Green,XXL,Denim,Men,All Season
6af113d0-fb8e-4297-9d5d-572880853184,SKU000085,Green,L,Cotton,Women,All Season
e733526e-d60d-4108-95d5-5d5187f386d7,SKU000086,Red,XL,Denim,Women,Summer
b57690a3-f3a5-4263-8fec-08bddc495f19,SKU000087,Red,XXXL,Polyester,Men,Winter
1eb379fa-0492-4cf5-9017-e8414a262921,SKU000088,White,M,Denim,Women,All Season
d8edd1a4-47e3-43e4-a8cc-afe16d96ed44,SKU000089,Blue,XL,Cotton,Men,Winter
a95c494b-7335-4701-9fea-6009dcb07d73,SKU000090,White,XXXL,Leather,Women,Winter
d0c2fabc-21a0-4e84-a902-a6a2b249d429,SKU000091,Red,S,Cotton,Women,All Season
50f68a83-2009-48a8-bccd-f774c28766ce,SKU000092,Red,L,Polyester,Women,Winter
1bb77d94-cc28-43e4-8012-cfa81aa4f3a5,SKU000093,Green,XL,Leather,Women,All Season
6060a0a6-3ae5-4621-9437-c1a2977d9b84,SKU000094,Red,XL,Denim,Women,Winter
b446ddc5-c29a-46b8-bdab-bc5de72f71a5,SKU000095,White,S,Denim,Women,All Season
70d3ac5e-8fc0-401b-a077-d8d9ee2063e8,SKU000096,Red,M,Leather,Men,Winter
a23c84b5-d666-4c57-985b-1bd624652a7d,SKU000097,Green,M,Polyester,Women,All Season
29e5a26c-afec-40b0-9a78-1c5b89653bde,SKU000098,Blue,XS,Polyester,Women,Summer
b99ca7b8-8cc3-4803-9b6e-aa1186681156,SKU000099,White,M,Cotton,Men,Summer
af57c76a-469a-47c3-a266-32164f203d23,SKU000100,White,S,Cotton,Men,Winter
f5e650de-4e4f-4318-b83d-527cf6adb6e2,SKU000101,Green,XL,Leather,Women,Winter
8fc55301-a68f-4d5a-b445-55112f033321,SKU000102,Green,L,Denim,Men,Summer
d1a57063-072f-4d0b-85ae-549a1d70b185,SKU000103,White,XS,Polyester,Women,Winter
5bc7abdd-cd33-40ba-9c85-e2fb4b834fc1,SKU000104,Blue,XXXL,Polyester,Men,Summer
c9bdc62a-481f-4d9d-b918-b5c5600643f6,SKU000105,White,L,Cotton,Men,All Season
75626bd4-0ce1-41fa-8409-7f0a818009ca,SKU000106,White,XL,Polyester,Women,All Season
bf9c476d-f021-44e4-b2a5-15978520ddd3,SKU000107,White,XXXL,Polyester,Women,Summer
0e9748f0-778e-4218-8501-11ce0b86ac07,SKU000108,Green,XXXL,Denim,Men,All Season
c2753ccb-d50b-41da-8898-ad920234e55e,SKU000109,Red,XS,Leather,Men,All Season
53e11051-e62e-49e4-ae2f-22f591f0beca,SKU000110,Red,XL,Denim,Women,Summer
60cbebc3-b44f-422f-9904-deff7f319bcc,SKU000111,Green,M,Cotton,Women,All Season
417ac4ab-6496-4b78-8369-4f4cfc7519ba,SKU000112,Black,M,Polyester,Women,All Season
d65965b3-9586-42f0-958f-f436f269dbf9,SKU000113,Green,XL,Denim,Women,Winter
dd2b415f-9493-47a6-83fb-61ac7dbfd09a,SKU000114,Green,S,Leather,Women,All Season
57bd3197-d244-44c0-8859-4bcadfecc373,SKU000115,Black,XXXL,Leather,Women,Summer
4e4ab8ca-0668-4a95-bdb2-d432e50c4e9e,SKU000116,White,S,Polyester,Women,Winter
b34c2804-377b-4c4a-8c84-81911b39b050,SKU000117,Black,XXXL,Leather,Women,Summer
a8f2be02-ef0a-4ff1-8863-e9bfafc8c5c0,SKU000118,Black,M,Leather,Men,Winter
595c07a6-b936-469e-a302-6ded42d4b740,SKU000119,Black,XL,Denim,Women,Winter
dc51d074-af37-43c0-baf0-2f5175c539ba,SKU000120,Blue,XXL,Denim,Women,All Season
10846cc7-7322-4508-8c01-019f5eda30de,SKU000121,Black,L,Leather,Women,Winter
a32ada8b-0f19-4b0d-9f46-502bc19e4291,SKU000122,Black,L,Cotton,Women,All Season
e14d9172-dbc3-4b91-aa4e-4e0b52916056,SKU000123,Red,XL,Polyester,Men,Summer
7cb81aeb-e37c-4046-abda-ec7cf0a73b68,SKU000124,Blue,XS,Denim,Women,Winter
333aa747-24f9-4bae-bfbb-6c4c1d21213a,SKU000125,White,XL,Leather,Men,Summer
913d06bf-dea9-4b7d-8aa4-c72ee7edcc57,SKU000126,Black,XXL,Leather,Men,All Season
f5bdcf3c-eb17-44ad-8c9f-de7e636e9b13,SKU000127,Green,S,Leather,Men,Summer
1c7ee105-9c08-4f3b-9e27-e3a891ff235e,SKU000128,Red,XXXL,Cotton,Men,All Season
6b873a03-cab4-487b-b8c0-81759ec5bfe1,SKU000129,Black,XXL,Denim,Women,Winter
22706899-ecbe-4e60-be22-1e4c26807080,SKU000130,White,XXL,Polyester,Women,Winter
5475b049-96dd-4f3a-8e37-73509165e314,SKU000131,White,XXL,Polyester,Men,Summer
eef00828-c347-4e5d-bbd5-97aa86922d50,SKU000132,Red,L,Denim,Women,All Season
931ba6ce-9c60-4314-b47e-b7d90523929f,SKU000133,Green,L,Polyester,Women,All Season
9f2656e0-abe4-43ff-9e8e-4c5a918f34b9,SKU000134,Blue,M,Cotton,Women,Winter
efad9768-0121-4802-b9e7-651e6cfa4db5,SKU000135,Red,XXXL,Leather,Men,Winter
8d54f36f-ec2e-4aea-8879-f3e998b48a3f,SKU000136,Blue,XXXL,Denim,Women,All Season
685492bf-1180-47e5-bcc1-10ffdbcba1d4,SKU000137,Red,L,Cotton,Men,All Season
65da41a4-d6b9-4554-aa9d-0621167cfc0a,SKU000138,Red,M,Polyester,Women,Winter
13eff83c-695c-49d2-869d-064067ca2341,SKU000139,Red,L,Leather,Men,Winter
4406bb34-b295-443d-a8c8-43847fdfb95e,SKU000140,Blue,M,Leather,Men,All Season
0851c618-e6e4-49a8-bbac-8c762b4db23b,SKU000141,Green,XXXL,Denim,Men,Summer
4cafc3aa-0055-4699-8651-d55a71bb2a41,SKU000142,Black,XL,Denim,Men,Summer
b338fb33-f08a-4721-8ca5-14c19c1ebd99,SKU000143,Blue,XXL,Cotton,Women,All Season
798d5a86-823e-4545-b762-94c4edcf2158,SKU000144,Black,XL,Leather,Women,Summer
8b5bfdd0-09e0-45eb-a0cf-d9946faaa7f6,SKU000145,Red,M,Denim,Women,All Season
508432db-884a-4862-8f05-82ed97babab8,SKU000146,Black,M,Leather,Women,Winter
da859eb4-4c07-4c98-b18a-95ea8bbaf55a,SKU000147,Black,XXXL,Leather,Men,Summer
964dee62-9779-4930-8139-2852f3a32321,SKU000148,Black,L,Denim,Men,All Season
2372b298-7385-4db7-888a-2c9ef8ddf105,SKU000149,Green,XXXL,Leather,Men,Winter
96909222-766d-4d29-8d69-53300914a128,SKU000150,Green,S,Polyester,Men,Winter
e6c45918-feae-4523-9bee-a17c2ae55227,SKU000151,Green,S,Leather,Women,Winter
16813935-fb47-41a6-89df-a9277dfe8ac0,SKU000152,Black,S,Polyester,Men,Winter
e1dfde9e-54d1-4095-afa8-e925aae02c36,SKU000153,White,L,Leather,Men,Summer
f76f8444-afa1-4ec8-9495-d88a2b531231,SKU000154,Red,XXXL,Leather,Women,All Season
62697c02-990d-40c0-875d-8fc8e3db2a91,SKU000155,Red,M,Cotton,Women,All Season
63d40aba-872d-4197-a077-b0d21189d144,SKU000156,Black,XS,Leather,Men,Summer
22a651b7-154a-4b12-90d7-26b814df18e6,SKU000157,Blue,XL,Cotton,Women,Summer
095a17b0-d207-43c7-8ecb-64bb7df091f2,SKU000158,Red,S,Denim,Men,All Season
0d56bbd2-42f1-48fa-ad78-277a9fecd3fd,SKU000159,White,XXXL,Polyester,Women,All Season
25ebd459-9644-4f48-9a11-5e070c730c2e,SKU000160,Green,S,Leather,Women,Winter
dc1a5ba0-d8fb-4274-8fbf-787ac8b8ca52,SKU000161,Red,M,Leather,Women,Summer
ed7bcf43-aea5-420b-b80a-86925325cb20,SKU000162,White,S,Denim,Women,Summer
01748c44-91f7-49ae-8846-b85f6418b766,SKU000163,Black,L,Polyester,Women,All Season
13a81d71-66ce-4adf-abe4-ac9b727d5a5a,SKU000164,Black,XS,Leather,Women,Winter
ebac00bb-ab97-4e74-8c5d-1c4a95c2372c,SKU000165,Red,XXXL,Polyester,Men,All Season
313894b8-141b-4114-b2c5-0c58abdb1292,SKU000166,Black,XS,Leather,Men,Summer
9c38e8a0-c54e-46a3-97a4-4bea648d7f61,SKU000167,Blue,XL,Leather,Women,Winter
da7a4596-c02d-4227-83f8-8f80744ca8b2,SKU000168,White,L,Cotton,Women,Winter
c984c589-f6e3-4460-88c1-a2a0d9336c41,SKU000169,Red,XS,Leather,Women,All Season
7f7a6f93-7543-4282-9e02-ddd13bcbd671,SKU000170,Green,XS,Polyester,Women,Winter
abe3ca12-2884-4d76-979b-16ea718bf669,SKU000171,Red,XS,Leather,Women,Summer
cd21efb3-27e4-4767-bbbc-bfb3a0d4441f,SKU000172,White,M,Polyester,Men,Summer
a8398ffc-bf1e-49e2-b2b5-98f37e8e558e,SKU000173,Red,XXL,Polyester,Women,Winter
4df6bcba-7179-44c7-8feb-ab4eadbebedb,SKU000174,Blue,S,Cotton,Men,Winter
5a2d40f6-3ca7-498c-9ade-e4c25f99fa80,SKU000175,Black,XS,Leather,Men,Winter
b5f8424c-78b8-4d96-937b-4f60524e1d28,SKU000176,Red,M,Cotton,Women,All Season
f54db931-6791-494d-b3fc-36c8cd2a86af,SKU000177,Green,XXXL,Polyester,Women,All Season
b1aa51e7-3826-454a-a6d4-1c8e5061a5d6,SKU000178,White,M,Cotton,Women,Summer
eda3a62d-1ed4-4776-8a00-ce8d524405e7,SKU000179,Red,XS,Cotton,Women,Summer
67a8a49e-90e4-4a20-bf91-e630ad54d7b1,SKU000180,Blue,L,Leather,Women,All Season
8eb3090a-f335-4063-992c-39382e017439,SKU000181,Green,M,Cotton,Men,Winter
fa6d3840-d0cf-43eb-ace2-d424fb80f698,SKU000182,Red,XS,Denim,Men,Winter
da72d260-d266-4379-b926-26f4eb9a0fdb,SKU000183,Black,XS,Leather,Women,All Season
6666b013-f4e8-4951-b478-0425efba57ef,SKU000184,Black,XXL,Cotton,Men,Winter
8187f113-fb5d-4cf5-993f-d10fe96c3da1,SKU000185,Blue,M,Leather,Women,Winter
68f5142e-bd21-4e88-a8a0-761e7936359c,SKU000186,Green,S,Polyester,Men,Winter
68dbb0a0-9c64-4522-8447-5eedd33e48b3,SKU000187,White,XL,Leather,Women,All Season
b70871bd-702d-4572-a32a-aae5c52f3b32,SKU000188,Blue,S,Denim,Women,Winter
5615acd0-ce11-41b2-b1af-46a3a63093e3,SKU000189,Red,L,Leather,Women,Winter
bdb916c3-c00a-4426-bd62-ca2a24566ecf,SKU000190,Green,XS,Polyester,Men,All Season
f12a98b5-3276-4017-8966-26a7d71301f2,SKU000191,Blue,M,Polyester,Women,Winter
ecbb723c-635e-44de-b824-4a315d8d5ec9,SKU000192,Green,XXXL,Polyester,Men,All Season
e473af03-f9ef-48aa-a9e9-ca9ccdc880dd,SKU000193,Blue,XL,Leather,Men,Winter
ec72d000-3dd4-48c6-b866-2df0a86ad0bf,SKU000194,Black,S,Leather,Women,All Season
f102dca6-6c20-4aad-966d-275e89512417,SKU000195,Green,XXXL,Polyester,Men,All Season
9a7ecc3e-17e3-4670-8794-df0a1316eb32,SKU000196,White,L,Cotton,Women,All Season
d6e7dc82-baae-4c59-aac4-e3f418283846,SKU000197,Green,S,Polyester,Men,Summer
b105ca2c-3a54-4538-a322-7ef506e7efb1,SKU000198,Black,XXL,Cotton,Women,All Season
65441703-8a52-4321-914b-73a0c8518deb,SKU000199,Blue,XXL,Cotton,Men,Summer
23c48f15-7a09-4c28-b82c-1f622aa585a7,SKU000200,Red,M,Polyester,Women,Summer
b0dce402-df3c-4159-9a35-d9060837b2ec,SKU000201,Green,XL,Leather,Women,All Season
b6536ab3-c3fa-49f4-8fc0-82e16427cf58,SKU000202,Green,XL,Denim,Men,Winter
21def696-f194-4af3-ab4b-c2656312102f,SKU000203,Green,S,Polyester,Women,Winter
a0363d36-7357-492a-ae9e-e9ad78d18c89,SKU000204,White,M,Polyester,Men,Summer
8a358c62-868a-44bf-bcb7-a2d7e3a8c99f,SKU000205,Blue,XS,Cotton,Women,Winter
89eb5a6c-439d-42b7-a2a2-84de63fef810,SKU000206,Blue,XL,Polyester,Women,Summer
d8c9d72e-2ba6-44fc-8903-13ab3ee0413d,SKU000207,White,S,Denim,Women,Summer
758a1861-d29e-4f7d-899e-64b67c2cae88,SKU000208,Red,L,Cotton,Men,Winter
6583c617-d6fd-4d2a-b1ff-366959bca847,SKU000209,Blue,S,Cotton,Men,Summer
9d740739-b89b-4c80-b6dd-8a55f042c010,SKU000210,Black,L,Leather,Women,Winter
eca42c79-6de1-4263-bc90-2666f1560af0,SKU000211,Blue,L,Leather,Women,Summer
65dd2591-a8ef-45f0-9548-cb7294a95963,SKU000212,White,XS,Denim,Men,Winter
1e20d531-5d7e-47ee-ab40-7d94b7d368b0,SKU000213,Blue,S,Polyester,Men,Winter
bf0509bb-e07f-4c09-9304-f35912bad200,SKU000214,Red,S,Denim,Women,Winter
d20c0ede-a027-49f5-be1c-76f2eae4b486,SKU000215,White,XL,Cotton,Men,Winter
f12c62c3-2f1a-46e5-8079-3f751e1524bb,SKU000216,Blue,L,Denim,Men,Summer
3043a4a0-e2f5-4ed1-aaba-2be653f3500d,SKU000217,White,XXXL,Leather,Women,Winter
106aed8c-4b21-48f7-9666-f4e9943c7805,SKU000218,Red,M,Cotton,Men,Summer
bc80fa83-5796-4914-94d7-e055b4a08754,SKU000219,Blue,XXXL,Leather,Men,Summer
3eef2d61-8484-401e-bd86-8c1b1ded9ef9,SKU000220,White,XL,Cotton,Men,All Season
fd5ed22f-0ff5-40e3-a9ae-10b23426b9fe,SKU000221,Black,XXL,Leather,Women,Winter
ece98937-8638-4564-9df4-01a87d5ed8d8,SKU000222,White,M,Leather,Women,Summer
515474ec-bfce-482f-aac9-81b933102a79,SKU000223,Blue,XXL,Polyester,Women,Summer
20f0109c-4884-4937-8f63-3f3e1cf60172,SKU000224,Blue,S,Denim,Men,Winter
dbc27adc-2f87-4fd3-a0ab-3a51a3d18014,SKU000225,Red,XL,Cotton,Women,All Season
5db80b72-8257-4a6f-a3d8-153a62253caf,SKU000226,Blue,XS,Leather,Women,Winter
4b670d13-29d4-4f3e-8c23-686f1ebbb22a,SKU000227,Green,XXXL,Denim,Women,All Season
303131b0-2da4-4904-acaf-068f1ddefdcd,SKU000228,Red,S,Polyester,Men,Summer
07d4987d-99f2-4fe0-84a2-6cd07e026c49,SKU000229,Black,XXXL,Denim,Women,All Season
09d24163-06cf-4690-a097-cc2224899db3,SKU000230,Red,XL,Cotton,Women,Winter
dea5b9d0-25fb-4a75-b19b-734d4a46c65b,SKU000231,Green,L,Cotton,Men,Summer
6be17f3f-95c8-49f1-9f8f-b20127d78314,SKU000232,Blue,XXL,Leather,Women,All Season
20460b7e-cd87-477f-86ea-e80d7b4142d0,SKU000233,Blue,XS,Polyester,Women,Winter
9e41f98c-f930-4a11-bff9-5d03d22e4bbf,SKU000234,Black,XL,Cotton,Men,Summer
87d6adee-356b-49c2-aa8b-79ff5cfe498a,SKU000235,Black,L,Leather,Men,Winter
104ff738-af5b-4014-b202-8fe282910ea2,SKU000236,Black,XXXL,Cotton,Men,Winter
69afac51-0d6b-4011-b4ba-40acd61bbc60,SKU000237,Blue,XXL,Leather,Men,All Season
e34312fa-3ced-4de2-b3e7-af847a5f7006,SKU000238,Green,S,Polyester,Men,Summer
b4e5d683-c6ce-42e1-8732-44aaa91373a7,SKU000239,Red,XXXL,Polyester,Women,Winter
38129631-5ef9-4dbe-b727-d6a0200a5b5b,SKU000240,Black,XXXL,Leather,Men,Winter
16cff057-162e-48e9-80dd-e87d95bc7e9a,SKU000241,Black,M,Polyester,Women,Summer
c54d6b21-48f0-42e0-9464-c916caf152b0,SKU000242,Green,S,Leather,Men,All Season
7653e9e6-0de7-4668-b03b-4f8703ba41f4,SKU000243,Black,L,Polyester,Men,All Season
48f39fc4-96a0-4c04-806c-378ab4c73b2e,SKU000244,White,S,Leather,Men,All Season
defbf502-40d5-4be7-9367-a326f94edb0e,SKU000245,White,S,Denim,Men,Summer
6259c651-2b2f-46b8-b184-5e505d6e44f5,SKU000246,Green,L,Denim,Men,Winter
cf6b3286-405e-40be-84d6-14c4a09c8c7b,SKU000247,Red,XS,Polyester,Men,Summer
a06a0896-d0b3-4173-9e2c-2d4026d47fb2,SKU000248,Red,L,Leather,Men,Summer
868d6026-fbed-491b-bcc9-71c4744f1ce3,SKU000249,Green,XXXL,Leather,Women,Winter
dfa4f631-60f9-4e0a-b971-8cabe0e7c94a,SKU000250,Red,XS,Leather,Women,Summer
66c0cfa4-273d-4668-be9b-ac953225185d,SKU000251,Green,XXXL,Cotton,Men,All Season
4dad3f76-2daa-499b-8ef4-60ed87487056,SKU000252,Red,XXL,Cotton,Women,Summer
28937d68-1a54-4ba1-863f-54945da00835,SKU000253,Red,M,Denim,Men,All Season
dda9223e-a76e-49bd-b163-8711a45dcd01,SKU000254,Blue,XXL,Leather,Women,Summer
b67234ec-581b-477b-8adc-921952b8db76,SKU000255,Red,S,Denim,Men,All Season
b43537f5-7b7e-4450-905b-303d84b1ed06,SKU000256,Green,XL,Denim,Women,Winter
c1bd89a8-88d4-4c6b-b7a4-99c6d4718908,SKU000257,Green,XXXL,Denim,Women,Winter
5957a6e8-8847-4dac-8bde-b528fab53d66,SKU000258,Blue,XXL,Leather,Women,All Season
2996562c-ea87-48f0-a32f-b3d82adac8a3,SKU000259,Red,M,Denim,Men,All Season
541c52b4-cc74-4541-b0fe-d483e8a20484,SKU000260,White,XXL,Leather,Men,All Season
521937e3-47b2-4c64-a7dc-6d1c4dc2963e,SKU000261,Green,XXL,Denim,Men,Winter
e30c2732-75ca-411f-a8c5-92ae4c07ef1e,SKU000262,Blue,XS,Polyester,Women,Winter
490ae13b-a128-4ee1-998b-46e192a9e4c3,SKU000263,Red,S,Cotton,Women,All Season
4f03c288-e576-46df-a391-d22fa1e676cc,SKU000264,Green,M,Denim,Women,Winter
cbb9dd05-bd0e-48d5-9352-78027c9feaf3,SKU000265,Red,XL,Leather,Women,Summer
cbfe66ee-9d5c-4174-b2e9-0fbb13932c33,SKU000266,Black,XXL,Polyester,Men,All Season
fcee21d9-0402-41bf-aefe-ff050ef8d9be,SKU000267,Black,XXXL,Leather,Women,Summer
7cfef80b-d667-46b9-9990-f26b80b67519,SKU000268,Black,XXXL,Cotton,Men,Summer
46131e27-51a9-492b-bb44-d4a7298b9d25,SKU000269,Red,M,Cotton,Men,Summer
d2559bdd-ae57-446a-91c8-e5a072ecabd3,SKU000270,Black,M,Polyester,Women,Winter
8a997d8d-1ac3-484f-8e15-34b7c8751865,SKU000271,White,XS,Polyester,Men,Winter
0c6f32e8-9f12-4c0d-80fc-293197eb3ab8,SKU000272,Black,XXL,Denim,Women,All Season
08ce1ecb-3eaa-4dad-9968-4358c339262d,SKU000273,White,M,Denim,Women,Winter
5c47ed13-60a9-406b-95ad-083cb6f04e1b,SKU000274,Blue,S,Cotton,Men,Winter
29c697eb-4be4-441b-a191-06cd4d4f4621,SKU000275,Black,XS,Leather,Men,Winter
f65a67a3-31ec-4034-980c-abcc9c77f1fc,SKU000276,Black,XL,Polyester,Men,All Season
6ca7513b-c8ea-4ff4-85e2-8cdc15145ad4,SKU000277,Red,M,Leather,Women,Summer
09904669-eb73-40bb-a8a4-973cef02a44f,SKU000278,White,XXL,Polyester,Women,All Season
cbab1445-8878-4375-8abc-b40e2f1f7632,SKU000279,White,XL,Cotton,Men,Summer
7c3e5f3c-ba7f-4d91-9335-51ba61720bbe,SKU000280,Red,L,Cotton,Men,Winter
715ebc19-3bd7-42a4-8c37-af2baead6efd,SKU000281,Red,L,Leather,Women,Winter
ca60779a-d635-466d-ae82-68903ae2de8b,SKU000282,Green,M,Denim,Men,Summer
dd5535e2-daa7-4522-8e8b-dd76b08868fc,SKU000283,White,XL,Polyester,Women,All Season
be2009f4-aa08-4cb3-9499-6f629cd0b483,SKU000284,Green,XXXL,Cotton,Women,All Season
154515f3-6474-4379-8597-5aa83d09bbdd,SKU000285,Red,L,Leather,Women,All Season
1824fb13-5fdb-4fa4-8a94-e0810f817bb0,SKU000286,White,S,Cotton,Women,Summer
ce31c455-5c50-43c6-98ce-726d9f816aab,SKU000287,Blue,S,Cotton,Men,Winter
b897b888-c916-4bfd-a03d-ff18f303bb7b,SKU000288,Black,XXL,Leather,Women,Winter
94dcc9d6-28d3-4b43-a621-fc5db5aa93df,SKU000289,Red,S,Denim,Men,Winter
b5c99692-1f66-4483-9b6e-f1a39a4f6b0c,SKU000290,Blue,XL,Denim,Women,Winter
a74c7222-5252-4c79-b557-93133c779b5a,SKU000291,Red,M,Polyester,Women,Winter
b2aec248-44c6-438a-9d87-de5041777a73,SKU000292,White,XXXL,Leather,Men,All Season
770d26a4-2c92-4880-a802-419485d5585f,SKU000293,Black,XXXL,Cotton,Men,Winter
a2d190b5-232b-44a0-b58d-689787ec26f9,SKU000294,White,M,Polyester,Women,Winter
5a572b8c-cb68-4e33-a474-5245ea5d049b,SKU000295,Red,S,Polyester,Women,All Season
04c9d954-b8a4-48ba-ac45-2c9c6d4f23e3,SKU000296,Blue,XL,Polyester,Men,All Season
f13f5a07-46f6-41e5-b410-8d7bf73e92f6,SKU000297,Black,M,Polyester,Men,Summer
f48c327b-6ae9-4e81-8716-1bb7af739714,SKU000298,Black,XL,Denim,Women,Winter
292cbb9b-6fcd-4c76-a1b5-a0be3845e93d,SKU000299,Green,XXL,Leather,Men,Winter
2ca4bb31-7de0-4205-a759-037bbcf5b106,SKU000300,White,XXL,Leather,Men,Winter
20456fb8-2102-477d-87db-507940b76fa7,SKU000301,Blue,M,Leather,Women,Winter
9cdac272-afc2-4c5d-80b6-7bb5779f40e6,SKU000302,Green,M,Denim,Men,Summer
a170021a-dbbc-4908-b84b-87f2d89f3d3b,SKU000303,Blue,L,Polyester,Women,Summer
6d05f414-2e5c-4310-ba24-ce14d604fa51,SKU000304,Green,L,Denim,Men,Summer
cbf13ca6-abad-4c1b-9dd6-7419852e0334,SKU000305,Red,L,Cotton,Women,Winter
26cf8fdc-1c0e-476e-bdb2-94738cc7e19a,SKU000306,Blue,XXL,Polyester,Men,All Season
45a0ba79-d863-40a8-bab6-1291e87fc1f1,SKU000307,White,S,Polyester,Women,Winter
3408eefd-d830-47f1-9a4d-026e96bde21c,SKU000308,White,XS,Polyester,Men,Winter
1a302d9b-fd1b-485f-a200-30aaefbb5412,SKU000309,White,S,Leather,Men,Summer
0c478be2-9eab-452d-b84d-45ca8e336394,SKU000310,Blue,L,Denim,Men,Summer
67eec365-5795-4898-8fb3-8e8b92b1eb9c,SKU000311,Red,XXXL,Denim,Men,All Season
0f7df058-c411-4a1e-aeee-3ad5554b00be,SKU000312,Green,XXL,Cotton,Men,Summer
c153ec2c-f03c-48cb-889e-1525479abcce,SKU000313,Blue,L,Cotton,Women,Summer
b0a4ee27-2675-4240-8524-6f9c22bcae95,SKU000314,Blue,XL,Polyester,Men,All Season
6c5e8063-4800-47a9-b713-7cf1c0b9b0ae,SKU000315,Green,M,Denim,Women,Winter
d31994b1-a1ba-4d03-9faa-92712c06fed4,SKU000316,Black,XXXL,Polyester,Women,Summer
c2f5277c-0653-4d9b-ba01-9c879018a1c3,SKU000317,Red,XS,Denim,Women,Summer
f9d6c763-74b6-4320-8b0b-f9d07c9a8838,SKU000318,Blue,M,Cotton,Men,All Season
19a812e6-a8c7-4c4c-9ea8-66948192ad7f,SKU000319,Green,XS,Cotton,Women,Winter
52377e43-8981-4139-abf7-a80bd38f0df2,SKU000320,Red,XXL,Leather,Men,All Season
ab9ef2a9-0e35-4f0f-abed-1d7394c24c2b,SKU000321,White,XXL,Cotton,Men,All Season
5570d23d-0561-4a6d-b55b-0caef13b339b,SKU000322,Black,S,Leather,Women,Winter
49f60b41-733e-42b3-8c8d-477a7ffe8d7d,SKU000323,Blue,XL,Denim,Men,All Season
77251a2f-768f-4802-965f-bf36e8a3f9fe,SKU000324,Black,XXXL,Polyester,Men,Winter
188e7487-ef87-4cf7-8ea5-b3b2ea0b425f,SKU000325,Blue,M,Cotton,Men,All Season
29798084-bdb8-4469-b56f-ebd11102c086,SKU000326,Red,M,Leather,Men,Summer
796fab98-a0a3-4cd6-9109-ef7be37d79d5,SKU000327,Red,XXL,Leather,Men,Summer
714d28c6-76d1-4398-a850-6e49e94a04a0,SKU000328,White,M,Leather,Men,Winter
8a680de1-cab3-4156-b5f1-9bda57caa640,SKU000329,Red,XS,Polyester,Men,Winter
6b2fc9d2-4dbf-4344-891a-36dee61fabb5,SKU000330,White,L,Denim,Women,Winter
ffab1b96-c43c-4b93-8a61-43fa3a4ec830,SKU000331,White,M,Cotton,Women,Summer
08309d03-fc21-4e04-b011-8263545c2d51,SKU000332,Black,XXXL,Leather,Women,All Season
8c1a3342-56f5-4eb4-bd07-c7c9bfd99d58,SKU000333,White,XXXL,Leather,Women,All Season
f849ece6-d648-402d-bddf-b45ea6cec87c,SKU000334,White,M,Polyester,Men,Winter
8f62db6a-26e6-4b6a-b474-a1ed8aa4c041,SKU000335,Red,XXL,Leather,Men,All Season
351282db-0a7f-4be3-bec0-b8ddab0bf2c3,SKU000336,Red,L,Cotton,Men,All Season
3cc55d54-74dd-4e63-8188-9193e03e7956,SKU000337,Blue,XXL,Cotton,Women,All Season
210c304b-d765-4886-901e-2aafecc8a4d2,SKU000338,Green,XXL,Denim,Men,Winter
31c49ecd-4b96-476c-a303-93dc4cebb311,SKU000339,Red,XXL,Polyester,Men,All Season
e4c2c0d3-4f44-476f-a7e4-0a9919405b8c,SKU000340,Blue,L,Polyester,Women,Winter
6e70c2f5-8ab4-4333-9565-937333d9e742,SKU000341,Green,XL,Polyester,Men,All Season
59b2a44b-e31d-4bc9-93e2-5f5ee1885257,SKU000342,Red,L,Denim,Men,Summer
05004e10-e245-475b-acfb-2ec3c07c6e64,SKU000343,Green,XS,Cotton,Women,All Season
560f56cf-28d8-4e79-81a7-e72b9dfca65e,SKU000344,Black,S,Denim,Women,Summer
7d9db9be-b550-49b3-9566-2ba72fea4924,SKU000345,White,M,Cotton,Men,All Season
c2e55770-085b-4236-8dc6-d93ee0f64bbc,SKU000346,White,XL,Leather,Men,Summer
16efe99c-dde9-4bc7-869d-1105d9307e77,SKU000347,Red,L,Cotton,Men,Summer
1455de0e-38b7-415f-9404-1fcdf2cf5f59,SKU000348,Red,XXL,Leather,Women,Winter
9b865616-c412-48f3-af0f-dd42f9bd6228,SKU000349,Green,XXL,Polyester,Women,Winter
624fd315-c8bd-4d54-9993-d3f0e9c4764e,SKU000350,Green,XXL,Denim,Women,Summer
f1a304dc-7a94-4169-9719-dab690d05543,SKU000351,Red,L,Leather,Women,All Season
0eecd3a5-a82c-4bf2-8e8e-e1f7a4fb490c,SKU000352,Red,M,Polyester,Men,Summer
ef5b4456-9749-4810-8344-65d7656b0b56,SKU000353,White,L,Denim,Women,Winter
2cafcf79-8f98-4226-b693-4b2940eb6245,SKU000354,Green,XS,Leather,Women,Summer
607bab58-954c-47cd-a75a-c483dabb9b2d,SKU000355,Green,L,Polyester,Women,Winter
404e24b3-5888-4c69-8573-7447442ae4a3,SKU000356,Green,XL,Denim,Women,All Season
83ed3528-53fb-4737-954d-1b32b2e20daf,SKU000357,Green,S,Denim,Women,Winter
bb23a579-2fc5-48bb-ab26-6f8e163ae055,SKU000358,Green,XS,Polyester,Men,All Season
6224dd5e-faff-4708-aa78-4483a55c8e82,SKU000359,White,XXL,Leather,Women,Winter
4054bc1f-f174-44df-a394-1e532223e343,SKU000360,Green,XL,Cotton,Men,Summer
36133df8-8312-4a51-991c-ab678a57ba47,SKU000361,Blue,XXXL,Polyester,Men,Summer
7590c346-626d-4abf-9b2c-a12dc697136f,SKU000362,White,S,Denim,Men,Summer
85af43a0-c838-4af7-9dfc-11a88c1b7eb5,SKU000363,Red,XXXL,Polyester,Women,Summer
61512884-b5e0-4e32-a567-c2503167cb48,SKU000364,Green,XL,Denim,Men,All Season
3c73240d-7ca8-4daf-8b51-6c9dd38792a8,SKU000365,Green,S,Polyester,Men,Summer
30e52c8e-75c8-4d18-aa49-fee9a6494d9c,SKU000366,Green,XL,Cotton,Women,All Season
4d2d2fa6-9a38-4ed7-81d2-5727291a17e0,SKU000367,Black,L,Leather,Women,Summer
fa5f9e75-9af8-4b54-9f4d-97061de2827c,SKU000368,Green,XS,Denim,Men,All Season
b6c2dc5d-52e3-46e2-bc39-06fbb916833a,SKU000369,Blue,XXL,Denim,Women,Summer
753b49d3-ebc8-4994-9693-488ac75d3665,SKU000370,Red,S,Polyester,Men,All Season
872c0741-f883-4402-974a-dccc8b4f3d89,SKU000371,Red,L,Leather,Women,All Season
85289b45-a032-42f1-8ec0-c3c98d8220d6,SKU000372,White,XL,Cotton,Men,Summer
3b140c88-3851-406d-9dcf-c9b4059909ee,SKU000373,Red,XS,Cotton,Women,Summer
5b130a2b-0bb9-407e-b322-d2c737f2fbb6,SKU000374,Red,XS,Denim,Women,All Season
e5d1b791-ff3c-4336-a264-6e2d46e50c8a,SKU000375,Blue,L,Denim,Men,All Season
b194753f-5635-47c3-acb7-43fbd31e3955,SKU000376,Green,XXXL,Cotton,Women,All Season
17ec1bda-d5bf-42cf-927b-7e705403724c,SKU000377,White,S,Polyester,Women,Summer
c6d5e4d0-2ed5-4909-9360-d9cf1f52e115,SKU000378,Green,L,Cotton,Men,Winter
7abd35f7-3d83-4c7e-9dab-dfc742f97146,SKU000379,Black,M,Polyester,Men,Winter
d5141768-dff6-46d6-a6ad-38f61e5d1bbf,SKU000380,Black,XXL,Denim,Women,All Season
f75bc65d-5f0a-4891-9c0f-80e22c099c90,SKU000381,White,XXXL,Cotton,Men,All Season
2292ff4f-84d6-402a-82b2-cd43a74b6fe4,SKU000382,White,L,Leather,Men,All Season
ed1429bc-47c4-4803-b659-b7b51517899c,SKU000383,White,M,Polyester,Women,Winter
440ce2b6-223e-42e4-8448-0850385635b5,SKU000384,Green,XXXL,Leather,Women,Winter
efa7b5bd-7f37-4917-bd0a-aa206da3bab3,SKU000385,Black,S,Denim,Men,All Season
6f85292a-2f62-46b9-860d-239325c700f6,SKU000386,White,M,Polyester,Men,All Season
2507d84b-6297-4b99-b4d9-7439b1227797,SKU000387,Blue,XL,Cotton,Men,Winter
2f0a4036-5080-4b8f-ad50-a11dfbe25725,SKU000388,White,XS,Leather,Men,Summer
6dd66eac-8620-48ee-8d4d-7416efc76198,SKU000389,Black,XS,Cotton,Women,Summer
9fda64ef-96d9-4b46-b747-f84fea729073,SKU000390,Green,L,Leather,Women,Winter
ae220211-6f73-4718-99d9-42bcc441e52c,SKU000391,Black,S,Denim,Women,All Season
d5f43ded-0357-4d83-bc31-beb9070927df,SKU000392,Red,XXL,Denim,Men,Summer
310cc273-f513-4f1c-8c7a-15b57a5f248d,SKU000393,White,M,Cotton,Women,All Season
3337a7a5-45a7-4bf8-b419-c836d878e4d4,SKU000394,Red,S,Cotton,Men,Summer
7fb61059-37c0-4933-9052-c683278fe8eb,SKU000395,Red,L,Denim,Men,All Season
89a124fa-2453-4ec4-9462-7e85fa7765db,SKU000396,Green,XXL,Polyester,Men,Winter
a063a368-e5d1-49b1-85e2-32e3e1167441,SKU000397,Blue,XS,Denim,Men,All Season
d5efdafe-d454-42fd-8de2-95de4db47d1e,SKU000398,White,S,Cotton,Women,Summer
82a5e2fb-f11b-402a-aeea-2eb399490449,SKU000399,Blue,L,Denim,Men,All Season
e320f1c7-acf1-4bab-bdc2-68c57e5d8241,SKU000400,Black,XS,Polyester,Men,Winter
ffc3cb7e-e45a-4432-8041-3f666338eb21,SKU000401,Black,XXXL,Leather,Men,Summer
bc595eaf-fba6-4891-a585-db247acf3dee,SKU000402,Black,M,Cotton,Men,Winter
d8304207-0081-40d8-9517-503cd673d817,SKU000403,White,XS,Polyester,Women,Winter
2c3c2bbe-b3c8-44f3-b1c2-2cddf3cba8dc,SKU000404,Red,XXXL,Polyester,Women,All Season
5880576c-cacd-4297-b215-6db15b5291b9,SKU000405,Green,S,Denim,Women,Summer
373cc5f4-82a9-4e74-bdbc-ebeeb391ff9e,SKU000406,Red,XS,Denim,Women,Summer
873990d3-de6c-4c6f-87b3-13761611b321,SKU000407,Blue,XS,Cotton,Men,Summer
3ae7fd6d-d484-4c1d-99d0-0a24ffc544d2,SKU000408,White,M,Leather,Men,Winter
36d8860f-d1a3-4fd5-92ec-c900aac1d105,SKU000409,Red,L,Leather,Men,All Season
c105e0a7-32f6-4fd1-8f9a-7e63c3c38115,SKU000410,Green,M,Cotton,Women,Winter
dabd34e3-1d82-4c67-84b0-5a4713b78c81,SKU000411,Green,XL,Leather,Women,Winter
bbedb105-6440-4882-a9c5-5200845b2e79,SKU000412,Black,S,Polyester,Men,All Season
4af489a6-3a5e-466b-9dc1-d5f499c788eb,SKU000413,Blue,XL,Leather,Men,Winter
a3b924b5-c383-4a61-90a4-4c19a7965e80,SKU000414,Green,M,Leather,Women,All Season
da81edd3-7e87-4e95-a794-37687f2d2e5c,SKU000415,Green,S,Polyester,Men,All Season
a9ea3140-dbc7-4a69-b3b0-7f82ece64cab,SKU000416,Red,XXXL,Cotton,Men,Winter
2539717d-da60-48b9-ac11-9fceaaead588,SKU000417,Red,XS,Polyester,Men,All Season
bbf66045-d19a-4d89-9c2f-61febd139e51,SKU000418,Red,XL,Cotton,Women,All Season
f15aa83b-3daf-4844-a482-18eb83e0ee78,SKU000419,Red,XS,Polyester,Men,All Season
f29bd9af-03d0-4f8d-af53-5d4e05be1e5b,SKU000420,Black,XXL,Leather,Women,Winter
20fc22dc-0c98-4a31-afc6-ebe43b11d168,SKU000421,Black,XXXL,Denim,Women,Winter
8da6441c-4201-4823-a287-4babc78d1820,SKU000422,Black,XXXL,Cotton,Women,All Season
a81350fe-1843-435b-98b9-640b99c7ea82,SKU000423,Black,XS,Leather,Women,All Season
6fdd447a-b3aa-4e60-96fb-2302e8f185f5,SKU000424,Green,XS,Leather,Men,All Season
095a0ace-9571-4c4d-8847-24e5f270764c,SKU000425,Black,L,Denim,Men,Winter
96f58064-0518-491f-9819-26cae31012bb,SKU000426,Green,XXL,Polyester,Men,Winter
4256df5c-ae4d-4cf2-884a-ccb8f450fcd6,SKU000427,Green,XXXL,Polyester,Women,Winter
d7092e8f-fe8f-47ce-b0e8-232657d7a487,SKU000428,Green,XS,Polyester,Women,All Season
b6d45450-c4a1-4e32-97d4-b7b7d2f03093,SKU000429,Blue,S,Cotton,Men,Winter
a11638e5-c2e7-4bc2-b671-e5263ded8afb,SKU000430,Blue,XXL,Polyester,Women,All Season
17de8455-3373-4a20-aaef-238a3b0cde15,SKU000431,Red,M,Cotton,Men,All Season
c0440597-d67f-4767-bad1-5aab2ad8daa3,SKU000432,White,XS,Leather,Men,All Season
4aa43f90-4117-484a-822a-2953a0413b87,SKU000433,Green,XL,Denim,Women,All Season
e3013749-adfa-41be-a5ca-fc736e82b0fd,SKU000434,Black,L,Polyester,Women,Winter
7b02cfca-4483-4e46-9eff-7ab579a71ae9,SKU000435,Red,M,Denim,Men,Summer
110f682e-3f02-47b1-b79e-20f625ce52f2,SKU000436,White,S,Leather,Men,Summer
c6eaad96-86b9-4bd5-8053-98c24fe02a22,SKU000437,Red,S,Cotton,Men,All Season
50d54ab3-c918-458b-8a4f-3207b15aee73,SKU000438,Blue,M,Polyester,Women,All Season
2bac22e1-4c85-4c09-b1ab-b4141da300e9,SKU000439,Red,XXXL,Denim,Men,Summer
b8fe9981-9ab8-4a7f-bf31-ff300de10c51,SKU000440,Red,S,Leather,Men,All Season
299716a3-cd73-4880-a8bb-46b604868ba2,SKU000441,Blue,S,Leather,Men,All Season
c1c6c97f-4057-40f9-afe0-edbb53205465,SKU000442,White,XXL,Polyester,Women,Summer
595251dd-14a3-4049-99df-2b418182e808,SKU000443,Black,XL,Cotton,Women,Winter
5f533357-676e-4ca9-a937-42900319d6c4,SKU000444,White,XL,Polyester,Men,Summer
dde364f1-0bd6-4991-8dee-9c34157afe09,SKU000445,Red,XXXL,Denim,Women,Summer
f0aea8b1-a862-495f-84ae-b206b01f1159,SKU000446,Green,L,Cotton,Men,Winter
06c52b03-cc25-438f-9db5-adb7d2efa44b,SKU000447,Green,XXXL,Leather,Men,Winter
f4bc8f36-5eef-4b39-9886-279ee5802942,SKU000448,White,XXL,Cotton,Women,All Season
d55c8734-b20c-4080-b094-3be8b32db8ca,SKU000449,Red,L,Cotton,Men,Summer
71b6cd40-7e15-4aea-b8ce-49ab908ce0db,SKU000450,Red,XS,Cotton,Women,Summer
b604d861-5a6b-4273-bd64-a240f8cd7613,SKU000451,Blue,XS,Leather,Men,All Season
e05fc881-612d-42a2-9a70-ad53597f04ca,SKU000452,White,XXL,Denim,Women,Winter
00306849-0c4f-4128-9fd3-d3356595033a,SKU000453,Red,XXXL,Cotton,Women,Summer
0059fa3f-c695-40c5-b185-b442140a513a,SKU000454,Red,S,Cotton,Men,Winter
ad4364e0-da42-4f66-a3ef-76f60e4e8028,SKU000455,Green,XXL,Denim,Women,Summer
b00180a3-c479-470b-a021-970f2afb142d,SKU000456,Black,XXL,Cotton,Women,Summer
4095e6c4-3811-480e-978b-981790491fac,SKU000457,White,XL,Cotton,Men,All Season
7c43e90c-5f7f-44d0-ae5c-1216e7657d46,SKU000458,White,XL,Denim,Men,Winter
a524d0f2-4638-4fda-b7b3-1c6c32bbdead,SKU000459,Black,XS,Polyester,Women,Summer
31c1399e-c390-4063-8646-e9a1b7ea964f,SKU000460,Green,XS,Leather,Men,All Season
aaf76bcc-f784-4ea9-a710-df8614aa06f0,SKU000461,Blue,S,Denim,Men,Summer
ecab21f0-0622-4316-b4c6-51e22ceab148,SKU000462,Red,XS,Leather,Women,Winter
94ebd377-1886-4230-aaa9-6ee9a0afc4f6,SKU000463,Blue,XL,Polyester,Men,All Season
65b9a7c0-0e7d-4230-97ea-b6a2d02ba8a1,SKU000464,Blue,L,Leather,Men,All Season
78be1fbd-046c-427d-91c8-1ab4e135fc21,SKU000465,White,XL,Leather,Women,Winter
61336a91-14e8-4ffc-9cdd-ddfbaa79c203,SKU000466,White,XS,Denim,Women,Winter
66c93516-30c3-48fa-a454-876fa2c6c383,SKU000467,Black,M,Polyester,Men,All Season
cdb90df4-15a5-4888-87f4-9dd27bacf6b8,SKU000468,Red,XL,Polyester,Men,Summer
b456ba61-8ee6-4c87-81aa-fd30f5adca64,SKU000469,Black,XXL,Denim,Women,All Season
1a97fc43-5cc6-4852-9b23-f5c7154d1d80,SKU000470,Black,L,Polyester,Women,Winter
fc57059e-ce37-499c-a92a-63f62276f96d,SKU000471,Green,XS,Cotton,Men,All Season
b7ce1151-ce0f-4f0e-b89c-6124fe59dbb6,SKU000472,Black,L,Polyester,Men,All Season
6c55a5fc-16a9-4321-a485-54a1e8e117c2,SKU000473,Red,S,Denim,Men,Summer
eae392ae-86e0-47e7-9c5d-caf19e94c2ef,SKU000474,Black,XS,Leather,Women,Winter
a35f37d8-d320-43c0-91a6-0686a3b13ea7,SKU000475,Blue,M,Leather,Women,All Season
57a5654a-fe44-4852-9e24-d8f47d0eb69a,SKU000476,Green,XXL,Cotton,Women,Winter
9da5587a-f883-4c3f-9109-8db3376e2eba,SKU000477,Green,XS,Denim,Women,All Season
d2a518f8-2770-4222-9b0f-8183d3c8243a,SKU000478,Black,XXL,Denim,Women,All Season
5c85d5bc-db9c-47fc-825b-69579ac2c870,SKU000479,Blue,XS,Leather,Women,Winter
d9c34f3a-c174-4963-b7dd-a11aa7eeb5a2,SKU000480,Black,XL,Leather,Men,Summer
ebe2d295-2840-46f0-b554-f40283f6fc1b,SKU000481,Blue,L,Polyester,Men,Winter
c58f4c5b-65a8-486d-8f42-517e05f946ce,SKU000482,Black,XXL,Polyester,Women,Summer
880f9f61-9d94-4549-bb35-89245ffff782,SKU000483,Black,S,Polyester,Men,Winter
52f50aa2-221c-4a22-b6d3-7ef4621c0701,SKU000484,Red,S,Denim,Men,Winter
330fc4af-dc89-4f4c-a7c6-dd95c60015d0,SKU000485,White,S,Denim,Men,All Season
e3c6d6ab-5874-413f-a118-16b4bfb98494,SKU000486,Black,M,Denim,Women,Summer
392fd3bc-f21b-4bca-ad8c-f4a88e574201,SKU000487,Blue,XXL,Denim,Women,Winter
c0b1bcf9-c472-4b03-962c-1e73e3b32b5e,SKU000488,Red,XXL,Polyester,Men,Summer
63667d86-ab9d-45a8-bfe9-3e8f6ccc5a6a,SKU000489,Green,S,Cotton,Women,Winter
768eb70d-63ad-4d2e-bb7e-45613d042631,SKU000490,Black,XXXL,Cotton,Women,All Season
62b28539-db97-43c2-af60-48e575409b8a,SKU000491,Blue,XXL,Polyester,Women,Winter
08d88497-1411-4a54-a67b-74925fb9f076,SKU000492,White,XXXL,Polyester,Women,Summer
eb1b2c91-f59f-46d7-bb64-858ed1ca9110,SKU000493,Green,XXXL,Cotton,Men,Winter
f04c6a43-6a7c-42b9-b4fc-8e310bc22bcf,SKU000494,Green,XXXL,Leather,Women,Winter
3ce0bdad-3954-448a-ac6b-cd9a3863f59a,SKU000495,Blue,XS,Cotton,Women,Winter
48481990-1381-4adc-8f58-3ccf0fd9857d,SKU000496,Red,M,Leather,Women,Summer
e7150678-f2b6-4842-b276-0cfb6ac04c1a,SKU000497,Green,S,Cotton,Men,Winter
9e0515a3-f659-4c66-a22f-7186fbc3b448,SKU000498,White,M,Leather,Men,Summer
6dd0ceb5-d40e-48e5-848a-116e4abef27f,SKU000499,Blue,S,Denim,Men,Summer
f62e0a73-cca5-4978-bf99-2aa0ab942d58,SKU000500,Green,XXL,Cotton,Men,Summer
2e7557ea-a9cd-4240-ab3e-3aa222c5121a,SKU000501,Green,XL,Leather,Women,Summer
f0558700-32fa-41c8-9a42-a9908116c47b,SKU000502,Red,L,Denim,Men,Summer
24b52b6a-f326-47f9-9683-9aeeac5a7538,SKU000503,Red,S,Polyester,Men,All Season
a95b6f2c-37f5-4935-bf76-7d1f531baced,SKU000504,Red,XXL,Denim,Women,Winter
6384a0ea-34c2-4478-b2d8-3db3dc00c6df,SKU000505,Green,XL,Cotton,Women,All Season
b1e0cad8-132b-4e57-8d41-46becc51de9c,SKU000506,Green,XXXL,Cotton,Men,Summer
e9a4e247-2d25-4cfe-8e7a-3bae52783a1c,SKU000507,White,XXL,Polyester,Men,Winter
24126515-ff54-4da2-9e52-b5881dc1dfb0,SKU000508,Blue,XS,Leather,Men,Summer
a617ced0-79b7-43ce-a31b-d5902aeae64a,SKU000509,White,XL,Leather,Women,Summer
2069479d-d852-4786-8805-f657a32a85bd,SKU000510,Green,L,Cotton,Men,Summer
66e50d5c-1bff-4f91-9977-fd109c394b75,SKU000511,Black,S,Polyester,Men,Summer
d548ee1c-e483-4066-83a7-bf9ea16b975a,SKU000512,Red,XXL,Cotton,Men,All Season
5c57c8f6-54c0-43df-9d6d-15451e4684f0,SKU000513,Red,M,Cotton,Women,Winter
e35fcc65-9143-434c-9e15-230c6bfbb196,SKU000514,Red,M,Cotton,Women,Winter
611b7fd9-e22b-4111-9019-bef28a7a8469,SKU000515,Green,XL,Cotton,Women,Winter
71c669be-15ac-4b3a-b4b7-11abf5f7841b,SKU000516,Blue,L,Leather,Women,Summer
f0ea95fc-e751-4e44-88a7-f6a9f7b8a011,SKU000517,Green,S,Cotton,Women,Winter
4b92b1c0-6413-4ef4-b59c-a661733c06b0,SKU000518,Blue,S,Polyester,Men,Winter
6cd30bb5-1e67-4309-8fcc-3ccc024e8584,SKU000519,Red,M,Denim,Men,Summer
35c4d9e0-b8f7-4d3e-92e4-5bbbe05a35af,SKU000520,White,XS,Leather,Women,Summer
11db6fa2-3cab-412e-9223-d8f62f8f18e2,SKU000521,Red,S,Cotton,Men,Winter
16434e63-a8ba-47b3-a857-6a11b72c8f6e,SKU000522,Red,XL,Denim,Men,Summer
957a2f2b-a0b8-4d92-a9f6-b3c0f975b937,SKU000523,Black,XS,Polyester,Women,Winter
2d42c8b0-1693-4142-a043-af364592f6ba,SKU000524,White,S,Leather,Women,All Season
5351ebbc-9e6f-4db8-a010-fd0418bb4983,SKU000525,Blue,XXL,Polyester,Men,Summer
68c16cac-a2e6-4466-b7e7-663c12720d18,SKU000526,Black,S,Leather,Men,Summer
7ef58a3b-34ce-474d-9808-0476cfa1ae16,SKU000527,Black,S,Leather,Women,Summer
75a772c7-1cee-4f4a-ab5e-9d5bbfafd995,SKU000528,Red,S,Polyester,Women,Summer
c1d87307-fd0c-4bbd-8ddd-26b57a8a4d01,SKU000529,White,XS,Denim,Women,Summer
2ca700ae-0198-4d05-b56f-fee1e3c91bc0,SKU000530,Blue,XXXL,Denim,Women,Winter
868b7a40-551c-45f6-8a63-7495eeec4fcf,SKU000531,Red,XXL,Polyester,Women,All Season
a48a2718-9897-4311-9826-2bcfe473c5b8,SKU000532,White,XL,Denim,Men,Winter
ecdd0bbc-a936-440f-9b93-1a14745abea0,SKU000533,Red,XXL,Leather,Men,Winter
0d60f633-a844-4ad7-acd6-5ed02f098084,SKU000534,Green,S,Cotton,Women,All Season
f91f861e-ffbc-4331-91a6-869b588cdb86,SKU000535,Red,XS,Polyester,Women,All Season
a6ed634e-044f-4cc8-bc13-7caac728fb88,SKU000536,Black,XL,Polyester,Women,Summer
c6a425ff-e865-4e0c-8b4d-9983a9590511,SKU000537,Black,S,Denim,Women,All Season
9bcee9ff-06b8-4247-8fec-9651b81f6714,SKU000538,Green,XL,Leather,Men,Summer
ac5e3608-9a55-4299-8f03-52f0f36d2ea0,SKU000539,Blue,XL,Cotton,Men,All Season
898b9278-33cd-4139-85cb-30dc50652e01,SKU000540,Red,XL,Polyester,Men,Winter
f27263cf-6626-4027-8ae9-17cd9489b02a,SKU000541,Red,M,Cotton,Women,Winter
bc8f8c5c-c308-4c8c-aaaa-43f1d4c09862,SKU000542,Black,S,Cotton,Men,Winter
4c70af0c-71eb-41ad-805c-ca8988edcdc5,SKU000543,Blue,L,Denim,Women,All Season
f3422859-aaea-4b11-85f0-c4ffc47a747a,SKU000544,Red,M,Denim,Women,Summer
90ae34d3-f44a-4a1c-b11f-b952122d3d51,SKU000545,Blue,S,Cotton,Women,All Season
2e43106b-b98c-4a3e-8b7b-77d0bd87a989,SKU000546,Red,XS,Cotton,Men,Winter
14f7e3db-e308-4ff6-a0e8-02afb2f0820b,SKU000547,Blue,XXXL,Polyester,Men,Summer
72452dca-bf6a-45fe-b1e0-af9b72d20cf2,SKU000548,Black,XL,Polyester,Women,Winter
03ef6bfc-35b0-4570-a014-9057f8e18cf7,SKU000549,Blue,XXL,Leather,Women,Summer
e7a59779-3e7e-43fe-bd12-06a30d695dd5,SKU000550,Red,XL,Polyester,Women,All Season
d7936399-6338-4756-91c3-2d6bad91f2d4,SKU000551,Black,XXL,Denim,Men,All Season
44329251-6608-42e2-aed3-7a7f2c85df29,SKU000552,Red,M,Leather,Women,Winter
144ee5c4-de5f-4eda-9399-f311963ca872,SKU000553,White,XXXL,Denim,Women,Winter
816bafb4-c195-4c79-9806-7c1a33b8214b,SKU000554,Red,M,Leather,Women,Winter
1ea6a052-1775-4bed-b574-3566b01d1263,SKU000555,Red,XL,Polyester,Men,Winter
be2210c2-c237-45ce-acc0-6c98b0589479,SKU000556,Red,XXXL,Cotton,Men,Winter
980c8a22-91da-422e-aa3d-5a0d1fb20550,SKU000557,Black,XL,Cotton,Women,Summer
b6b0653e-d6a5-4b86-abbe-0c0186faced2,SKU000558,White,XXXL,Denim,Men,Winter
3436b156-3f6a-4e9e-ab97-e218cab2636c,SKU000559,Black,XS,Cotton,Women,Summer
f9c2f382-610a-4424-b14f-29dcd04f024c,SKU000560,Red,XXL,Leather,Women,Summer
1ec5f565-02b8-46cd-8196-caf27e23bc47,SKU000561,Blue,XS,Denim,Men,Winter
7dd7e5ae-c175-45fc-8023-2f8406f8b2a1,SKU000562,White,XL,Denim,Men,All Season
96a06586-031a-45c0-953e-3164f1a53633,SKU000563,Red,XL,Polyester,Women,Winter
0faf2183-f5ba-474a-9595-54b3f1d04b4e,SKU000564,Blue,XXL,Cotton,Men,Winter
3a9468db-bb39-4e6a-a820-09fbf3259deb,SKU000565,Black,L,Leather,Women,Winter
ac23735d-254b-4a07-8486-f0ec4b1a4b70,SKU000566,Green,XL,Polyester,Men,Summer
b984aa00-71cb-4af9-afd1-3df100a4178e,SKU000567,Green,M,Leather,Women,All Season
d75b5d04-7fae-4507-b08e-63312aa5efd1,SKU000568,Black,L,Leather,Men,All Season
717b0237-caf7-48db-b336-b522a5003f1c,SKU000569,Red,S,Cotton,Women,Summer
07859744-102f-480b-9c34-230022673cd8,SKU000570,White,M,Cotton,Men,Summer
d546dacd-af00-46a5-9807-a8f384e93006,SKU000571,Black,XXXL,Denim,Men,Winter
526e54b3-dead-4e1a-8ef1-634ddc972115,SKU000572,Black,L,Polyester,Women,Summer
d9194399-a761-4e72-b89d-6c84eb53d000,SKU000573,Green,M,Leather,Women,All Season
4557b48b-bec3-42d0-8863-2779dce7293d,SKU000574,Green,XS,Polyester,Men,Summer
77e38c90-d0f5-4e97-adb3-64c25564a34b,SKU000575,Red,M,Denim,Women,All Season
bb96beb5-a3c1-499c-aa89-a7247c27b00b,SKU000576,Black,S,Leather,Women,All Season
0494fdca-f62b-44e4-8f04-12681f544738,SKU000577,Blue,S,Leather,Men,All Season
90a280fa-895f-4a71-81f2-740249ce801d,SKU000578,Red,M,Leather,Women,Winter
c11b3eab-0cff-4525-99fc-0420f06a9eab,SKU000579,Green,S,Denim,Men,Summer
501175de-2f00-4d10-b30c-e9add62626d0,SKU000580,Blue,XXXL,Leather,Men,Winter
ed7b82ba-cdf9-45f6-b6d4-a8aa59529a41,SKU000581,Green,XL,Polyester,Men,Winter
de81f762-9c2e-42fd-88d8-00ec8309d3ec,SKU000582,Black,L,Leather,Men,Summer
e7a59d0e-dd6f-4e7b-9288-8b716636aada,SKU000583,White,M,Cotton,Women,All Season
ac04a1f5-e581-45c2-840a-2b943795356e,SKU000584,White,XXXL,Denim,Women,All Season
7e6986f0-5f3c-407a-9e30-639a42d23b43,SKU000585,Black,M,Cotton,Men,All Season
d52dcf77-60be-4530-be54-9b1a49ddf5ad,SKU000586,White,XS,Cotton,Women,Summer
863fea13-9053-441b-a552-c767a010f30e,SKU000587,Green,M,Cotton,Women,All Season
2f060ac3-d763-46ca-afdd-616505654485,SKU000588,Green,XXXL,Denim,Men,All Season
a64b759f-30e0-4d71-b4e8-eb0db862f15b,SKU000589,Green,XL,Leather,Women,Winter
38744f0d-8e51-444f-8a46-ecc3b1f0debc,SKU000590,Green,L,Leather,Men,All Season
399e3228-51c5-453e-9dd2-a109662a530d,SKU000591,Green,S,Polyester,Men,All Season
6c05f734-e32c-46fd-bb61-cdada5b7f25f,SKU000592,Green,L,Denim,Women,Winter
21b2a086-c24b-4e36-9bef-c48429ff18f1,SKU000593,Blue,XL,Cotton,Men,Summer
e2e7229d-85dc-49a6-91c0-f81f42356970,SKU000594,Green,M,Leather,Women,Summer
6742ee71-3365-4a98-81bf-c45f06fd13ad,SKU000595,Red,XS,Denim,Men,All Season
27b8b47e-d45c-43c3-8970-49fecea1eacd,SKU000596,Red,XS,Polyester,Women,All Season
1abcfc3b-d847-4ac5-becb-4e3f7d1763dd,SKU000597,Blue,XXL,Polyester,Women,All Season
20c3206c-6ee5-4ac5-a8e1-a1c34635b761,SKU000598,Green,XS,Cotton,Women,Winter
d1d3e998-5fca-4eec-859b-f19efa2bfe5a,SKU000599,White,XXL,Polyester,Women,Winter
905d4a88-b2e1-4ab8-8160-42b0ab1c8619,SKU000600,Black,S,Denim,Women,Winter
10a606d2-b5de-4148-a8f5-c18d1587672d,SKU000601,Red,L,Denim,Men,Winter
5ce5d859-1770-4b8d-9329-18ad94f366ad,SKU000602,White,M,Polyester,Men,All Season
0bfacf24-93c1-439d-b17e-cbea61f49948,SKU000603,Red,XS,Cotton,Men,All Season
e5de3c1f-8a0f-4591-9b94-4493352ba68f,SKU000604,Green,XXL,Cotton,Men,All Season
2b5096e7-0f05-43c9-a299-766968c18959,SKU000605,Green,XS,Denim,Women,Summer
0381609b-423e-43d3-9b00-1221d34983ac,SKU000606,White,XXXL,Cotton,Women,Winter
46a2a64e-f925-447f-b7c1-f33b785839da,SKU000607,Blue,S,Cotton,Women,Winter
87aab946-3ad4-4ccf-bbbb-ad2b0ad07f12,SKU000608,Black,XXXL,Leather,Women,Winter
f422203f-c77c-42d8-a464-8b6869c02fb4,SKU000609,White,XXXL,Polyester,Men,Winter
9c28180e-1514-4dd2-bdf4-135963add2e7,SKU000610,Green,XXXL,Cotton,Women,Summer
e2e5bb44-463e-4b7f-8f38-bc7cf951c196,SKU000611,Black,XXXL,Denim,Women,All Season
2462d740-29e7-4798-9a37-4b3406c88933,SKU000612,Blue,XL,Denim,Women,Summer
37572c30-a47b-473c-b953-63106e5e1202,SKU000613,Green,M,Denim,Men,Winter
4d361706-5f77-4c56-9215-05bbbe12a65d,SKU000614,Green,XS,Cotton,Men,All Season
629b1231-b4d6-4450-97ba-df67812f3c93,SKU000615,Blue,XXL,Cotton,Men,All Season
d30c25af-dd1c-44e1-8d29-a9f92f8de941,SKU000616,Blue,M,Polyester,Men,Winter
db82e31a-ef74-4be2-a1cb-51910c83fe5d,SKU000617,Black,M,Polyester,Men,Summer
6d5bf94a-c873-488f-ad73-71d7242a09bc,SKU000618,Red,M,Leather,Men,Winter
94aa8b81-ea31-4ed6-bd05-1e57da39033d,SKU000619,Green,M,Denim,Men,Winter
4315c3dc-b2ea-4a9a-b8b2-219a38978c2e,SKU000620,Red,XS,Cotton,Women,Summer
c46cfd92-e7b2-43ef-9a86-e5845c9d88b3,SKU000621,Red,M,Denim,Men,Winter
8466d082-4eca-44cd-82d6-6c57af07471d,SKU000622,Blue,XL,Denim,Women,Winter
17196e10-0ffb-4fb9-a7f9-9e6191f96a23,SKU000623,Green,XXXL,Polyester,Men,All Season
31e766ba-2f41-496d-afc3-370829943a3f,SKU000624,Red,XXL,Denim,Men,Winter
352704db-749e-4c3b-93a8-83e93b1cbd95,SKU000625,Green,XS,Leather,Men,Winter
88b157da-da01-4ca2-9e33-af3827ff1f72,SKU000626,White,M,Cotton,Women,Winter
9f4cbd65-4bcb-4dcd-ace0-fbfb2cc60b8a,SKU000627,Green,L,Denim,Women,Summer
a42ac8dd-0e4b-4b29-bf47-2ed6ca3d5715,SKU000628,Black,M,Polyester,Men,Summer
e342da13-a47a-428e-8581-15bfeede4e72,SKU000629,White,M,Cotton,Men,Summer
c921a8b8-de88-4697-857b-26f9667f3c15,SKU000630,Green,XL,Denim,Men,Winter
f9428e61-9f60-4a7f-bf19-14e309affff4,SKU000631,Blue,XXXL,Denim,Women,All Season
28c9c107-ac99-431b-8a7f-07b7b1df1f6f,SKU000632,Black,L,Polyester,Men,Summer
215cdf6c-ad20-44ce-b924-f49fda05c950,SKU000633,Green,M,Cotton,Men,Summer
ca371d08-5a7c-40ba-8aad-3d3839b0d86f,SKU000634,Black,XXXL,Polyester,Men,All Season
3d22c154-1395-446e-9b37-cde3c78bf13e,SKU000635,White,XL,Polyester,Men,Winter
302f9945-d4e6-4aab-9de2-bda5ca7eabae,SKU000636,Green,S,Denim,Men,Winter
8f8d6fa7-f8f5-44a1-8cad-7d2b31a98d88,SKU000637,Blue,XXXL,Cotton,Women,Winter
972040e5-d999-4e5d-8bfc-8a132808c24c,SKU000638,White,L,Leather,Women,All Season
a00af48b-466f-4c60-b6e9-7e9ce30e7145,SKU000639,Blue,XL,Polyester,Women,Winter
fcff2e69-709e-4674-8319-403d52d74070,SKU000640,White,XXL,Leather,Women,All Season
fc424d20-621d-45d4-a640-e476ab01bb17,SKU000641,Green,XXXL,Cotton,Men,All Season
7770f832-aea4-419d-a166-d6ba53c75863,SKU000642,Black,XS,Leather,Women,Summer
081cca68-67ca-4878-a0be-7c403947f00c,SKU000643,Blue,XL,Leather,Men,All Season
f9871162-1ccd-4fc3-a395-025926e2a0c5,SKU000644,Red,XL,Polyester,Men,Summer
61ce9022-3e76-4a3c-88ea-e0c7980a2ef3,SKU000645,White,L,Cotton,Women,Summer
e5954604-db90-42ee-acdd-65127eb89ed5,SKU000646,Red,XXL,Denim,Women,Winter
e3afd3e0-1cf6-4404-8b89-63ba628719fa,SKU000647,Black,XS,Polyester,Women,Summer
5d062263-3992-4984-aa2e-595f14e64895,SKU000648,Red,S,Denim,Women,Summer
cba6f53f-77a0-4cfc-bfb9-9703f464de44,SKU000649,Blue,M,Polyester,Men,All Season
66b1cee8-2e47-4c5c-ab88-8399e53b9713,SKU000650,Black,XS,Polyester,Men,Winter
daf499c2-a5e2-4f36-8c6d-93a22083b475,SKU000651,Green,XL,Polyester,Women,Summer
ff9724ea-6490-4eb9-a180-1f4a9ff851ab,SKU000652,White,XXXL,Polyester,Men,Winter
87fa2739-c607-49ef-bfbe-8668efa6e85c,SKU000653,Black,XXXL,Polyester,Women,Summer
2c424c77-43f8-4049-9735-baf073a59f73,SKU000654,Green,L,Leather,Men,All Season
77f4ca99-25f6-4ca8-bdbe-766e7bec216f,SKU000655,White,XXL,Leather,Men,Summer
e63c9f3b-2c17-4f64-abec-b92e22d492d4,SKU000656,Blue,XS,Polyester,Women,Winter
7108e0c5-d067-4a61-bd91-c8dc64b3b5a5,SKU000657,Green,L,Leather,Women,Summer
74d26bae-d581-4354-ad40-7c654659305d,SKU000658,Green,XL,Leather,Men,All Season
8771fa90-a088-4db0-a7d3-1b5985d4dc68,SKU000659,Black,S,Leather,Women,Summer
97a7bf3e-a947-4984-9a74-65d51ad3deb7,SKU000660,Green,M,Leather,Men,Summer
0dae320c-1c9c-4071-b4c9-02016c7f7ded,SKU000661,Green,XXXL,Cotton,Women,Summer
509c8caa-e607-47b9-aea7-50d5685aa32c,SKU000662,Green,XL,Polyester,Women,All Season
e8f15986-a548-4625-bfc0-b59d19696b18,SKU000663,Black,XXXL,Denim,Men,Summer
534b8a0b-6c0d-4d4b-9cb8-f4e72737a327,SKU000664,Green,XXXL,Cotton,Men,Summer
c6cb8295-7463-40fe-9d6b-bdb8c1af0aa9,SKU000665,White,XXL,Cotton,Men,Winter
1e7f26b6-bdf1-4e89-9939-ae360d66a168,SKU000666,Black,XL,Leather,Men,Summer
a55f406b-5a73-4fc7-9d5e-92654d6e7f54,SKU000667,Blue,S,Polyester,Women,Summer
b7fea3d6-e02d-412b-bc4a-aa896ebb31d8,SKU000668,Green,XXL,Polyester,Women,All Season
713892a5-f2ca-40e3-8e4b-1e4a9e9cb07c,SKU000669,Red,M,Cotton,Men,Winter
c982b9f5-e118-49fb-aa40-fd994192004c,SKU000670,Black,XS,Polyester,Men,Winter
d47a7847-e7f7-4676-a475-94abe8419947,SKU000671,Black,XS,Leather,Women,All Season
c21664d1-8a6c-4798-9ea7-a932ef3e22ad,SKU000672,White,M,Denim,Women,Summer
59932310-a0d5-4e92-9179-90ffdc5e6e7d,SKU000673,Green,XXL,Polyester,Women,All Season
8e477307-6991-45aa-ad58-c5278f0c1772,SKU000674,White,L,Denim,Men,Winter
528b0cf2-76d7-45c2-9181-50d6a3556561,SKU000675,Black,XL,Polyester,Men,Winter
0a4f0570-d64f-4770-bea0-a8c658d5cd6a,SKU000676,Red,S,Cotton,Men,Summer
5bb4678c-f06a-429f-bcb1-93f1d9aab01c,SKU000677,Green,XXL,Polyester,Women,Summer
a6a5148e-d9b1-46ba-995d-ef91bf8510c6,SKU000678,Green,XXL,Polyester,Men,Winter
7000fce7-5351-4a8d-bdad-6fb8e9194e16,SKU000679,Black,XXL,Cotton,Men,Summer
875c1c74-4447-49f4-948b-00e29c259969,SKU000680,Green,S,Leather,Men,All Season
cc3ecf0e-0f0e-412e-9454-b9f41d96e234,SKU000681,Blue,XXXL,Cotton,Men,Winter
5ea57a71-47cf-48a4-8363-cff6d92a9c9b,SKU000682,Black,M,Leather,Men,Summer
a553ebc2-b46a-4f57-a834-2aa4640db575,SKU000683,Blue,XS,Leather,Women,All Season
33b12e21-1b3e-497f-bb50-2b401246f75e,SKU000684,White,XS,Cotton,Women,Winter
77072dc0-5b1e-4087-b011-da51d89fe7ff,SKU000685,Green,XS,Polyester,Women,All Season
a2c3e31c-68b3-4d80-b9f5-f5fff30f287e,SKU000686,Black,L,Cotton,Women,All Season
a7a7af09-9f08-4824-9c88-52f3633b719d,SKU000687,Green,XL,Leather,Men,Summer
1244a8fb-7ab8-4cc9-b272-229627a1549c,SKU000688,Red,XXXL,Polyester,Women,Summer
eca8777b-fb14-4cc5-a4c4-cadd464b557d,SKU000689,Blue,M,Leather,Men,Winter
e4c4b7f1-6f21-46ee-bd8d-4bf885d2f977,SKU000690,Green,XXL,Denim,Women,Summer
5f6aa5c8-9f88-4ffd-abac-3de70c804ee4,SKU000691,Black,L,Cotton,Women,All Season
54220c0e-cdbb-49b5-8660-138da47614e3,SKU000692,Black,M,Leather,Men,Summer
8a85514f-bfd4-4db5-927e-83b942dda4fa,SKU000693,Blue,L,Denim,Women,Winter
555bbcaa-1d58-408f-bc40-159d8771c480,SKU000694,Green,XXL,Cotton,Women,Winter
5a51a934-a030-4800-97b0-f8d696bcd117,SKU000695,White,XXL,Denim,Men,Summer
e0d6d0d0-1fab-40bd-8d17-af83e9257be4,SKU000696,Black,M,Denim,Men,Summer
7a357417-a960-4a7c-a15b-0c29f2144dd6,SKU000697,Green,L,Leather,Men,All Season
bca08a15-373a-4c80-a61a-986821cb60df,SKU000698,White,S,Cotton,Women,Summer
80aeb735-6fd8-41cb-b8c4-5b042563b032,SKU000699,Green,XS,Cotton,Men,Winter
e8a8c1ea-d2bf-4d7a-b4d4-92e802425858,SKU000700,Black,M,Leather,Men,Winter
25a5b4c5-2e19-462d-8d3d-2cbfd4deab1d,SKU000701,Green,M,Denim,Women,Summer
605c0b60-83a1-49c4-a84e-67c731125296,SKU000702,Green,XS,Denim,Men,All Season
d8b32bd7-bc4c-403d-8304-8e51aecaccb9,SKU000703,Green,XL,Leather,Men,All Season
734e49ea-3709-48f2-8062-0caa702371ca,SKU000704,Black,XXL,Cotton,Men,All Season
e5597ee9-8b48-445f-a46c-c479d0b9e931,SKU000705,Green,XL,Polyester,Women,Winter
4da229fb-c989-43c5-9b59-c4f2285f76fb,SKU000706,Black,XS,Denim,Women,Summer
d0ad122e-80cd-407d-93c0-37a6d0973ec9,SKU000707,Blue,S,Polyester,Women,All Season
30e0276a-c95b-4503-be81-fd08447a58e9,SKU000708,Black,XXL,Polyester,Women,All Season
c5fd5767-d823-41b0-8a0b-5efd33f301dd,SKU000709,Black,XXL,Denim,Women,Winter
e8713ccf-e532-4335-b573-4c0a640bd64f,SKU000710,White,XL,Leather,Women,All Season
f2f5aa8a-6542-4f8c-9258-ca10f4ed55d6,SKU000711,Red,M,Denim,Men,All Season
3dbf3a9e-81bb-4855-a7a7-da4fe97b332f,SKU000712,Red,S,Leather,Men,Winter
ec0de7e4-854a-42a3-a950-391ea30e0f29,SKU000713,Blue,XS,Polyester,Men,Summer
930977ac-140d-465e-a3ff-716b16a77514,SKU000714,White,XS,Denim,Men,Summer
5dd7af4b-3438-4207-a72a-7b0660d487e8,SKU000715,Red,M,Polyester,Women,All Season
e0c3e485-fb1e-4f48-bbb3-15d6ce62d00f,SKU000716,Black,XXL,Denim,Men,Winter
64adfdbd-388d-4d39-9cfa-80b6c6453522,SKU000717,Green,M,Denim,Women,Winter
f2986b9f-09a3-4f40-b1b2-f273c76e5905,SKU000718,Red,L,Denim,Women,Winter
ab988400-4c1d-4067-95e6-ecd67550f817,SKU000719,Black,M,Cotton,Women,Summer
21e4756b-cfd5-4d85-8cce-167169a39030,SKU000720,Black,L,Denim,Men,All Season
036dce4a-b2e5-40f2-be64-9a9db067c78b,SKU000721,Blue,XL,Denim,Women,Winter
ba7a8ba7-08a2-4158-bfb3-afda901bf960,SKU000722,Blue,S,Denim,Women,Summer
c3a1410d-6b1c-4f86-98e6-5817c9287a31,SKU000723,Black,XXXL,Cotton,Men,All Season
23fd63af-bca4-4209-96a3-b70529caee77,SKU000724,Green,L,Leather,Men,Winter
21add371-ac93-449d-a522-cef41a4d4186,SKU000725,Blue,S,Denim,Women,Summer
fb15d105-f0bb-42ed-9078-dc231900b0be,SKU000726,Blue,XXXL,Denim,Women,Winter
c5dda37c-78c1-4e92-9ac2-06d85293bac5,SKU000727,Blue,XL,Cotton,Women,All Season
09cf7553-1ba1-4135-9f01-b9cb9be2a961,SKU000728,White,XS,Cotton,Men,All Season
bbec8455-1924-44fa-a485-7d69104301a6,SKU000729,Black,S,Denim,Men,All Season
97b6eb30-642e-4ddc-a842-fe8e6e95c0a5,SKU000730,Red,XS,Leather,Women,All Season
a47c4176-9846-41b6-a7a4-0caacc3f50c9,SKU000731,Blue,S,Leather,Women,Summer
6a8cb4cd-8b04-41f0-94f3-7583e351b025,SKU000732,White,L,Leather,Women,Summer
f9c7e8ec-f175-4a89-8798-94ff1fe4eb9e,SKU000733,Black,XS,Polyester,Women,All Season
a2d5677a-d403-4f11-b78d-cf8dd07834c6,SKU000734,Blue,S,Leather,Men,Winter
332b6721-6d3c-4fc2-8971-6985cb0da594,SKU000735,Green,S,Denim,Women,Winter
71a0860b-8f69-4a08-ad19-adacec191337,SKU000736,Green,M,Leather,Men,Summer
ca3b6918-a82b-4f73-9c63-0a37abd35011,SKU000737,Green,S,Polyester,Women,Winter
ccf64199-78d5-4762-824a-8620047f5bec,SKU000738,Black,L,Leather,Men,All Season
b4d05067-fb3a-4fcf-89fa-30680531bce7,SKU000739,Green,L,Polyester,Men,Winter
2deba6e5-f45a-4264-ba2b-932736819a0f,SKU000740,Green,XL,Polyester,Men,All Season
cb845765-f5db-4bc4-b6f9-763c38827f15,SKU000741,White,XL,Denim,Men,Winter
bd58b6fb-94e7-4e43-9b63-b699a34c8933,SKU000742,Black,L,Denim,Men,Winter
b33167c6-1b5f-4e4b-aa7a-b027b5fa5ad2,SKU000743,Blue,XS,Denim,Women,All Season
7a9ee343-a3cc-4580-b095-e26061c82147,SKU000744,White,XL,Polyester,Men,All Season
6ea5249d-ede9-4aa1-b5ac-3e2db1b5322c,SKU000745,Black,M,Leather,Women,Summer
b02b76c9-6824-40c0-8d79-c856376495b6,SKU000746,Blue,XS,Cotton,Women,Winter
300ead44-7b91-48d0-93e0-de0b1b0f94bc,SKU000747,Blue,XS,Polyester,Men,All Season
3fb5407b-c405-44cb-b86b-c7852d1f424f,SKU000748,Red,M,Leather,Men,Summer
7ca4a5c3-aba5-46b1-a470-c151f0ac4528,SKU000749,Blue,S,Cotton,Women,All Season
b6a8e35c-840a-47d7-a32b-e40274c9189d,SKU000750,Blue,XL,Denim,Men,Winter
6f00256f-a1fb-4984-a14d-8f613fc8a2a8,SKU000751,Blue,L,Cotton,Men,Summer
5d88961a-8313-4fba-9be6-b61fbe41b4fe,SKU000752,Green,L,Leather,Women,Winter
47f93a69-e40b-4919-bca5-aa2ceffb4a55,SKU000753,Blue,XXL,Denim,Men,All Season
67686664-a747-4295-bad4-6460db629d68,SKU000754,Black,M,Polyester,Men,Winter
47d36d95-886a-40ad-94b9-b6eb2896807f,SKU000755,Green,XS,Cotton,Men,All Season
29ac8ac4-762e-48c0-88b6-a25f08f190ee,SKU000756,Blue,M,Polyester,Women,Winter
d3d9b649-4df0-45dc-947a-9407139312a7,SKU000757,Black,XL,Leather,Men,All Season
aafc6c3f-8b45-4fdb-bad3-c92b63c2fd47,SKU000758,Red,S,Denim,Men,Summer
ea051d08-1ad2-42a8-9b07-2f63de5cdcad,SKU000759,Red,L,Leather,Women,Summer
dedc72fe-a8c4-410a-ae71-4ff551f60e87,SKU000760,Black,XXL,Leather,Women,Winter
e3e92def-bcb7-4c9d-beb3-b4bdfcf0cbdd,SKU000761,Red,L,Polyester,Women,All Season
4596cb3f-366d-460e-8eaf-b5584e1d0739,SKU000762,Black,S,Denim,Women,Summer
a16ac317-2eb2-43cb-841d-7aa780d32726,SKU000763,Red,XXL,Cotton,Women,All Season
6ba3d1eb-c0b4-4f0a-96c4-2f4be539bbf9,SKU000764,Blue,M,Polyester,Men,All Season
72dadf42-b3b0-4522-a1be-72243965c86e,SKU000765,Red,XL,Cotton,Women,Summer
93ab6190-6ec4-443c-a988-6e13a2e89e30,SKU000766,Green,XS,Denim,Women,Winter
05df53ce-952f-4dfa-a970-6dd8ac87314f,SKU000767,Black,XS,Leather,Women,Winter
8e76a603-7832-4cd5-8a2d-12b0cc6c78b5,SKU000768,Green,S,Polyester,Women,Summer
efff5818-40c3-4612-9d2e-4decc36e2ff7,SKU000769,Red,XS,Polyester,Men,Winter
c2a28f8c-5e53-4d85-b689-405ff2d11b13,SKU000770,Red,XXXL,Leather,Men,Summer
a7f96b17-2447-4e73-b89f-20c29cf296bc,SKU000771,Green,S,Leather,Women,Winter
d368010e-1d64-463a-845c-61534659aaaa,SKU000772,Red,XL,Leather,Women,Summer
0e0430e6-c388-4496-adf9-798b758c19c1,SKU000773,Red,XXXL,Denim,Women,Summer
e27380d0-1e15-487d-a771-5cd01ecfffc1,SKU000774,White,L,Denim,Women,Summer
32a43f1e-5558-45cb-9e64-f129c35b0b47,SKU000775,Black,XXXL,Polyester,Men,Summer
67e72bb8-5abf-4527-9ef6-c0de994891d0,SKU000776,Blue,XS,Leather,Women,Winter
fa49a4e0-9874-4b27-8a77-be3499d92dec,SKU000777,Blue,S,Denim,Men,Winter
8e210b12-1a1b-413d-94cd-614cf88e4030,SKU000778,Blue,XS,Cotton,Men,Summer
15ddadb5-d2ff-4083-9997-142d4abbef53,SKU000779,Black,M,Polyester,Women,Summer
93cddadf-a9fa-46e6-b0d4-ffd0825343f9,SKU000780,Red,S,Polyester,Women,All Season
02321b97-96bc-41a8-a08a-bf6ef7e4d41a,SKU000781,White,M,Polyester,Men,All Season
3ded881e-b205-498a-89e0-bcdb7781281d,SKU000782,Green,S,Cotton,Women,Summer
e5548533-05e7-4207-9103-c1c52954fecf,SKU000783,Red,XXXL,Polyester,Men,Summer
2754868f-c0dd-4fc0-975b-b2ba73d051f1,SKU000784,Red,XXL,Polyester,Women,Winter
deefb167-14bd-4c64-a47d-77a9cbf7c562,SKU000785,Green,S,Denim,Men,Winter
b712f091-919d-4078-825b-0182c69a1fac,SKU000786,Blue,XXL,Leather,Women,Summer
5e220228-8b4f-49f6-a364-1678573b8e78,SKU000787,Blue,XL,Polyester,Men,Winter
7da93b3f-d3c5-484f-bf41-e0f267c2afa2,SKU000788,White,L,Denim,Women,All Season
698f95a2-8622-43d8-b57f-6d0b28f59755,SKU000789,Black,XS,Denim,Women,Summer
cb65ce72-bee3-4dae-a0ad-efffd49b1cf4,SKU000790,Red,L,Polyester,Women,Winter
47d01aa2-6aaa-49eb-94bf-e16210dde7ec,SKU000791,Black,XL,Polyester,Women,Summer
221c92fa-a9d0-45a7-927f-483ecd692696,SKU000792,Green,XXL,Polyester,Men,Winter
306ebb6f-7b58-4f6e-8178-e25b64f8358d,SKU000793,Black,L,Polyester,Men,Summer
6779a629-56da-4781-bfdf-44c056bdbba6,SKU000794,Blue,L,Cotton,Men,Winter
70fb8df5-a26c-4ea6-be2b-7362ee62055d,SKU000795,Black,XXL,Denim,Women,Winter
59d74d3c-354b-4aaa-aeb7-e0f0c36a1a05,SKU000796,Blue,XXXL,Cotton,Women,All Season
19b5a9fb-cb1b-4409-bdb5-3b9b5fa97363,SKU000797,Black,M,Leather,Women,All Season
a8e7d6dd-2232-4348-ab1a-a3e9a8cd9d6e,SKU000798,White,S,Leather,Men,Summer
8f8c0063-a594-4d93-84a1-bfaabd2b2bdd,SKU000799,White,XL,Leather,Men,All Season
de837d00-7590-4cc7-af5c-5f55ab314aab,SKU000800,Blue,XXXL,Polyester,Men,Winter
1b8619b7-30f7-404f-a82d-ed42d4422bd1,SKU000801,White,S,Polyester,Men,Winter
1f625ed2-765d-445e-a1da-f205f58d61ad,SKU000802,Red,XL,Cotton,Women,Summer
3663a152-ea6c-4296-9e19-2b1d9ab18583,SKU000803,Green,L,Cotton,Men,Winter
011eb821-14ee-4ed3-803f-54338f987a9c,SKU000804,Red,S,Leather,Men,Winter
7136dfcc-2d60-4111-8b4c-21a50ad8a742,SKU000805,Black,XS,Denim,Men,All Season
5a72c194-6322-4418-97d8-ea98321dc0dc,SKU000806,Blue,XXL,Polyester,Women,Summer
d14b3b3d-6e99-4c9d-8b67-e417a51097b9,SKU000807,Blue,XS,Polyester,Women,Winter
1b62c9f4-4119-48b1-8550-4b38d183aa73,SKU000808,Red,S,Denim,Women,Winter
87eeeccb-ab36-4abf-aa2b-8a20dc73b8d8,SKU000809,Red,M,Polyester,Men,Summer
a2bf8201-93d9-4e19-9b82-3cea51e7b55e,SKU000810,Black,L,Cotton,Women,All Season
920f68c1-67e1-446d-b001-2ffaa012e2f2,SKU000811,Blue,XXL,Denim,Men,All Season
c926d1fe-2c8e-4236-acd3-95edf55d0468,SKU000812,Black,XS,Cotton,Women,Winter
bbf14a0c-cfbb-4609-9207-0ccfef222e36,SKU000813,Green,XXL,Leather,Men,Winter
73aca01a-e312-4577-a058-8b9b2a2c6ee5,SKU000814,Red,S,Polyester,Women,Summer
7b00b858-2e64-4064-a489-4c7600c5c1ca,SKU000815,Blue,S,Cotton,Women,All Season
1bd14d11-9d84-4435-9913-73535f22c786,SKU000816,Blue,XXL,Polyester,Men,Winter
7ebe61ef-dac9-45a8-bf3d-ded16e054b4c,SKU000817,Green,XS,Leather,Women,Winter
c4633e98-d595-490d-8a26-c1a9f4d94825,SKU000818,Red,XS,Leather,Men,All Season
5382581d-8e5d-4b10-9b3c-00343ef87767,SKU000819,White,XS,Polyester,Women,All Season
e732c1cd-841c-4eb8-aeb2-c51344a2dbf2,SKU000820,Red,XL,Polyester,Women,Summer
21d7821d-ef60-4fd0-b418-73003ab6df7e,SKU000821,Red,S,Polyester,Men,Summer
b29b6aa7-4213-4878-94fb-63f1902f2ac6,SKU000822,Red,M,Leather,Women,Winter
9affc8d7-f4fb-48ce-afd6-d779033d6fb0,SKU000823,Blue,XXL,Polyester,Men,All Season
055acfc5-ef2d-4725-b969-0f9394afea3b,SKU000824,White,XS,Leather,Men,Summer
985db2d1-76b5-49c9-bc3e-877a5dd991a7,SKU000825,Blue,S,Cotton,Women,Winter
dda9931c-f337-4a23-901d-71e3ed0f9805,SKU000826,Black,M,Denim,Men,Winter
c57af4f8-4826-4a94-bfff-b07940b7b4fb,SKU000827,Green,M,Polyester,Men,All Season
b3d72710-3eea-4ea9-9fe8-2316a8a7cc37,SKU000828,White,XXL,Leather,Men,All Season
808d8f9c-db2d-4ea4-b72c-ce3f28ffd8f5,SKU000829,White,L,Polyester,Women,All Season
2b8849ff-4759-4d2a-815d-83adc27dd7d4,SKU000830,Black,XXXL,Denim,Women,Summer
1ec0dc98-da5f-4018-abda-8add792f1245,SKU000831,Blue,XXL,Polyester,Women,All Season
f31ee909-1c98-4e1a-8c06-8a98f994fa98,SKU000832,Black,L,Denim,Men,Summer
c6799eef-2a68-4a65-ba5e-926866176baf,SKU000833,Blue,XXL,Denim,Women,Summer
0548c5e1-a447-41d7-adef-652fa9c48104,SKU000834,White,M,Denim,Men,Winter
abfa0ebe-7394-4827-8a31-2eb8504acf8a,SKU000835,Blue,XXXL,Leather,Women,All Season
190bf000-c2f8-4bdb-af52-5cef1a2a60a0,SKU000836,Red,L,Cotton,Women,Winter
b2a2378f-23c4-4f7a-b134-39261c4a4ef0,SKU000837,Red,XL,Denim,Men,Winter
81cfff9e-0686-490a-bf96-d1ef18d9e5b9,SKU000838,Black,XL,Cotton,Men,All Season
8c54cad9-3ee7-412f-9798-c6abecdee61f,SKU000839,Green,XXXL,Leather,Women,Summer
65d08332-8f4a-4c25-bf20-7da56ce062bb,SKU000840,Black,XL,Cotton,Women,Winter
b5c31eff-5283-41ca-9991-62be8af4e93f,SKU000841,Green,XL,Polyester,Women,Summer
d55d319f-9f3d-4ad0-aabd-8583d2e59af3,SKU000842,White,XXL,Leather,Men,Winter
f87ad392-709e-4691-95d6-ef087514a2d9,SKU000843,Red,M,Polyester,Men,Summer
e872f786-f9ce-456c-a7cc-18e3faac7693,SKU000844,Blue,L,Cotton,Men,All Season
58347a2b-d68a-4324-9616-8c795e036dc0,SKU000845,Blue,L,Denim,Men,Summer
e23923e0-7914-44e7-b54f-3c9a53227647,SKU000846,Black,XL,Polyester,Men,Summer
68a923ae-97f7-428b-9a30-c5390aff9377,SKU000847,Red,L,Denim,Men,All Season
a27f3a4b-d960-4c1e-b5fc-d988a0a48174,SKU000848,Blue,L,Denim,Men,All Season
00906dc2-5037-4d24-aa32-557c2ac7b4fe,SKU000849,Black,S,Denim,Men,Summer
d16e3fde-1873-415e-8cfe-62046e8968d7,SKU000850,White,XXXL,Denim,Men,All Season
8c1ec2cb-5287-46f1-acd6-96eafcf41107,SKU000851,Red,XXL,Polyester,Women,All Season
a8b254c0-65ee-4386-b5af-03afad593468,SKU000852,Green,XXXL,Denim,Women,Winter
ddbc7809-fd88-4f27-b319-6c974223a726,SKU000853,Blue,XXL,Denim,Women,Winter
d09e72aa-6df5-4fcc-87e4-5a03297d0b90,SKU000854,Black,M,Cotton,Men,Winter
922e260b-ba59-4816-9508-51279926f9fb,SKU000855,White,L,Denim,Women,All Season
ca646e02-e279-4a99-83e4-307db0319a2b,SKU000856,Green,XL,Leather,Men,Summer
0fc81b0e-27a0-4bd8-a022-27777bec847c,SKU000857,Blue,XL,Cotton,Women,Winter
f46328d1-e0fe-4444-88c8-2526b188545b,SKU000858,Blue,L,Leather,Men,All Season
7bfceeb9-5e44-4c0e-8931-2af6cf7c52de,SKU000859,Black,XXL,Denim,Women,Summer
5d7d1db4-a677-484d-82bd-9d5085c7780b,SKU000860,White,L,Cotton,Women,Winter
fc732c71-1a5e-47c5-b413-94a75f423513,SKU000861,Black,S,Polyester,Women,All Season
4e04d97e-16d7-4bf0-bafa-2d16c83ffdfa,SKU000862,Green,XL,Leather,Women,Winter
c9661681-cd30-4a24-8dcd-caa43210c625,SKU000863,Red,XL,Denim,Women,All Season
7797defc-17e5-47c8-914a-e2001d2b500f,SKU000864,Blue,XL,Polyester,Men,Summer
304926a2-cc79-4ce6-b784-00cdd1f020be,SKU000865,Black,L,Cotton,Women,Summer
2294778f-8a83-4a8a-81e2-075ce0972eff,SKU000866,White,L,Leather,Men,All Season
db2dd2eb-4889-4ad4-b45f-d5f2ebc69462,SKU000867,White,XXXL,Cotton,Women,Winter
8ba63ba4-6f61-4d53-a550-75ccb6a7ee1b,SKU000868,Green,XL,Cotton,Women,Summer
0047e15d-b69e-4c4b-ae76-d25ece20ca0d,SKU000869,Blue,XXL,Polyester,Men,Winter
203ede05-b503-4da6-831c-f5e5701b6b64,SKU000870,Red,XL,Denim,Men,Winter
23a22e63-abae-4d61-b8ef-9f0fb73b099b,SKU000871,Green,XXXL,Polyester,Men,All Season
6e34c308-60e7-4126-9c09-bc165cdd8a7e,SKU000872,Blue,XS,Denim,Men,Summer
a276625d-a86a-4fbd-8598-04c87d9e19d7,SKU000873,Blue,XXL,Denim,Men,All Season
908c4d0e-ce6d-4c98-9a84-1f5b27751504,SKU000874,Black,XL,Denim,Women,All Season
801ddf4b-4236-48cd-982b-42c5eb500eb3,SKU000875,Blue,XS,Cotton,Women,Winter
0ec5f443-9072-4bde-a8d7-0b1d7075565f,SKU000876,Green,XS,Cotton,Women,Winter
8d633dd9-7f6c-4705-bf7c-c11fc3202827,SKU000877,Blue,M,Leather,Men,All Season
ea4fa3da-f326-4e3c-8328-cffb7a3b9598,SKU000878,Green,XS,Polyester,Women,Summer
5360d401-4df8-4803-96cd-6a0323013f78,SKU000879,White,XXL,Cotton,Women,Summer
aff55d2d-c83b-48f3-8632-7d6b6cff9216,SKU000880,Red,M,Cotton,Men,Summer
c53d07f9-674b-4585-a569-33f535b8de74,SKU000881,Red,L,Denim,Men,All Season
1f2ef511-0821-4e69-8239-d55bd802c1e8,SKU000882,Black,XL,Polyester,Women,Summer
9da4a2bf-646f-4341-97e1-5cf658dce991,SKU000883,Black,XL,Leather,Men,All Season
023d2ec2-945d-440b-b1d5-3f0f90e45812,SKU000884,Green,L,Denim,Women,Winter
360c3744-2d14-4836-8b25-7bc38779a52d,SKU000885,White,XXL,Cotton,Women,Winter
648d89fb-6b78-4e3a-a405-1c8cbbfa35c5,SKU000886,Blue,XXXL,Denim,Women,All Season
08be6a2c-df19-404b-9726-163b902ac53d,SKU000887,Black,XXXL,Cotton,Men,Winter
e67fd8d0-6b72-4ea1-95da-f4e2a4cb1274,SKU000888,Blue,XXXL,Leather,Women,All Season
0b37310b-2b9a-43d0-b70b-101639d3a918,SKU000889,White,L,Cotton,Men,All Season
3de1106f-0e4f-49ac-9b7d-2706c25363b3,SKU000890,Blue,M,Polyester,Women,Winter
65b96db1-66a2-49d5-bbbb-e3976e70b35c,SKU000891,White,XL,Cotton,Men,Winter
c5f0175f-b525-4692-81ac-64fce6cbaa81,SKU000892,Green,XXL,Polyester,Women,Summer
1292e11a-17af-461d-932d-bb4b7206a27d,SKU000893,Blue,S,Polyester,Men,All Season
fb4c4dfd-c2ba-4a54-9673-83d5bfa5dd33,SKU000894,Red,M,Leather,Women,Winter
fbea07e8-a8fb-4b7f-96a4-43e11b97a0e4,SKU000895,Black,L,Polyester,Men,All Season
9b7bd990-8bd7-4cb4-92ed-21f5b36a08bf,SKU000896,Green,XL,Denim,Women,Summer
34c5a19f-9c44-4ca0-af3a-252239dd7f66,SKU000897,White,S,Cotton,Women,Winter
2318fa93-0e6a-4abe-bce1-d8a74b371a0b,SKU000898,Black,S,Polyester,Men,All Season
4cf3eea0-487d-466c-996f-bebbb1fb994d,SKU000899,Green,M,Cotton,Women,Summer
58c4cea9-7c30-4b42-887c-add9c12b3376,SKU000900,Green,XXXL,Denim,Men,Summer
0a76d4cd-5023-450b-b210-bdb9979d732f,SKU000901,Black,M,Leather,Men,Summer
6137d378-5f39-4dd6-b7fd-fc926bbe7875,SKU000902,Green,M,Denim,Women,Summer
d65663b1-a8d7-42dc-8a82-17605f51a134,SKU000903,Green,XS,Leather,Men,Winter
11aced00-c5ec-4cdf-aa4d-718d516ef022,SKU000904,White,XXXL,Denim,Women,Summer
8f4fe794-994b-45a5-9d0c-0bf85c4edffb,SKU000905,Green,L,Polyester,Men,Winter
6bea5fca-2d1e-4b49-8631-f0c6248ac5ea,SKU000906,Blue,XS,Leather,Women,Summer
4a2df02e-1db1-4584-9172-68a41735c119,SKU000907,Black,XS,Denim,Men,Winter
8a0f62c6-8c1d-4dfe-809c-c6b79809e18b,SKU000908,Blue,XL,Denim,Men,Summer
d5b6111b-4d36-41c6-8db5-dd7e6c13fb2b,SKU000909,Green,S,Polyester,Women,Winter
c26c7e2c-e87a-419c-a908-4f35f90d994a,SKU000910,Red,M,Denim,Women,Winter
f210bfc5-b7d7-4eca-bb83-d6a51d23f652,SKU000911,Blue,S,Leather,Men,Summer
fe2540cf-5ac0-4736-bd60-5f3a883e3fcb,SKU000912,Black,XXXL,Leather,Women,All Season
df82255a-2282-4a95-a220-14c74919aa7d,SKU000913,Red,M,Denim,Men,Winter
e181ba5a-928a-47df-a890-3ac8728c2462,SKU000914,Blue,XL,Denim,Men,All Season
45f6e3af-13b9-41fb-9fee-b5c48fb8b18a,SKU000915,Blue,XL,Polyester,Men,Summer
077e86cb-3a7c-4aa6-9b92-7ccfe52c4d17,SKU000916,Black,XXXL,Cotton,Women,All Season
13650fc4-84c6-4229-bb2c-37753fe10e9d,SKU000917,Green,M,Leather,Women,Summer
53705cce-5680-4d05-8823-3235aa008126,SKU000918,Red,XXXL,Polyester,Men,Winter
e94cce00-d29b-4c86-9b32-68622ecef120,SKU000919,Green,L,Denim,Women,Summer
3275c101-5d2f-4e0d-bcac-7f2e3fc4040a,SKU000920,Green,S,Polyester,Women,All Season
25dceb6a-5e19-478e-81af-573f454c4844,SKU000921,Black,S,Cotton,Women,Winter
407f37b9-d0e2-41b1-a065-27bd489c1283,SKU000922,Blue,L,Leather,Women,Summer
06b44cee-43e2-4d79-bcfe-51404c874e4b,SKU000923,Blue,L,Cotton,Women,All Season
134e5ead-7b64-4d31-aed1-19a4f6ceb37f,SKU000924,Blue,L,Cotton,Women,Summer
0f728bb3-4be3-48cc-ab99-acc39a634702,SKU000925,Black,M,Denim,Women,Winter
867befb1-2bd2-4504-9fa4-8df97f256f7e,SKU000926,Blue,XXL,Leather,Men,Summer
135a7233-c83f-4e4a-9a54-c76934468f6d,SKU000927,Green,M,Cotton,Men,Summer
3cdf91c1-d2f9-4d3e-a77f-254a5b7b1448,SKU000928,Black,XS,Cotton,Men,Winter
084705f7-c448-4732-833e-d6710ae5c803,SKU000929,Black,XXL,Denim,Men,All Season
475acc5c-044e-4bf1-bf64-08673985c744,SKU000930,Blue,M,Cotton,Women,Winter
966e2ff5-3d96-47bb-b874-29b9604565cd,SKU000931,Blue,XL,Polyester,Women,Winter
dab60d18-cbae-40d1-99af-dd5d2a7a4e61,SKU000932,Red,M,Polyester,Men,Summer
abd3d650-43ca-43fa-b71f-eb1fda389dae,SKU000933,Blue,XXL,Cotton,Men,Winter
303bd2f6-5f22-4f13-808b-12ed4d7009ab,SKU000934,Blue,XXL,Cotton,Men,All Season
a7a3202b-8d01-4d73-b4be-2316c44ffb2f,SKU000935,Red,XL,Polyester,Men,Winter
9a64dd63-7f4f-496b-8a57-f9fe4d48a963,SKU000936,Green,XS,Denim,Women,Winter
e97eec27-30b8-47b7-bb22-d8c0c24c35c6,SKU000937,Red,S,Denim,Women,Winter
1bb66c56-1802-4ecc-a715-22a62c57ac46,SKU000938,Black,M,Denim,Men,Winter
bfb93509-b5aa-493c-af8e-099616865ab2,SKU000939,Green,XL,Polyester,Women,Summer
9f2ec57e-a611-47b0-bd34-17a9053460ce,SKU000940,Green,XS,Leather,Women,All Season
023265f3-6116-4aa8-9909-956801b0f9ae,SKU000941,Red,XS,Polyester,Men,Summer
573def60-26cd-41f5-b09c-b8cdf6b75645,SKU000942,Green,XS,Denim,Women,Summer
a5ab4181-66c0-490c-93b3-d14ea7f5d9aa,SKU000943,Black,XXXL,Cotton,Men,Winter
9ddda540-790b-4a5c-98ae-9a5745841f09,SKU000944,Black,XS,Denim,Women,All Season
f36e1170-ab40-4e72-82a1-f24e89b5ac25,SKU000945,Green,M,Denim,Men,Summer
c2e989c3-d84f-474c-a4b1-707f01a0429d,SKU000946,Green,L,Denim,Men,Summer
06f13c4a-916f-4bdb-a141-ba5e75e2d36e,SKU000947,Red,XXL,Cotton,Women,All Season
25ec0a57-5e08-4e5b-a6a6-7c3ce1cba3d6,SKU000948,White,M,Leather,Women,Winter
e76fbc55-3492-4fa1-9d80-00174fe63da9,SKU000949,Red,XL,Cotton,Men,All Season
bccfb5c1-a3fa-437e-9aa3-27a4fc6d7e00,SKU000950,Blue,XL,Denim,Women,Summer
cbf2dbd0-06a7-4cce-bc27-43a146c0a647,SKU000951,Blue,XL,Polyester,Men,Winter
1f43f56c-bf19-4f80-b40a-e2647cd10177,SKU000952,White,L,Leather,Men,All Season
3d65e132-895d-497b-ab3e-e8ff81750fa7,SKU000953,Red,M,Cotton,Men,Winter
b8905ce7-e528-44f4-a731-456f486bae22,SKU000954,Blue,XXXL,Cotton,Men,All Season
33aef7cd-caca-4047-b4e7-c7b49ba867c9,SKU000955,Green,XL,Polyester,Men,Winter
500dd274-bceb-4ddf-b36b-1afe76375f1c,SKU000956,Black,XXL,Denim,Men,Winter
2a604f22-e400-4265-851f-7e63bb2fbf8b,SKU000957,Red,XS,Leather,Men,Summer
8906c7ae-2f0c-4983-8cd1-a7ba12c3cf76,SKU000958,Blue,XL,Polyester,Men,Summer
6ea6bc79-c7b9-4b58-8f88-4f6df1bafce4,SKU000959,Blue,XS,Polyester,Men,Winter
21a4c5cd-7490-4a51-ba4c-971295afe32e,SKU000960,Black,M,Polyester,Women,Winter
4201ab83-e71a-4f8c-8a01-2fec1c4d74f3,SKU000961,Blue,XXXL,Leather,Men,Summer
7653660c-3162-487a-b584-13c29a2a7908,SKU000962,Green,XL,Cotton,Men,Winter
680aafe8-de20-4807-9c7f-e6390cae2ecb,SKU000963,Green,XL,Leather,Men,Summer
9413ac22-bedd-469e-8f88-193763b1b3dd,SKU000964,White,S,Denim,Men,Summer
f1cb95e9-94ab-4c76-80c5-7f8760f6e320,SKU000965,Green,XL,Cotton,Women,All Season
664a1829-3555-48b7-9f57-93eeb1adb8c5,SKU000966,Black,S,Leather,Women,Winter
cb56f8c6-2122-4bad-80df-5a92d4ff6c03,SKU000967,Blue,XL,Polyester,Men,Winter
e6fd92f5-ec8b-4ba7-be96-1e4acf3b0745,SKU000968,Green,L,Cotton,Men,Winter
ce275619-f7a7-4643-9779-0d4da2897691,SKU000969,Black,S,Denim,Men,All Season
db9d71b9-b5d1-417a-a329-6df0c90d08ca,SKU000970,White,XXXL,Denim,Women,Summer
d654981f-0602-4c9e-a88a-61d9c16f137f,SKU000971,White,S,Polyester,Men,Summer
5dbcb0db-f1f2-4d03-9c1d-5deeabe723bd,SKU000972,Green,L,Polyester,Men,Winter
af93c67f-47a5-4b60-bc98-29a0f036bcea,SKU000973,Green,XL,Leather,Men,All Season
41797444-7bd6-40e2-bcd6-4e7862221100,SKU000974,Black,XXL,Polyester,Men,All Season
1bc19b3b-4b37-4495-8b8e-481799ad9cf0,SKU000975,White,XXXL,Cotton,Men,Winter
46465d25-9ab4-4cd5-8f2a-8eee08446782,SKU000976,Blue,S,Denim,Women,All Season
9fa0b1b0-1c1a-4f79-bc82-3dff3bf2c5b2,SKU000977,Blue,XXL,Cotton,Women,All Season
2815154f-371d-4953-aba6-54e45133d3b9,SKU000978,Blue,XXXL,Cotton,Men,All Season
925a191d-a1b1-46f9-9b89-9a2e39ce2348,SKU000979,Blue,XL,Denim,Men,All Season
937a4157-466f-468b-bdf7-3ec3f8a27ded,SKU000980,Blue,XL,Denim,Women,Winter
fe85b485-001e-46fa-8e5e-26089c637f05,SKU000981,White,L,Denim,Men,Winter
255f14d2-cb7e-4440-b29f-9a1758922e1d,SKU000982,Blue,S,Polyester,Men,Winter
04455dc1-0a86-44ac-a07e-f894c770817d,SKU000983,Black,M,Leather,Women,Winter
e0df4eea-7f99-4066-be07-29e6c6bf5cb9,SKU000984,Black,M,Cotton,Women,Winter
99b30da5-0e92-4d0f-853d-c82c083830ff,SKU000985,Red,L,Polyester,Women,Winter
d9014125-7570-4a2c-88d9-66000945d560,SKU000986,Blue,XL,Denim,Men,Winter
e133cf06-0598-4114-aac7-0fe1aab6a3e7,SKU000987,White,S,Denim,Women,Summer
8def9b9d-cdaa-478e-8bc0-1d7e4cbc34c7,SKU000988,Green,L,Leather,Men,Winter
757896ae-b53a-4f5a-b7a3-ed7ee7eb33fd,SKU000989,Red,L,Leather,Men,Winter
723e74f4-36fe-4eff-98e2-40c2226ebf38,SKU000990,Red,XXL,Cotton,Men,Winter
c61339fa-3529-469b-84fc-b7048e22c89f,SKU000991,White,XXXL,Denim,Women,Winter
1bd04316-9927-4819-bb5a-aa7354cc1f75,SKU000992,White,S,Leather,Men,Summer
abb8fb47-55bb-4f41-ab1b-93f1af8a1c71,SKU000993,White,XS,Cotton,Men,Summer
cba9c31a-dc47-4e9b-8542-3779ed2db7af,SKU000994,Blue,S,Denim,Men,Summer
45e2aa0d-2097-4318-9ff1-8b74ce8a2a80,SKU000995,Blue,XXL,Cotton,Men,Winter
6a475750-90d5-46a8-8d62-1cdcc5691572,SKU000996,Green,M,Leather,Women,All Season
57874583-9dfb-4de0-b849-513110fa2c5a,SKU000997,Blue,L,Polyester,Women,Summer
f920c1b1-2dc5-41a4-ad13-4b15b59b4e3d,SKU000998,Blue,XXXL,Leather,Men,All Season
3013b0d1-fff0-43ea-b322-70016787010d,SKU000999,Blue,XXL,Denim,Men,Winter
65259c84-172c-4b19-adde-3e6a34479774,SKU001000,Black,L,Denim,Men,Summer
878348c7-8c62-4477-8561-eff343977d1f,SKU001001,Red,XL,Leather,Men,All Season
772d8da6-5ed9-4685-8982-3a2ed364e8ba,SKU001002,Blue,S,Polyester,Women,Winter
50144bd8-2735-4195-b949-c5da61b84d7c,SKU001003,Black,XS,Polyester,Women,Winter
f3f38469-4a22-4065-9749-fce6331fc5c0,SKU001004,Red,XXXL,Leather,Women,Winter
02a9d703-09b5-4225-9af0-f6baf22265ef,SKU001005,Green,XL,Polyester,Women,All Season
9721faad-d686-4409-8a57-229c165c1cc4,SKU001006,Green,XS,Leather,Women,Summer
42538bf0-179b-434b-9b86-1a41e926a489,SKU001007,Red,L,Denim,Men,All Season
a9b5b558-5c04-4eaf-9cdd-651d7acdcca2,SKU001008,Black,XXL,Polyester,Men,All Season
5bd0f6ea-db20-472f-8c2d-d7b8d7a027cd,SKU001009,Green,XS,Polyester,Women,Summer
dd8247cb-8c26-4e06-ae6f-a6ec32ccaa2e,SKU001010,Red,S,Leather,Women,All Season
7ac2d31e-76f4-43ce-9ab7-4602fdbb8c74,SKU001011,Black,XXL,Leather,Men,Winter
f341f342-553f-4228-b8f2-afd586b3a2e5,SKU001012,Black,L,Cotton,Men,Summer
8c115b84-cb12-40b5-a050-cd269546f084,SKU001013,White,XL,Polyester,Men,Winter
4f55ad6b-70a6-469e-a436-412305527b1f,SKU001014,Blue,M,Denim,Men,Summer
e9c25c72-6e22-4e1b-89cf-7b5fdda2d131,SKU001015,Blue,L,Cotton,Men,Summer
364e2847-ce33-4249-bc0d-2b4aa637c8ad,SKU001016,Blue,XXXL,Polyester,Men,Summer
2a985c1d-9429-4947-aa21-d3fdd9c0951e,SKU001017,Green,L,Leather,Women,Summer
2108f056-176f-46e4-816f-122af1597e58,SKU001018,Black,XXXL,Cotton,Men,All Season
1321d8e7-2550-4ed8-8631-04d9261ab291,SKU001019,Black,S,Cotton,Women,All Season
f38e5133-7cae-4bc8-93db-026d90596d64,SKU001020,Red,L,Polyester,Women,Summer
c22efcc1-73f9-45e9-8f28-825df1625dc2,SKU001021,Black,XXL,Leather,Men,Summer
c1b4d78a-3732-4ab5-890c-315ed813913f,SKU001022,Red,L,Denim,Men,All Season
0b23a6fa-1022-4ef7-beaf-34034df14b7c,SKU001023,Green,XXL,Denim,Men,Winter
3925da27-aef0-4980-84ba-237f0b38e462,SKU001024,Green,XXXL,Polyester,Women,Summer
eb54ef72-b290-4227-9670-36446dcb6339,SKU001025,Green,XXL,Leather,Men,Winter
4f1790bb-b1ef-4f3f-8260-a7a2117feb19,SKU001026,Black,S,Cotton,Men,Winter
bf86c8b8-bd70-4221-a801-a98d7e9363da,SKU001027,Red,S,Cotton,Men,Summer
160d6c02-c3a1-4954-9630-1a6b6ff8b806,SKU001028,White,L,Leather,Men,Winter
a9873e80-24db-4559-8bb9-86428d489706,SKU001029,Red,M,Cotton,Women,Summer
51ceb3d9-e1d2-496e-88e8-7343675ae867,SKU001030,Red,XXL,Denim,Men,Summer
d9fa218a-8aa7-4a4f-a633-8469d011b2fa,SKU001031,Red,XXXL,Denim,Women,Summer
9c986e9b-3d78-4787-8391-e298f2dd0ed2,SKU001032,Red,XS,Denim,Men,Summer
cf83c6ae-00a6-4054-9d21-6c064f956edb,SKU001033,Green,XL,Leather,Women,Summer
75cd9e84-2f76-4885-945b-d0e0fa9e6f94,SKU001034,Green,L,Denim,Women,Summer
1c984107-f0d5-462d-8e39-afa3d77cec7f,SKU001035,White,XXXL,Cotton,Men,Summer
edaf9c34-2afb-48f4-8551-6c488bde5cb1,SKU001036,Blue,L,Cotton,Women,Summer
985309dd-156c-4bd0-b584-4a6b3891ce06,SKU001037,Blue,XXL,Denim,Women,Winter
5c566cf6-2ce4-4dd1-ad72-afaaa37979b6,SKU001038,Green,M,Cotton,Men,Summer
90bf8264-b161-4026-a99d-3f45f9653ea1,SKU001039,Red,S,Denim,Women,Summer
900ab991-fbff-416f-9500-401948beb53e,SKU001040,Black,XL,Polyester,Men,Winter
b19569e6-2f52-45cb-86f7-939af84bfb03,SKU001041,Red,L,Polyester,Men,Summer
70d34f47-6b95-4124-816d-fd1858c09106,SKU001042,Red,XS,Leather,Men,All Season
d10d330e-3be7-424d-aa2c-851eeb7f1e07,SKU001043,Black,XXXL,Denim,Women,Summer
2ae76b7b-8504-45c1-8c90-920b459f8d8b,SKU001044,Green,XXL,Leather,Men,Summer
6f6fc59b-8d8f-4be1-aa88-9706608214f3,SKU001045,White,XL,Denim,Men,Summer
aab19eb1-059c-4383-8182-d5a7205d8e80,SKU001046,Blue,S,Denim,Women,All Season
80ba6e71-2358-439f-a4c4-d78568f6ea61,SKU001047,Black,L,Cotton,Men,Winter
4fb7af76-9ab2-48b0-b412-f3376937c72f,SKU001048,Black,XS,Polyester,Men,Winter
403fbe29-0e05-4382-973d-b5788f087cc4,SKU001049,Blue,L,Cotton,Men,All Season
dea9815e-4b15-4a1f-a715-ddc35ab9d7c7,SKU001050,Green,L,Leather,Women,Summer
3cb40c29-ee2f-4dd8-990d-a6d53a1be16d,SKU001051,Black,L,Polyester,Women,Winter
1204007e-32b2-4235-ab16-a650162fe905,SKU001052,White,XXXL,Denim,Men,Summer
4ab5685d-95c4-4d9a-a3a8-a4b1d4c93c95,SKU001053,Green,XXL,Polyester,Men,Summer
c1efbb75-f0b6-4c05-8f2c-54a36e5b7da4,SKU001054,White,XXL,Denim,Men,Summer
7f670d29-4525-404b-8550-6fb461f7fb0c,SKU001055,Green,XXL,Denim,Men,Summer
53f2882b-da16-4524-9655-98793a0da58b,SKU001056,Red,XL,Denim,Men,Winter
84ac3e4a-99e8-43fa-b26d-a2923509eca1,SKU001057,Blue,XS,Polyester,Women,Winter
8a798202-d762-4709-9498-5c72040665a5,SKU001058,Green,S,Cotton,Men,All Season
0e7cd44c-21cd-48b0-b546-73157b31f258,SKU001059,Red,L,Leather,Women,Summer
ebd8de29-704e-42f8-904d-0560b80772d3,SKU001060,White,L,Leather,Women,All Season
e6d86c25-7fb0-4d47-b8b9-9101907476aa,SKU001061,Green,XXL,Polyester,Men,All Season
9a5dc1c2-931c-46bc-9fb9-4f0e35debba6,SKU001062,Blue,XXXL,Cotton,Women,All Season
6ac73f6e-cd1b-4ef8-a94e-8374076ad07c,SKU001063,Black,L,Polyester,Men,Winter
a16292f2-9311-46d9-91f8-5034345e65b5,SKU001064,Blue,S,Leather,Men,Winter
275b8a7d-57d7-4aa0-b5b5-940b5e76565b,SKU001065,Black,L,Leather,Women,Summer
1a69c98b-399d-468e-8b7a-6544d15335c3,SKU001066,Green,S,Leather,Men,Winter
31edf041-a2d9-4a38-9aee-23d57e93230e,SKU001067,Blue,L,Leather,Men,All Season
8ff3bb49-5c78-4305-a1d8-0c657e786516,SKU001068,Red,XXL,Cotton,Women,Winter
0e31d0c2-a89a-4740-a324-56ea0bd8a8a5,SKU001069,Green,XL,Cotton,Women,Summer
0f80fd06-2807-469c-99cb-6fc05f23e132,SKU001070,Green,XXL,Leather,Men,Winter
d2671c94-362f-4325-b436-658d7079ea08,SKU001071,Black,XS,Cotton,Men,Winter
0c4c2cf6-b862-4e4c-9fd6-4e1f47ed5cc4,SKU001072,Blue,M,Cotton,Women,All Season
2434a549-6d42-46fe-8bc7-91c9be324149,SKU001073,Red,L,Denim,Men,Winter
3f5b0188-1448-4cc0-9c2b-21aeb3ec61b5,SKU001074,Black,L,Leather,Men,All Season
d2d56ab2-ecbd-4c73-ba86-b14453ef7d80,SKU001075,White,XXXL,Cotton,Men,Winter
4ba07fea-6add-4eb4-8a3c-aa9a527f5d6b,SKU001076,Blue,XS,Cotton,Men,Summer
488d3291-5901-4bc7-bcb2-641abc3d49d5,SKU001077,Green,XXXL,Polyester,Men,Summer
fa4789f6-1a4d-497b-b609-4821bcc49618,SKU001078,Blue,XXL,Leather,Men,All Season
dcb55db9-96dd-4e7e-b282-ae32f393d183,SKU001079,White,XS,Denim,Women,All Season
8f6f181f-23fc-4845-9874-c9bbd28721f1,SKU001080,Black,M,Cotton,Men,Winter
b32ae0f3-d033-494b-9a23-a0856206844b,SKU001081,Blue,XXXL,Leather,Men,All Season
3bc187cb-ce83-465f-81ef-ca492d0060bc,SKU001082,Red,S,Cotton,Women,Summer
2971a27b-591f-4774-8411-75b5773b8079,SKU001083,Red,L,Cotton,Women,Winter
55e830be-5a73-496e-9013-fdb630beda3c,SKU001084,Red,XXL,Polyester,Men,All Season
4a571c22-8492-4f79-a2d8-0372e1bf6da6,SKU001085,Green,XL,Denim,Women,Winter
24a29080-5745-4161-a765-2e001695ecc2,SKU001086,Red,XXXL,Denim,Men,All Season
da99f32a-1375-4762-96d3-76533b37b13f,SKU001087,Black,XXL,Polyester,Men,Summer
55137f43-1b71-457c-9947-f71229446669,SKU001088,Green,XL,Leather,Women,All Season
83fb9f50-b698-4a10-8807-591cc8427084,SKU001089,White,XXXL,Polyester,Women,Winter
277b4fde-d9e8-4fc4-93aa-462ea4ae316f,SKU001090,Red,XXL,Denim,Men,Winter
17a244b8-528f-4aa6-96ad-1fd4eebd10ca,SKU001091,White,XXXL,Cotton,Men,Summer
4d0f68fe-7f76-4e4d-a5da-a1de457e78eb,SKU001092,Blue,XXXL,Leather,Women,Winter
6a200135-9787-47d0-ac03-456f4531e952,SKU001093,Green,S,Polyester,Men,All Season
7ac77af4-5e12-4f32-885d-2eb85295c157,SKU001094,Blue,XXL,Denim,Men,Winter
aac90ae8-d0fd-4bfa-a3f6-c1505bbfdb97,SKU001095,Black,XXL,Leather,Women,Summer
2f29eba0-2607-4e5c-9b83-243295a14445,SKU001096,Red,S,Leather,Women,Summer
4abc623b-96e2-47d0-b1d8-fd3d1a0c337d,SKU001097,Blue,S,Leather,Women,Winter
0ea80cd9-32d2-4b7b-84d6-4c18ed448336,SKU001098,Red,S,Leather,Women,Summer
0560c647-596f-4cf0-81ca-6c9fcc20fdc1,SKU001099,Black,XL,Leather,Men,Winter
0b7d338a-dd2c-40b4-ab5e-72f68bc55194,SKU001100,Black,XL,Cotton,Men,Winter
288b063b-482f-4ce4-86a7-0bb551a946bf,SKU001101,Blue,L,Leather,Women,All Season
f0164173-b8be-4e91-b5eb-279fc77d01ad,SKU001102,Green,XXXL,Denim,Women,All Season
5baa936b-3763-42c3-aac9-8fc92b81f231,SKU001103,White,XL,Cotton,Women,Summer
7041cfa2-7c9c-4141-a313-56348d7e77fc,SKU001104,White,XXL,Denim,Women,Summer
de64d3ed-db97-4c97-9b2a-ad42f6d66f2f,SKU001105,Black,S,Cotton,Men,Summer
b3e50c4f-5527-4b75-a12b-7a34340812a2,SKU001106,White,XXL,Cotton,Women,Summer
8ba77273-cf2a-44b1-811a-9eac861d2ff3,SKU001107,White,XXL,Cotton,Men,All Season
7ede9d7d-5c37-4233-9ebd-37c928ffdaca,SKU001108,Blue,XS,Leather,Men,Summer
434d039b-74bc-4b1c-bb2a-e2c2b3b18277,SKU001109,Blue,S,Leather,Women,Winter
2338846e-91c1-426b-b44c-6ab6b5d1c1a8,SKU001110,Blue,XL,Leather,Women,Summer
acfbb09a-5a4f-4870-877e-ddc16fc5e15f,SKU001111,Black,L,Denim,Women,Winter
bb576c89-4db6-4216-8299-00bc9c5c1ae7,SKU001112,White,XXXL,Denim,Women,Summer
e0c559b2-47a5-4426-b6a3-9053afd8600d,SKU001113,Blue,XL,Polyester,Men,All Season
425768c6-a761-4cd4-a84a-73c62ec43108,SKU001114,Black,XS,Cotton,Men,All Season
221f4225-933f-4ab6-bd32-a9fc1c0d2bbf,SKU001115,Black,M,Denim,Men,Winter
e6bcd193-3b7b-4d2a-b177-5380d8ee83a9,SKU001116,Blue,XL,Leather,Women,Summer
cb0771c5-05d6-46de-8a7a-bfa66f2135a3,SKU001117,Green,XS,Leather,Women,Winter
786ef483-5f38-4000-a233-4ab020830219,SKU001118,Red,S,Cotton,Men,Summer
63e408dd-6a58-4d9c-b1a1-6c05184e8ba1,SKU001119,Green,XXXL,Cotton,Women,Summer
854b914b-b331-4679-9da3-b5d91547692c,SKU001120,Green,S,Leather,Women,Summer
29849732-61ae-4769-b420-97450ee502f2,SKU001121,White,L,Polyester,Women,Winter
e10ec222-256e-4b87-a003-b9c977a454e5,SKU001122,Black,XXL,Denim,Men,Winter
ec979844-3b11-4d36-90f8-f9fd593bdc0a,SKU001123,Green,XS,Leather,Men,Winter
686de08a-289a-400f-9c9f-03bfbcb7f3f5,SKU001124,Red,XXXL,Polyester,Men,Winter
edb37f2b-a3d1-4626-b689-654a3f8ff908,SKU001125,White,M,Leather,Men,All Season
982b1dc4-36ef-4229-af3c-3d8b5d7dc4a5,SKU001126,Green,XXL,Polyester,Men,All Season
c9b023bb-b231-496d-bdd6-69b062ce9345,SKU001127,Black,S,Leather,Women,All Season
9b688a4d-cd57-48c4-8cf3-7bf2adf67113,SKU001128,Blue,XL,Cotton,Men,Winter
8afe4bab-93a6-4c6e-be69-ef514544496c,SKU001129,White,XXL,Denim,Men,Winter
098b1535-fd70-4a72-b2ba-8c441073c782,SKU001130,Red,XXXL,Polyester,Women,All Season
6a5a2ed7-c0c6-495d-a65f-71d031fc4fa3,SKU001131,Green,L,Leather,Men,All Season
8c890e74-1e0b-4af4-838f-b57bdf9d6603,SKU001132,Blue,S,Polyester,Women,All Season
77f97ae9-cde5-45e7-b77a-0812e3a021a6,SKU001133,Red,XS,Leather,Women,Winter
35549c38-282c-468b-9483-f3bbc10f06f0,SKU001134,White,L,Polyester,Men,Winter
d0a8cc5a-983a-43a6-82ef-b8167e1ea3fb,SKU001135,Red,XS,Denim,Men,Summer
ea86a80f-2f2a-4ae6-a572-09f0b98666d0,SKU001136,Green,M,Cotton,Men,Winter
3b3263aa-a1f4-4eda-8b30-1fb3697ea52c,SKU001137,Green,M,Denim,Men,All Season
4599d6eb-e7b0-4317-b17b-7a719a50ea57,SKU001138,Green,L,Cotton,Women,Summer
94cf2636-d1e0-4a1d-bf2c-538ca5033d93,SKU001139,Black,M,Cotton,Women,Summer
2b2d5076-82a4-490e-b01e-cc7f384f4139,SKU001140,Green,L,Denim,Women,Winter
3bbfd4c1-d811-46e3-b0e9-7a7952d31e87,SKU001141,Green,L,Polyester,Women,Winter
45c54bf6-07a2-488d-9098-f5f8f3202dff,SKU001142,Black,XL,Cotton,Women,All Season
8c973eff-02e0-4745-bc1e-84296c024ac5,SKU001143,Blue,XXXL,Cotton,Men,Winter
f6964b38-5b62-42be-9740-649123c8389e,SKU001144,White,XS,Denim,Men,Winter
bb5e7d02-468a-4e64-b121-c675d4488297,SKU001145,Blue,XXXL,Leather,Men,Winter
f85a7f7c-791f-4da2-8fda-26a015ffdceb,SKU001146,Black,XS,Cotton,Women,Winter
d2f7c558-5f78-4e89-8528-e151615b5edb,SKU001147,Blue,L,Denim,Men,All Season
4e9961b5-b8d6-4e64-9858-a237e869724f,SKU001148,Green,XL,Denim,Women,All Season
e91258d1-2c7a-45b4-b5ef-7d597cc6e9e5,SKU001149,Blue,XXXL,Leather,Men,Winter
bed337d2-1aba-49ad-a00e-ac920823d049,SKU001150,Red,L,Denim,Women,Summer
262b9bc0-f82f-4ed5-b062-f719f5ec8bcb,SKU001151,Blue,S,Polyester,Men,Summer
6d2b11d2-b4ac-403a-8b03-afea866fde51,SKU001152,White,S,Cotton,Women,Winter
7f90e0ef-8deb-4344-9cc4-468653c361e9,SKU001153,White,XXXL,Denim,Men,Summer
6ea4376f-6706-46d6-8b92-4b19d8e8101f,SKU001154,Black,M,Cotton,Men,Winter
6b80f7e9-df35-4243-ae26-67f4e351006b,SKU001155,Red,S,Leather,Men,Summer
846bb9c7-b33f-450f-a3b1-26c6fdf0b5db,SKU001156,Black,M,Cotton,Men,All Season
8f84975c-1424-4b9a-819d-667b08e5c10c,SKU001157,Blue,XS,Polyester,Men,Summer
da7da7b4-8ebc-44ca-ba2c-27fe1f79ce3e,SKU001158,Green,S,Cotton,Men,All Season
5ebdf3a2-5f57-4b84-a54a-8dcb20834e49,SKU001159,Blue,XL,Leather,Women,Summer
380125f3-4bb7-47fa-a369-3bca0fe41e25,SKU001160,Green,L,Cotton,Men,All Season
425dd16f-d9ed-46f4-a9c6-ea3306dc3c63,SKU001161,Black,S,Denim,Women,Summer
3c1cf413-21f9-4823-ba02-e0a66ebb1fbc,SKU001162,Red,S,Leather,Men,Summer
8aaaddc8-c15b-4690-a727-08aceb16c9ef,SKU001163,Black,L,Cotton,Women,All Season
2ccebc7d-1efe-43db-99e7-6f6e5600aa84,SKU001164,Green,XXXL,Cotton,Women,Summer
03ed61f6-0ce4-4ba3-8b25-a7d21ab9b0f9,SKU001165,Red,S,Cotton,Men,Summer
9f02aac8-c78c-41d2-9830-2b158d5918cd,SKU001166,Black,L,Cotton,Men,All Season
b15ba492-fa9b-4c2d-a81e-8a2e34b4c32a,SKU001167,Green,L,Leather,Women,All Season
092ebda2-6586-4f7e-b003-fc60aa08f2c9,SKU001168,Blue,XL,Polyester,Women,Winter
7a15e162-11e5-4455-ba15-e65050ec7f77,SKU001169,Red,S,Polyester,Men,Summer
286eb818-ebab-4acc-95f7-d55e11eb9e6b,SKU001170,Green,XL,Cotton,Men,All Season
da28517d-85ed-4044-9fd9-6566581ab921,SKU001171,Red,XS,Leather,Women,Summer
911b5310-6374-42c2-bb47-a8ae41508e65,SKU001172,Green,XL,Leather,Men,Summer
8af82b8e-33e7-439d-b36b-0deea23f7a97,SKU001173,Red,L,Denim,Women,Summer
ae44bb1d-1e44-4f6b-975f-5fed0ed0ff05,SKU001174,Green,XXXL,Leather,Men,All Season
10185bdf-59f0-45be-8c66-57cce05dc29d,SKU001175,Blue,S,Denim,Men,Summer
6ed06dc7-3313-4ba2-b46c-53391ad0cd67,SKU001176,White,XXL,Denim,Women,All Season
431d5aec-6e55-4c60-b307-8c21698713a4,SKU001177,Green,M,Denim,Men,All Season
a317c6fb-cf7c-4595-9445-e34f2447d22d,SKU001178,Blue,L,Cotton,Women,Summer
828a7b90-3ea6-4d7e-b593-cdaad4b99ab0,SKU001179,Green,L,Polyester,Women,All Season
d720998d-7f36-4f06-8286-8978d53d3729,SKU001180,Blue,XXXL,Polyester,Men,Summer
9fef33a2-d20e-41e3-8c1c-91f6d77c3ac4,SKU001181,Black,XS,Denim,Men,All Season
71f84067-fcb6-4c00-884d-2219703493cf,SKU001182,White,S,Leather,Men,All Season
ca18ee08-160d-4598-b131-9ab225ef5b39,SKU001183,Red,XL,Cotton,Men,All Season
ef60217a-6cbc-4aa7-b52d-b3feb1703de6,SKU001184,Red,M,Denim,Women,Summer
398bb688-d79d-463d-8b53-876d9ce98669,SKU001185,Red,XXL,Leather,Women,All Season
ebb532a8-5d42-4389-88f8-16df2a91c10e,SKU001186,Black,XXXL,Cotton,Women,Summer
d191982e-f2fd-4e7f-90e1-3945a20d2760,SKU001187,Blue,L,Denim,Women,Summer
0400d9f1-e04b-426d-ab5e-45673c297c87,SKU001188,Black,M,Leather,Men,Winter
4cc0bbf0-9fe1-4932-9552-ec40a4a56e23,SKU001189,Black,XS,Cotton,Men,All Season
8de2fba6-8a8c-4075-b112-11d7a7cd31a9,SKU001190,Blue,S,Leather,Men,All Season
073cf98b-bf74-4bed-8efe-740f3e3f7bc6,SKU001191,Red,M,Denim,Men,Summer
11f38bc6-dfa8-4c19-9bae-87f6e0bc7cbc,SKU001192,Blue,XS,Denim,Women,All Season
01fd96d2-0765-4428-bfd0-a2f44ce0d8b6,SKU001193,Green,S,Leather,Women,Winter
4b39fe6e-45ba-47d2-9b23-0d7219b70572,SKU001194,Green,XL,Denim,Women,Winter
8cbe4a7b-e9eb-4f5e-ab70-a8951ab25e8a,SKU001195,Black,XXXL,Denim,Men,Winter
9171f771-768f-4ce4-9c8e-d2602114a713,SKU001196,Black,XXL,Polyester,Women,Winter
c006c22f-9777-4559-9703-a0528a8bd84a,SKU001197,White,L,Denim,Men,Winter
038bd831-f682-4f12-92f6-6b9effba9498,SKU001198,Black,XXL,Polyester,Men,All Season
c0c5cf21-274e-423c-a6e2-533b5495345d,SKU001199,Blue,XS,Denim,Women,Winter
398f8ac6-1ada-46bd-b3a7-af9557b51800,SKU001200,White,XS,Leather,Women,All Season
0fa40858-3a35-42a2-86de-3596cf0e2cfe,SKU001201,Blue,XXL,Denim,Women,Winter
7b3267cf-0332-49d5-81b3-3f61b7a56998,SKU001202,White,XS,Leather,Men,Winter
06295886-adc3-4fab-b9af-1f874c0f3ffd,SKU001203,White,S,Polyester,Women,All Season
95d031a5-97dd-499f-b821-a32e89509660,SKU001204,Red,L,Leather,Men,Summer
856df94c-ae4c-479f-8e96-9a5e0ea3e60a,SKU001205,Blue,XXXL,Leather,Women,Winter
03997a36-cb1e-4507-9d9c-d2077dbf2860,SKU001206,Black,S,Denim,Women,Summer
92920fbc-6094-4aaf-9835-16116cf9ce09,SKU001207,Green,XS,Leather,Men,All Season
4b4535df-50ff-4c69-975c-25be2c3cf8f3,SKU001208,Green,M,Denim,Men,Summer
f3853d13-f155-4bdb-8ed8-7cfbedceb713,SKU001209,Blue,S,Cotton,Women,All Season
aa6f7e99-35a3-49ee-b1d3-a6442229de7a,SKU001210,Blue,XXL,Polyester,Men,Summer
daac64b2-1dd0-4dcf-9388-9295e9d1eeff,SKU001211,Green,XXXL,Denim,Women,Winter
3f18204d-b7ed-443d-a686-e927b52227e5,SKU001212,Red,XS,Leather,Women,All Season
caaa5004-8ef6-46aa-9a84-3f9f90cd23e0,SKU001213,Black,L,Polyester,Women,Winter
cac0fa79-9195-4665-b83f-cd5f1d04d879,SKU001214,White,XXL,Polyester,Women,Winter
c9a4f998-b9d5-49c6-bab5-eef44b19a0ef,SKU001215,White,XS,Cotton,Women,All Season
a676cc0d-a4c9-4312-b5f7-c284c8816842,SKU001216,Blue,XXXL,Cotton,Women,All Season
20e2593b-6043-48a0-bc02-0cf746e4405b,SKU001217,Red,XXL,Cotton,Women,All Season
8d4b27c7-746b-4e54-bf22-d077cdd9d27b,SKU001218,Black,L,Leather,Men,Summer
1f9e99a9-993c-4db5-b91e-debfc7917ca9,SKU001219,Red,XXXL,Polyester,Men,Summer
0376ea90-025b-49b7-94a7-8fa187a0d220,SKU001220,Green,S,Polyester,Women,All Season
0f9aeaf3-e255-44b4-8994-ca9105e282ca,SKU001221,Blue,XXL,Denim,Women,Winter
c47022d2-a267-4bdf-8c5e-096b29cd8ac1,SKU001222,White,XS,Polyester,Women,All Season
a8a3f6e6-cae3-4175-aef1-2a42f3cfb168,SKU001223,Black,S,Leather,Men,All Season
d6db11c4-3375-4152-ab7d-d2fd484e36a1,SKU001224,Black,XXXL,Polyester,Men,Winter
675618c4-189b-43bc-aec4-e1005e1ce523,SKU001225,Green,XXXL,Polyester,Women,Winter
b85d195d-2b94-419a-9796-e461274b0754,SKU001226,Black,L,Cotton,Women,Winter
8e81425c-a848-4fa5-8e0c-8f5b583613cc,SKU001227,Black,XL,Cotton,Women,All Season
6c8351ca-bbdc-45ee-b07b-f42f0be84c1d,SKU001228,Black,XXXL,Leather,Men,All Season
3ec3a73a-1050-4bdf-bd99-19cd8f49066a,SKU001229,Black,S,Cotton,Men,Winter
6bc26214-78e0-4010-94f8-8e50d8a06b52,SKU001230,Red,XS,Leather,Women,All Season
15c569b3-64f8-465a-aa27-75d2e1ec1269,SKU001231,Green,XL,Leather,Women,Winter
e9460881-3d35-4b65-8705-38f9e8527f60,SKU001232,Green,L,Denim,Men,Winter
f89636c5-766d-4d58-9908-2ff886f86a28,SKU001233,Red,XXL,Denim,Women,Winter
af4b5515-5331-41b2-9fce-e7e6dfec9067,SKU001234,White,XL,Denim,Women,Summer
134c4ad5-b3c6-41cc-a306-a63edd423892,SKU001235,White,XXXL,Polyester,Men,Winter
ba281c77-3b9e-4f20-8b76-787c6fdf94b1,SKU001236,Blue,S,Cotton,Women,Summer
9805e4b7-57c8-40e6-9bb3-0e5e789a40a0,SKU001237,Green,S,Denim,Women,All Season
62d9a08b-91b1-48ba-b7e3-9bdfc14c99e1,SKU001238,Blue,S,Denim,Men,All Season
2354b022-68e3-4ce5-abc5-677b5c2164ae,SKU001239,Green,XL,Cotton,Men,Summer
8cb852f4-6603-4cd5-a99c-72c5e06a7caa,SKU001240,Green,S,Polyester,Women,Winter
06522542-1fec-450b-9bad-f68132c8bf3b,SKU001241,Blue,XXXL,Polyester,Men,Winter
5d22a7fc-a487-4426-a31f-c12676c0a85a,SKU001242,Black,XXL,Denim,Men,Summer
afeb803f-480f-4be8-bb34-31f6a486f419,SKU001243,Blue,XS,Cotton,Men,Winter
3bae337b-e4ba-48c8-b295-16b1a30bbfab,SKU001244,Red,L,Polyester,Men,Winter
9216183a-10d3-442c-b99b-21a9ee554f28,SKU001245,White,XXL,Denim,Men,Winter
922c47e2-a07e-420d-816a-e8893b81142e,SKU001246,White,XXXL,Leather,Women,Summer
4a9bee86-9cf8-4b0b-b5bb-06de3eb42856,SKU001247,Red,XXXL,Denim,Men,All Season
748debdd-3395-42c5-9d16-4f706e2b7100,SKU001248,Black,XS,Cotton,Men,All Season
0b5c5307-b873-439f-9e94-3b9fcfbe55f6,SKU001249,Black,S,Denim,Men,Summer
1dc6f9b3-13e4-468c-8ff7-85913238655d,SKU001250,Black,XXXL,Cotton,Women,Winter
fb1ad927-1786-4cde-9424-209ce13c42ce,SKU001251,White,XXXL,Polyester,Women,All Season
9994d4cd-be57-4ae9-95e7-4604fecf6079,SKU001252,Green,XXXL,Polyester,Women,Winter
9d83d2d1-465e-4cc4-864a-d16f73e753a8,SKU001253,Black,XS,Leather,Women,Winter
5048acb5-9583-4af5-900a-f4595aaa1d0a,SKU001254,Blue,S,Denim,Men,All Season
19aac09f-ade0-4a2e-a34b-29cad8ffcbd6,SKU001255,Blue,XS,Cotton,Men,Winter
a3f7726b-2338-4ccd-85fe-09fbb71aa821,SKU001256,Blue,XL,Polyester,Women,All Season
fa51d0e2-4a75-487e-9fec-274b3e302e6c,SKU001257,Black,L,Denim,Women,Winter
274bb427-873a-40bc-9e77-8325deb11609,SKU001258,Black,XS,Cotton,Women,Winter
d3de55f1-488f-40a2-b247-bf75971b891d,SKU001259,Red,XS,Denim,Women,Winter
5725a0f7-9c7f-4169-babd-c84333de7dee,SKU001260,Blue,XL,Polyester,Men,Summer
5cc32ba4-b68d-4477-874f-ef99d6b22fb1,SKU001261,Green,S,Leather,Men,Summer
4b58f8f6-4b61-4761-9804-c02fa781ba4b,SKU001262,Black,XXL,Cotton,Men,All Season
afb77e9e-b8a2-47f3-807c-6e03aaf2cbb7,SKU001263,Green,XL,Cotton,Men,Winter
4a89a64e-f1fe-46d7-bf01-0deb2cd5bf52,SKU001264,White,XS,Polyester,Men,Winter
2eb6294a-4ca1-4716-bf92-babdbaa25096,SKU001265,Red,XS,Cotton,Women,All Season
a90a8cb7-5cd8-41b0-a7d0-578c6602bf9c,SKU001266,Green,XS,Polyester,Men,Summer
b50bd18f-cc24-4785-a3f3-bf35401331a3,SKU001267,Red,L,Polyester,Men,All Season
e8655343-b8ec-4c58-819f-dd7a50f404e1,SKU001268,Black,XL,Polyester,Women,All Season
cd95d129-b710-4a50-af24-da478f224e1f,SKU001269,White,XXXL,Denim,Women,All Season
cc2aabde-1d44-4b02-a89f-a7926f791ba1,SKU001270,Blue,XS,Cotton,Women,Summer
c6210d1c-1a95-4f53-a71a-ce0bcd4cffa7,SKU001271,Black,L,Cotton,Men,Summer
100a57ad-c210-425a-a6ab-dc3878aa2fd8,SKU001272,Red,XXXL,Denim,Women,Summer
7fa03b0e-5ac7-4aef-8045-68a443c67fff,SKU001273,Red,S,Polyester,Women,Winter
ecf2cfa9-3a56-435a-a890-787d9ac258ae,SKU001274,Green,XS,Cotton,Men,Summer
12a1a25e-58c4-419e-88d9-9bd33d31f9e1,SKU001275,Black,XS,Denim,Men,Winter
dbc20fe6-2f1e-4099-9267-5a317a803b31,SKU001276,Green,XL,Denim,Men,Winter
a546713b-ec4a-41c8-a74d-fcad7ef1e877,SKU001277,White,XXXL,Polyester,Women,Winter
6710a9eb-a593-4e72-8ab0-506f93a4fd86,SKU001278,Green,XS,Denim,Women,All Season
08de3f97-3489-45fd-958b-0e5c343d1085,SKU001279,Red,XXL,Denim,Women,Winter
7714ee59-9a27-43bd-9ff1-ef4bc459ac01,SKU001280,White,XL,Leather,Men,All Season
e391813d-259c-452c-8d17-c00eba65ae33,SKU001281,Red,L,Denim,Men,Summer
74668fde-e6a8-42d7-a55b-b2f49337eafd,SKU001282,Black,XL,Cotton,Men,All Season
e0e85e28-6cf9-4578-bdd0-61d3a9d4abe7,SKU001283,White,L,Denim,Women,Winter
c75d951e-2d7b-42ff-8b7b-ff315529a422,SKU001284,Black,XS,Leather,Women,Summer
cd30c1b7-a0c7-4c0b-980a-9014a0b0b269,SKU001285,Green,XL,Cotton,Women,All Season
e3a7ece6-6cc2-4f8c-a689-a95daeb06eb5,SKU001286,Red,XL,Cotton,Men,Summer
3376fea1-ca00-4d2c-b4b6-268c6344be6c,SKU001287,Red,M,Denim,Men,All Season
4eecd615-1d18-48f6-aef9-86eafd9fdec0,SKU001288,Red,XXXL,Polyester,Men,All Season
a1270dde-361a-4302-984a-22c91abea97b,SKU001289,Red,S,Polyester,Women,All Season
82e5e48d-0a81-43d1-99aa-5aba21e13a1d,SKU001290,Green,XL,Leather,Men,All Season
a807f843-5eff-423e-899b-a789691c27c1,SKU001291,Red,XXXL,Denim,Women,Winter
de3e158a-dc65-4d16-9d98-7cd491019e83,SKU001292,Blue,M,Polyester,Women,Summer
d6788988-363e-42df-9271-efa28a1ea398,SKU001293,White,XL,Denim,Men,Winter
4a10c932-3133-482e-be79-62dc456d267e,SKU001294,White,XS,Leather,Men,Winter
28ae6e4e-d580-4eb9-8169-470a817d3ee3,SKU001295,Red,XXXL,Cotton,Men,All Season
1c802a1b-3ded-4db7-8fa4-a338fdbc8990,SKU001296,Blue,XS,Cotton,Men,Summer
38e5b1f0-f5fd-496e-b877-39ec46fcba18,SKU001297,Red,M,Denim,Men,Summer
0d2b2273-b17a-4f92-a511-08e5738effa3,SKU001298,White,L,Polyester,Men,Winter
d457021f-c794-4a5b-8ba7-49482dba320e,SKU001299,White,XS,Cotton,Women,Summer
66bb2ec4-a90e-42f5-8370-e937da8d9369,SKU001300,Black,M,Denim,Women,All Season
b53cde5d-3126-4277-acc9-8eed699f24b0,SKU001301,Red,S,Cotton,Men,All Season
9a6a0e6b-bd1e-4cf1-8917-a5bbbcbc09ad,SKU001302,White,XS,Denim,Women,Winter
4bf1e2b8-fb68-4983-be77-452c349b8296,SKU001303,Green,XXXL,Cotton,Men,Winter
416db3ec-c293-4402-a77b-245a72b58faf,SKU001304,Green,XXL,Polyester,Women,Summer
80515c69-ae9f-4cb4-b69f-49c3a8c8ea5c,SKU001305,Blue,L,Denim,Women,Summer
2e5608e9-81aa-4059-9bd0-b35d230dbdf6,SKU001306,Black,XS,Leather,Women,Summer
b41bd74f-f66c-4faf-8b6f-d36dcc780db6,SKU001307,White,S,Polyester,Women,Summer
930dc32c-3241-42ab-a72b-096e7df430d2,SKU001308,White,L,Cotton,Women,All Season
ef100b7b-ffe5-44bf-9e69-537235562649,SKU001309,Black,XXXL,Cotton,Women,Summer
23c74b62-0094-4689-8659-72572ca1109e,SKU001310,Blue,S,Polyester,Men,Summer
245bb504-afbe-49f4-8f3a-d051b1ceb8b6,SKU001311,Red,XS,Polyester,Men,Summer
bf00a9fd-d50a-435f-930d-9e7de9035612,SKU001312,Red,L,Polyester,Women,All Season
8f88351c-b353-4424-acaa-e4e41151138f,SKU001313,Red,XS,Polyester,Women,All Season
7e26e04d-3b35-4fcc-9810-1c84ba7b591e,SKU001314,White,S,Leather,Women,Winter
59acf887-3097-4c9a-90d0-08294dc0a0e1,SKU001315,Blue,L,Polyester,Men,Winter
e110206a-031d-4a68-97f0-22ff7fcbb189,SKU001316,Green,S,Cotton,Men,Summer
bf7e8daf-77be-4a93-ae7b-57f2867dd94c,SKU001317,White,XS,Polyester,Women,Winter
ae283370-ee51-4ce5-b16b-bf0bc11e3b7a,SKU001318,Green,XXXL,Denim,Women,Summer
66211d64-60b1-4281-9fe3-5c13c64b0937,SKU001319,Black,XXL,Polyester,Women,Winter
0e42f946-a90d-4201-8f1f-e56074c835f1,SKU001320,Red,XS,Leather,Men,Winter
5b8a3f24-cab0-44d8-8b32-b71890442757,SKU001321,Green,XS,Cotton,Men,All Season
d6c7c1a7-0114-45f8-b51d-ed1281871f60,SKU001322,Red,L,Denim,Men,Winter
9f4cb743-13e4-4ab9-8a2d-73d0c1986f87,SKU001323,Black,XXL,Denim,Men,All Season
99905754-77dd-47a7-b1df-3c16f5aad744,SKU001324,Red,L,Denim,Men,Winter
4f74664b-dcea-4546-8db9-d6dc57bd924a,SKU001325,Black,M,Cotton,Women,Summer
aee4a5f5-93c1-4c38-8c8e-e2b0d50fd213,SKU001326,Black,XXXL,Cotton,Women,Summer
a9bd5ecb-77ca-4ba8-9d1b-17b7c6c6b937,SKU001327,Black,XXXL,Cotton,Women,Winter
86075d0c-2654-44b2-a0f7-10d294845b7d,SKU001328,Red,XS,Leather,Women,All Season
01774a0c-650c-4919-8d8c-c7d326328cc4,SKU001329,White,XXXL,Polyester,Men,Winter
8c8999c6-d67e-48a6-88d0-844d3c399e95,SKU001330,Blue,S,Cotton,Men,All Season
86e71326-43aa-4a40-b872-d0db84d11244,SKU001331,Blue,XXXL,Polyester,Women,Winter
3a28798a-68a9-42fa-a08c-82bd6747a8d3,SKU001332,Red,S,Polyester,Women,All Season
27046b1b-ec70-47e9-bdf4-f7892d65fdf9,SKU001333,Black,XS,Leather,Women,All Season
a4b6ed19-7bbd-4dd9-acb2-4d67d345a849,SKU001334,White,XS,Denim,Men,Winter
a28bd801-e414-45f6-8dfd-25b2ef56256a,SKU001335,Red,XXL,Cotton,Men,All Season
17635082-8b44-49d0-9dcb-c5284c4dbfff,SKU001336,Green,XXXL,Leather,Women,Winter
6027bd2a-7f36-4d01-a9f1-080c80397a20,SKU001337,Blue,S,Cotton,Women,Winter
aba8058f-6e35-4760-be83-4130895a4ae3,SKU001338,White,L,Denim,Men,All Season
2d16923e-3fcb-45c3-b8d1-6302e2e3604c,SKU001339,White,XL,Polyester,Women,All Season
10f260de-f55a-45a4-b0d0-da7e8d240cc7,SKU001340,White,S,Leather,Men,All Season
5cf36bee-ce37-49b2-b1e1-de732ad50457,SKU001341,Black,XL,Polyester,Women,All Season
775c8eda-7a71-475c-9116-89aa04425bfc,SKU001342,Black,XXL,Polyester,Women,Summer
28273957-e500-4303-9879-42b1614dc9f4,SKU001343,Black,M,Denim,Women,All Season
04b69dc0-e1fc-43a4-b415-9c43db853521,SKU001344,Green,XL,Leather,Men,All Season
c49513f4-fa18-4125-a9a6-277c913c3d19,SKU001345,Green,L,Denim,Women,Winter
1d7bb8f9-729d-4492-a3cf-f4a1fe6de6a2,SKU001346,Black,XXXL,Cotton,Women,Summer
cbdf1407-f477-49ea-8eb1-f7e579466a61,SKU001347,Black,L,Denim,Men,Winter
095bbec1-6e91-462d-ae30-6656489f3515,SKU001348,Blue,L,Polyester,Men,Summer
a57e9c65-c555-4c33-b746-5ad6e1787eb1,SKU001349,Red,XXL,Denim,Women,Winter
19c381b6-a38d-4c55-acfa-192093436c98,SKU001350,Black,M,Denim,Men,All Season
d16ee8b1-ac24-4de7-888c-113cd81ab71d,SKU001351,White,M,Cotton,Women,Winter
afc328af-7fe8-41a0-a85c-e5efea654f33,SKU001352,Blue,XXL,Denim,Women,Summer
cafa3751-9f1e-4d37-a4f5-8e4db2120410,SKU001353,Green,XXL,Polyester,Men,Winter
c98e1b68-5abb-4b35-b2b8-0339198ddade,SKU001354,Green,XL,Leather,Women,All Season
ec1f6077-a34c-471e-94b7-dc18b4aa3f8c,SKU001355,Green,M,Polyester,Men,Summer
c70f44ca-d109-4b40-ac6e-e105bbbe08fb,SKU001356,White,L,Cotton,Women,Summer
2e50dd47-e912-42ab-811a-31865b7fed26,SKU001357,Green,XXL,Polyester,Women,Summer
f2bae2bb-5580-4741-82a4-38d2272a0f20,SKU001358,Blue,M,Cotton,Women,Summer
0d859943-96f6-4691-a113-58c227766d0b,SKU001359,White,L,Cotton,Men,Summer
7de06dac-85f5-465b-8222-133a189f4f41,SKU001360,White,XXL,Leather,Men,Winter
7e7f5e82-aa81-4f33-9959-5381151f3120,SKU001361,Green,L,Polyester,Women,All Season
209b34c9-d7e2-461c-be2d-5822f4bbe183,SKU001362,Red,S,Polyester,Women,All Season
baf3abe5-0ca9-484e-a468-8af8a6294f77,SKU001363,Green,M,Denim,Women,Summer
1b51f337-9b0c-4b14-b560-74797ad63565,SKU001364,White,M,Denim,Men,All Season
32db4916-3a0d-4734-ae7a-67e8d6e3d895,SKU001365,White,L,Polyester,Men,Summer
6047d7bb-1df1-4866-a808-cd134c319311,SKU001366,White,XL,Denim,Men,All Season
56a84e33-cd58-4538-95c8-8dc5c148efc4,SKU001367,Green,M,Polyester,Women,All Season
dffa7631-9117-4b8e-9bd7-d404a5bf9667,SKU001368,Green,XXXL,Cotton,Women,Summer
c5b2487e-eaa3-4bd0-8637-eba4a9ecfc22,SKU001369,White,M,Polyester,Women,Winter
cfd99da5-0b5a-4d9e-a3c9-d4294fa2d5d0,SKU001370,White,XS,Cotton,Women,Winter
6fb9848b-dd97-476a-bf70-af8e3f112357,SKU001371,Black,S,Cotton,Women,Winter
08ca64dd-f4cd-4851-9f8a-b47f826b7f09,SKU001372,Black,L,Denim,Men,All Season
f7053299-6976-4a71-9e41-7d4597afedd1,SKU001373,Green,XL,Leather,Men,Summer
dfa74d01-5999-4a7d-a72a-cf7a43084987,SKU001374,Red,S,Cotton,Women,Summer
296d0a5b-5229-4182-ad0a-495c4f339fa5,SKU001375,Black,XXL,Leather,Men,All Season
049bbec6-1210-4fa1-b52e-4849b060fe24,SKU001376,Black,XS,Leather,Women,All Season
5776c265-5815-4efb-86d3-48417ca305cc,SKU001377,White,XL,Cotton,Women,All Season
bf68032b-7fba-4f8f-acee-78bac6b2eeff,SKU001378,Blue,XXL,Denim,Men,Winter
51e7f0c0-5a35-4a5f-968c-5073138b1049,SKU001379,Green,L,Cotton,Women,Winter
3aaed76a-4e30-4783-adfb-c131f7df2f38,SKU001380,White,XXXL,Denim,Men,Winter
3c024391-4dcd-4cd1-8326-d7f87a49e759,SKU001381,Green,XXXL,Leather,Men,All Season
ac209c1c-5582-42f0-8e34-3db22884d144,SKU001382,Green,XS,Leather,Women,Summer
7985aec3-c900-4ad7-9ff4-fe5fe545e4c6,SKU001383,White,XXL,Cotton,Women,Summer
14101d8f-1d1e-4f78-b776-65ab4d241e11,SKU001384,Blue,XS,Denim,Men,All Season
5261f1cb-bfdd-45c4-a9e3-e6b9c5cf50c4,SKU001385,Blue,XS,Polyester,Men,All Season
ded74593-6fdc-48b3-b8e2-46f328f1bbed,SKU001386,Green,XL,Polyester,Men,Summer
14a55e4a-a438-4f1b-b85c-cd213359b338,SKU001387,Red,XS,Polyester,Men,All Season
c96e997d-b0d1-49f7-b387-55f5ae1dcf68,SKU001388,Blue,S,Leather,Men,Summer
67e778c4-01e8-4d14-92a4-9769f1eaa6e1,SKU001389,Black,M,Denim,Women,Winter
d9f84ac4-af61-414e-a3f8-bf164b0cbe9c,SKU001390,Black,S,Cotton,Men,All Season
0b599d27-50ba-4561-9ee0-4d45fbe4bcb4,SKU001391,Black,XL,Polyester,Men,Summer
8dadb279-5b4e-4123-b976-426854d6bad5,SKU001392,Red,M,Leather,Men,Winter
567f28d2-defc-4fba-9ee9-834f2cb4918a,SKU001393,White,M,Leather,Women,Winter
17693fe8-2057-4488-8d95-6450f0926594,SKU001394,Red,XXXL,Cotton,Women,All Season
880d7db0-907a-48f2-a3aa-a14f09ed6ee8,SKU001395,Green,XXL,Leather,Women,Winter
c04eff6e-163e-4697-9157-be8c0dfa4cb0,SKU001396,Black,M,Denim,Men,All Season
ce493747-084a-422d-ab6e-57005eb8cb55,SKU001397,White,XS,Leather,Men,Summer
17d047b5-57da-4809-951c-773609cd3e99,SKU001398,White,S,Leather,Women,Summer
7a81fb42-794e-4aa8-9bf7-50ed372ef9b3,SKU001399,Red,XXL,Leather,Women,Winter
adba28ff-ee94-49c8-aa14-e02d23188eb4,SKU001400,Red,M,Denim,Women,Winter
d95393a7-b210-4206-a372-11e3a9ca03db,SKU001401,Blue,M,Cotton,Women,Summer
27c03ec3-3db8-4934-bb40-ef64f21ed394,SKU001402,Red,S,Denim,Men,Summer
d2489851-a0d2-454c-bc8d-40c4ba7002e1,SKU001403,Black,S,Cotton,Men,Winter
0bdbd7ff-2f9a-4a6c-b480-6c7306d06b85,SKU001404,Blue,XXXL,Polyester,Women,All Season
a4c76231-9548-4588-ab67-4cddaf956b82,SKU001405,White,XXL,Leather,Women,Winter
f73bdf0d-4fbb-45af-82c1-a161c74c0029,SKU001406,Green,M,Leather,Women,Winter
dc092d7c-7ea9-47e6-881a-9a166fcd1b48,SKU001407,Black,L,Polyester,Men,Summer
dfe66ac0-850c-4262-8a2a-661b7e0cce41,SKU001408,Black,L,Denim,Men,Summer
c3a20256-58d8-43ac-9e16-deb3c19fc9fa,SKU001409,Blue,S,Cotton,Women,Summer
9fe0fef7-bbe4-4f14-95bb-2b6d1f21e886,SKU001410,Red,XXL,Leather,Men,Winter
87e95a48-83a3-4f2b-a3db-6b5306bc966f,SKU001411,White,L,Leather,Men,Winter
f826fcf8-b90b-42eb-9a0c-4be5418b7a76,SKU001412,White,XL,Denim,Women,Winter
359e2af6-4310-48ff-b169-aa4145a79110,SKU001413,White,XXL,Polyester,Women,Summer
4b2e3f8b-8adf-43ed-85ff-41a0aad9b498,SKU001414,Red,L,Denim,Women,Winter
9fb14057-450a-438b-ad7b-3ae427ded34b,SKU001415,Blue,XXXL,Leather,Women,Summer
5d52d6f2-cb0b-4f62-be23-76e961ad75a3,SKU001416,Blue,S,Leather,Men,All Season
4dbf2066-f90e-49ca-aa5f-dea880a678e6,SKU001417,Blue,S,Polyester,Men,Summer
53c9c857-fa65-4c19-b072-3ad49da359f9,SKU001418,White,S,Polyester,Men,Winter
7792b78f-f379-409b-8c34-ad27d7a98c56,SKU001419,Green,XS,Cotton,Men,All Season
8ebae9ac-151f-48d7-8038-9011ec051185,SKU001420,Black,M,Polyester,Men,All Season
3cd56613-20ec-41d8-98f2-6239800f8104,SKU001421,Black,S,Polyester,Men,Summer
58c51837-802c-45ae-86ba-682ffe813daa,SKU001422,Blue,L,Polyester,Women,All Season
2379e233-76af-4105-89b0-b7ae8852d1e1,SKU001423,White,XS,Polyester,Women,Winter
bdaa42af-b95e-4a1b-9340-173c99c22075,SKU001424,Green,XS,Denim,Men,All Season
8c87fbb7-59ee-4bf1-8721-5dea7035926c,SKU001425,White,L,Polyester,Women,Summer
c0cd4d83-8f71-44cb-a1e9-3cb4ab404485,SKU001426,White,XXXL,Cotton,Men,Summer
a820b293-4872-475f-9c28-f2fdd041ede7,SKU001427,White,XXXL,Denim,Women,All Season
e0daf59e-f6cb-4762-b52e-2296b8322bf1,SKU001428,Red,XXXL,Denim,Women,Winter
f043c48a-d9b5-4afc-9c33-38abccbfba7c,SKU001429,Green,S,Denim,Men,Winter
ef0c66d4-a9db-4835-9a6e-95573a99be90,SKU001430,Green,L,Cotton,Women,Summer
00fa268e-dd5a-4961-b3a4-106400bc5dc0,SKU001431,White,S,Polyester,Men,Summer
c61ad91b-ec13-4300-9c90-ecba60eb9df8,SKU001432,Blue,S,Leather,Men,Winter
68966584-c1a3-4af3-ab36-7db34d09d129,SKU001433,White,M,Polyester,Men,Summer
84737070-e4a4-4d52-be00-5ae350ad499e,SKU001434,Blue,XXXL,Leather,Men,Winter
c42b7ec0-f69b-49d8-be3e-f084da87797c,SKU001435,Red,M,Polyester,Men,Summer
efcfbae6-3811-4536-8e97-920d72d08a7e,SKU001436,Blue,M,Polyester,Men,All Season
afe5d8ae-2f0d-4cc9-a664-25bc1bbf45c3,SKU001437,White,XS,Cotton,Men,Summer
431b4c5a-b70c-435a-8c0e-f69478806832,SKU001438,Blue,L,Polyester,Men,Summer
19c47193-29ca-4d54-a81d-6c535c4e5441,SKU001439,Red,XS,Cotton,Men,All Season
dda0899f-6289-4c3b-80c6-615d572844fc,SKU001440,Blue,XS,Cotton,Men,Summer
56d0741e-c214-4556-933a-d4a49fa6353a,SKU001441,Blue,M,Polyester,Women,Winter
ee562381-0b58-45e6-af45-2a9dec30e46d,SKU001442,Green,XL,Polyester,Women,Summer
ef5319b5-5099-4ef4-9197-b814bf051537,SKU001443,Green,S,Polyester,Men,All Season
44606d44-36a4-41af-8a3d-0b4d4c9f906b,SKU001444,White,XXXL,Cotton,Women,All Season
ef814913-3033-456c-8121-86bc4ee64a5d,SKU001445,Blue,S,Leather,Women,All Season
2d0acbb9-e98b-439e-b9d9-136c3e4452f1,SKU001446,White,XXL,Polyester,Men,Summer
23babdb8-2d32-4a92-a718-c0401c80a1d8,SKU001447,Green,M,Cotton,Women,Winter
5b99ea74-eb37-4bb8-8be8-827ca9266d49,SKU001448,Red,L,Leather,Men,Summer
651f082e-8136-4aa4-abf4-b380853dfcef,SKU001449,Black,XS,Leather,Women,Winter
ec084528-495c-49a7-a545-a0991c6b91ed,SKU001450,White,S,Denim,Men,Winter
d7223bc7-941e-4815-8f1f-1a8984721a07,SKU001451,Blue,M,Polyester,Women,All Season
10ac38e8-e9a0-4e33-b77f-62a4f6b88599,SKU001452,Green,XS,Denim,Women,Summer
6ca75bb7-25ae-42be-8375-93a9feff3ead,SKU001453,Black,XXL,Leather,Men,Winter
6c150a28-20cf-4bca-ad7c-1fe754894094,SKU001454,Blue,XL,Leather,Men,Winter
cb3cac06-8dad-40a5-aa73-2a5ede17c385,SKU001455,Black,XL,Polyester,Men,Winter
37588956-9580-482b-a272-b02c5dd4a0dd,SKU001456,Black,L,Denim,Men,Winter
8b1109ee-0abf-49a4-814c-54a72bb35869,SKU001457,Red,L,Denim,Men,Summer
c44d9bfd-d623-42f8-8264-740e63455e18,SKU001458,Blue,M,Denim,Men,Summer
4e852ec3-6321-47f8-923c-3ae711b01e1c,SKU001459,Blue,L,Cotton,Men,Winter
c91f53aa-5004-45de-953b-35b655c7dc73,SKU001460,Blue,S,Cotton,Women,All Season
580c9c45-95f4-432e-a102-4181a1b26b64,SKU001461,White,M,Leather,Men,Winter
08d40a71-8c07-460d-873e-245429865297,SKU001462,Green,L,Leather,Men,Winter
5832365a-732c-4a55-9e36-c765d692f408,SKU001463,Black,XXL,Denim,Women,Summer
2b639319-2ff1-4828-955b-007dd866f58d,SKU001464,Blue,XXXL,Denim,Women,All Season
3bc8df12-cd25-4d06-bb9e-8b012ec1088f,SKU001465,Blue,XL,Polyester,Women,Winter
8fa0760c-6007-4be6-a7e3-7959acedf68d,SKU001466,Black,XS,Cotton,Men,Winter
ca3514b0-872e-40bf-882f-dcb0a9a6899b,SKU001467,Blue,L,Polyester,Women,Summer
832e21df-0d47-4057-bb42-a85b657196d4,SKU001468,Blue,L,Leather,Men,All Season
b1b668d1-6085-47ee-81b2-e9d1f5ea7429,SKU001469,Blue,M,Polyester,Men,All Season
e5a90462-1841-4834-ae31-4e6ff050b730,SKU001470,White,XL,Leather,Women,All Season
97077c80-3b0c-4b70-abdf-f8d4a42ff3b9,SKU001471,Red,M,Leather,Women,Winter
8c158818-bcf8-4a41-b23b-fd54c318a1c7,SKU001472,Blue,XXL,Polyester,Men,All Season
e3058009-95f3-4aa3-9b8f-b1afa8013707,SKU001473,Red,M,Denim,Women,Summer
bed597c3-dc0e-40a7-b9ca-ba2bc51d50d1,SKU001474,Black,S,Leather,Men,Summer
c4c226d5-f499-40c9-8b4e-3960b32056d7,SKU001475,Black,XS,Denim,Men,Winter
1a39bf4d-f14f-43ff-8beb-14b977948f40,SKU001476,Green,L,Polyester,Women,Summer
4e32f7ee-a003-4b43-aafd-fa333334eba2,SKU001477,Green,XXXL,Leather,Men,All Season
69c2905f-93d2-4126-9ead-37188cd17bca,SKU001478,Black,XXL,Cotton,Women,All Season
bd0a83e0-3698-4561-8218-1479c5beb081,SKU001479,Blue,L,Denim,Women,Summer
ec8d6f92-89fe-4a49-adf7-0231dc0e5afb,SKU001480,White,L,Leather,Men,All Season
f134b50a-0aca-4610-b17e-a8acc1f1bad0,SKU001481,Green,S,Polyester,Men,All Season
ab2940ca-4a38-497b-89c4-76cfce9772f6,SKU001482,Black,XL,Leather,Men,Summer
237095ad-0339-4d75-b66d-56229d74a04c,SKU001483,Green,XL,Leather,Women,Summer
87dbf8a9-00e0-4108-aabc-0b3f95379fa0,SKU001484,Black,M,Denim,Women,Summer
7c3ca67b-7f4d-4370-911e-2e4b5bd63a00,SKU001485,White,M,Cotton,Women,Winter
147c3d8d-c7e8-4b21-902f-955444be689c,SKU001486,Red,XXXL,Cotton,Men,Winter
c03d0198-526a-4a94-bad9-7b7be28eca4b,SKU001487,Green,XS,Polyester,Women,Summer
fb96a1c0-dd94-467e-9b22-1aaaf38bd60e,SKU001488,Black,XL,Polyester,Women,Winter
73ef84e7-f21d-4812-8d14-12891429bf9d,SKU001489,Red,XS,Cotton,Women,All Season
66a505ce-e2e4-4f5b-a64c-ee721d2f9586,SKU001490,Red,XXL,Denim,Women,Summer
33772931-02d3-4b53-8278-7953bcdc200b,SKU001491,Red,S,Leather,Women,Winter
97ca19b8-66ae-4875-bca5-5c84fad83b86,SKU001492,Black,XXXL,Cotton,Men,Winter
437efd92-201c-47e0-b997-e46854e9cb23,SKU001493,Green,XXL,Cotton,Men,Winter
288e678d-7fdb-4255-982a-f2344759a84b,SKU001494,Blue,XXXL,Cotton,Women,Summer
357e24cd-ce3e-4c29-b1bf-db7c474096d2,SKU001495,White,S,Leather,Men,Summer
7ce2e8c7-5711-4e28-8c97-b6fcc8971f25,SKU001496,Black,XXL,Denim,Women,Summer
58180c2e-1adb-471f-ac6e-76dc1a39d0ef,SKU001497,Blue,S,Leather,Women,Summer
91af5871-f590-41d3-aed2-eda83a720ff7,SKU001498,Green,XL,Cotton,Men,Winter
55f0890a-de3d-4546-b1fb-87d54971a847,SKU001499,Blue,XL,Polyester,Women,Summer
08452d51-7ffb-47e4-ba62-fb6f28d09e06,SKU001500,Blue,XXL,Cotton,Women,Summer
659ae0a8-d0d1-4f4e-b2fd-a53d45a0f1a8,SKU001501,White,S,Denim,Women,Summer
d8e41a1a-32cf-4983-b79b-61655841cffa,SKU001502,Green,M,Cotton,Men,Summer
7794b764-e850-4260-9258-0367c0451b5d,SKU001503,Green,XXXL,Cotton,Women,All Season
ad9aea98-ca8d-42ad-bfe0-ad15d4d209c0,SKU001504,Black,XS,Leather,Women,Winter
41037bec-5cae-4914-9165-d8b391a204f3,SKU001505,Green,XS,Cotton,Men,Winter
68338d9c-71e6-4ad9-9439-74c11ac77060,SKU001506,Blue,XXL,Cotton,Women,All Season
669489ee-218b-46e0-a49c-1e83570de22e,SKU001507,Red,XL,Polyester,Men,Summer
606a0369-fa62-42e9-ad6f-ee29767fc1df,SKU001508,Red,L,Cotton,Men,Summer
e3af9146-bb12-4d6b-8076-b4bcd52f5b04,SKU001509,Red,XXL,Denim,Women,Summer
7b8740cc-ca15-4588-a3c9-831e6d403a6e,SKU001510,Green,XXXL,Polyester,Women,Summer
797beeed-d7e8-499a-a943-e22b4c95dbd0,SKU001511,Red,XXL,Polyester,Men,Winter
78434e54-df86-4ee9-b16c-6bb4a06194eb,SKU001512,White,XXL,Cotton,Women,Winter
f5606132-08be-4fa0-8b5a-de1868724546,SKU001513,White,S,Polyester,Men,Summer
17caabc9-893e-4841-9e38-40bcb9b4038f,SKU001514,White,L,Polyester,Men,All Season
ebf5a59a-5ce5-4cae-96d4-e92c80cb3284,SKU001515,Black,M,Leather,Women,Winter
16b4b25c-9ef2-4ca4-a0aa-0ca9c0239b44,SKU001516,White,M,Leather,Men,All Season
48044936-7ee7-4764-b20f-7740cc392a77,SKU001517,Green,XL,Cotton,Men,Winter
2887b99f-6ea6-42f0-a4e9-96d7a71d31b8,SKU001518,Blue,XXL,Cotton,Women,Summer
dffa556a-0ef3-4c41-8cc1-575141e178c6,SKU001519,White,XL,Cotton,Men,Summer
f3bd106c-1511-43fe-b823-a8ad2aeaba48,SKU001520,Black,XS,Cotton,Men,All Season
5d3b3661-2f3f-48d4-8d84-7e4856f90174,SKU001521,Red,XXL,Polyester,Women,All Season
19cda35a-ea1d-494e-bcdc-458daaae2168,SKU001522,White,S,Cotton,Women,Winter
e4808c0f-63eb-4ddd-af3c-a6335c552a13,SKU001523,Blue,S,Cotton,Women,Winter
b862220d-7ecf-4d36-9ffa-72760a820648,SKU001524,Red,M,Denim,Men,All Season
d1523571-5133-43a3-8ac3-5a1d66265993,SKU001525,Black,XS,Cotton,Men,Winter
145babba-7537-49c8-bcce-3246d85e3372,SKU001526,Green,S,Cotton,Women,All Season
27e50230-91ee-4c0f-a514-b01b117c196a,SKU001527,Blue,XXL,Cotton,Women,Summer
36322a6d-9d02-45a0-87e3-3c49806fab67,SKU001528,Red,M,Leather,Men,All Season
bc5ee17a-6946-4266-adc4-6a75810e031d,SKU001529,Green,S,Denim,Men,Summer
1d32cfa0-1152-4234-86a0-d0bcc6f7f4d9,SKU001530,Blue,XS,Leather,Men,Summer
944ad41d-4c1c-4f1f-9afa-8addbdbe9090,SKU001531,Red,M,Polyester,Men,Winter
dd55449f-d297-42cf-9e92-acba9d2a2786,SKU001532,White,XXL,Polyester,Women,Summer
ba5f8a68-47c1-45a6-b429-c9b5a94a41ed,SKU001533,Green,XXXL,Cotton,Men,Winter
ebfc810c-4439-4848-aec7-4667f7f37d46,SKU001534,Red,XXXL,Polyester,Men,Winter
b52c2800-732a-488d-a107-4071b3402a2a,SKU001535,White,S,Denim,Women,Summer
ddea5788-fe61-4df9-bff8-e868b6d56584,SKU001536,Red,XXXL,Polyester,Women,All Season
65f1916b-65ab-4568-9beb-10d2fe93c91e,SKU001537,Red,S,Cotton,Men,Summer
267d8a89-53c9-4342-9443-c1d2d6d8af3a,SKU001538,Blue,M,Leather,Men,Winter
c648208b-d983-4745-9d95-da10c8a80065,SKU001539,Red,XS,Leather,Women,All Season
bf1e3905-4464-4e3f-b6ea-628f4d5a4b31,SKU001540,Black,S,Leather,Women,Summer
99bd0695-53ce-42bd-bfc3-805e9fc87a69,SKU001541,Red,XL,Leather,Women,Winter
23a24efd-2188-4b14-a644-880fcf3860b2,SKU001542,Red,L,Polyester,Men,Summer
91c00f93-9112-475d-b522-f6ef35af2fa8,SKU001543,White,L,Polyester,Men,Summer
0650077d-755c-4171-9702-80c5fad84854,SKU001544,Green,M,Leather,Women,Winter
e7312d3f-1fdb-477e-959d-558d87f36df2,SKU001545,Red,L,Leather,Women,Summer
7d4b869a-8ff1-47d3-b688-aa1d2d7ab386,SKU001546,White,L,Leather,Women,Summer
d7fdaa81-3b21-4034-8145-47b998054cfa,SKU001547,Red,S,Cotton,Women,Summer
0fa4f2a2-acb6-42f5-bb96-1353a1eeb3f8,SKU001548,Black,M,Cotton,Women,Summer
c1f12432-5bae-41bc-a5c4-a455c00efc93,SKU001549,White,XXL,Leather,Men,All Season
d35afc34-21a8-43a5-827f-a311cee5891a,SKU001550,Green,L,Denim,Men,Summer
87596a28-a55b-4efb-81cf-4e2f9d5ad63e,SKU001551,Green,M,Denim,Women,All Season
c33ab80e-8b03-4c09-b7c6-47b298a43028,SKU001552,White,XS,Polyester,Men,All Season
62401028-d037-498c-8d5c-7cde007db150,SKU001553,Red,XXL,Polyester,Women,Winter
ce9fa6fa-365a-42d0-806e-4822e9e85cbe,SKU001554,Black,XS,Polyester,Women,Winter
ec16a16a-b4f9-49c8-9042-8be3659478b7,SKU001555,Blue,S,Polyester,Men,Summer
0c6645bb-bcf4-4099-9c3f-09adaccbd6a4,SKU001556,Green,L,Cotton,Women,Winter
1789b355-59c0-427f-9308-4ccef316bb6d,SKU001557,Green,S,Denim,Women,Summer
827ce357-3d00-4dfa-aa9b-8ea3fd9420db,SKU001558,Black,L,Denim,Women,Summer
0cbd0e4d-aa67-4b3d-8f70-7f52dc7aca50,SKU001559,Green,XXL,Polyester,Women,Winter
696a6184-62b2-48ca-91a3-cda4bb3c7e7b,SKU001560,Red,S,Denim,Women,All Season
8ce305b6-50d4-4225-bfc8-ec1c3eebfc12,SKU001561,Blue,S,Polyester,Women,Summer
0944f8ed-9279-4ea6-9c6f-771deed8d080,SKU001562,White,S,Polyester,Men,Summer
f32fb205-bae3-4650-8c3d-4f6781197ed0,SKU001563,Blue,XXXL,Denim,Men,Summer
b9a64986-2e5d-475a-8b1a-88e55b34cc88,SKU001564,Black,L,Leather,Men,Summer
30a4118f-e7ce-4aa4-ad41-cc443bd1859a,SKU001565,White,S,Leather,Men,All Season
2f63dfb3-0325-4080-b7be-df34d2b2fa4f,SKU001566,Red,S,Cotton,Women,Summer
e3c431ce-c820-4dbd-bf0d-4025a747fe74,SKU001567,Green,M,Cotton,Men,Summer
00f33280-0401-44e0-b76b-099c10c2ebe2,SKU001568,Green,XL,Leather,Men,All Season
24e0e6e4-80f4-4e14-9dd7-088fb8c37d67,SKU001569,White,L,Leather,Men,All Season
7e1f96ce-6512-466e-802a-9b9c5ec7fd16,SKU001570,Red,XL,Leather,Men,All Season
ab717036-2a0e-4a9b-8303-57698df6e17b,SKU001571,Black,XS,Cotton,Men,Winter
f49d7a16-e44c-4b53-88ca-1573e3a9b12a,SKU001572,Black,XXL,Leather,Women,Winter
4c75a166-1730-468c-8f07-6bd208e9fe79,SKU001573,Green,XXL,Polyester,Men,Winter
4d3b7a40-a2b3-4821-9f64-0e0234b8bb22,SKU001574,Blue,XXXL,Leather,Women,All Season
61db9f10-1924-46bf-96a1-0cf1f84e5680,SKU001575,Black,XL,Denim,Men,All Season
11413e1a-e28a-4a5e-a2eb-035c5e91aee5,SKU001576,Green,XXXL,Denim,Women,Winter
124de561-291e-4ee4-b23d-5bb67604177f,SKU001577,White,M,Denim,Women,Summer
673f03b5-65d2-4c6c-998f-93f4940f7c7f,SKU001578,Red,M,Denim,Women,Summer
e87426f3-14e2-40ce-b197-a0c5159d2291,SKU001579,Black,XS,Cotton,Women,All Season
60d907c9-44fb-4d89-834d-91e0abab92b5,SKU001580,Black,M,Denim,Men,All Season
160852f8-5291-40ea-ac4a-688e00c8ee23,SKU001581,Black,XXL,Polyester,Men,Summer
86bafaf6-d17d-4ea0-8728-b0b1855da147,SKU001582,Blue,XS,Polyester,Women,All Season
068a59b8-4526-4142-8c9e-a23b263fed24,SKU001583,Green,XXXL,Polyester,Women,Winter
f968565c-cfc5-4c7d-ad40-e1f84d11e593,SKU001584,Red,XXXL,Cotton,Women,Summer
2feaa0e0-786b-4fcf-858c-f4be303b40ec,SKU001585,White,L,Leather,Women,All Season
734ec345-a0d9-40b9-862b-0ca7169c9a93,SKU001586,Blue,L,Polyester,Women,Winter
76c3f8bc-0389-4087-ad02-6ff687698549,SKU001587,Black,XS,Leather,Men,Winter
737781bc-5e80-40f5-b693-3985782b908b,SKU001588,Black,XS,Denim,Men,Summer
f1740f30-d841-40de-9a52-a96d94a6033e,SKU001589,Green,XS,Polyester,Women,Winter
1c56d89a-da05-42a4-b650-af8545e26d56,SKU001590,White,XL,Polyester,Men,Summer
b6f4f5ee-31b2-4b23-b595-98fca9a4c736,SKU001591,Green,XL,Denim,Men,All Season
9cde4272-8e4b-4274-883f-90ae6cada884,SKU001592,White,S,Cotton,Men,All Season
19cf11f5-ca1e-4d9a-ac47-0a3560352d40,SKU001593,Blue,XL,Cotton,Women,All Season
123bbdf6-bf2f-41e5-8301-d3cf4d1e3ae6,SKU001594,Black,XXXL,Cotton,Men,Summer
facbd30a-7938-47fc-9605-b0876f987d0b,SKU001595,Red,XXXL,Denim,Women,Summer
237c5133-d418-49c8-85a5-7899eb34845c,SKU001596,White,XL,Cotton,Men,All Season
2454f465-aa0c-4e1d-a0d0-cfde7924b695,SKU001597,Green,XS,Denim,Women,Winter
e8e3c571-f427-4d46-aeaf-b89749f92f95,SKU001598,White,L,Denim,Women,All Season
6f9df7e1-20b5-498a-b634-1bfa9fde6fe5,SKU001599,Blue,S,Leather,Men,Summer
090c67ac-7b8c-4a26-b074-8f1362e4117a,SKU001600,White,XXXL,Polyester,Women,Winter
b34041c8-5035-4727-b882-a94de0b48a0e,SKU001601,Blue,XS,Denim,Men,Summer
ee671496-1c0f-4131-b33c-b5b14ee9704e,SKU001602,Green,XXL,Polyester,Women,Winter
0a1a6a2c-a6f3-400d-bc20-018124e9d5b3,SKU001603,White,M,Polyester,Men,Summer
6c21b484-20c1-491c-856a-129c0c6cd8d1,SKU001604,White,XXL,Cotton,Men,Winter
0a5da549-e5ea-43f4-a718-78ae6969b707,SKU001605,Black,XL,Polyester,Women,Winter
02a09716-5467-4670-8cae-b641d70c3915,SKU001606,Red,XXXL,Leather,Women,All Season
3c0eb6f2-af07-4f53-99f2-9c0410453aeb,SKU001607,Red,M,Cotton,Men,Winter
b021901c-0159-4da3-a07d-905e8aba5969,SKU001608,Red,XXL,Leather,Men,All Season
00fdf694-41f5-4030-989e-b1ab12c55fbe,SKU001609,Blue,XXL,Denim,Men,All Season
ebb5ec5d-f8b7-4620-a3f1-847ed54ee7d2,SKU001610,White,XXXL,Denim,Men,All Season
0c1d8dff-3744-4dbf-9229-94a25bc63062,SKU001611,Green,S,Denim,Men,All Season
499d68ef-8390-4b88-a377-d28ae909a70e,SKU001612,Black,L,Denim,Women,Winter
14c2c5c3-220f-46d1-ad40-511233dd8413,SKU001613,Blue,XS,Denim,Women,All Season
7b7ff0d0-cddf-4bc8-bdc8-bda078f130bf,SKU001614,Black,XS,Leather,Men,Summer
c92145dd-55e3-4f3e-a387-3a149e2df2ac,SKU001615,White,XXXL,Leather,Women,Summer
550f9513-7789-4dce-b2b9-a32cb5a0ff8d,SKU001616,Blue,XL,Leather,Women,All Season
0d1a3010-252b-447f-8415-a8e8aedab538,SKU001617,White,M,Leather,Women,Summer
adc932c7-6742-4442-81e1-67c431129ab3,SKU001618,Black,S,Leather,Men,All Season
cf850c33-1d08-4c38-917f-2d1e2aeeeaf0,SKU001619,White,S,Leather,Men,All Season
6df5854d-5f37-4cba-b966-4427e479832f,SKU001620,Red,XS,Polyester,Women,All Season
706f0e2a-5d0b-4cf1-a8c9-3b5161b8b504,SKU001621,Blue,XXL,Polyester,Women,Summer
e94e44d9-7282-439d-b992-f3ce0ca1984f,SKU001622,Red,L,Denim,Women,Summer
3441a501-2d55-479b-97cd-7bcf6c41d29d,SKU001623,Blue,XXL,Polyester,Men,Summer
a33c712d-616d-4b79-a99b-2e9de6f3e70f,SKU001624,White,M,Denim,Men,Winter
5d85bd83-8c1a-4b3c-b130-20af69bad6b7,SKU001625,Blue,XL,Leather,Women,Summer
9dbd0c14-ac8b-4cb7-9d1d-8b9e3fc0d432,SKU001626,Green,L,Cotton,Women,Summer
26f0f40e-7b1e-456c-acc0-0883e8d51bcc,SKU001627,Green,XXL,Cotton,Women,Summer
d4fdc636-1438-4425-8c34-3ad88e8b3b40,SKU001628,Blue,XXXL,Denim,Women,All Season
c52e2e3c-528c-46ba-bd1e-cb36bc1c21bd,SKU001629,Green,XXL,Cotton,Men,Winter
3f11d517-0902-469f-8fb0-66c6d8addc3f,SKU001630,Blue,XS,Leather,Men,All Season
a7eb8197-70ed-4bd3-9daa-c1f90013d5ac,SKU001631,White,S,Leather,Men,All Season
17842bfd-b487-4aa3-a8e5-edf33bb9da35,SKU001632,White,XS,Leather,Men,All Season
d38dc5a6-9a28-4f6d-b66a-f5385fd83496,SKU001633,Red,XXXL,Cotton,Women,Summer
31a127ea-81f6-45d5-9e05-defa38e1c10d,SKU001634,Black,XXL,Cotton,Women,Summer
e5affec3-931e-4d4e-974d-b8befbfaa413,SKU001635,Green,M,Polyester,Women,All Season
f23bad54-d15b-4e19-b854-76d4a25a1ea4,SKU001636,Green,XXL,Cotton,Men,All Season
f19657cc-9f1b-424d-a5dc-b1c2204be2a2,SKU001637,White,S,Cotton,Women,Summer
1204cb53-7688-4290-9329-e264b5e3a773,SKU001638,Green,S,Cotton,Women,Summer
3f98c2ea-110d-42e3-bfcc-897d5216672f,SKU001639,White,XXL,Cotton,Women,Winter
813a72d9-3ea2-4b10-ae27-ce8f7d7fb956,SKU001640,Blue,S,Cotton,Men,Summer
fcba7376-e604-4692-a962-2383de831f35,SKU001641,Black,L,Denim,Men,Winter
f0a4fcce-c09b-450e-8d1a-6709871156cc,SKU001642,Green,XS,Cotton,Women,Summer
9c180fa0-652f-4cee-ab4f-590fa710d728,SKU001643,Green,XS,Polyester,Women,Winter
610c02ff-8fb1-4649-8367-fe05cb50a85a,SKU001644,Red,L,Denim,Men,All Season
10fde902-8328-4af1-9fa7-4a8bf80880d7,SKU001645,Blue,XXXL,Denim,Men,Summer
f55bf619-427c-4def-9716-559be1c1c02c,SKU001646,Green,XXXL,Denim,Women,Winter
08f30aca-6828-4857-ab4d-4b1b7dfd7eaa,SKU001647,Black,XXL,Polyester,Men,All Season
bc916bda-b524-414d-9242-56230ed2898e,SKU001648,Blue,XS,Leather,Men,Winter
ec549340-41f2-44bb-8721-d1dd5253bff8,SKU001649,Black,XXL,Cotton,Men,All Season
9b225e35-6565-4703-8815-62c9fd4574dc,SKU001650,Green,L,Cotton,Men,All Season
89bd6274-67b6-4927-8de2-487558489c9e,SKU001651,White,XS,Polyester,Men,Winter
fd344909-5bf4-4745-b3c1-d76a3d11d62e,SKU001652,Blue,XXL,Polyester,Women,All Season
21e1bfcf-2f64-4ba6-be42-43a87a428452,SKU001653,White,XS,Denim,Men,Summer
5e6c9e16-89c4-4726-8648-d20bf2ad254a,SKU001654,Red,S,Polyester,Women,Winter
6f8a5442-7d03-49fc-9862-789687c16530,SKU001655,White,XL,Cotton,Men,Summer
f8d5c3cb-1512-4bd1-9434-cdf9454a6970,SKU001656,Red,S,Polyester,Men,Winter
c4470a28-c832-4e6b-bb98-08117c49eb3a,SKU001657,Black,XXXL,Denim,Women,Winter
4a9f7dfe-474e-4958-aaa9-e78e5ef5d021,SKU001658,Black,S,Cotton,Women,Winter
89be4f5c-b6aa-4460-b977-dca4c0a56a11,SKU001659,Green,XXXL,Denim,Women,Winter
3bc0f06d-88e1-42b1-aeef-9ac29e4cf2c2,SKU001660,Green,XS,Denim,Women,Winter
ea7cfbe9-cefb-4adc-8dc5-6cc5c12467aa,SKU001661,Green,XXXL,Leather,Women,All Season
1f34d76c-ce9c-43ab-ab9b-92172e00cd8b,SKU001662,Black,L,Leather,Women,Summer
858e06c5-3c01-4442-bfd8-c204c37d92bf,SKU001663,Green,S,Cotton,Men,Summer
a17dd0fc-b606-4fca-9c85-c5242191dfbd,SKU001664,Blue,S,Cotton,Women,All Season
cd316575-27b3-4fe8-91dc-96c7c9e896c2,SKU001665,Red,XXXL,Polyester,Men,Summer
71955001-a1d5-4078-b632-c9e227c50a89,SKU001666,White,M,Denim,Women,Summer
c5f3b68d-9567-454e-b8dd-c791c5014ada,SKU001667,Red,XXXL,Cotton,Men,Winter
d918d778-9b8a-4ae0-8acf-13da47229d3a,SKU001668,Red,XXXL,Leather,Men,Summer
d547d858-61ea-4a5b-b8b5-f65908b0a5a9,SKU001669,Blue,XL,Cotton,Women,All Season
44555f3e-32a0-47bc-b54b-851ac0525f0d,SKU001670,Green,M,Cotton,Women,Winter
42b156be-42a0-4401-ab21-28e5620c4336,SKU001671,Red,M,Leather,Women,Summer
d255bc23-1985-413f-8a07-e1649ad069a7,SKU001672,White,M,Cotton,Men,Winter
4790ed6e-7a39-4263-b392-115fede4bcc4,SKU001673,Red,S,Polyester,Men,Summer
d84092d8-2354-41af-b595-bc6ca73c39f3,SKU001674,Green,M,Leather,Women,Summer
506839d2-5462-4061-9aa7-3a7af6687f8c,SKU001675,White,L,Polyester,Men,Winter
93483648-293c-4ae1-b678-822b14007161,SKU001676,Blue,XXL,Polyester,Women,All Season
bf574f2c-3906-4e46-8307-a39129c3b972,SKU001677,Black,XXL,Leather,Women,Summer
ca4daa19-d411-4c91-a956-4f47098be66f,SKU001678,Blue,M,Cotton,Women,All Season
70610122-d85a-46c8-beaf-7dff6b000b9f,SKU001679,Blue,S,Denim,Men,All Season
24a27c31-963d-4a7f-867b-606f16127c02,SKU001680,Blue,XXXL,Polyester,Men,Summer
00ac8ac1-15fb-498b-953d-16d5d1ac2519,SKU001681,Green,S,Polyester,Women,Summer
db54544b-99b6-4bd7-992f-da8347a440f7,SKU001682,Blue,XXL,Leather,Men,Summer
0adbc7a6-24ed-4c7a-8093-4d0145ee8258,SKU001683,Red,S,Polyester,Men,All Season
ed97ee8f-078c-403b-b729-1a15592b9b59,SKU001684,Red,XXXL,Polyester,Men,All Season
6471832b-1649-4d82-bb12-2ba5f4d2924c,SKU001685,Blue,XL,Leather,Men,All Season
2d6d8369-1da5-4a2c-8e36-31ee0175d225,SKU001686,Green,XL,Leather,Men,Winter
5d95c6b0-dd67-4774-a471-5df2f5466e47,SKU001687,Black,S,Cotton,Women,Summer
f8b65696-7ded-4da1-8fe3-6d00f3be4a47,SKU001688,Blue,L,Leather,Men,Winter
48f0cad2-0dac-40d3-a78d-a6cb73c55144,SKU001689,Red,L,Leather,Men,All Season
492f3988-36dc-45f6-a636-22d54ee1d606,SKU001690,Blue,XL,Leather,Men,All Season
567eaf14-f0be-4e31-a159-c3bdc0460d94,SKU001691,Blue,XS,Polyester,Women,Summer
f682e638-03b4-4dec-b961-42eae0401fc7,SKU001692,White,XS,Cotton,Men,Winter
05f6a2c5-dbec-42ba-b8d8-197ba3ce27c5,SKU001693,Black,M,Denim,Women,Winter
a672cd76-10f0-412d-a97d-c7612efad9c7,SKU001694,Blue,XXXL,Cotton,Women,All Season
457aa86d-522c-42f7-a834-2e9c4a36f984,SKU001695,Blue,S,Polyester,Women,Winter
654986b8-539c-44ed-8ab3-65e0c0e6fefb,SKU001696,Blue,XXL,Polyester,Men,Summer
69037dc2-d56c-424f-af91-21d0434608fe,SKU001697,Green,S,Cotton,Women,All Season
f5acb66a-1838-4018-8d3a-4dd7216c9935,SKU001698,White,L,Polyester,Women,Summer
2b8fc3c0-38c5-4005-8a67-76ce74600ebd,SKU001699,Black,M,Denim,Men,Summer
0b72daf0-b039-48cd-ba88-48b8b1864fa3,SKU001700,Black,XL,Denim,Men,Summer
94ff74ab-308c-4296-ac8f-5a1579a68295,SKU001701,Green,XXXL,Cotton,Women,Winter
e7753c6c-5f00-4160-a2ca-75b9127ebf1a,SKU001702,White,M,Cotton,Women,Winter
c491bf34-73fb-4fab-93d3-6b02a2f454f3,SKU001703,Black,L,Polyester,Women,Summer
b6fba148-802a-4242-8c43-7aa625b4132f,SKU001704,Green,XS,Denim,Men,Winter
7f672007-1d9f-4d2f-8fca-df6688e98a00,SKU001705,Green,S,Leather,Women,All Season
40972a97-81d5-48d3-bc77-55a1b34b1f55,SKU001706,Red,M,Denim,Women,Winter
22db1e4e-73d1-4ee1-b146-92ba2b6a9beb,SKU001707,Red,XS,Denim,Men,All Season
4a1e8edf-e7d5-4201-aed6-834bff803245,SKU001708,Blue,XXXL,Leather,Women,Summer
de5dda03-7fe2-4e96-b67c-a88100ea22d0,SKU001709,White,XS,Polyester,Men,Summer
8323b704-d614-4cec-814b-d263a6ba9706,SKU001710,Black,S,Polyester,Women,Winter
63da616b-fc87-403a-9484-7001af6990ca,SKU001711,White,XXL,Cotton,Women,Winter
df84b04b-6c7a-44e4-a350-34cdc32715fc,SKU001712,Green,XXXL,Denim,Men,All Season
97c676d6-bf70-4573-a10d-c385c30861af,SKU001713,Black,L,Denim,Women,Winter
23fbf141-0b39-4fa6-bf91-65fefcdc2d69,SKU001714,Blue,S,Denim,Women,All Season
5098194a-cf65-429f-9c3f-a0431a49d1c4,SKU001715,Black,S,Cotton,Men,All Season
2ad6e271-7b53-4f04-ac5a-795465f2d806,SKU001716,Black,M,Denim,Men,All Season
0bedc51a-5fe5-4c82-9082-92d56d30279c,SKU001717,Green,XL,Polyester,Men,All Season
5fe8b587-a14e-4f06-9788-7faba9a92c21,SKU001718,Black,L,Polyester,Men,All Season
1953718b-17a5-40d8-b54c-76491d7accb2,SKU001719,White,XL,Polyester,Women,Summer
820d96f7-a555-4be2-8d83-ddf88fb4a343,SKU001720,Black,XS,Cotton,Women,All Season
132c8f08-ea33-4a24-af11-3347fa78a4a1,SKU001721,Blue,S,Polyester,Men,All Season
0ee96b27-b464-4170-b7e3-95fd1ad25be0,SKU001722,Black,S,Leather,Men,Winter
cd599cbc-16b0-409d-b6dc-1bd01a8ec956,SKU001723,Green,XXXL,Cotton,Women,All Season
ca5b7cfd-4882-42f1-b49a-6e7ea0b33166,SKU001724,Red,XS,Leather,Men,Winter
3080aba2-4f29-4163-bc51-f4df9a24c760,SKU001725,Black,M,Leather,Men,Summer
4ca669cb-1c02-47b5-ba8e-f5058726cedf,SKU001726,White,XL,Cotton,Men,Winter
7ea20ff0-f73a-45ae-a9c1-1a99dbbe4aaa,SKU001727,Red,S,Polyester,Men,Winter
0f8fd022-7ea9-4071-87f6-c3e2b3c36739,SKU001728,Red,S,Polyester,Men,All Season
f8a1f5b5-666f-433c-b746-82f0aaa353db,SKU001729,Red,L,Polyester,Women,All Season
124b7260-4d86-412c-96a5-f16c72ac42a8,SKU001730,Green,XXL,Leather,Men,All Season
94523d12-fc9f-44a7-9802-aede8133150a,SKU001731,White,XXL,Cotton,Men,Winter
9ce5a667-fa75-45bb-b496-e201986c95dd,SKU001732,White,XS,Polyester,Men,Summer
357fdf58-53f0-423e-9029-7c2adbc016a6,SKU001733,White,XXXL,Denim,Women,Winter
90c2dcf0-adcf-4591-94d0-56ed2014614b,SKU001734,Green,XXXL,Denim,Men,All Season
f40db51c-6b47-46b6-b410-9e95db85fecc,SKU001735,Green,M,Denim,Women,All Season
c5c0a325-027e-4c77-8ad9-701ad7003b9f,SKU001736,Blue,XXL,Denim,Women,Summer
c6d89745-86c7-4c69-8237-b3e970d67a46,SKU001737,Black,M,Polyester,Women,Winter
63e379ef-def3-45a2-a74c-7682bc8ce2ea,SKU001738,Red,XL,Cotton,Men,Summer
2b1f3d31-90c8-41d9-9afe-b095b1d92065,SKU001739,Green,L,Cotton,Women,Winter
b03be230-f271-461a-a270-5ec49b32eef0,SKU001740,Blue,L,Cotton,Men,Summer
0fa807f5-d60a-4db2-a7cc-18b7e51214b3,SKU001741,Black,S,Cotton,Men,Winter
50b8d5cf-028e-4eb9-866e-d120a88eef19,SKU001742,Red,L,Denim,Men,Summer
bf4699ae-0c34-48b9-b367-1e7e90c0c6bb,SKU001743,White,XS,Denim,Women,Summer
0caa0c10-fb05-4eb4-a53a-34d6e0cf4102,SKU001744,Blue,XL,Cotton,Women,All Season
fbb4a064-3e89-4255-9215-83a302a7e500,SKU001745,Black,XS,Cotton,Men,Summer
e2a5eb71-7ce3-4fe8-a3a1-0fe5241e0dc4,SKU001746,Black,XS,Cotton,Women,All Season
ed7f5bdd-820f-4ee2-84db-2529667b1bec,SKU001747,Green,M,Denim,Men,Winter
37fc8138-be97-4dab-af22-669a3b946557,SKU001748,Blue,XXXL,Denim,Women,All Season
859207cf-e981-40db-b8a7-fe4c9be3bf3c,SKU001749,Red,S,Leather,Men,Summer
c5ee7734-815d-450a-a4c4-cdd9472d9b58,SKU001750,White,L,Polyester,Men,Summer
4e003dd1-aec6-4510-9619-4dc3fbf98114,SKU001751,Blue,XXL,Leather,Men,All Season
666c751c-3d83-499d-86e0-de2d8de9130c,SKU001752,Blue,XXL,Polyester,Men,Winter
3a9f78cf-3662-45ff-a00e-df041e242891,SKU001753,Green,XS,Cotton,Men,Summer
f01f84e7-821c-40d5-9f54-17851177a515,SKU001754,White,L,Cotton,Women,Summer
c94d04fd-7330-44a2-819c-7ccec12292c9,SKU001755,Green,XS,Denim,Men,Summer
840c0976-ae1c-4eb3-85f2-a49114c674e5,SKU001756,Black,M,Leather,Women,Winter
a96d3b68-d15a-4009-83a7-2d8537e57f43,SKU001757,Blue,M,Cotton,Men,Winter
5ec0175c-4819-48c2-b5bc-24b0d9a603af,SKU001758,White,S,Polyester,Men,All Season
98dd82de-e3b0-472e-833a-3707b90f64dc,SKU001759,Red,XS,Polyester,Men,Winter
78f22139-116c-4b59-be24-81d9ca2a486f,SKU001760,White,XL,Denim,Men,Winter
5b604451-440f-4a0e-aa00-f9e67fbc84e2,SKU001761,Blue,L,Denim,Men,All Season
8be33ace-f32f-4ad3-8f11-c4539d495a90,SKU001762,Black,L,Polyester,Men,Summer
81d7ff1f-92c2-4903-b12e-c43dc9f1c54c,SKU001763,Black,XS,Leather,Men,Winter
7600dc79-3525-4908-8967-72b25f47052b,SKU001764,Red,XXL,Leather,Men,Summer
fa933806-16db-4de5-a6d5-55b9d0cc26c3,SKU001765,Red,XXXL,Polyester,Women,Summer
325030ff-a6c1-4d2f-95d7-e87d251d18af,SKU001766,Blue,XXXL,Leather,Men,All Season
3786ee37-fde4-4293-8afc-3ffd6399de43,SKU001767,Green,XXXL,Cotton,Men,All Season
5f556c71-f4f7-4dec-b0f6-ed0bdbe31944,SKU001768,Black,L,Denim,Women,Summer
ef01fcd6-622e-4a5c-93e1-7145fccbd248,SKU001769,Blue,XL,Denim,Women,Summer
c909f48b-ae5a-4f66-ab13-b00cca16c3f1,SKU001770,Black,XS,Cotton,Women,All Season
6da71ee4-2cfb-4672-baae-c3de1e1e0f63,SKU001771,Green,XXL,Polyester,Women,All Season
2efbfb8e-3d0c-4909-85ce-a5af0721d9ec,SKU001772,White,S,Denim,Women,All Season
fa7a40a5-a2f6-499a-bc3c-fdbe40cae91a,SKU001773,Green,M,Cotton,Men,Summer
9de7a7b8-8bba-4935-877a-6858757edf1a,SKU001774,Red,XXL,Polyester,Women,Winter
d7341272-15cb-43dc-ad57-3e027680b225,SKU001775,Green,M,Denim,Women,All Season
8f1df61b-19b4-439e-b3a6-2f769538f7c2,SKU001776,White,XL,Polyester,Women,Summer
f0332004-207d-4b07-858f-fe951e1af577,SKU001777,White,XXXL,Leather,Women,All Season
11c2d269-47af-4b7c-a686-6bb11d4065b2,SKU001778,White,XL,Leather,Men,All Season
1f621f5b-1f92-4885-9aa2-a3e9e1b64f50,SKU001779,Red,S,Leather,Men,All Season
a4ea2f97-e346-4f31-a733-4cce191f5fa3,SKU001780,Blue,M,Polyester,Women,Summer
ed1ed770-5ce7-4c71-bebe-3e372861b268,SKU001781,Blue,XL,Leather,Women,Winter
1083ec49-5f9d-4a97-9c36-3eb300dd422a,SKU001782,Blue,M,Leather,Women,Winter
b490aced-24af-4162-baf4-45646b69e37e,SKU001783,Green,S,Leather,Women,Summer
e4378c8a-3c91-4700-ad89-d9d92ac63378,SKU001784,Red,XXXL,Polyester,Women,Winter
65dcb8b6-749d-4b75-aa0d-d70960868f78,SKU001785,Blue,XXL,Denim,Women,Winter
e587eaad-4d47-409b-8183-3029c29970c8,SKU001786,White,XXL,Polyester,Men,Summer
866c63e5-aa81-4ebd-9c38-8a5ca58e0b85,SKU001787,Red,XL,Leather,Men,Winter
11a78bc2-835c-43ff-bbdf-d7d729535de0,SKU001788,Blue,XS,Cotton,Women,All Season
c2797a79-c430-4ffb-ae10-ba5294aef10a,SKU001789,White,XXXL,Polyester,Men,All Season
0467701c-1e3f-4065-8267-855713452640,SKU001790,Green,XL,Cotton,Women,All Season
d0d3c005-427d-4d25-8045-4e72154774d9,SKU001791,Black,XS,Cotton,Men,All Season
79b4c7eb-041d-47f6-8c42-16c83217cb20,SKU001792,White,M,Cotton,Men,Winter
cc370e48-ce53-4e73-9ba8-f2b781ceaeb3,SKU001793,Black,L,Cotton,Men,Summer
291f4a0f-c002-4c23-ba79-6798cc6f6861,SKU001794,Blue,XS,Denim,Men,Summer
80711757-9d5d-489c-9c5a-a9e7a4579b1e,SKU001795,Green,XL,Leather,Women,Summer
74234a96-0ffa-42a0-8861-313807c67361,SKU001796,Red,XXL,Leather,Men,Winter
41a646ab-e3ae-4e74-be77-0d70b991cc89,SKU001797,Blue,XXXL,Cotton,Women,Summer
7d352995-2130-4e98-be64-b306a26e4bce,SKU001798,White,S,Polyester,Women,All Season
fce8c54c-e1c5-453d-ac6a-594e9d6633b8,SKU001799,Black,M,Denim,Men,All Season
29eb8e73-ced8-48ec-bbbc-2d88be9e6106,SKU001800,Black,XL,Denim,Women,Summer
59271a54-0dba-45f9-bb8a-04af7f8e2097,SKU001801,Red,M,Polyester,Men,Winter
9c87df10-675d-4ba6-bf19-78aa1e824d84,SKU001802,White,L,Polyester,Women,All Season
1c53e4f6-8948-41bb-994c-1f6c5c9eca7c,SKU001803,Red,XL,Cotton,Men,Winter
6d44a0e1-5efc-40ef-98ef-e55795bbbeae,SKU001804,White,XL,Polyester,Women,Winter
5bd37837-50d5-4316-9e3a-5a6ffc422983,SKU001805,Red,XS,Leather,Men,Summer
368ae2cc-f32e-4118-91e0-817760137680,SKU001806,Black,XL,Polyester,Men,All Season
c9f82cb9-0024-40f5-8aa4-673849d08de2,SKU001807,Green,XL,Polyester,Women,Summer
28a1be4b-6cec-4944-8fe6-1f1e5d3a6cbc,SKU001808,Black,XS,Denim,Women,Summer
a30ad08e-54ea-4da9-9c8a-1a8e54828a4d,SKU001809,Black,XXL,Denim,Men,All Season
5282e075-c777-4013-bb0c-2be832b90de7,SKU001810,Black,XS,Denim,Women,Summer
9aa4b797-7db1-4b86-af87-621121d88ea2,SKU001811,Black,XS,Cotton,Men,Winter
e22dd873-9112-413b-8670-9bd6b73ae3cf,SKU001812,Blue,XXXL,Leather,Men,Summer
f62bb94d-330b-4f77-a4cb-7921de1e3d50,SKU001813,Red,S,Polyester,Men,All Season
767c839e-0466-4938-9f71-bcecc920d637,SKU001814,Red,XXL,Polyester,Women,Winter
6c515579-bfc1-4fa3-9daf-dae3273e01e2,SKU001815,Red,M,Denim,Men,All Season
fd7949a6-56e7-43ef-94dd-ec422614b608,SKU001816,Blue,M,Denim,Men,Winter
80f20ed9-ae3c-493b-808d-2c2bd8cde173,SKU001817,Green,XXXL,Polyester,Women,Winter
ca442de3-7390-438a-8c2f-af6986fabc40,SKU001818,Green,S,Polyester,Women,Summer
b350dcfc-bdc1-417d-83cb-140a68e02ff4,SKU001819,Black,XXL,Polyester,Men,All Season
76e4f8e6-a4cc-4d1f-88bc-7d7f6d7ebee6,SKU001820,Black,XXXL,Polyester,Men,Winter
93f2f507-0652-4443-8028-38d23c3c903b,SKU001821,Red,XS,Leather,Men,Summer
6e9352b9-fade-405f-ae84-4dc242259c0a,SKU001822,White,M,Cotton,Men,Summer
127665d7-39e9-42d6-9821-01ac492a8c8d,SKU001823,White,L,Cotton,Women,All Season
a9875530-d9a2-4ff3-a988-ded3e9d7201f,SKU001824,Blue,L,Leather,Men,Winter
9a8eea6d-ba3e-440f-9841-e50be78b8377,SKU001825,Red,XXL,Leather,Women,Summer
8e41a92f-d893-44f9-9370-0f1c1e405eca,SKU001826,Red,L,Denim,Women,Summer
f553789b-3b85-450d-840e-2018f89eedc3,SKU001827,Red,XS,Cotton,Women,Summer
963341fd-ee6a-43ce-a7b6-b06ff2c6f274,SKU001828,Red,M,Leather,Women,All Season
b88f84b3-a00a-44cf-bb43-f5deef1975c2,SKU001829,Blue,L,Leather,Men,All Season
6b9937c4-89e8-43cb-ab4c-6dd70264b8ab,SKU001830,White,M,Cotton,Men,Winter
f166223a-189a-46f7-8c41-26a83ca03373,SKU001831,Green,S,Denim,Men,Summer
a9aa7568-c3ed-458b-88ae-d049575e3f95,SKU001832,Red,M,Cotton,Men,Summer
d837def2-f1aa-4285-b031-47d9de742830,SKU001833,Black,M,Cotton,Women,Summer
dd99347d-e7da-4974-92dc-06de9fb46947,SKU001834,Red,XXL,Leather,Men,Summer
092d621e-bb0a-46be-9bd3-b00bdc7cf7d1,SKU001835,White,L,Denim,Men,Summer
ebc83c58-a617-41a1-a371-cddd4f4b1c46,SKU001836,Black,XXL,Denim,Women,All Season
e2a51dd4-473a-41c0-b710-e00275ccdecc,SKU001837,Black,XXXL,Polyester,Men,All Season
82828f4c-e62c-4dfb-a9b8-54be41240852,SKU001838,White,S,Denim,Women,All Season
1e716f2b-e88a-4a05-a99a-6e21943a8dc3,SKU001839,Blue,XXXL,Cotton,Men,Winter
46a2d567-ccaf-408d-923c-2d0cb0d72c7c,SKU001840,White,XXXL,Polyester,Women,All Season
99f2f4ab-8102-4ddc-8384-ea6cdc3e12cf,SKU001841,Green,XS,Denim,Women,Winter
24d436f0-f548-4c3c-871e-1d6331cd802e,SKU001842,White,XL,Cotton,Women,Winter
f52341b1-0455-4b88-a8b3-a6457217ee01,SKU001843,Green,M,Cotton,Women,All Season
daa87090-2961-4f59-9ac9-94989a0c4881,SKU001844,Blue,XXXL,Polyester,Men,Summer
abb2b626-a523-4b8b-921e-909df51f311f,SKU001845,Black,S,Cotton,Men,Summer
1c8e82ce-bbca-446d-b6a1-fa306f5f2544,SKU001846,White,XXXL,Leather,Women,Winter
88bfaf4b-09c6-4002-ae62-a4e68b71c4e2,SKU001847,White,S,Leather,Men,Summer
5ba1ab05-730d-41c5-8413-1df9ba689a1e,SKU001848,Red,L,Leather,Men,Winter
209a5638-6678-469b-8de3-612e705109de,SKU001849,Blue,S,Polyester,Women,All Season
cfc3fcc1-0990-440b-bd2b-71ab4b4a0d52,SKU001850,Green,XXL,Cotton,Men,All Season
cc283fa2-547a-4aac-ac7e-076b51bdce93,SKU001851,White,XS,Leather,Women,Winter
9c2984cb-cd17-4533-8656-6dd5453aca85,SKU001852,White,XXL,Denim,Women,Summer
3dced235-51f9-4fae-9559-570b2707e044,SKU001853,Red,M,Polyester,Women,Winter
34afa4a8-15a4-4caf-97f4-aef20b99224d,SKU001854,White,XL,Leather,Women,All Season
a9d7054e-87a9-4ebc-9567-15a5dcc78c43,SKU001855,Green,L,Cotton,Women,All Season
f77252a4-3e54-4fbf-9b77-96b5e97e6c20,SKU001856,Blue,XL,Polyester,Men,All Season
23525d35-2cee-4a70-b9d8-646d374ab448,SKU001857,Green,XXL,Leather,Women,Winter
84be790b-7402-4a25-87e9-cc26162e4c9d,SKU001858,Red,L,Polyester,Men,Summer
2d7203b4-e0a9-4679-aa04-f10ddeb17b79,SKU001859,White,S,Leather,Women,All Season
5ff8162b-da6b-4ec9-85b8-59b2cc54a037,SKU001860,Blue,S,Leather,Men,Winter
2c04294c-5b94-447d-ba3f-7e53f08d14f4,SKU001861,Black,M,Polyester,Women,Summer
54dfcd5c-027d-4c1a-a648-b4b9c53cfed9,SKU001862,Black,XXL,Polyester,Men,Winter
a1291544-bf41-4f8e-afc2-78ca7bc3a7de,SKU001863,Blue,XL,Leather,Men,Winter
89613e52-a8a7-4690-bc37-8e4ca62ab6ae,SKU001864,White,XXXL,Denim,Women,Winter
c6d7ed9f-c578-4080-8b4e-3ca91bd4bf58,SKU001865,White,XS,Denim,Women,Winter
dc43fbc5-64bc-49fb-b4b4-dba47e1b7bed,SKU001866,White,L,Cotton,Women,Winter
636d4b09-a998-44f9-b244-a252ff3b39af,SKU001867,Black,XL,Denim,Men,All Season
a6418dd4-6f16-4ba9-8333-bb6c63e66244,SKU001868,Green,XS,Leather,Men,Summer
77cfb0a3-d2d5-4313-8b09-a61dc20a9d8b,SKU001869,Blue,M,Cotton,Women,Winter
401fda8a-5b80-4eea-8072-dbc5b3e0a5b0,SKU001870,White,L,Leather,Men,All Season
e4d5f35e-a536-415c-bb88-6cab311acd54,SKU001871,Black,S,Cotton,Men,Winter
766adea9-d9ba-45a3-92bd-fa806c13dcdb,SKU001872,Blue,XS,Denim,Men,Summer
cb9e9269-d952-4d18-818a-2ef511864a3d,SKU001873,Black,XXXL,Denim,Men,All Season
89b2dca0-0085-4699-b833-aaf304dc1ffd,SKU001874,Blue,XL,Polyester,Women,Winter
0459f1ef-5149-46aa-9541-694b22e35030,SKU001875,White,XL,Cotton,Men,All Season
578dce47-7368-406f-a828-f06b22e760b6,SKU001876,Blue,XXXL,Leather,Women,Summer
2c8d66e6-30ae-47dd-9613-a918dda8594d,SKU001877,Blue,XL,Polyester,Women,All Season
00171ee8-67b2-49f7-a08c-2f16ebd4472b,SKU001878,Green,XXXL,Leather,Men,Summer
48761221-00b4-4f03-946b-93debcf30b2a,SKU001879,Green,XXXL,Denim,Men,All Season
a3f18f74-3fc8-40e5-b9c5-5d153188ddc1,SKU001880,Red,XS,Cotton,Men,Summer
46a679eb-bd6e-4840-b07c-8afbb042540f,SKU001881,Black,XXXL,Polyester,Women,Winter
99f7a46e-6240-45f9-9ded-e872fc67ecbb,SKU001882,White,XL,Leather,Men,Winter
4b2e0090-10ba-48af-ad5f-e70baf7fb645,SKU001883,Green,L,Leather,Men,Summer
50e421a8-cacd-428e-b0b8-e6077af4549d,SKU001884,Black,M,Leather,Women,All Season
f7a5bde8-0aa3-4524-b131-d32be4560e0f,SKU001885,Blue,XXL,Denim,Women,Summer
66dec81a-0b6c-47b7-83de-4fc861d1f4c6,SKU001886,Red,XS,Leather,Women,All Season
498164a8-c2eb-4c52-9d52-984544337285,SKU001887,Red,S,Leather,Women,Summer
3d58be13-2391-44c5-bca1-4750a482fd73,SKU001888,Blue,M,Polyester,Women,All Season
6455c5bc-aecd-4266-a235-4a79816e38d9,SKU001889,Green,XXXL,Polyester,Women,Summer
128fb9f3-b622-4ce7-8148-12b960e75ab5,SKU001890,Red,XS,Leather,Women,Winter
a2ab552e-16e3-4d6f-abd5-153225011217,SKU001891,White,XS,Leather,Men,All Season
85b4c89e-bc27-4774-afd0-b33d6834e5da,SKU001892,White,L,Polyester,Men,Winter
d231c560-0f1e-4185-907b-5a34e22d6246,SKU001893,Black,XL,Cotton,Men,Winter
dd60dc70-9555-4289-8359-9c18675ac633,SKU001894,Red,M,Polyester,Men,All Season
b57de884-bb88-4b18-81fe-1ccfba3406f7,SKU001895,Green,L,Cotton,Women,Winter
cdb89413-c3ef-4eb4-8032-c6ab6c51eaf7,SKU001896,White,L,Cotton,Women,Winter
516680e5-a0d4-468f-9cd5-84b83d8f8901,SKU001897,Blue,L,Cotton,Men,Winter
3d90bd0a-5192-48f2-84c7-445047da3667,SKU001898,Blue,S,Denim,Men,Winter
40fe3ec2-2f30-48c5-831c-9db8608157a9,SKU001899,Green,XL,Cotton,Women,Summer
af77138b-5ab0-427d-852c-b2506eaeba21,SKU001900,White,XXL,Cotton,Women,Summer
4a8c0cc5-f02e-460c-a383-9ca6b4455550,SKU001901,White,L,Leather,Women,Winter
4124e6e9-d47b-4615-b5be-1db08750208e,SKU001902,White,M,Denim,Women,All Season
b5e1226a-c890-46c8-9b6a-b0ba30f99f6e,SKU001903,Red,XXL,Denim,Men,Summer
7307cfe0-e695-462c-bf6d-b4fe92702c19,SKU001904,Red,L,Cotton,Men,Summer
8c562281-1528-4d49-918a-44871589d6b8,SKU001905,Black,M,Denim,Men,All Season
13e46da9-3c29-40a4-a83a-1e659bb3c3f1,SKU001906,White,XL,Polyester,Men,Summer
22511d75-b079-4f60-bd44-f0ab334c303a,SKU001907,White,XL,Polyester,Men,Summer
4fd3ac95-f264-4284-8b88-38d5c2d8e1c3,SKU001908,White,XS,Polyester,Men,Summer
af0291fe-d91d-451f-a1ff-c510b191c723,SKU001909,Black,XS,Cotton,Women,Winter
9c8500d3-df74-49b1-8979-8d9a4840a005,SKU001910,Green,XL,Leather,Men,Summer
665e8e10-0024-4859-9c91-61875ae8be15,SKU001911,White,XXXL,Cotton,Women,Summer
29cb47a9-a3a9-41d0-bd12-a5e829fca414,SKU001912,Blue,M,Leather,Women,Summer
aa76cd5c-1bdb-47cc-8452-540451e30ca9,SKU001913,Green,XS,Cotton,Women,All Season
8f4ee180-0c53-40d8-93f1-6e95e9e53c52,SKU001914,Black,XS,Leather,Men,Summer
81924b9b-f66a-40e4-b6f2-04d5069bb373,SKU001915,Black,S,Polyester,Men,Summer
ec084cfa-f06a-49ad-a360-67d095d6f0ad,SKU001916,Blue,XXXL,Leather,Women,All Season
6385fe87-7419-4e9c-a2a5-bb5c702bbd51,SKU001917,Black,XL,Denim,Men,Summer
ba66244d-1149-4db1-b6ae-40b6fa51ca57,SKU001918,Blue,XXL,Denim,Women,Summer
aa719378-3d0a-4008-829b-d0426fdd5567,SKU001919,Red,XXL,Cotton,Women,Winter
c0c3b77f-0d5a-4d9a-a681-06a23ab06195,SKU001920,Blue,S,Cotton,Men,All Season
e0e9eeb0-f26f-4514-8a4d-e6e8da8ff0d2,SKU001921,Green,XL,Polyester,Men,Summer
471a3fbc-b403-4bb0-8e02-02d6670e4b81,SKU001922,Green,M,Denim,Men,Summer
d79a996f-b19d-40e0-9493-6b46af0ae05e,SKU001923,White,S,Leather,Women,Summer
b711434a-b21a-4ade-966a-5ad32fa96984,SKU001924,Black,S,Polyester,Men,Winter
730f06b5-fd15-4f65-8ba9-c85de4596437,SKU001925,Black,XS,Cotton,Women,Winter
797b9e1c-78a5-480f-8bb0-cd2805742ce2,SKU001926,Black,S,Leather,Women,All Season
53cf4c0b-7f97-4171-8dde-de44b6deb90c,SKU001927,Green,L,Cotton,Women,Winter
80bfea34-137e-4662-874c-a7aa78f9c6d1,SKU001928,White,XS,Denim,Men,Winter
3313e1be-87d3-404d-bd80-a904dfb483fc,SKU001929,Red,XL,Cotton,Men,All Season
754ba57b-6713-4a71-9f2f-c310bef44fc8,SKU001930,Blue,M,Leather,Women,All Season
6c6f038b-5bdb-4fc3-b3ef-b46a10c1749f,SKU001931,Red,M,Leather,Women,All Season
fd890491-e263-4730-9398-ea2010639c6a,SKU001932,White,S,Denim,Men,All Season
9cc2cd5d-c878-4a9b-92c3-82399931b703,SKU001933,Green,XXL,Leather,Women,All Season
1b29fca2-a209-40ce-814d-e6e061dc7de2,SKU001934,Blue,XXL,Denim,Men,Summer
be168ed0-007c-465f-826a-84dfd1ce941c,SKU001935,Black,XL,Denim,Men,Summer
5cee45f9-ccc5-4ef3-abcc-1fb8b0cfc0a9,SKU001936,Red,M,Cotton,Men,Winter
c9a95c97-293a-4f1a-89df-e82da4f42afe,SKU001937,Blue,XXXL,Leather,Men,All Season
59d8f9d8-5d87-47fb-8f5a-0c81e97a662e,SKU001938,Black,XS,Denim,Women,Winter
255dbaa0-c9ab-4b08-9474-45bfdf60e51a,SKU001939,Red,XL,Polyester,Women,Winter
208316d8-00c4-44f2-a1f2-c684e8561aa8,SKU001940,Green,XS,Leather,Women,Summer
1e117267-eaed-49bc-b539-0cd840d69f0e,SKU001941,Blue,XXL,Polyester,Men,Winter
dc038d24-3fb4-47bb-9199-0641bf28b492,SKU001942,White,XL,Cotton,Women,All Season
8cc59d03-fbc6-40c2-ba11-8f5760e00765,SKU001943,White,XXXL,Denim,Men,Summer
5e306bf5-07c1-43bc-a795-42226114fb5d,SKU001944,Blue,S,Polyester,Women,Winter
6f7c75ec-11d3-400f-8b75-19ba539ba552,SKU001945,White,M,Denim,Women,Summer
d635c696-9416-4100-9f24-8d5b9ebc5e87,SKU001946,Red,XS,Leather,Men,All Season
6ecbe6f6-e290-468d-88d9-11ffceee3c3f,SKU001947,Blue,XS,Leather,Men,All Season
431c4bd0-2375-4f8b-8d67-e5eb0c18bc13,SKU001948,Blue,XXL,Cotton,Women,Summer
8941ff6a-1931-4253-ad1c-eadc16587501,SKU001949,White,XL,Denim,Women,All Season
3a7d0353-7e4f-4851-9b8b-4fba326800a7,SKU001950,Black,M,Cotton,Men,Summer
d11bc307-176a-489f-b355-b552b6dc598f,SKU001951,Green,S,Denim,Women,Winter
e67661de-445f-468b-a3de-0bf379ce1a12,SKU001952,Blue,XL,Polyester,Men,All Season
7ef9377c-9325-4f7e-ac7d-e7ddfedf1007,SKU001953,Green,XS,Denim,Women,Winter
2f583a81-bcc7-428c-aa6f-a688964b571d,SKU001954,Red,L,Leather,Women,Winter
b6e7e105-5791-42a9-b41c-984771d66429,SKU001955,Red,XXL,Cotton,Women,Winter
a5e33f12-d3ad-432c-b8b4-d120253d46d0,SKU001956,Red,XL,Leather,Men,All Season
ca770dfc-5fbe-4832-bb37-ad065cbb746c,SKU001957,Black,XXXL,Leather,Women,All Season
57302ada-ac48-4f2b-a355-da2596688d52,SKU001958,White,M,Leather,Men,All Season
a2a7074b-e3a2-4a3e-b62d-dc5218c5807c,SKU001959,White,XXL,Leather,Women,All Season
83cc9354-6077-4907-af3e-e2743e1e6a99,SKU001960,Blue,XXXL,Leather,Women,All Season
c43481d8-3da1-436f-b492-34f7ae9e8947,SKU001961,Black,XXXL,Polyester,Men,All Season
e1c4497b-4016-4b1b-b7c6-283e9643b7c2,SKU001962,Blue,L,Leather,Men,Summer
6417c2d2-8094-496b-b806-2de855e0ea87,SKU001963,Black,M,Denim,Men,All Season
270ff8fd-b1a3-49fd-bd9a-0c26050fcba3,SKU001964,Blue,XL,Denim,Men,All Season
fe366e57-7095-42fb-a63c-27cf7470f328,SKU001965,White,XL,Denim,Women,Winter
699997d0-846c-4460-a643-777906c146e7,SKU001966,White,S,Cotton,Men,Winter
66f240c0-180d-4c54-84e5-e427be9f70d0,SKU001967,Green,XL,Denim,Men,All Season
552cf7fa-bce6-4e4a-8e27-5a30ce362de1,SKU001968,Blue,XXXL,Polyester,Women,Summer
ae650c92-334c-4b97-82d8-f039f1e11a60,SKU001969,Black,XL,Denim,Women,All Season
01a16ca2-28d3-4945-b2b9-119fd5351eb8,SKU001970,Green,XS,Polyester,Men,All Season
b3b367fa-29b9-4636-97a4-924fe1e879cd,SKU001971,Black,XXL,Polyester,Men,All Season
8f937cca-bd00-4cfb-9eb8-1249d2575c06,SKU001972,Black,S,Cotton,Women,All Season
73946086-a15d-4351-9f7e-1cebcdbbe1d1,SKU001973,Blue,XL,Denim,Women,All Season
e9f93e2f-5375-4441-8180-4d2cdb0e8c7e,SKU001974,Green,M,Denim,Women,Summer
28db185c-6826-4abc-bff9-c96049d0c15b,SKU001975,Red,XS,Cotton,Men,Summer
058fb22c-000d-4a54-9f69-17de9d861206,SKU001976,Blue,XL,Denim,Men,Summer
91c54873-c803-43d5-8f76-98ec3fce5d5c,SKU001977,Black,S,Denim,Women,Summer
594be9fa-8f94-4d5e-9d2d-775855aeb51a,SKU001978,White,L,Cotton,Women,All Season
e23e3ddf-afa3-4484-a2f2-485a9e869f31,SKU001979,Blue,XL,Denim,Men,Summer
f25f6722-ef0f-4ab5-8667-4c1191f6d028,SKU001980,White,M,Denim,Men,Winter
45fbed9b-6c51-45eb-ba04-7ffacd516ed5,SKU001981,White,M,Cotton,Women,Winter
39e46993-c3d4-45cf-8838-f9b06873c8cf,SKU001982,Green,L,Cotton,Women,All Season
62f43a3f-30af-4550-b088-5e34608c3fff,SKU001983,Red,M,Polyester,Women,Winter
09d81d19-8c46-40cb-82d9-043387f603b6,SKU001984,Blue,XS,Cotton,Women,Winter
ac2579a1-6ac8-4494-9523-aa83adabe5fc,SKU001985,Red,S,Denim,Men,Summer
80311e96-8c3f-4751-b57f-dd91e1f5f4b6,SKU001986,Red,L,Leather,Women,All Season
de27451a-88c9-4e24-8066-f3e756aa3893,SKU001987,Blue,M,Leather,Women,All Season
85d7298c-f173-4eea-90a1-f7e527ce5450,SKU001988,Green,XS,Denim,Men,Summer
2ee9d102-696b-414f-8e94-95a98baef055,SKU001989,Green,S,Cotton,Men,All Season
778887f5-5de7-4939-83a6-97a587c7267e,SKU001990,Black,XS,Cotton,Men,All Season
15e4e7e6-fac4-4e4d-9b75-b83925269376,SKU001991,Red,XXXL,Polyester,Men,Winter
43a6e87d-565b-4ebd-9e9c-e0b580c3ce1b,SKU001992,White,M,Denim,Women,Summer
6a02657a-1108-4485-90bc-e439a26779ac,SKU001993,White,XL,Cotton,Men,All Season
5e492b79-7029-40af-ad98-5785dbc979c9,SKU001994,White,S,Polyester,Women,All Season
d2fa0fa8-6ed4-4e3e-abe0-78a083185042,SKU001995,Blue,XS,Polyester,Men,All Season
97bec4c7-4321-4616-9d2d-41a724528bb6,SKU001996,Green,S,Polyester,Women,Summer
cad1c2e6-5f3e-4dc6-bf9c-dbddc5ce7c9f,SKU001997,Black,XXL,Polyester,Men,All Season
5da7d7a6-beb7-4d1b-8b2a-83cfe74534af,SKU001998,Black,XS,Denim,Men,Winter
100b409d-04f8-4cde-af23-2c610e71f623,SKU001999,Black,XS,Polyester,Women,All Season
56582c65-e642-4da7-8fac-a880862b6fb3,SKU002000,Red,XS,Cotton,Men,All Season
e3247adc-10b0-41a7-afec-b79fc51dc8a8,SKU002001,White,XXXL,Denim,Women,All Season
34d69170-82dd-4021-babf-151d396a9966,SKU002002,Black,XXL,Denim,Women,Winter
ef1552c6-dc03-4ba5-a718-23004c2d6def,SKU002003,White,XS,Leather,Women,Summer
ebd2dbe5-9239-49e2-af22-def4410dd1c8,SKU002004,Black,M,Cotton,Men,Summer
d2e43cc0-76b4-4beb-a70a-f3831ca50186,SKU002005,Black,S,Denim,Women,All Season
566dacb5-c667-481c-b89b-2fc1c58fcbe0,SKU002006,Green,XS,Cotton,Women,Winter
72b9e07a-42a4-4ad1-8571-58a59c81a60a,SKU002007,Blue,XL,Polyester,Men,All Season
c6694057-9f60-41c3-be85-c152380c216f,SKU002008,Red,L,Denim,Women,Summer
55807792-4026-402a-8d8a-6fef0daf6c4b,SKU002009,Blue,XXL,Polyester,Women,Winter
93f903fe-692d-42fb-b90c-2a931075b108,SKU002010,Black,S,Cotton,Women,Winter
a8649fb6-4784-49b2-b324-eda3c3260632,SKU002011,Red,XXL,Polyester,Women,All Season
cb874475-9be9-4c71-97ee-2e183b89cb2f,SKU002012,Black,L,Leather,Men,Summer
85891518-5973-4aed-a8d0-736c7e3f2acb,SKU002013,Blue,XS,Denim,Women,Summer
d42841d5-9418-4e47-9933-9d89694e5045,SKU002014,Black,XS,Polyester,Women,Winter
f79db7f4-c171-4d3f-aa08-6a8be312e9ac,SKU002015,White,L,Polyester,Women,Winter
dd9380d5-62c9-4894-a614-75b6295422aa,SKU002016,Green,L,Denim,Men,All Season
2c6b49b9-df9d-4d90-bd7c-7718ba7edc47,SKU002017,White,XXXL,Denim,Men,Winter
0deca5f5-de2d-47fc-8c78-a1332dfd99ce,SKU002018,White,S,Cotton,Men,All Season
f3255585-6672-4bed-8180-b4a80d98c556,SKU002019,Red,M,Leather,Women,All Season
f60aa198-2bf1-4929-9959-071e85fadfcf,SKU002020,Red,S,Cotton,Women,Winter
2d45c0e7-afbb-46a8-af35-42cb31a3f9c0,SKU002021,Red,S,Cotton,Men,Summer
3c8298d7-e876-4b74-9a29-3016a812c0a8,SKU002022,White,XXXL,Polyester,Men,Winter
8894cfab-771d-458e-957d-2d01fd28879f,SKU002023,Black,S,Denim,Men,Summer
63496d1d-2aef-4cec-909d-5e80f8214671,SKU002024,Red,M,Denim,Women,All Season
1e8da055-0713-4af3-a6eb-0216e8420549,SKU002025,Green,XL,Leather,Women,Summer
a3752029-1be9-47cc-aaed-6e6be0e54ee6,SKU002026,Red,L,Polyester,Women,All Season
5ce6c93e-8db9-4df2-96c4-790b1d16ef15,SKU002027,Blue,L,Cotton,Women,Summer
7d4dacda-df70-4e38-ace3-317b1a3d5256,SKU002028,Red,S,Denim,Men,Winter
99c4061c-d2c7-40de-9753-449cb6e89822,SKU002029,Black,XXL,Cotton,Men,Winter
999abbb3-3455-41c4-ae7a-5ba23cb393bc,SKU002030,Green,S,Leather,Men,Summer
3e211faa-1a3f-43b0-9eb0-94ae116cb70d,SKU002031,Red,S,Denim,Men,Winter
6be996df-70e9-4f04-a0d0-11ca4e190979,SKU002032,Red,S,Cotton,Men,All Season
1109f3ad-9b0d-44cc-848c-26d78ec7229f,SKU002033,White,S,Leather,Women,All Season
03fd6357-a61b-4c53-889f-c1e593dd008f,SKU002034,Green,XXL,Denim,Women,Summer
6852e407-03a0-40b1-a4ca-3bdd89613e34,SKU002035,Red,S,Leather,Women,Summer
9b508529-0e35-46e1-a7c1-10713db2644c,SKU002036,Red,S,Leather,Men,All Season
444c8006-d835-4d43-a3eb-0a5545304644,SKU002037,White,XL,Denim,Men,Summer
ae6dd331-ab80-45dd-a938-b0f2d9e7a413,SKU002038,White,XXXL,Polyester,Women,Winter
332b913e-1ca8-4e38-a7e3-bff27b5c99b2,SKU002039,Green,XL,Polyester,Men,Summer
044fe888-8169-4b8a-b197-3a5b30624f4e,SKU002040,White,XL,Cotton,Women,Summer
a6b65474-6353-4f0d-9541-3d75f7e8e214,SKU002041,Green,XXL,Polyester,Men,Winter
b7a45c08-e363-4634-903e-e7ea2349128e,SKU002042,Black,M,Denim,Women,Summer
b283df61-a567-4ba5-9876-2b559104617c,SKU002043,Black,L,Polyester,Women,Winter
9bd7ac1f-08c5-437e-a467-274a3a55a2ce,SKU002044,Red,XS,Cotton,Men,Winter
d4201bf8-c29d-4046-bde6-c9f11a4e3e6c,SKU002045,Blue,XS,Polyester,Men,All Season
466ebc8a-b636-487b-846f-38911e5d4a05,SKU002046,Red,XL,Cotton,Women,Winter
e23cfd7f-c526-4207-a182-e7191366553a,SKU002047,Green,XXXL,Cotton,Men,All Season
0c45394a-efad-494c-8e47-d1494e849683,SKU002048,Black,M,Leather,Men,All Season
dc21019e-ff48-4d9a-bda0-9689b136b675,SKU002049,Green,XXXL,Polyester,Women,Summer
4abbd197-6696-4ffb-b1da-008d4951fc3f,SKU002050,Black,XL,Cotton,Men,All Season
ad73191b-f1e8-4282-92e5-10e4182b9476,SKU002051,Blue,S,Denim,Men,Winter
c957ac4b-2e01-4fd5-8aee-3b5e6bfafef5,SKU002052,Green,M,Denim,Women,Winter
eab30947-f8a8-43b1-bdb5-b64d07bcb19a,SKU002053,Red,M,Leather,Women,Winter
33bb1a75-3b8e-4bf4-b248-b15134208b45,SKU002054,Green,XXXL,Leather,Men,Winter
eb1fd536-2b38-49fb-8909-9c4d4238c5ca,SKU002055,Red,S,Polyester,Men,All Season
18552917-70b6-49b3-a349-8ea821c0ef0b,SKU002056,Blue,XXL,Polyester,Men,Summer
500223aa-27fc-4781-9c6f-a6f19847d1f2,SKU002057,Blue,XXXL,Leather,Women,Summer
93143ddc-7a35-49f9-be06-ec950eb45a0e,SKU002058,Black,XXXL,Polyester,Women,Winter
45972436-17b5-4249-a90c-601b9384e535,SKU002059,Green,XL,Polyester,Women,Summer
e5a3d5e1-c290-4c6a-b82f-55a11f799d76,SKU002060,Black,XL,Polyester,Men,Summer
64446b2e-7935-49b4-811e-5b09d9c00421,SKU002061,Black,XXXL,Leather,Men,All Season
ddc502bd-f2af-47cf-9be1-27c1dcb5a8c4,SKU002062,White,M,Denim,Women,Winter
6602efe1-9e7f-4644-bbf6-e35f086e77e3,SKU002063,Green,XS,Polyester,Women,Winter
4411e866-c48a-4fd6-849c-3be692427403,SKU002064,White,XXXL,Denim,Women,Winter
1ac39608-f3ba-40e8-b635-f26ea0bdef97,SKU002065,Red,L,Denim,Women,Winter
9edefda2-be81-45d9-a970-43cf9fd4fe7b,SKU002066,Red,XXL,Leather,Men,Summer
882712e2-5630-4e4e-bbd1-c357d05b22e5,SKU002067,Red,XXL,Cotton,Women,Winter
449680ec-1b6e-4b7a-a084-a472c5e4deb4,SKU002068,Green,S,Leather,Men,Summer
a97ad198-19c5-4726-98d6-dc6990814bf1,SKU002069,Blue,XL,Denim,Women,All Season
bcfac5dc-a86e-42a4-ac35-122ad9f252d6,SKU002070,Green,M,Leather,Women,Winter
d1a9443a-ddc7-4f90-b00f-53df72f6926c,SKU002071,Green,XL,Polyester,Men,All Season
11f7c230-dc51-451f-bf0a-92f44907d6ea,SKU002072,Red,M,Cotton,Men,Summer
58e67688-9856-4862-a4b4-38e541fd830e,SKU002073,Black,L,Cotton,Men,Summer
984bce22-89c3-49c3-aeaa-332e897e0174,SKU002074,White,XS,Denim,Men,Winter
e7d76739-6d93-4197-9d84-9469698a894b,SKU002075,Green,XS,Polyester,Men,Summer
ba83f4a8-483b-4372-9558-04937f8f7307,SKU002076,Red,XS,Denim,Women,Winter
b5162875-4f19-467e-bc6c-8681a535697c,SKU002077,Green,XXL,Cotton,Men,Winter
754fc32a-4fe6-471e-913e-c915e9848eac,SKU002078,Black,XS,Cotton,Women,Winter
a31bae53-6e27-47c4-bb47-a9a2bba32b96,SKU002079,Black,XXXL,Denim,Women,All Season
cc05e41a-f20d-4b3f-9aa5-cffbeed34ea2,SKU002080,Red,M,Cotton,Men,All Season
9178d16b-780e-4da8-b3ac-e7ef3610c4e4,SKU002081,Blue,S,Cotton,Women,Summer
9481f35b-6234-4119-98ca-67d2e0e10849,SKU002082,White,XL,Cotton,Women,Summer
00b89960-2b22-4254-bafd-09c60dbb279e,SKU002083,Red,L,Leather,Men,Summer
c072e61c-9207-4af8-89f6-3b9fa3f7da24,SKU002084,Red,XL,Denim,Men,Summer
691a055e-203d-414d-9436-b289f54ed0b4,SKU002085,Blue,XS,Leather,Women,Summer
75d17e05-c361-466e-b438-369893b5d802,SKU002086,Red,XXXL,Leather,Women,Summer
9dbefcf1-905a-410c-b2fd-fda00bed453a,SKU002087,Blue,XS,Polyester,Women,Summer
f535c143-f4e4-438f-8c30-4713e0a64051,SKU002088,Green,XL,Cotton,Men,Summer
7467bf6a-3a23-42f9-a553-220d51bcffe2,SKU002089,Black,XXXL,Leather,Women,Winter
9d0ce2d1-ed8b-4f1d-98b3-f828ef4a135d,SKU002090,Green,S,Cotton,Women,Summer
4264cd6b-148c-45c0-bd37-f85e83245f20,SKU002091,White,XXL,Polyester,Men,Winter
38591145-7baa-4291-a774-2d59168fddd1,SKU002092,Black,L,Leather,Women,Winter
330f8dce-8cce-4c4c-953e-66af20ba60aa,SKU002093,Red,M,Denim,Men,Winter
dfacd53f-6fd0-4202-9e21-3859f352f78e,SKU002094,White,XS,Cotton,Women,Winter
90f1ab19-f4de-4b68-a297-336be5f7f405,SKU002095,Green,M,Denim,Women,All Season
787c7e7d-9fb8-47e9-a95e-4b0a1d0fc913,SKU002096,Black,L,Leather,Women,Summer
c430b578-2b1a-4617-917b-dcf2f997ae56,SKU002097,Blue,L,Cotton,Women,Winter
d59ec51a-4efe-43f2-8a26-5d202b2119ed,SKU002098,Red,XS,Leather,Women,Winter
d4050327-6862-4afb-88b5-83a508522062,SKU002099,Green,M,Polyester,Men,All Season
e4dfc000-b018-46dd-bb9f-4b1841d471e9,SKU002100,Black,L,Leather,Men,Summer
14bdc457-f9d5-4fdd-aa89-d8afdd5baf52,SKU002101,Green,XXL,Denim,Men,Summer
a06a6dc1-ea3f-4316-853d-7d4625e38490,SKU002102,Black,L,Leather,Men,Winter
fc2ef32f-b0a1-443b-b203-cd3e9a4addd5,SKU002103,Blue,M,Denim,Men,Summer
05cf3fca-9130-4112-b6a8-50f23c15363a,SKU002104,Red,XXL,Polyester,Men,Summer
070fe729-12c3-4613-a146-28edacde2122,SKU002105,Red,S,Denim,Women,Summer
ffafcb3c-ec78-4d36-9236-1de5384a89e3,SKU002106,Black,XXL,Leather,Women,All Season
bf56a105-e0c9-4579-a705-3d14a65b83eb,SKU002107,Red,M,Leather,Women,All Season
8b2be530-eacf-4d03-9428-f4eea5440c10,SKU002108,Red,M,Polyester,Men,Winter
af20622b-f624-4657-af9a-be1bbe886410,SKU002109,Green,XL,Polyester,Women,All Season
d5eafd86-bf66-4834-8726-54e04c611e90,SKU002110,Blue,S,Polyester,Men,Winter
cac68798-b9e3-4536-8804-6c88f2660c59,SKU002111,White,L,Cotton,Women,All Season
0ae2ab7c-0c6d-4ad8-bfee-efe071f44eb8,SKU002112,Red,XXXL,Cotton,Women,All Season
0232a0ad-77a1-4025-9fae-9bdbd895f6da,SKU002113,White,XL,Denim,Men,Winter
c957ec0e-4785-474c-b9bb-01bc956026c1,SKU002114,Black,M,Leather,Women,All Season
c29ea1d1-d152-4548-a24e-7b6ae3ce75c8,SKU002115,Green,XS,Polyester,Women,Winter
6bb09403-5b97-4d37-ba02-fe58294f11d0,SKU002116,Blue,S,Denim,Women,Summer
00a02835-c5bb-4144-95f1-0cbb8387e3c1,SKU002117,Red,XXXL,Cotton,Women,All Season
7a69c958-3108-4158-bbec-68164a72978e,SKU002118,Blue,XS,Leather,Women,Summer
0a0e59f3-d39c-4ba7-a72c-46ea1692ecf0,SKU002119,White,XXL,Denim,Women,Winter
e13ee640-2eb6-41eb-bb27-f9095f3e0161,SKU002120,White,L,Denim,Men,Summer
13b22a50-ea36-4578-9e7b-f0c94ab6b3f9,SKU002121,Black,XXL,Polyester,Women,All Season
2660b085-6ee3-48cd-9545-6355b275bec5,SKU002122,Black,M,Leather,Men,Summer
9ecceb91-083d-440c-a09d-178cab76349c,SKU002123,Red,XL,Leather,Men,Winter
5b1b86cf-9281-4990-b2b9-cff63097966e,SKU002124,Blue,XXXL,Cotton,Women,All Season
8ff42782-c1a1-4b80-a838-2408868cea4f,SKU002125,Green,S,Denim,Men,Summer
e6f0ad9c-6579-46ee-acfd-8764793f3ddc,SKU002126,Green,XS,Leather,Women,All Season
67049a23-4fa0-4fb5-9f31-6de2c914807f,SKU002127,White,L,Cotton,Men,Summer
ada55f83-9d56-4d9c-b5f8-01db2925b7a3,SKU002128,Green,XS,Polyester,Women,Winter
eb0b71e3-f4dc-412c-9dcc-59d25294f5c7,SKU002129,Blue,L,Leather,Men,All Season
bf3f2244-ff57-410f-8de9-f5acad1f7e07,SKU002130,Red,L,Cotton,Women,Summer
eaf3c9cc-8b89-4c8e-921b-a00452eb5321,SKU002131,Blue,M,Cotton,Women,Summer
b25d5fef-f024-422f-b2fb-86948e45101c,SKU002132,White,XL,Cotton,Men,All Season
d8327d2b-69e2-42af-997d-7874382dd699,SKU002133,White,XL,Cotton,Men,All Season
9a89ac87-fd8d-49f4-93eb-3890b1237b1b,SKU002134,Green,XS,Polyester,Women,All Season
6ba44cd1-f10b-495f-b689-466cb5ed197d,SKU002135,White,M,Denim,Men,Winter
e042e93a-9a63-42b9-a07d-d2128b37c29f,SKU002136,Red,M,Cotton,Women,Summer
993c6c7d-13b9-4589-b8df-7579df83e16c,SKU002137,Red,XXL,Polyester,Men,Summer
e3f1873e-cfd3-4d66-b326-228c77c0612e,SKU002138,Blue,S,Denim,Women,All Season
4ebf77ef-d66a-48c6-8b9e-bc409694e379,SKU002139,Blue,XL,Leather,Women,All Season
39b8ab6f-5a1f-4210-89c5-5fd0e0a7e884,SKU002140,Red,XXL,Leather,Women,All Season
c0c366e3-10ec-4096-a0eb-88dba1bd214f,SKU002141,Black,S,Cotton,Men,Summer
7ca7bf20-e418-4892-93ae-e9554fea2c73,SKU002142,White,XXL,Leather,Women,Winter
472fb1b2-8c16-402e-9407-0a9ea03f0898,SKU002143,Black,S,Cotton,Women,Winter
c76797bc-2c9e-4b75-a7a6-e53af85d9fc9,SKU002144,Red,S,Cotton,Women,Winter
93bbd860-1b59-491c-aa50-ec29f301bd1d,SKU002145,Black,M,Denim,Women,Winter
e0d742ae-a955-4617-9189-aebbba2b29cc,SKU002146,Black,M,Polyester,Women,Summer
2a396130-5e99-4117-a6c2-27849f6c9832,SKU002147,Green,S,Denim,Women,All Season
2a6c449c-6192-4bad-bc2e-26c1ce80e92d,SKU002148,White,XS,Denim,Women,All Season
377b1057-30de-4062-904c-aa9e39589de9,SKU002149,Blue,S,Cotton,Men,Winter
8996682f-f067-4224-8fa9-e4c27ea2f19d,SKU002150,Green,XS,Leather,Men,All Season
2a560870-56fe-4086-8f08-be6868c1cf93,SKU002151,Blue,XS,Polyester,Men,All Season
ef8b3000-de74-4495-8c92-2371ac52552b,SKU002152,Red,L,Cotton,Men,Summer
58dd46d4-02b0-4486-b42c-f2d7e3c53f63,SKU002153,Black,XL,Denim,Men,All Season
319a7fa1-e737-40d3-a266-3d63f5d95265,SKU002154,Black,XS,Cotton,Women,All Season
8b8736b9-6aa9-4d09-b4cc-000d571b5426,SKU002155,Black,L,Denim,Men,Summer
1bae5d24-9a95-4d0e-82ce-2972a1eea186,SKU002156,Green,S,Leather,Men,All Season
668e7b9d-c1f0-48fb-bcac-8536566b32db,SKU002157,White,XL,Leather,Men,Summer
864d6722-42e5-4770-ba73-851599ba2adc,SKU002158,Blue,S,Polyester,Men,Summer
b090ba60-25e6-498e-829e-d56e5f269ba7,SKU002159,Blue,XL,Denim,Women,All Season
3d4832ba-9269-4220-bd4c-5fe8f3253720,SKU002160,White,XS,Leather,Men,Summer
343d4558-1317-4562-aa38-fa599283c80b,SKU002161,White,XL,Polyester,Women,All Season
bbd76c1e-0c49-4de8-bdb6-7f2740f804a0,SKU002162,Red,M,Denim,Women,Summer
7310b020-6317-4d93-bcca-0f2054fd17ea,SKU002163,White,XS,Leather,Women,Summer
dc0026d7-c397-407f-9d22-c75c8b670dc9,SKU002164,Green,L,Cotton,Men,All Season
126a8c93-f67d-4ec5-b2ae-cf3b51a5d8c4,SKU002165,Green,S,Leather,Men,All Season
5aaeb095-df99-426a-b22c-d01bf8086369,SKU002166,Red,XS,Leather,Men,Summer
3b07f268-3474-486e-ae8b-d8e31b3f3d37,SKU002167,Red,XXXL,Polyester,Men,All Season
33d2534a-142e-4cfd-9033-74fca70f5708,SKU002168,Blue,L,Polyester,Men,All Season
d3933d96-f186-4a1a-b477-c7fe86f92bfe,SKU002169,White,XXL,Cotton,Men,All Season
15fd1dfd-9c81-4540-b61e-b422a18af61c,SKU002170,Blue,M,Polyester,Men,All Season
c5131f8b-237d-47b9-8b73-ff9f3c332b3b,SKU002171,Green,S,Cotton,Women,Winter
0439bc21-4e66-4cc6-ac5d-ee9a467b32cf,SKU002172,White,XL,Leather,Men,Summer
71435eca-d084-42cd-b5e4-b6500604f966,SKU002173,White,M,Leather,Women,Summer
87dcb058-0582-49ca-8797-e356bd670fdc,SKU002174,Blue,XXL,Cotton,Women,Winter
19b184c4-3f89-44dd-a82d-454e69a7b377,SKU002175,Green,L,Leather,Men,Summer
053c60e6-784e-443e-8832-46f601892c86,SKU002176,Red,L,Cotton,Men,Summer
338879cf-81b2-4e68-bfd7-bb3155a9236b,SKU002177,Black,XL,Cotton,Women,Summer
ea687549-9026-476a-8ad4-0b322b7326fc,SKU002178,Black,S,Denim,Women,Winter
99dd2ffd-2e25-4c4a-9174-54ea95195d3d,SKU002179,Green,M,Cotton,Women,Summer
4aaa27cc-3106-4c39-989a-f0998735eebe,SKU002180,Blue,XXL,Denim,Women,Summer
4c0ddf21-6682-4d7a-98d8-ea279571b17a,SKU002181,White,S,Polyester,Women,Summer
7bd1388f-163d-4516-a5ec-f148e29e06e6,SKU002182,Blue,XL,Denim,Women,All Season
6d343a45-8171-4b95-8593-eab664f60e6e,SKU002183,Green,L,Denim,Men,All Season
f9908702-5f08-4381-8c47-5c638374ac4a,SKU002184,Green,XXL,Denim,Men,Summer
73587ec1-ac3b-48c0-bdeb-270f852ba453,SKU002185,Black,XS,Cotton,Women,Summer
060a03db-4d7b-4b70-a3d5-8d2357d02892,SKU002186,Blue,XL,Leather,Men,Summer
ab87824a-f6f7-4f1b-b94b-64ad189789c7,SKU002187,Black,L,Denim,Men,Summer
ec6dce66-df16-4a55-9fd5-8ac94b8f83f6,SKU002188,Green,XL,Polyester,Men,All Season
e94e91ce-e113-4c36-a77c-514138e7d954,SKU002189,Green,XS,Cotton,Women,Summer
397ecca3-7b58-4947-89d7-036aa2c45783,SKU002190,Black,XL,Polyester,Women,Summer
b48986b1-5767-4608-bb5c-0775f202ea32,SKU002191,Black,XXXL,Polyester,Women,Summer
071ef6cb-8876-4e4a-8d2f-6c0e1403091c,SKU002192,Blue,XXXL,Denim,Men,Summer
312f483c-af8c-4fad-bb6d-2c884369df3c,SKU002193,Black,S,Leather,Men,All Season
af53f4a2-136b-4a84-8b51-344c9da9da3a,SKU002194,Blue,L,Polyester,Women,Summer
36ac816d-acca-4ecb-8468-ddd74c0a689d,SKU002195,Red,S,Polyester,Women,Summer
5f7625d9-9563-4aa7-a8a0-62f678853e3a,SKU002196,Black,XXXL,Cotton,Men,Summer
8d927ef9-bcc3-4162-b894-a4fa05cade53,SKU002197,Green,XXXL,Denim,Men,Winter
463d43e8-2566-4f43-8c3a-9884fbbb68da,SKU002198,Green,XXXL,Cotton,Men,All Season
22eaeda3-498c-4c55-aabb-69bc7461eaf8,SKU002199,Black,XS,Cotton,Women,Summer
cab78680-988b-4fab-b7dd-b0e2fa2161ba,SKU002200,Red,XXXL,Leather,Men,Winter
68d1b13a-5824-46bd-bb4f-2c317379c2ec,SKU002201,White,XXL,Polyester,Women,All Season
bbc038d8-5040-4abc-9b48-67c474eb30de,SKU002202,Black,S,Polyester,Men,All Season
278ce4d9-d366-480f-b060-296fb105c930,SKU002203,Black,L,Cotton,Men,Summer
b794b621-bdcc-4213-9a2a-18536314a771,SKU002204,Red,M,Cotton,Women,Winter
a4a51a73-c013-431e-953b-e0a5c6369a26,SKU002205,Black,L,Denim,Men,Summer
1d18e5c4-17ae-474b-823b-56546c47c9e8,SKU002206,Blue,S,Leather,Women,All Season
933bf73a-1ac7-4c2d-8f0c-43f61f1fd53f,SKU002207,White,M,Denim,Women,All Season
1c79e9c5-3eb7-42e6-bf23-d741f18396a0,SKU002208,Black,XXXL,Cotton,Men,Winter
7bb25938-afbd-4778-bca3-d266e2096d77,SKU002209,Black,S,Polyester,Women,Winter
8be40b0d-f841-4e44-a962-b9ff6df619a6,SKU002210,White,M,Cotton,Women,Summer
f331b448-7094-4527-9c4b-52ab735534cb,SKU002211,Black,XL,Denim,Women,All Season
5b37a6e0-51fe-4647-a378-40eea4176c49,SKU002212,Red,S,Leather,Women,All Season
fad065d7-5383-4712-b255-acadec5fdfdf,SKU002213,Blue,XL,Polyester,Men,Summer
add8fe3f-2969-4b9a-8672-e7c9aa68135e,SKU002214,Green,M,Cotton,Men,Summer
26a71a92-f697-4bf4-8feb-0fb173883a58,SKU002215,Blue,XL,Denim,Women,Summer
7bc9dbfb-4611-44c2-bb28-68d112b95b97,SKU002216,Red,XXL,Polyester,Women,Winter
f53022e4-5f91-4c8c-92d8-dbff8ba0519e,SKU002217,Black,L,Cotton,Women,Winter
f62288ea-ddfc-40ad-aae2-449a5cf81e04,SKU002218,Blue,XS,Leather,Men,Summer
ce501ea2-8433-4e42-9da5-3021227c68ec,SKU002219,Black,XL,Leather,Women,All Season
a0b0614b-7528-4ae4-94b2-c6f35409ce90,SKU002220,Black,M,Leather,Women,Summer
f6f8c89d-bd21-4c96-a096-b08c562afe1c,SKU002221,Black,S,Leather,Men,Winter
af82e0e1-28f2-4cf6-ad12-5c9a610ff336,SKU002222,Green,L,Cotton,Men,Winter
7d894dcd-dc0f-435e-8e2f-7b101c877c81,SKU002223,Green,XXXL,Polyester,Men,Summer
54c544e2-57e3-4016-b162-4b0472b490c2,SKU002224,Red,XXL,Leather,Women,All Season
a98ce25d-8f06-4a02-a2cf-aa00ead36f21,SKU002225,Red,M,Polyester,Men,Summer
c9bc9a83-26e0-4771-ae2f-f988648b3f82,SKU002226,Red,XL,Cotton,Women,Winter
b8296383-e079-4522-904a-2719d728cb29,SKU002227,Red,XS,Leather,Men,Summer
c8ff64a3-94ba-438f-836c-589c1a611df5,SKU002228,Green,M,Cotton,Men,All Season
699fb39c-07fc-4c03-80bb-ce3e3db28427,SKU002229,Green,L,Leather,Men,Summer
de2ad6e9-d08d-47f1-a0c8-27d758390fe5,SKU002230,Red,XL,Leather,Women,Summer
b9ff81ea-7e7e-4ae7-867b-fd2f1ec2989b,SKU002231,White,XXXL,Leather,Women,Winter
69178159-2094-4ebf-8259-0cfc5714788d,SKU002232,Red,L,Denim,Women,Summer
6d99e12e-5665-4cee-b4a7-814af207365e,SKU002233,White,XXL,Leather,Women,Summer
b2666338-ef2c-4d44-9cfa-043d8b6aadf5,SKU002234,White,L,Leather,Men,Winter
676ff02c-5bac-4ef4-85cd-692091251312,SKU002235,Green,XXL,Denim,Women,All Season
1da51722-6855-4d8d-a3cb-0129ed7c14da,SKU002236,White,S,Cotton,Men,Summer
748770ea-630e-4720-a2b1-fdad726f32b7,SKU002237,White,XS,Denim,Men,Winter
c21a7f16-2f4c-4a75-a299-cf98aa77518d,SKU002238,Green,XXL,Polyester,Women,Summer
46d6b1d9-11cd-42f6-8264-672f7cc4ee37,SKU002239,Red,XXXL,Cotton,Women,All Season
c084b6db-6cb4-4704-bd4d-17ec416fcafe,SKU002240,Red,XXXL,Polyester,Women,All Season
ee6afe6e-06e7-4fcb-babe-bca2b0f6077e,SKU002241,Blue,XS,Denim,Women,Summer
98e1c10c-78cc-4704-9b26-0ac35b8ad51e,SKU002242,Black,XXL,Denim,Women,All Season
a7081af7-f2e4-4fc4-9196-8b94c574dc80,SKU002243,Green,L,Cotton,Women,Summer
6cf0636f-afb9-413c-b5b5-fb5880ba2975,SKU002244,Blue,M,Cotton,Men,Summer
c7faafdd-c699-4ca6-a824-5755e3697a38,SKU002245,Blue,XL,Denim,Men,All Season
585db790-9290-49a7-8712-6d56eefd952e,SKU002246,Black,M,Polyester,Men,Summer
b6590383-ef6d-4f54-8b4e-eb6334737e30,SKU002247,Green,XXXL,Denim,Women,All Season
267a6156-9cdc-444a-8bd7-edb8824b396d,SKU002248,Blue,L,Cotton,Women,All Season
b756554a-d7be-495b-af16-1bb119e0241a,SKU002249,Red,XXXL,Leather,Women,Summer
8a86f68e-2a80-4c31-85c9-118ef71a2218,SKU002250,Green,S,Leather,Men,All Season
16bf8900-fd77-421e-b920-56c3ec49c811,SKU002251,Black,M,Cotton,Men,Winter
e3c92a5f-4d39-43ef-9576-f802c602c9fc,SKU002252,Blue,M,Polyester,Men,Winter
1614808a-8225-4dce-a228-7895fa4e008d,SKU002253,Red,S,Denim,Men,Winter
00b2d1df-125f-43f9-bf99-ea7ce3133b74,SKU002254,Blue,XXXL,Cotton,Men,Winter
8ac5dc44-b6e3-4544-8947-d815613772e4,SKU002255,Green,XXL,Leather,Men,Summer
400f1766-e9d7-46fe-9173-b3091d9d13c2,SKU002256,Blue,L,Leather,Women,All Season
6d54edb9-0748-45e7-80e9-4781860737ae,SKU002257,White,L,Polyester,Women,All Season
0f54177b-cfcf-472a-aec5-1c6f75cc73e1,SKU002258,White,S,Denim,Men,Winter
698890de-0a15-47a1-9d01-41ac9a76faed,SKU002259,Blue,S,Cotton,Men,Summer
c4f7f7ca-67ca-4d4e-9036-a477177b836d,SKU002260,Black,XXXL,Cotton,Men,Winter
0f4f8955-5006-4e83-977c-c5706e8700e9,SKU002261,Red,XS,Leather,Women,All Season
ee159eeb-16e2-4188-8e3e-a89479f389bb,SKU002262,Red,XS,Polyester,Women,Winter
bf81ecf6-a390-45ad-a13c-ac25937ea851,SKU002263,Green,XL,Cotton,Men,Summer
f62579ed-ee70-44ad-b6b8-e5f2d70bb005,SKU002264,Black,XS,Denim,Men,Summer
a5906dcf-aa02-44c5-9385-4a97d6919a38,SKU002265,Black,M,Cotton,Women,All Season
4e339c21-c7bf-4af8-8ad3-2d3ee7ae47c8,SKU002266,Blue,XL,Leather,Men,Winter
fbc035a7-f8eb-43ed-8d6a-68feb878e323,SKU002267,Red,S,Polyester,Women,All Season
1efeccc8-90b4-4e9e-9e7e-0106a7b8b92b,SKU002268,Green,L,Cotton,Women,Summer
49f9c36f-e60c-41c4-8896-cca6000a546f,SKU002269,White,L,Denim,Women,All Season
fa7e4856-40c3-4c53-9402-1735167b7144,SKU002270,White,XXXL,Denim,Men,All Season
a47bc8c8-b857-41e6-af60-720d142fe646,SKU002271,White,S,Polyester,Men,Winter
69ac31c8-576a-4385-930e-0889d955d9e8,SKU002272,Black,M,Polyester,Men,All Season
8c2e2360-dea9-4706-b4f5-2730c9df5aaf,SKU002273,Blue,XXL,Polyester,Men,Summer
c60ca640-1986-46cc-b375-b484c8647db3,SKU002274,Green,XL,Leather,Women,Summer
af8d0ddf-cb7f-4089-957d-fead75414a7a,SKU002275,Black,S,Leather,Women,All Season
185af5e3-838f-4cbe-b16c-2a12ca932b93,SKU002276,Red,XXL,Cotton,Men,All Season
373d8e8c-cda2-44b8-ba7e-b4114837f8e4,SKU002277,White,XS,Polyester,Men,Winter
bdf24c00-c4b1-40a0-b258-706585380238,SKU002278,White,S,Cotton,Men,Summer
348e603e-6637-4b23-8d34-e192d635cc43,SKU002279,Green,XS,Cotton,Women,Summer
00fc4dfa-4336-4566-b143-45a4000265f0,SKU002280,Red,S,Denim,Men,Winter
48eea5a7-4803-456a-b414-68c9f4839eff,SKU002281,Green,L,Polyester,Women,All Season
7b5a6bd8-bf9b-4ee0-b46c-b17f6f158a8b,SKU002282,White,S,Denim,Men,All Season
a16fc123-5b7c-4be7-824f-8b72af341dcc,SKU002283,White,XXXL,Cotton,Men,All Season
63f5a118-8723-4a3d-b854-4a38f176c248,SKU002284,Blue,XL,Leather,Women,All Season
136bb1f5-a6e8-4547-bc5a-e176b404e27c,SKU002285,Green,XXL,Cotton,Men,Winter
3b9201a2-3650-4da0-a844-f6b4a72e89a0,SKU002286,Black,M,Leather,Men,Winter
ee7f40b0-499f-4f6c-a7b3-3966571225e2,SKU002287,Red,S,Leather,Women,All Season
9c974bf6-451c-48d7-b237-6f29b0813aca,SKU002288,Red,L,Denim,Men,All Season
e9f81744-cf6d-42a1-bf28-ca28d9c17c69,SKU002289,White,XXXL,Denim,Women,Summer
864808c8-5503-445e-bb23-4f3d2fe6940e,SKU002290,Red,XXXL,Polyester,Men,Winter
8bdbeecc-a692-4a3b-be43-a213183e8b6c,SKU002291,Black,L,Cotton,Women,All Season
4b07f9fa-605e-4db9-8e37-394c989f5b5e,SKU002292,Green,XXXL,Denim,Men,Summer
08c3802e-c736-4aae-9a12-5f7c9a8dc536,SKU002293,Green,XS,Polyester,Women,Winter
dccbc7fd-6d5b-4554-b655-e11f7cfd42f4,SKU002294,White,S,Denim,Men,Summer
338578dc-f539-4695-a209-dcad685133a2,SKU002295,Red,XXXL,Leather,Women,Winter
1d66b811-8e6e-42e0-9286-8b02fd88e1a1,SKU002296,Green,XL,Cotton,Men,All Season
f920ae28-736a-47ab-97b4-661e1dde9a62,SKU002297,Blue,M,Polyester,Women,Winter
959dbfc4-a887-4abb-9657-5c2ea5c8a46a,SKU002298,White,XXXL,Polyester,Women,All Season
c9e951dc-596f-48d5-bbf7-82bd15134743,SKU002299,Green,L,Polyester,Women,All Season
7c5ad98e-d402-4e22-8e33-4d5bbfe6e6cf,SKU002300,White,XS,Polyester,Women,Winter
e848abb8-2ebe-4b84-b047-c58522807a94,SKU002301,White,L,Polyester,Men,Summer
179e415c-251c-4e2b-946f-8c4ad32d4cad,SKU002302,Blue,S,Cotton,Women,All Season
54dee021-7122-440f-8392-d695deb88b84,SKU002303,White,XS,Polyester,Women,Winter
e31ee1a3-03d8-4b38-b9eb-f15588e76df0,SKU002304,Red,XXL,Polyester,Women,Winter
f5a7f4fa-3862-4724-9845-5dc1d536b4aa,SKU002305,Red,L,Leather,Women,Summer
d36f37bb-6b12-4ca0-9211-03aaa409c2da,SKU002306,Red,XXXL,Polyester,Men,Summer
4517bf15-4bf2-416a-a75b-c5ff0aa79f60,SKU002307,Green,L,Leather,Women,Summer
a5e9c8ec-7739-4623-bc06-396cf74e00f9,SKU002308,Green,XXXL,Leather,Women,Summer
ec9bc467-c625-43b5-abb2-b044dcf5c3f1,SKU002309,Red,XXXL,Leather,Women,Winter
6bf2855a-3f69-40ee-ad71-dea9ae3ed6a0,SKU002310,Blue,S,Polyester,Men,All Season
bdd7a3c7-96f9-4dd1-a1cb-34ced284a329,SKU002311,Black,S,Cotton,Men,Summer
2b6a0941-2257-42fa-9e47-8027bd6934ae,SKU002312,Red,XS,Polyester,Men,All Season
15ccb68b-2392-482c-9f0c-d23132dd2e64,SKU002313,White,S,Polyester,Men,All Season
b128bce8-4de2-494c-b865-7f113fa37ff1,SKU002314,Black,L,Polyester,Women,Winter
d0d68c46-9575-4476-9279-516e80bebee4,SKU002315,Green,L,Denim,Women,All Season
379d972c-ffa3-468c-9094-badb20cd3d9d,SKU002316,Blue,XXXL,Denim,Men,All Season
ab3098c2-dade-40eb-84e5-2c746b01b7f8,SKU002317,Black,L,Leather,Men,All Season
17862dc2-421f-4d8d-b77f-7a497adf0ff9,SKU002318,White,XL,Leather,Men,Summer
a56940f0-00ea-457a-b082-a7b321dca75d,SKU002319,Red,XS,Cotton,Women,Winter
a5b71ca7-e68a-4266-a022-497958d34dd3,SKU002320,Blue,M,Cotton,Men,Winter
ea2447f1-3376-4f47-9844-836a251a0d60,SKU002321,White,L,Cotton,Women,Winter
c7ad2674-41d8-434e-ab94-844d65da0764,SKU002322,Green,XL,Cotton,Women,All Season
1af1916e-9849-4374-9e4b-f104507c5d77,SKU002323,Green,XXL,Leather,Women,All Season
1c94a8e2-5b3f-4876-a7eb-22cc8a48dc84,SKU002324,White,XXXL,Denim,Women,All Season
7e7b8bba-7803-45eb-a7f9-21e43399dd27,SKU002325,White,XXL,Leather,Women,All Season
1415da5e-8f27-4f4a-a8a1-0acd89068b2e,SKU002326,White,L,Cotton,Men,Winter
89a0fe02-30bd-4018-92d0-c712ea9b59e5,SKU002327,Green,L,Cotton,Men,All Season
4709b1a1-c249-43c4-aefa-cb2d7016a757,SKU002328,Blue,XL,Polyester,Women,Winter
ad89d4f1-c26a-42a7-915c-1838e9c409f7,SKU002329,Green,XXXL,Polyester,Men,Winter
7c04a068-1fbb-46cf-9f50-69c09023e6fc,SKU002330,Red,S,Denim,Men,Summer
4ca89325-d2d7-489b-933a-e402741305ad,SKU002331,Blue,L,Denim,Women,Summer
6d5c41b8-3ba9-4962-b568-71396ace03d2,SKU002332,White,XXXL,Cotton,Women,All Season
b741778c-aff0-458a-b0ac-063efbc22e36,SKU002333,Black,S,Polyester,Women,All Season
5cd1479b-14c7-41e4-97ea-a6dab464d19f,SKU002334,Blue,L,Denim,Women,All Season
195de6ef-b955-4ccb-a429-260fd10f3b90,SKU002335,Black,XS,Leather,Men,Summer
995051b7-a6ec-471d-80a3-7aaf0f214bc7,SKU002336,Red,XXL,Polyester,Women,Summer
7bf63026-8824-4389-a78b-03c7929866f1,SKU002337,White,L,Cotton,Women,Summer
ec220844-4146-4550-9851-6363270c7a56,SKU002338,Black,XXXL,Polyester,Men,Summer
569ad123-dd59-4649-bde3-1b941979a9fe,SKU002339,Green,XXL,Leather,Women,Winter
7edc9c91-ba69-404b-bede-ac36636e4368,SKU002340,White,XXL,Polyester,Men,Winter
cc78e7e6-7f42-428a-b2cb-343f0ca36794,SKU002341,Blue,XXL,Leather,Men,Summer
1cc3733b-1000-4f13-a168-536aa5d7d10f,SKU002342,Red,XXL,Polyester,Men,Summer
c2fa270d-3235-44e9-8d4a-c5158b34a973,SKU002343,Green,M,Leather,Women,Summer
2626eeba-cfc6-40a4-a781-2fa0ba44c3a5,SKU002344,White,L,Denim,Men,Winter
8490cd29-ebc6-437e-a967-595af5f1fb10,SKU002345,Green,L,Denim,Men,Summer
a1bde0af-d778-4503-9533-889889cce011,SKU002346,Red,XL,Polyester,Women,Winter
3e9476f8-c9cb-45c4-b0bc-be3fc61d5189,SKU002347,White,XXXL,Polyester,Women,Summer
9f4ccb26-21b7-4f9a-89de-257db415ed6b,SKU002348,Blue,L,Leather,Men,Summer
d73e67b4-3cfe-4c95-b7da-3bc400a9ad81,SKU002349,Black,XXL,Denim,Men,All Season
f44290ae-d5fe-40d0-8702-03b368719896,SKU002350,Blue,XXXL,Polyester,Men,Summer
588e07d0-6037-4192-914b-7aa5700641c0,SKU002351,Black,XXXL,Polyester,Men,Summer
6f7c4ce7-a13c-48de-99ff-aa5dea174693,SKU002352,White,S,Leather,Women,Summer
5f2c8d18-3a7c-4461-a4a9-1b71037c62c0,SKU002353,White,XXXL,Leather,Women,Winter
a865fb46-7578-4ea5-8919-64c163f14fb0,SKU002354,Black,L,Polyester,Women,Winter
d0577fea-2b7d-4402-a01a-808989eb0207,SKU002355,Blue,M,Denim,Men,Winter
d1c0e2f7-f2ab-4d31-963b-833da38701ad,SKU002356,White,XS,Leather,Women,Summer
2defb5e3-c84a-4efd-af91-5180059b924d,SKU002357,Blue,XXXL,Polyester,Women,Summer
f819174b-e53e-4079-921d-d7ea24de96fd,SKU002358,Red,XXXL,Polyester,Women,Summer
0d787352-679d-4c37-9c1a-2f998011371e,SKU002359,Green,XXL,Leather,Men,Winter
7ba571fb-71ab-4976-9838-07a46fa37bfe,SKU002360,Black,S,Denim,Men,All Season
64cb09a3-5d95-4e22-a3b5-91efac4f57ef,SKU002361,Blue,M,Cotton,Men,Winter
c00a7d55-1be6-4d55-81f5-40cc6bf900d0,SKU002362,White,S,Denim,Men,All Season
522f98c7-2200-4a1b-b597-65cb741e3f66,SKU002363,White,S,Polyester,Men,All Season
55ebb059-0720-46a3-a040-6786e5483c29,SKU002364,Green,XXL,Polyester,Women,All Season
5760ca81-0ee8-4156-a965-0e6671527452,SKU002365,White,XXL,Denim,Women,Winter
1b1ed5c9-2876-48ac-88fd-4d9cbe792785,SKU002366,Black,M,Cotton,Women,Winter
7f8dfe48-3f7d-4dc0-8f15-056940af088b,SKU002367,Black,XXXL,Polyester,Women,Winter
48d8b038-bd04-4197-bf73-4bf13d74f0bc,SKU002368,Green,L,Cotton,Women,Winter
2c80c797-1c48-4541-87a8-446186f13e77,SKU002369,Black,XXXL,Leather,Women,All Season
2eae34ff-bfd8-4e1f-8e9e-a1888af85a78,SKU002370,White,M,Denim,Men,Summer
f1d75425-b445-4933-a947-2fbf1593f548,SKU002371,White,M,Polyester,Women,Summer
7bda1b9c-b3ac-41be-8ecb-21e4661713b1,SKU002372,Red,XXXL,Leather,Women,All Season
ac1014f4-37a4-47e3-a6d0-94d6c7259396,SKU002373,Blue,XXL,Cotton,Women,Winter
b9f8ccf1-e7f5-49aa-86eb-71df3effac74,SKU002374,Blue,XS,Leather,Men,Winter
c48451d0-2c93-49c1-bd42-0548a4055496,SKU002375,Green,XL,Denim,Women,All Season
3c334318-76c9-4761-bd52-6f181878cbde,SKU002376,Blue,XXXL,Cotton,Men,Winter
ccdfde64-220b-4874-a4d7-0e812fdb5498,SKU002377,Black,XXXL,Polyester,Men,Winter
a0dfa8f6-64eb-4b0e-9e7b-7aa502685bc1,SKU002378,Black,XL,Polyester,Men,All Season
4b905645-2e08-4645-9a75-33b22b8ccfbb,SKU002379,Red,XXXL,Polyester,Men,Winter
428308e6-2bc5-43b1-b671-aca7067ad881,SKU002380,Blue,XL,Polyester,Men,Summer
f410d1df-3c9d-4fe9-9e20-320d4f69dc3b,SKU002381,Black,XXL,Denim,Women,All Season
6fcbcd33-a173-48d4-bca0-a33d6f659f80,SKU002382,Red,XXXL,Cotton,Men,All Season
bab984fa-a3e4-4ff5-8715-cab05ffc81a7,SKU002383,Black,XXXL,Denim,Women,All Season
6cbd25de-4b57-4754-84ec-263b1d3a45a5,SKU002384,White,L,Leather,Women,Summer
ec3afbc4-527b-443a-9bc8-8028b74733d5,SKU002385,Black,XS,Polyester,Men,Summer
5f26fd77-a3ce-4f4c-83c5-cc02e4b20541,SKU002386,Green,M,Leather,Men,Summer
7d913c9e-d888-40ff-9082-36c1a64458f3,SKU002387,Blue,XXXL,Denim,Men,Summer
fc836c6f-9fc0-49c1-829a-e4e70433dab5,SKU002388,White,XXL,Leather,Men,All Season
195eeb23-0aab-46c9-83b9-4766ce1dbd17,SKU002389,White,L,Leather,Women,Winter
24540caf-8de3-4e9c-ad87-f6381ecbc419,SKU002390,Red,XS,Leather,Men,Winter
6defe957-6ef5-4fb1-ac4c-d5963c9fa898,SKU002391,Black,XL,Cotton,Men,Winter
efe8dd72-192d-422e-a74a-f94d06d9dcaa,SKU002392,White,XXXL,Denim,Men,All Season
ccc99834-0eac-4d8c-8d0c-679992522883,SKU002393,Green,XL,Cotton,Men,All Season
142f7e15-f86f-41ed-9928-15ad29d9dfe6,SKU002394,Blue,XL,Leather,Women,Summer
ce02433b-ba73-482f-8311-8bc3a81f6351,SKU002395,Green,XL,Polyester,Men,Summer
8cc0e36e-02c9-42c0-923b-b474bbe71d99,SKU002396,Red,S,Leather,Men,Summer
9d18f87d-a073-4d2f-ac23-8d4047754efa,SKU002397,Black,L,Cotton,Men,Winter
b235d46f-3135-488c-91fc-63c4716cc882,SKU002398,Green,S,Leather,Women,Summer
23e5718d-6281-4879-97fe-e2338edf1995,SKU002399,White,XL,Polyester,Men,All Season
cf833ba6-cd0e-4db2-9e7c-9cd12da2d960,SKU002400,Green,M,Leather,Women,All Season
d6cc7bfc-4321-438a-be6e-9c7cbddfe055,SKU002401,Blue,XS,Denim,Men,Summer
2c9586e7-9654-4a05-b4b3-263b04b441c2,SKU002402,Blue,XL,Polyester,Women,All Season
105820f8-dfa9-4ff1-8c83-21307966b11d,SKU002403,Green,L,Polyester,Men,Summer
862067e0-6789-4308-8c8b-c0d75c6a6123,SKU002404,Red,XXL,Leather,Men,Summer
d31dface-2902-4919-895a-e5e74af5042b,SKU002405,Green,XS,Leather,Men,Summer
a0f849aa-ea05-469b-a8fb-70f5e2d05a68,SKU002406,Blue,L,Polyester,Men,All Season
2f347fbb-bd49-4429-ba55-bb82bd7403a4,SKU002407,Red,S,Leather,Women,Winter
8d4e4b61-9485-4f1c-9e95-555f7fec454d,SKU002408,Green,XL,Cotton,Men,Summer
af9c23bd-b9a8-444c-a128-b2234cb7c53e,SKU002409,Red,XXXL,Cotton,Men,Winter
623ce93d-fa46-433f-8844-1d1cc4035eec,SKU002410,White,XS,Leather,Women,Winter
01562eda-2f2c-47ac-949e-29fa8cdad323,SKU002411,Black,M,Leather,Women,Summer
e4c864d8-f87f-416b-b917-4e7960623771,SKU002412,Red,L,Polyester,Men,Winter
db129439-5a88-4629-bf12-1a442b1d528f,SKU002413,Blue,S,Cotton,Women,All Season
3a399fe2-cbde-49d9-a56c-f4be94d53af8,SKU002414,White,XL,Denim,Women,Summer
d1426499-073f-4bf9-b687-214212b10b6a,SKU002415,White,XL,Denim,Men,All Season
8608e524-fe3b-4f70-8e18-119e04d6337b,SKU002416,White,XS,Polyester,Women,All Season
29fbe542-c9d8-4bc9-8619-5485360335c1,SKU002417,Blue,L,Leather,Men,All Season
de930fc2-033c-41c7-b2d5-d21dbd88ef22,SKU002418,Green,XXL,Denim,Men,Winter
a3eed0fb-84f9-434c-9b7f-bdb962bc937c,SKU002419,White,XL,Denim,Women,Winter
5e822c36-c39f-4f14-83d0-6bac95115ca9,SKU002420,Red,XS,Leather,Women,Winter
15024a41-4271-43d5-b394-42054efee300,SKU002421,Red,XL,Leather,Men,Winter
d263d002-051c-448c-948c-418c78ac036f,SKU002422,Blue,S,Denim,Men,Winter
efa4c406-cb5d-4e21-bd42-f3a7b1867344,SKU002423,White,XXL,Polyester,Men,Summer
f2627e44-1e03-4c10-b290-57de537af953,SKU002424,Black,XL,Leather,Men,Summer
dceb1ab9-e6b7-446c-8db4-86f3aadb8bac,SKU002425,Black,XL,Polyester,Women,Summer
e40f57a4-0f97-4b98-93bf-d9790b3f41a0,SKU002426,Green,XL,Cotton,Women,Summer
95b459c4-5fa3-41c1-a6b9-c05e6c1cf99b,SKU002427,Green,S,Cotton,Men,Summer
ac52d2b7-1573-4a50-ad76-be50bb9b7e0b,SKU002428,Black,XXL,Cotton,Women,All Season
f65c6883-72a9-4504-a6e5-1b565fe8972d,SKU002429,White,M,Denim,Men,Summer
2fdb241c-36d9-479f-93f7-267bcc407328,SKU002430,Blue,L,Cotton,Men,Winter
b02815b0-0815-4642-93ba-1b90002b5185,SKU002431,Black,M,Leather,Women,Winter
0b4b11d6-ce79-4af7-b714-51fc9fb94533,SKU002432,White,XXXL,Cotton,Men,All Season
5cb2a6c9-7ccf-4505-82b3-b18d58fe1215,SKU002433,Black,L,Denim,Women,All Season
28ccdb6b-d482-487a-a785-b2eb935361c5,SKU002434,Black,L,Leather,Women,All Season
dc2a4ce3-e6a7-4d42-bf3b-07cf087c9036,SKU002435,Red,L,Polyester,Women,All Season
6bcd0221-79e0-4b7a-9247-c57fb9e5d43f,SKU002436,White,XS,Polyester,Women,Winter
c4401521-be1c-4724-b66f-d42851e77c68,SKU002437,Black,XXXL,Denim,Men,Summer
9c8f8241-794f-4a2c-853f-820a8016ac2e,SKU002438,Blue,XL,Denim,Men,Winter
54db4ca7-e531-4863-a740-8b10c8cc0a60,SKU002439,White,L,Leather,Women,Winter
120c8ccb-02e3-4b62-9266-3e550bbbd6b9,SKU002440,Black,XS,Denim,Men,All Season
302c507a-4cf5-4336-8975-6e7b2100fcf7,SKU002441,Green,S,Cotton,Women,All Season
b9d87fff-9e41-49c8-a9b5-ec1bb194e73b,SKU002442,Black,L,Denim,Men,Winter
22fede8d-eced-4a6c-add4-7e3ae624e4cd,SKU002443,Blue,S,Polyester,Men,Winter
85502ac4-fbe4-4072-a9c3-6379a35bac72,SKU002444,Black,XXL,Polyester,Men,Winter
344cb954-cc8a-43b8-a993-e0bb0fa0be4b,SKU002445,Black,XL,Denim,Men,All Season
44a0f1c1-75bd-474b-b4e5-1c9cc5bab5b3,SKU002446,Red,XXXL,Denim,Men,Summer
dfbf49eb-e442-4bbc-9a1a-e0ce463030f8,SKU002447,Red,M,Polyester,Men,Winter
521b4030-3706-4070-8c8d-3526873a8d54,SKU002448,Blue,XXL,Cotton,Women,All Season
bf08995a-0a39-4585-8a78-7b0206a45196,SKU002449,Red,XXXL,Cotton,Women,All Season
87e17f7a-e15e-4822-b223-7f20566a6bc3,SKU002450,Red,XXL,Cotton,Men,Summer
4053d5fe-847a-4baf-9395-b20d7ede83ae,SKU002451,Red,XL,Leather,Women,Summer
d2c95760-b1d5-49d6-9254-3800cd3168c7,SKU002452,Black,XL,Leather,Women,Summer
37153682-5c46-4426-b244-0f5a89c36091,SKU002453,Black,XXXL,Denim,Women,Summer
81f05af9-16d3-4bf3-8339-5e3fa1aa84fc,SKU002454,Black,XS,Leather,Men,Winter
e8a256a6-804e-42e4-b0a9-5daf34d98e03,SKU002455,Blue,L,Leather,Men,Winter
8c0fef27-cac8-45cd-980b-c5929b95dd84,SKU002456,Blue,L,Denim,Women,Winter
4c230ffc-a17b-4b58-92f0-e9317d8e9430,SKU002457,Green,XXL,Polyester,Women,Winter
f7891eb0-f9e7-434c-acdd-deaabccb366a,SKU002458,Blue,XXL,Cotton,Women,Winter
4ae6e7de-acc1-4109-a77d-ddadfc9fcd8b,SKU002459,Red,XL,Denim,Men,All Season
4f8cef91-01de-41e6-ba28-f7f8d5782348,SKU002460,Black,XXXL,Polyester,Women,All Season
f908e827-503d-43a5-9c0c-5d354bb70b69,SKU002461,Red,XL,Leather,Women,Winter
73423296-2d62-436e-bbae-cda9ace3f559,SKU002462,Green,L,Polyester,Women,Winter
76e72062-fde0-4989-a09b-7de37a45d799,SKU002463,Green,M,Leather,Women,Winter
3ec1bccf-5d05-48fd-a971-127646a9e5bc,SKU002464,Green,S,Cotton,Men,Summer
bddbd70d-7005-42f9-aa45-dca3a026221f,SKU002465,Blue,L,Denim,Men,Summer
3ff55a90-7c48-4f7a-8ab4-16ebb3d93240,SKU002466,Black,XS,Leather,Men,Winter
25a15e7f-e61c-42af-9c1b-3f46384b475a,SKU002467,Blue,XXXL,Cotton,Women,Summer
11acb67b-fe52-4a36-a100-8054bcec2dab,SKU002468,White,L,Polyester,Women,Summer
d5cd7973-ab94-4b7e-a11d-3fb6b6722dbd,SKU002469,Black,XS,Polyester,Men,Summer
00e17afc-e75d-44b9-abd7-11dcefec0070,SKU002470,Black,XXXL,Polyester,Women,Winter
c16cfc77-0831-46a3-a6ed-4666639aa093,SKU002471,Black,XXL,Denim,Men,Summer
f3f7e31e-183e-40a2-9ccc-e4526ec7cd6b,SKU002472,Red,XS,Denim,Women,Winter
98f6a00e-ad91-4faf-8045-aa516d985a54,SKU002473,Green,L,Polyester,Men,Summer
4866bedf-b6d9-42d1-a2f7-d394b27a7830,SKU002474,Green,XS,Leather,Women,Summer
f1e68152-9895-4b3e-9176-8a7510696f27,SKU002475,White,XL,Cotton,Men,Summer
6acc89e2-e2ec-4e49-8e33-dcf93f4b6b1c,SKU002476,Blue,S,Denim,Women,All Season
647a9d64-818d-4b57-92cd-980daf98d6c8,SKU002477,Red,L,Denim,Women,Winter
a5b29c19-30e2-4d01-b95c-40618922ef1d,SKU002478,Black,XXXL,Cotton,Men,All Season
92952668-acf0-425e-94c2-abeda50be498,SKU002479,Green,XXL,Cotton,Men,Summer
b0a674cf-7ce5-418e-988e-9df33345f0aa,SKU002480,Blue,XL,Cotton,Women,All Season
d6088033-b0a3-4a8c-b59b-ea8b618099a9,SKU002481,Red,M,Polyester,Women,Summer
aef9f674-1d27-41f6-a71d-85db6d232cc0,SKU002482,Black,XXXL,Denim,Women,All Season
de2be57e-8695-4bc4-8951-2d95cefa33b2,SKU002483,Blue,XXL,Leather,Men,Winter
f863bb79-0d85-4d58-a788-45baeaefcf1f,SKU002484,Red,XS,Leather,Women,Winter
f2771835-cac2-41ed-9e51-6c47b863dff4,SKU002485,Black,XS,Leather,Men,All Season
e37ed003-ca8d-455e-95de-bfeba2ee1393,SKU002486,Green,S,Leather,Women,Winter
4ea9415f-4af1-457b-91fc-761b551f0437,SKU002487,Blue,XS,Cotton,Women,All Season
1ad885eb-fdab-4bd7-9980-7d74a0e91d45,SKU002488,Black,L,Polyester,Men,Winter
861ef8e4-b509-4789-b5af-c4ce3aec5c69,SKU002489,Red,XXXL,Denim,Women,Summer
601a4d99-73ab-4301-97d0-e00d7d1597f5,SKU002490,Red,S,Cotton,Men,Winter
07416026-38ad-45b9-89d1-c483f219c439,SKU002491,Green,XXL,Leather,Men,Winter
3bef0ff4-0938-4abd-95ea-de8fd6e99df9,SKU002492,Green,L,Polyester,Men,Summer
6cccf48d-668c-4c5a-9ec4-0d525a6dde1c,SKU002493,Black,L,Cotton,Women,Summer
0b478046-d13c-4cf6-88a2-a08dd2e63231,SKU002494,Red,XXXL,Denim,Men,Winter
ca45d5b1-c19c-490b-b78c-ff81760e4a24,SKU002495,Green,XL,Polyester,Women,Winter
1c23224f-487e-49e6-ab99-2227b2384369,SKU002496,Blue,L,Leather,Men,Winter
b1e77dde-3c56-4233-8738-404efd830cd1,SKU002497,Red,M,Polyester,Women,All Season
839fef0e-cafc-4f76-a133-c12f63a21d1c,SKU002498,Green,XS,Leather,Women,Winter
ed30c248-813a-432b-9e86-1b968a6cd09d,SKU002499,Red,XL,Leather,Women,Winter
60f8e748-281f-4b85-8ee8-67d569f6221d,SKU002500,Blue,M,Polyester,Men,All Season
16059827-c915-451c-81dd-f06f102169a6,SKU002501,White,XS,Denim,Men,Winter
9ac83dd3-3866-4e17-8abd-d5bce87c4ba9,SKU002502,Red,XXXL,Polyester,Women,All Season
b3ac3a40-e6be-4e80-87f0-e3f294df7970,SKU002503,Black,XL,Cotton,Women,All Season
53a7f8a2-7e46-4366-ae27-23fc8f1d48de,SKU002504,White,S,Cotton,Men,Summer
56cf24d9-69b1-4401-a895-2e3d8417f997,SKU002505,Black,XS,Denim,Women,Summer
8088a6e5-567b-4f13-9f52-3c14bdb4134f,SKU002506,Green,XL,Polyester,Women,Summer
34086f74-226a-42fe-b4ac-527ecdfd58b1,SKU002507,Blue,XS,Cotton,Men,Winter
b9382e2e-0808-47e3-8361-566e8718f1dc,SKU002508,Black,XXXL,Leather,Women,All Season
42ece2ba-bcf0-4c02-87be-962d060889ab,SKU002509,Red,L,Leather,Men,Summer
5cdb19a4-24ff-44b7-bc53-73526d50e3ea,SKU002510,Black,XL,Cotton,Men,Summer
412f395a-c73b-4887-b268-fb57612075c2,SKU002511,Blue,XXL,Polyester,Women,All Season
3d85260c-7998-4d5d-88a3-9159861cb8f4,SKU002512,White,XL,Denim,Women,Summer
2b68309f-6d05-46ff-8273-2ba2a3c04db9,SKU002513,Blue,XL,Polyester,Men,All Season
f96a6212-d82e-4c0c-8c53-8d7eb107f863,SKU002514,Blue,XS,Denim,Men,Summer
19fcbba1-93d3-494e-ad3c-53db5890cd3b,SKU002515,Blue,S,Cotton,Men,Winter
557c60db-440c-4831-8a1b-e55e3810df7b,SKU002516,Blue,XXL,Leather,Men,Summer
4a799159-136b-4d31-bde5-bf3ce3e6eed2,SKU002517,White,XL,Cotton,Men,All Season
bfb8ea39-9ca9-4825-b301-67f231f9c23c,SKU002518,Black,S,Cotton,Women,Summer
dca5b530-b8c0-41b2-853d-5301fb191117,SKU002519,Green,S,Polyester,Men,Summer
102a6c2b-d7de-4e35-8558-643edb2f75bd,SKU002520,Blue,XXL,Leather,Men,Summer
d8f05021-e121-4ec6-b061-4f3e8a88dd5b,SKU002521,Black,XXXL,Polyester,Men,Winter
8ebeb9ef-9bae-45e3-8b18-fa93d24532ff,SKU002522,Black,S,Leather,Men,All Season
44d8f4da-c3e3-4da5-aaeb-77f8e99d680b,SKU002523,Red,XS,Cotton,Men,All Season
fee5ffca-7ef2-4ad1-bd8f-47b84e6a44c2,SKU002524,Blue,M,Cotton,Women,Winter
ebaae6ec-6e6c-43cf-a126-865a8816ce54,SKU002525,White,XS,Polyester,Women,Summer
edc914b6-9a66-420b-a490-ee1ca5bc2910,SKU002526,White,XXXL,Leather,Men,Winter
cb189834-990e-49c9-b67e-98a80183f4c9,SKU002527,White,XXXL,Leather,Women,Summer
c1bc6a7e-685f-4ff6-9ec4-7674422f9345,SKU002528,Red,L,Denim,Women,Summer
66ef6283-2d36-4f1d-a534-5b656b7f7e05,SKU002529,White,S,Polyester,Men,Winter
e4bc3d52-28a5-4e4b-923c-0807765cc398,SKU002530,White,M,Cotton,Men,Winter
406da155-f57a-435f-bc6c-9b021d5d5152,SKU002531,Black,L,Leather,Men,Summer
a26b0735-7c66-41fe-87b2-97de77fc9cc5,SKU002532,White,XXXL,Leather,Women,Summer
1047f8e8-b787-41f6-8f09-a6280f51d8c0,SKU002533,Green,XXXL,Denim,Women,All Season
8a8daf16-15fd-4dc6-b024-5d3b60c259b5,SKU002534,Black,XL,Polyester,Women,Winter
24390bb9-1033-4a0a-8927-f6a0060089c3,SKU002535,Blue,S,Polyester,Men,Winter
eea8f33b-7b95-4cf3-aa16-f92840f51d35,SKU002536,Blue,L,Cotton,Men,Winter
e37bb3e9-465e-4313-ab5e-b254b9bbbcc3,SKU002537,Blue,XS,Denim,Men,Summer
1317935f-8420-44c4-9c4d-144b6ff735a8,SKU002538,Blue,L,Leather,Women,Winter
96175e43-3fe5-4a32-b53c-64499c14c570,SKU002539,Green,M,Leather,Men,Winter
d177134e-5e52-4f37-84c3-e81ad46ba017,SKU002540,White,XXL,Denim,Men,All Season
3a0f4669-c59b-4f38-99bb-8d08b0800872,SKU002541,Red,XS,Cotton,Men,Summer
9803bf7a-e886-4c2e-a217-e8469c5e9a37,SKU002542,White,M,Polyester,Women,Winter
6ead66c5-6a17-4713-a926-beff8d5afc20,SKU002543,Blue,XXXL,Polyester,Women,Summer
b60f2ebf-4ab4-4b95-b328-e81555605833,SKU002544,Red,XL,Leather,Women,Summer
69de4fcb-005d-4bd4-a834-0d2a3257e9d9,SKU002545,Blue,M,Denim,Men,Summer
08d84a05-d1f4-45f3-8fa7-97b3349a30a3,SKU002546,Green,S,Denim,Women,Summer
d717c703-5587-40ec-9a5e-825d334d5e50,SKU002547,Red,XXL,Leather,Men,Summer
02ad9b86-a471-41c9-93bd-9405bad8a274,SKU002548,White,XXXL,Polyester,Men,All Season
1b92c6bb-7797-4e65-aa06-f764fdd8bbc2,SKU002549,White,XS,Cotton,Women,Winter
506b16ee-b81e-460d-a7de-6e7ea1167a83,SKU002550,Red,L,Denim,Men,All Season
466cc1a8-9288-4a16-a3fe-7d0189321158,SKU002551,Blue,XXXL,Denim,Men,All Season
52d5ff24-a1c8-4ae2-b65a-c6c1b95feaad,SKU002552,Green,XXXL,Cotton,Women,Summer
477261ef-44d2-4169-8790-28d5c3305ea0,SKU002553,Blue,M,Leather,Women,All Season
6477dece-9cba-4cd7-b106-4c681f4af28a,SKU002554,White,XL,Leather,Women,All Season
206c49f3-4910-4b21-bdca-9177d254cc1a,SKU002555,Green,XXL,Polyester,Men,Winter
0252986d-18ce-4f3a-afe8-fd34ace68ce7,SKU002556,Red,L,Leather,Women,All Season
a00dbd74-9c15-4680-968f-84a5f7b04d9b,SKU002557,Red,XXL,Leather,Women,Summer
3db47b83-ba31-4be6-b8d0-68040443c72f,SKU002558,Green,XXL,Cotton,Women,Summer
bb350e96-efa1-4a29-a6df-2f66c6dc75d6,SKU002559,Green,XXXL,Denim,Men,Summer
09a41303-9921-4ee1-bd40-78946e294147,SKU002560,Green,L,Leather,Men,All Season
63561750-f59d-4061-9347-3e8587e1096d,SKU002561,Blue,XXL,Cotton,Men,Summer
db451cd8-5fd6-4069-ab13-6ed829046d09,SKU002562,Black,XXXL,Denim,Women,Summer
b1356bbb-252e-4f55-a6fa-3422da85e107,SKU002563,Black,XXL,Denim,Men,All Season
947a495c-b3f8-4a30-ad25-fe8114fbaf20,SKU002564,Green,M,Polyester,Women,Winter
e33ab973-7a59-4b86-a0b8-cb5b4ead3b65,SKU002565,Blue,S,Polyester,Women,All Season
1e5f3d77-3a79-4922-b0f4-5b03cc031d26,SKU002566,White,M,Leather,Men,Summer
76c55305-1e54-47df-9eec-1c746bcd3971,SKU002567,Green,M,Cotton,Men,All Season
55107fb6-f843-4095-87c4-e53d92ce50d5,SKU002568,Black,XXL,Leather,Women,Summer
1f08f753-3f3a-4e45-b469-738fe051adae,SKU002569,Blue,M,Denim,Women,Summer
cb41e96a-3875-4536-91ea-fe678bf809a6,SKU002570,Black,S,Leather,Men,Winter
1bc1e2c9-8b05-48d2-95a7-58334491c9c8,SKU002571,Black,XL,Leather,Women,All Season
6bc1ee93-286c-448b-befa-7b81318b5605,SKU002572,Black,L,Leather,Men,All Season
b78ed82e-b073-44e9-a7f5-d31f1a4ba9a6,SKU002573,Red,XXXL,Cotton,Women,Winter
33ff3bb9-dbc9-4020-9f8c-8f0c4b885873,SKU002574,Blue,S,Cotton,Women,Summer
69419f64-b09e-4bbb-82e6-6ec14b83e0bb,SKU002575,White,XS,Cotton,Women,Summer
8a2fa929-cc9a-4630-9629-25650164bc08,SKU002576,Black,M,Leather,Women,Summer
9a77aaf1-ba5e-42c1-bbca-fab56ac3e708,SKU002577,Green,XXXL,Cotton,Women,All Season
df4ad03e-1387-4083-9bc5-124c3439d13f,SKU002578,White,L,Polyester,Women,Summer
755444da-65c6-42a5-a6f9-0b33586c82cb,SKU002579,Black,XS,Leather,Women,All Season
941c54a5-c27b-493c-8879-a515410dc833,SKU002580,Green,XL,Denim,Men,Winter
c4de3dc9-a6ec-4822-9ad5-d437913dd97f,SKU002581,Blue,XXL,Leather,Women,All Season
29dfd722-6a2a-461c-bc24-6e3e33629658,SKU002582,Black,S,Denim,Men,Summer
bc3ff988-8484-424a-8aa7-3a60030ddf05,SKU002583,Black,S,Denim,Women,Winter
95d22908-4e72-4370-bb8e-6586273a90fa,SKU002584,Green,XXXL,Denim,Men,Summer
eed42a91-b1b4-481a-8e2c-4fcde7d20ce4,SKU002585,Black,S,Polyester,Men,All Season
037f791b-dbd6-4ff1-b9e0-dad8993ff402,SKU002586,Black,S,Polyester,Women,Winter
c0639507-b4d7-4a48-b8b4-8e6a754bce64,SKU002587,Black,L,Cotton,Women,Summer
3f5451e0-d488-4dbb-9de1-53277e6421d1,SKU002588,Black,XXL,Leather,Men,All Season
ad17553a-8cc1-43b5-91a1-14914eec1137,SKU002589,Green,S,Cotton,Men,Summer
2174235e-d4bb-4ac7-9785-dcb6ee9a1365,SKU002590,Blue,XL,Leather,Women,All Season
51cabe33-dd3a-400f-8ac1-5845daf3f2cd,SKU002591,Black,L,Denim,Men,All Season
771872bf-e891-41be-b733-64b298f452f5,SKU002592,White,XXL,Polyester,Women,Summer
5aea6da5-e824-419b-8c8a-246ca12a023b,SKU002593,Green,XS,Leather,Women,Winter
f110927b-cc48-4c49-a97f-1eabce933218,SKU002594,White,XS,Cotton,Men,Winter
8ede94c4-6ca4-48d2-958b-28c82d426566,SKU002595,Red,XXXL,Leather,Men,All Season
a6b1a083-55ad-4ca7-b8fb-56d890de41ad,SKU002596,Blue,S,Cotton,Men,Summer
aa38cc7e-4453-4e95-b60a-67a31a942b91,SKU002597,White,XS,Denim,Women,All Season
cc61db34-c1ad-4ca7-94c4-0c427634271e,SKU002598,Blue,XS,Leather,Women,Summer
d19b88f6-feb9-4efa-8104-9a12e2eb9d0d,SKU002599,Blue,L,Cotton,Women,All Season
d88ad9f7-406a-4860-b36c-952448bc91af,SKU002600,Red,XXL,Denim,Women,Winter
190088db-cf62-4be9-961f-ffbd0d7cd4ba,SKU002601,Blue,XL,Polyester,Women,Winter
37e871cb-a0a4-45ec-8274-fb5aae914372,SKU002602,Blue,S,Polyester,Men,All Season
5093b53c-ef73-4716-93ea-f36c194f5ecb,SKU002603,Red,XXXL,Polyester,Men,Winter
7a51ac97-55f8-4d48-8a5f-ca06c18687ee,SKU002604,Black,XL,Denim,Women,Summer
f488c886-23cc-45f5-95b6-2873a9cbec9e,SKU002605,Red,XS,Cotton,Men,Summer
7c196546-5025-4666-8fe5-2e821a59e1ca,SKU002606,Green,L,Cotton,Men,Summer
93a3de6f-0b40-49cf-8946-a13f13ac14ee,SKU002607,Black,XXL,Cotton,Women,Summer
cccdb790-d069-40b0-9e51-5ca9359a6994,SKU002608,Red,XL,Denim,Women,All Season
e8cc20ad-b458-45c9-ba14-c703ad8fdb60,SKU002609,Green,XXXL,Cotton,Women,Summer
e5a0cad8-a743-4daa-ba45-aacc285518f9,SKU002610,Blue,XS,Cotton,Women,All Season
8c34e24a-05a4-47e1-a69c-d3497a51e260,SKU002611,White,S,Cotton,Men,All Season
1dd75238-1986-4a9d-b7a4-8c63b0912fe6,SKU002612,Red,XS,Polyester,Men,Winter
8b5d39d4-2de2-46ed-b877-6af1b0dd2aa2,SKU002613,Green,XL,Polyester,Men,All Season
06ec7c9e-67bf-4ff0-a629-f03205d2fa7c,SKU002614,Red,L,Cotton,Women,Summer
e46e990a-72ae-494f-9a88-b53051ffcee1,SKU002615,Red,L,Polyester,Men,Summer
515d3a88-22de-425e-b77f-ea126a616ca5,SKU002616,Blue,M,Leather,Men,Winter
db18e4c8-3e72-4478-9d07-7bed96a7f5fc,SKU002617,White,XS,Cotton,Men,All Season
dc0cc50f-b38d-44f0-8d3e-92dad00a92dd,SKU002618,White,M,Denim,Men,All Season
8da1393e-a2a8-45f5-8ef2-87be91bcf4fd,SKU002619,Black,XXXL,Denim,Women,Summer
b3802ce6-c1c5-4f0f-9ad5-a6d2ec2e3124,SKU002620,Black,L,Polyester,Women,All Season
a5971cf9-5831-4d28-b519-35c1e02a3929,SKU002621,White,M,Polyester,Men,All Season
71ab98ee-669b-47d8-bea4-743935e668f2,SKU002622,Blue,XS,Leather,Men,Summer
1f14611c-5205-467f-b2dc-f26a3cb7fc0c,SKU002623,Blue,XXL,Leather,Men,All Season
d10c3f44-6ff0-4887-adb2-4b4eacff991c,SKU002624,Green,S,Denim,Women,Summer
beec21f5-d4ce-422b-b304-56c8bed14d19,SKU002625,Red,XL,Cotton,Women,All Season
ff85879b-1571-49c1-bd84-ee355e9038e8,SKU002626,White,XXXL,Cotton,Men,Summer
bb67f1e2-7f6c-44cb-9a68-0552297fe073,SKU002627,White,XL,Cotton,Men,Summer
fdab3dca-160b-413f-a1ee-1b1109ab5123,SKU002628,White,M,Polyester,Women,All Season
d72999d7-7d82-4762-9906-35769055250c,SKU002629,White,S,Polyester,Men,Winter
cb811b6c-caf7-4b5c-a9d0-a4325c2a1337,SKU002630,Green,M,Polyester,Women,Winter
9679bcb4-54f4-4f44-93c6-e963a7446582,SKU002631,White,XS,Polyester,Women,All Season
630ef3f7-52c8-46ee-92ac-f9fd85ff09e5,SKU002632,White,XXL,Polyester,Men,Summer
3161f7aa-88fa-4490-a791-800360b83cc8,SKU002633,Blue,M,Polyester,Men,All Season
85562478-c6f3-4cf7-8991-8c787dbef437,SKU002634,White,XXL,Polyester,Men,Summer
928c1fae-3c19-435b-9366-da0de79835d8,SKU002635,Black,XXL,Cotton,Women,Winter
35353783-6ebb-46c0-a387-1d036f14b1c0,SKU002636,Red,L,Leather,Women,Summer
4a8aeef1-0035-46de-80ab-460dee3a00e2,SKU002637,Black,XXL,Denim,Men,Summer
bc9eb253-0492-4166-8380-a3f92433393c,SKU002638,Red,M,Polyester,Men,Summer
5cf7a7c8-8ad0-4134-85f0-2054a21b1254,SKU002639,Green,XS,Denim,Men,All Season
4f7381c5-e28c-45c6-bb1d-d9521c632d37,SKU002640,Green,XXXL,Denim,Men,Winter
0d0ccff3-2511-45e2-9362-ad1e6bef7b2d,SKU002641,Red,XL,Cotton,Men,Winter
9a28f68d-ba82-41f9-9450-df2b3364fb89,SKU002642,Blue,L,Cotton,Women,Winter
43b48a08-23be-448a-8e3e-f3e77a0d4507,SKU002643,Black,XXXL,Denim,Women,All Season
c1c5e4a6-ffce-4464-9ee9-c6fe846166fd,SKU002644,Green,XL,Cotton,Men,Winter
df81d132-fe01-4627-ad1e-aaacd2b967db,SKU002645,Green,S,Denim,Men,Winter
c83419b4-a8db-4ecc-a071-0b4138b0383b,SKU002646,Black,XXXL,Denim,Women,Summer
ddbdc05c-3a9b-4382-9e9f-66eaa2c9e3b5,SKU002647,Black,XL,Polyester,Women,Winter
b4c0071d-1603-48ea-bfc3-1d1aad6ec2b5,SKU002648,Red,M,Cotton,Women,Summer
fea5abbf-dab9-4fde-a664-8c71e253a22d,SKU002649,Black,M,Denim,Men,Winter
85ed5590-4b4b-41ca-ba47-1d8355c1a594,SKU002650,White,L,Denim,Women,All Season
33abf80b-661e-4887-bbc5-6d800e899101,SKU002651,Red,XS,Polyester,Men,Summer
c8d11dc6-04f1-4715-9557-4213137d56d9,SKU002652,Blue,XXL,Cotton,Women,All Season
a6f1144b-eff6-416d-a509-304990522475,SKU002653,White,XXL,Leather,Men,All Season
55fa07f6-589b-4187-923d-a9a12c05f495,SKU002654,Green,S,Cotton,Women,Winter
f50905da-ea0a-4e2a-8ffb-584161577c04,SKU002655,Blue,XXXL,Denim,Women,All Season
6cb873cb-477b-4881-a179-65218653f825,SKU002656,Red,M,Denim,Men,Winter
990199d2-387e-4d99-85b1-048f4ecc165c,SKU002657,Red,XXL,Cotton,Women,Winter
0adf2980-c171-48f3-9ee5-fe9f4fa29fa8,SKU002658,Blue,M,Denim,Men,All Season
f107d036-027a-446e-963c-b88a6a182365,SKU002659,White,XXL,Polyester,Men,All Season
e7c0be18-a3b5-47a6-a3d1-ecefbffe389c,SKU002660,White,L,Polyester,Women,Winter
3cf7b445-8c0b-4835-ba84-7869011bc14c,SKU002661,White,XL,Polyester,Women,All Season
bee011eb-53d4-4d27-919c-331c25d6e396,SKU002662,White,S,Cotton,Women,Summer
d6d2b105-6cd3-466d-b262-da467a1bd100,SKU002663,Green,XL,Cotton,Women,All Season
5bb19b68-f7b4-46de-9d62-2aa3404fbf48,SKU002664,White,XL,Cotton,Women,Winter
1f80549d-0e72-489c-8b14-509ce02d0e41,SKU002665,Black,XL,Leather,Women,All Season
f701ac5c-5d5b-4552-8e7c-a285e43ef56b,SKU002666,Red,S,Denim,Men,All Season
1ac37769-b41b-46da-b112-8066894fcd37,SKU002667,Red,XL,Polyester,Men,All Season
be6a0d20-b805-46fb-8bd0-82b1aa41c314,SKU002668,Red,XXXL,Leather,Women,Winter
91cbcb64-86d3-4bbe-b006-b841febd5618,SKU002669,Green,XL,Polyester,Women,Summer
79c6b949-12ef-4f5f-9466-f1f30147dd02,SKU002670,Black,XS,Cotton,Women,Winter
632da481-afd9-48eb-b6e8-e0373d2fd7fd,SKU002671,White,XL,Polyester,Women,Winter
b69b6b3a-d73f-42d6-8931-a09f80cba51f,SKU002672,White,XXL,Denim,Men,All Season
2e364b42-4d4a-4547-8d55-96dde6b9ccd6,SKU002673,White,XS,Polyester,Women,Summer
583ceebe-1b9f-4017-8fe0-010c651b21c9,SKU002674,Green,XS,Cotton,Men,All Season
04d205d0-c737-42ad-a389-58b2d302201d,SKU002675,Black,XL,Cotton,Women,Summer
d91b0248-3c6d-4fd0-9002-f19cbbd82568,SKU002676,White,XS,Cotton,Men,Summer
e9e6d8fd-4be5-43e8-8819-365b75e58d6a,SKU002677,Red,XXXL,Cotton,Men,Winter
6b423c97-0b52-4a36-97ca-3e6008f8bcf9,SKU002678,Red,XS,Denim,Men,All Season
0a0c45a8-fe56-43d3-b19e-eef7da40790b,SKU002679,White,XXL,Cotton,Men,Summer
ca5abc7f-d918-4092-8456-656a60e883a6,SKU002680,Blue,XS,Polyester,Men,Summer
e4b9c23e-168f-420a-88b8-2be4d3572510,SKU002681,Blue,XXL,Denim,Men,All Season
d1b32957-6d2a-4295-8378-144dee86c0d6,SKU002682,Green,XXL,Polyester,Men,Winter
46a2e7e6-3a32-4a47-85cb-f2282a851fed,SKU002683,Blue,XL,Denim,Women,All Season
1e8ae294-3375-477a-bede-76228c9a6bbb,SKU002684,Black,S,Denim,Men,Summer
962126b9-97de-45f1-89ad-983c7a0c9612,SKU002685,Green,XXXL,Cotton,Women,Summer
ac73922b-4b0d-4873-9b85-e311100bd36f,SKU002686,White,L,Cotton,Men,All Season
f08b9b42-9dc5-4eb5-a1e9-40005f0474f4,SKU002687,Green,XL,Leather,Women,Winter
38a221ce-db45-4baa-ab1e-aeffaff121f3,SKU002688,Black,XL,Polyester,Women,All Season
a68d07a8-2a59-4577-adf3-1b1a645c6856,SKU002689,Blue,XXXL,Denim,Women,All Season
6af05231-cd5b-4541-97dd-37e056fe59eb,SKU002690,Blue,XXL,Denim,Men,Summer
483dbf1f-2703-476d-99fc-7aafaeef1c98,SKU002691,Blue,XXL,Polyester,Men,Winter
af94bfe4-e43a-464f-a2e3-37718b622c2a,SKU002692,Red,L,Cotton,Men,Winter
195db656-2a1f-4280-a620-c7b437cd87f5,SKU002693,Blue,S,Denim,Men,Winter
f165c89d-edc2-493e-9b60-d19cb50fe0e6,SKU002694,Black,L,Denim,Men,All Season
2b976ae7-f529-4651-b6ca-f15fab8d7052,SKU002695,Red,S,Polyester,Women,Summer
300532e8-29c6-43a0-b042-96fd73c846f4,SKU002696,Green,XXL,Denim,Women,Winter
f9f749f1-ddd4-410b-b8d5-8bbd060374a7,SKU002697,Blue,XXXL,Cotton,Men,Summer
46c170b5-d0f3-4626-bc8e-8776d9a39969,SKU002698,Green,XS,Leather,Men,Summer
b189c20a-d80a-40f6-aceb-e387feb17456,SKU002699,Red,XL,Leather,Men,Winter
2162e0ec-f9d8-4831-bb97-69d773e54804,SKU002700,Green,XL,Polyester,Men,Winter
bd9e4aa1-c926-421d-97b7-2db620cf3d3e,SKU002701,Green,S,Cotton,Women,All Season
cc6dec3c-b6b7-491c-b8ee-e426026d3bbc,SKU002702,Blue,L,Leather,Men,Winter
ba73fc74-4892-4605-8300-0e7fdd710e9b,SKU002703,Red,XL,Leather,Men,Winter
c7867f72-6741-494b-98e5-12ae09d0b8b6,SKU002704,Green,XXL,Denim,Women,Summer
2ec0eae3-8425-4a58-b323-907ed8b456f2,SKU002705,Red,L,Polyester,Men,Summer
c7c38854-9107-4071-8cb5-f1c43cf7bef2,SKU002706,Green,L,Cotton,Men,Summer
6f0f7e6c-2f0a-4e42-a371-d6a1b5660098,SKU002707,White,L,Leather,Men,Summer
04301641-bd91-4d60-973f-6184e023fbcf,SKU002708,White,XXL,Leather,Men,Winter
e3491fa6-4b0b-4873-8592-704efbf76ce5,SKU002709,Black,XS,Polyester,Men,Winter
8a520200-022b-426e-af56-c4a7f9cdca36,SKU002710,Green,XXL,Cotton,Women,All Season
2c126740-4d38-4f9c-bd2a-d940093fe782,SKU002711,Green,M,Leather,Women,All Season
4c5d02fb-c0fc-4556-a7da-e3dd6df0b3c5,SKU002712,Black,XXXL,Polyester,Women,Summer
4def1406-e138-4e9d-9030-72eb7c544022,SKU002713,Black,XXL,Polyester,Men,Summer
09bace90-1b4e-4efc-b1d5-686d49ce7108,SKU002714,Blue,S,Leather,Women,All Season
12cb6e91-5423-4e07-a466-bb036eec1479,SKU002715,Red,XL,Leather,Women,Winter
19ffff9f-13db-4bc6-8b37-efaff6cd9f4e,SKU002716,Green,XXXL,Polyester,Men,Winter
129c5a87-1a95-4b65-91ea-9e51ca882332,SKU002717,Green,XL,Leather,Men,All Season
2a0b95fb-847e-4fd4-80ea-526e646553c3,SKU002718,Blue,XXL,Cotton,Men,Summer
97bc6d80-ef49-46e6-b43d-4e6ec502e7a5,SKU002719,Blue,XXXL,Cotton,Men,Summer
93e66299-e567-432f-8b91-22b9feafdb16,SKU002720,Black,XXL,Cotton,Women,Winter
39f72668-7065-4c46-919d-b400f1d2b6c1,SKU002721,White,S,Cotton,Men,Winter
13114391-04bc-49ef-819a-f5cca12242d4,SKU002722,White,L,Denim,Women,Winter
4b148daf-f2cd-489e-8bd6-0a234adb04ff,SKU002723,Green,XXL,Denim,Women,Winter
01f0496d-f202-407d-91ca-11abc214c259,SKU002724,Black,XXXL,Leather,Men,All Season
2268d747-32a1-485d-b75a-fe3ae7d9ff80,SKU002725,Green,S,Cotton,Men,Winter
44968616-bc6b-4ddb-aa95-4654ac3dfae7,SKU002726,Blue,XS,Cotton,Women,All Season
bfadfa45-ed8f-4512-b31e-46d41c6eb598,SKU002727,Blue,XXL,Denim,Women,Winter
60aea7e3-d6dc-436b-9bbe-5f8f2f902b37,SKU002728,Black,XS,Denim,Women,Summer
a5a7f946-5e53-4651-807b-60561b740f76,SKU002729,Green,M,Cotton,Women,All Season
a0df58f2-3a37-4dfc-930a-802ddc597269,SKU002730,Red,XXL,Polyester,Men,Summer
bed08a58-30f1-46f5-93d7-cd6c9d3e61e0,SKU002731,Blue,XXL,Cotton,Men,Summer
7ce167c7-4384-4182-abc2-01074a5ab74a,SKU002732,Red,XS,Denim,Women,Summer
02fa1911-4467-443a-80ef-c52b215ec086,SKU002733,Black,S,Polyester,Women,All Season
6e8da222-9967-4a9b-8e48-651fc7a127bc,SKU002734,White,XXXL,Polyester,Men,Winter
d3776b32-fa9a-426d-bbd7-ac37784046ef,SKU002735,Black,XXL,Cotton,Men,Summer
e585428e-270c-4a7b-a48c-7e2123424603,SKU002736,Blue,XXXL,Denim,Men,Winter
a44b6cca-12cb-49bb-8729-edcd1cf0eb74,SKU002737,Green,XS,Denim,Women,All Season
67f0879e-ea00-4a07-809a-b7dc5d58fb2b,SKU002738,Green,S,Leather,Women,Summer
5b1ddeb5-0ce3-4c08-a036-5e536ff5b6bb,SKU002739,Blue,L,Denim,Men,Winter
0f8a5b18-8801-42ab-8023-abab2340c0f5,SKU002740,Green,XXXL,Denim,Men,All Season
f2cd3c41-853e-4490-9a7b-c0f2d4df1eb6,SKU002741,Green,XXXL,Cotton,Men,All Season
1753e6dd-6031-4959-86f5-3c930bd0e706,SKU002742,Green,M,Cotton,Men,Winter
4ad70907-028d-4f0f-82a5-92ce15a66295,SKU002743,Red,XS,Leather,Women,Winter
136dbe0a-5d43-4195-90f1-4c257bff4722,SKU002744,Black,L,Leather,Women,All Season
9ea8f200-ce26-4158-ae01-35d78ede2578,SKU002745,Blue,M,Leather,Women,Summer
0e6680ac-44bc-47d1-9b3d-384319c978cd,SKU002746,Blue,XL,Cotton,Women,Winter
790c251e-d3f4-449e-8d92-02dd39376a34,SKU002747,Blue,M,Cotton,Women,All Season
ba6a3d9d-9509-47fa-9a99-27dde75a5555,SKU002748,Red,XL,Cotton,Men,Summer
619906dc-3f29-4be3-92bd-dcfd38bab3f2,SKU002749,Green,XXXL,Leather,Men,All Season
4de36681-2628-4be5-afb0-f9393bb8cb3b,SKU002750,Red,L,Leather,Women,All Season
d384c719-db08-444d-9350-497a5173c366,SKU002751,White,M,Polyester,Women,Winter
971978a2-7ff7-4307-9aef-002520aec01e,SKU002752,White,XL,Polyester,Men,All Season
a79c68f2-42ef-46f7-8e60-52b96072ff05,SKU002753,Black,S,Denim,Women,All Season
34f11ad0-4070-49e3-93eb-e978d33f58ce,SKU002754,Green,S,Cotton,Men,Winter
53636131-750c-43ae-a361-f53c23d3bb3c,SKU002755,Black,S,Leather,Men,Summer
29c0c41e-b440-486c-81be-dd2513087d6d,SKU002756,Blue,XL,Leather,Women,Summer
b781e681-8f42-4692-ba66-059f447a5591,SKU002757,Black,M,Polyester,Men,All Season
b5cae86d-39bd-48c8-8478-3f081d190f56,SKU002758,Red,M,Denim,Men,Winter
f6fd936d-fc26-405d-9b17-681f607172f6,SKU002759,Black,XS,Polyester,Women,All Season
00914470-0ea3-464c-9c7e-5f73904bec96,SKU002760,Red,S,Denim,Women,All Season
165d1896-1aae-40a2-aaba-eb96e1cdf0f9,SKU002761,Black,L,Leather,Women,All Season
cf84acd2-af27-4d3e-a2ae-09a86b63a6a4,SKU002762,Red,XL,Cotton,Women,Winter
7a56dc4f-4954-4d02-bf26-6966bc604acd,SKU002763,Red,XXXL,Denim,Women,All Season
bcd4d5f8-de95-4e8d-b5e9-4ac0baf1859f,SKU002764,Red,M,Leather,Women,Winter
0bafe73b-7cf3-4c28-acd6-b6a0f2d7931e,SKU002765,White,M,Polyester,Women,Winter
4498b5cf-3377-47c8-9e80-04f90769e2bb,SKU002766,Red,XXL,Leather,Men,Winter
2be68278-7ed6-4140-8981-8482a066a489,SKU002767,Red,XL,Denim,Women,All Season
cdc04fe4-f554-4a50-af27-c8f77ffe2ff5,SKU002768,Blue,XXXL,Leather,Men,Summer
8b7250be-f609-40fa-8f68-872807ffcf06,SKU002769,Black,L,Leather,Women,All Season
6de66db9-f2df-4729-abd2-7566f54f095c,SKU002770,Black,XXXL,Polyester,Women,Summer
cfd64784-3bf9-4596-b336-21677b189bd9,SKU002771,Black,S,Polyester,Men,All Season
81b8501a-a9a4-4116-8c88-5650f1a9850c,SKU002772,Green,XXXL,Leather,Women,Winter
4da4ba44-385e-468f-a0ae-4955a7da0b1a,SKU002773,Green,M,Polyester,Men,Winter
74addd0c-89f0-41f6-8ee4-d7324cdb8a43,SKU002774,Black,S,Polyester,Men,Winter
c98c172a-901a-4386-8440-5759c0f39d2b,SKU002775,White,XS,Polyester,Women,All Season
1c200c9b-52ee-4a65-bb2f-29bcc9a104f2,SKU002776,White,S,Denim,Men,All Season
0d267975-e526-4881-8aa2-1f78c1c45cc0,SKU002777,White,S,Cotton,Women,All Season
6333a426-70e0-44c4-ac28-2a4dca77bc80,SKU002778,Black,L,Leather,Women,Summer
09818ca5-2dd2-46ff-bdef-be32f9770171,SKU002779,Red,XL,Leather,Women,Winter
c927e096-9644-407a-bd1c-c640d850673f,SKU002780,Green,XXL,Denim,Women,Winter
b03b0b8b-0cc7-488a-b05b-280107f9c4ee,SKU002781,Black,S,Denim,Women,All Season
a9287c81-ec7c-4a30-b887-c79e1928ba3a,SKU002782,Black,XL,Denim,Men,Summer
0632cb87-093b-4e05-8ad8-3a75793eea21,SKU002783,Red,XL,Polyester,Men,All Season
99e173be-83c0-4066-ad8f-70208346794f,SKU002784,Black,L,Leather,Women,Winter
1ae1b223-e0a7-44c4-a6ba-72a84a2240af,SKU002785,White,L,Cotton,Women,Winter
6b3a63fe-61e6-4ed2-a7a7-c9ce4cbb17ac,SKU002786,White,XXXL,Polyester,Women,Winter
3c006d8f-7d5d-4165-ba4c-9acd33500eea,SKU002787,Green,M,Leather,Women,Winter
56e099e3-17e8-4249-a85e-22bfb52e7635,SKU002788,Red,L,Polyester,Women,Winter
479d27a2-e00e-4fd7-93c3-b8a16ab8720f,SKU002789,White,S,Cotton,Men,Winter
170dd287-279a-46c8-bf74-71d1d3774c8a,SKU002790,Black,XXL,Cotton,Men,All Season
1f902dc4-9179-4c84-90d8-31b51787619d,SKU002791,White,XS,Denim,Men,Winter
a136202a-d756-42b4-9524-fa484c4300a0,SKU002792,Green,XL,Cotton,Women,Winter
c2b93876-92d5-4724-97d1-d55c358f33a7,SKU002793,Blue,M,Polyester,Women,Winter
5082710b-4472-4b2f-b282-ac6518448adb,SKU002794,White,XXL,Denim,Men,Summer
501ea1a0-ebda-4a59-afda-ee0fc198383e,SKU002795,Green,XL,Cotton,Men,Summer
a15493cc-2982-46c0-b28f-ea911ea5cd43,SKU002796,Red,L,Denim,Women,All Season
b46845af-5f09-45b1-9f49-1cb2dcdc147c,SKU002797,White,XXL,Denim,Men,Winter
af041ce0-edce-4a86-bed6-cb2385794ca7,SKU002798,Red,M,Polyester,Women,Summer
18d6f786-b0ac-48ee-8451-71e8df05922c,SKU002799,White,S,Denim,Women,Summer
8a2e786c-fbbb-4916-9f09-ac59d974931d,SKU002800,White,XS,Cotton,Women,Winter
ffe30ead-31ac-405e-935b-e41ad7c9e695,SKU002801,Green,XL,Polyester,Women,Winter
b0960935-3473-482e-92bb-7de85ed88f2c,SKU002802,White,L,Polyester,Men,Summer
4f4b3dee-d1d7-42d2-abfa-47d3c1db3f4d,SKU002803,Green,M,Denim,Men,Summer
6b71408b-6830-4e8c-bd39-9be8626c315d,SKU002804,Blue,L,Cotton,Women,Winter
4fe8d15d-fdce-4699-9686-0045801fbb33,SKU002805,Red,S,Cotton,Women,Summer
050140c1-880c-40fc-8af9-14b83e085dd9,SKU002806,White,XL,Polyester,Men,Winter
9b1b6125-1f37-4872-b0c3-82718e094804,SKU002807,Black,M,Leather,Men,Summer
58b957dd-d419-49ba-acc3-4135a5c4fc62,SKU002808,Red,XL,Polyester,Women,Summer
11534110-de7e-4c13-a287-e1f12cc4b40f,SKU002809,Green,L,Polyester,Men,All Season
9b28d176-32e2-4147-ace5-bd2f4dc9ad36,SKU002810,Red,XXXL,Leather,Women,Winter
65f86f35-afbc-422d-85d3-dd47812b78ea,SKU002811,Green,XXL,Cotton,Women,Winter
ee98d413-72f3-43e1-ab4b-4ecf80e40dfb,SKU002812,Red,M,Leather,Women,All Season
058f180a-2fe3-49e6-a57a-21e7d3d74eb5,SKU002813,Red,L,Cotton,Men,Winter
29de10f9-68f6-4d30-bd96-6c816bf2e27f,SKU002814,White,XXXL,Leather,Women,Summer
e978f20f-5e74-4714-9a5f-e5605ce49317,SKU002815,Black,S,Cotton,Women,Winter
d8548176-a5c2-4ac3-899f-438bd6c4143a,SKU002816,Black,S,Polyester,Men,Winter
3fed82dc-e1fb-4618-b687-ccc955705404,SKU002817,Black,XXXL,Denim,Men,Winter
0b3f91e3-a5d3-4a1d-8f09-c2c864609446,SKU002818,Red,S,Denim,Women,Summer
1cd1e564-e1ad-495b-a6eb-8825bf7d000e,SKU002819,Blue,S,Denim,Women,All Season
45d19286-9778-49c8-ab19-ff13bde2988e,SKU002820,Green,M,Cotton,Women,All Season
a303aa4c-6b38-426c-8f0e-5c7ef30b8af6,SKU002821,Red,L,Polyester,Men,Summer
29daa8f5-f3ef-48ff-8b9c-eb92d1f7beed,SKU002822,Blue,M,Denim,Women,Winter
7fe17e0a-67af-4a32-ac25-f1025b45a2fe,SKU002823,Green,XXXL,Leather,Women,All Season
b3d665f1-6889-4bed-8f06-52210b2782c4,SKU002824,Black,XS,Denim,Men,Summer
63633d21-040e-47d8-9f32-7152beba8837,SKU002825,Green,XXL,Leather,Women,Summer
a9f317d7-15e0-4458-9805-e87a2cd998ab,SKU002826,Black,S,Polyester,Men,Summer
532af85f-1191-4c57-8157-a4b1295b71b6,SKU002827,Red,XS,Denim,Men,All Season
d87e5e16-222b-4d67-ad77-ca6fd64b0a4e,SKU002828,White,XXXL,Cotton,Men,All Season
86746f8d-1845-4df5-8538-f59882c3a42e,SKU002829,Green,L,Denim,Men,All Season
0333c3b3-4b71-4bb9-800a-5d889b082de0,SKU002830,Green,M,Cotton,Men,All Season
a4803d21-45c4-4d44-8f9e-0fbd45b98c7d,SKU002831,Red,XXXL,Leather,Men,Summer
b85f1719-2ba7-4120-8326-e733242ed38e,SKU002832,Blue,XS,Denim,Women,All Season
ce351a0a-49a9-41ab-8588-d3e9bf5169fc,SKU002833,Blue,XL,Leather,Women,All Season
180bb53e-a2b2-4af7-b2e5-88fdb67164f9,SKU002834,Blue,L,Cotton,Women,Winter
59085698-564d-4479-afca-9088aff59bdf,SKU002835,Green,S,Leather,Women,Winter
bdca8848-a9ce-4734-91c6-e0e9837a4cbe,SKU002836,White,XXL,Polyester,Men,All Season
a000b0d7-c373-4ce9-8448-989079be1a0d,SKU002837,White,XXXL,Denim,Women,Winter
221ae273-de89-458c-b5d6-96d54e5401d8,SKU002838,Red,L,Denim,Women,All Season
c24e42a2-f8f7-42e8-b4f4-e0d75cccf16e,SKU002839,Black,S,Polyester,Women,Winter
a3c9edfb-2bf2-4eb6-a20b-e12a11469e08,SKU002840,Red,M,Leather,Men,All Season
bf6e7ab5-185b-4d74-ade3-a54808e0a159,SKU002841,White,XXL,Denim,Men,Summer
48697cb4-f380-4e5c-bcdf-e0a06b441483,SKU002842,Green,XS,Polyester,Women,All Season
e8c36e23-2992-4e3d-8764-24175b2bc188,SKU002843,Blue,L,Leather,Women,Winter
40a3c6d2-9d6b-44f7-8c3c-0f007dc76571,SKU002844,Red,XXL,Leather,Women,Summer
ac68d74f-a135-439b-938a-be071b07930d,SKU002845,Black,XXXL,Polyester,Men,Summer
98a9e3cd-526d-45b0-abf2-00ca2677d6ec,SKU002846,White,XXL,Polyester,Men,Summer
25abf54e-ce90-4cff-88a6-d1cd0353899c,SKU002847,White,S,Leather,Men,All Season
bb93554f-ac8a-4bdd-9f82-33e0354d403c,SKU002848,Red,XXL,Leather,Men,All Season
704a1011-49ff-4aef-a122-ed14296b1968,SKU002849,White,M,Leather,Women,All Season
d55351c7-f20e-441b-8b3c-ddac223316df,SKU002850,Green,M,Leather,Women,All Season
c46975af-270b-4171-ba7d-255deb4962a7,SKU002851,White,XXL,Polyester,Women,Winter
0c3e3879-9644-47ed-9e42-b913d478c056,SKU002852,Green,XS,Polyester,Men,Winter
c86500b4-353f-409d-99b9-9f878a1735fb,SKU002853,Black,XL,Denim,Women,All Season
1e43b58e-5fd2-4ed1-957e-9038e988885b,SKU002854,White,XXXL,Leather,Men,All Season
d7db4c67-95b8-49c5-a753-57c05c6ebdfc,SKU002855,Green,XS,Polyester,Men,All Season
e1638db6-1e91-4ee7-a213-62aba1104580,SKU002856,Green,XXL,Leather,Men,Winter
ac5cca56-4857-4170-a37d-216719aac76e,SKU002857,Green,L,Leather,Women,Summer
ddaac941-2c52-48c0-ba1e-09f71c9adbc6,SKU002858,Green,XXL,Cotton,Men,All Season
661307f9-a8d1-45f9-b48f-c7ba1ecb118b,SKU002859,Blue,XXXL,Cotton,Men,Summer
949042c0-706d-4274-a0fd-591f149702ff,SKU002860,Black,M,Cotton,Men,Winter
7cfeae57-76c8-4407-bf0b-74fb85bfb1d4,SKU002861,Red,XL,Leather,Women,Summer
3008a9d3-db16-4c96-bd24-360c4170b098,SKU002862,Red,L,Polyester,Men,Summer
73c3aaea-998b-4164-8cb5-84ec3fe5266b,SKU002863,White,S,Polyester,Men,Winter
6144da3c-b20d-4077-9542-db6065049932,SKU002864,Blue,XL,Polyester,Men,All Season
5ffb4e51-d7ec-4eab-bb89-45c66d8f2e15,SKU002865,Black,XXXL,Cotton,Men,Winter
f454cc1c-de8e-42db-98aa-669b330f737d,SKU002866,White,L,Leather,Women,All Season
35e1537c-ae6a-48e8-b728-36fd140e0357,SKU002867,Green,S,Denim,Men,Summer
f458a41d-cbb3-421b-97dd-a18ff1c4a49e,SKU002868,Blue,XL,Denim,Men,All Season
f157dbc8-e716-49ef-9ca6-0db6d7c8e7af,SKU002869,Blue,XXXL,Leather,Men,Winter
f0f5ac25-af64-4661-a5b8-03171196c5c8,SKU002870,Red,XXXL,Denim,Men,All Season
7d40bd6e-5e10-437e-9df4-c99ceaa37c6c,SKU002871,Blue,XXL,Leather,Men,Summer
b4f26595-4887-4e92-ad11-214f85dc4b84,SKU002872,Green,XXXL,Leather,Women,Winter
eb7b3a66-4b1e-436f-856e-da87cbcd09a1,SKU002873,Red,L,Polyester,Men,Summer
188a7fb1-ce8b-4169-a7bd-878f832ec584,SKU002874,Green,XXXL,Polyester,Women,Winter
e61ebff6-7e7d-4ca2-97b6-eed66f19b2da,SKU002875,Green,M,Denim,Women,Winter
729629c0-668a-4892-ad9e-0a47d7ae2572,SKU002876,Green,XXXL,Cotton,Men,All Season
0bc86c8b-6488-46a9-9b12-016d50553b85,SKU002877,Green,S,Cotton,Men,All Season
075098ee-f0ab-470d-9815-eda4bfd8f7bd,SKU002878,Green,XL,Polyester,Men,All Season
ede25071-f565-41fd-b7c7-e955b0677b03,SKU002879,Black,XS,Denim,Women,All Season
e879d10c-a98d-4dc3-be79-18f49ea5f39d,SKU002880,White,M,Polyester,Women,All Season
93c35657-2a15-43dc-8874-13744567975e,SKU002881,White,M,Leather,Women,Winter
5ee3d7e1-493d-4b68-9b07-708bc6ddba1b,SKU002882,Red,S,Polyester,Women,All Season
3f90f057-2c1a-490e-a406-679d8ec0c9fa,SKU002883,Red,L,Polyester,Women,Winter
c689afd7-c0b9-413e-95c1-963434460280,SKU002884,Red,XL,Leather,Women,Winter
7b6a81de-ba27-46bb-8fa4-9b9d8b000eeb,SKU002885,White,XXL,Leather,Women,Winter
35b3fc63-6546-455d-94d6-aa1381a9ee8b,SKU002886,White,XXL,Cotton,Men,Winter
6c4304c1-f975-4081-9b58-fc4923179c54,SKU002887,Green,L,Leather,Men,Summer
ce7a612c-562f-4401-8076-e524c5e47970,SKU002888,Blue,M,Polyester,Men,All Season
b94ce747-b4f2-487c-b6a8-d99dde21a1fe,SKU002889,Blue,L,Denim,Women,Summer
6a689936-2047-4a2e-861c-23a53869374e,SKU002890,Black,S,Polyester,Men,All Season
286eecd6-a832-41a8-8967-dde1c00377e4,SKU002891,Black,XXL,Denim,Men,Winter
4007a7f8-921d-4fa8-adc7-d8f2448ac7a4,SKU002892,Blue,XL,Leather,Men,Summer
fc7c2768-49a2-41f1-a050-df8d63479b50,SKU002893,Red,M,Polyester,Men,All Season
7c949a0d-55af-4ce3-b97c-ddc147e9377a,SKU002894,Black,XXL,Cotton,Men,Winter
776e5f00-e413-40b4-8c34-020c21edacbe,SKU002895,White,L,Denim,Men,Winter
7e7368a7-01c9-4357-85de-50e330c54870,SKU002896,Black,L,Cotton,Men,Summer
b0c95cac-6e9f-4d04-8704-5b0f85f91936,SKU002897,White,L,Leather,Men,Winter
262c6205-db13-45ba-a4c9-3ff885bad0fd,SKU002898,Green,XL,Denim,Women,All Season
b1eb2daf-3f8b-4958-bed8-e02079341884,SKU002899,Blue,XL,Leather,Men,All Season
2b9234cb-f797-4571-96c0-c703674299a6,SKU002900,Red,XXXL,Leather,Men,Summer
05c2e4ae-6554-4f84-88c2-dc7d70a12446,SKU002901,Red,XXXL,Denim,Men,Winter
a90480db-fd94-4a0a-bbd2-c53a78741aa0,SKU002902,Green,XXL,Cotton,Women,All Season
a27497a4-1a8a-41e9-873e-67b9061ff48d,SKU002903,Black,M,Cotton,Men,Winter
31b9a4b9-a028-4f1c-b6b6-c38a55931e76,SKU002904,Green,XXL,Leather,Men,Winter
af9218bd-d4d9-4fc4-9c3c-7537f5457d8f,SKU002905,Black,S,Leather,Women,All Season
ba431ca7-8c66-4887-bb0f-b75568b79c84,SKU002906,Black,S,Cotton,Men,Winter
179553ec-e63f-4608-a9d8-32dbe8df095b,SKU002907,Red,XXL,Cotton,Men,Summer
a62d3ff6-937b-4e42-852c-aa5c793271d0,SKU002908,Red,XS,Leather,Men,Summer
c7819b2f-e25b-4260-8c2c-203c8593f86a,SKU002909,Red,L,Leather,Women,Summer
e8286313-b711-40ab-8345-2b6957408f62,SKU002910,Green,XXL,Leather,Women,Summer
e03f3093-7123-42b2-a451-21329f498608,SKU002911,White,L,Polyester,Men,Summer
466024cb-daf2-45fc-9ed9-0b933364cef3,SKU002912,Red,XL,Denim,Women,All Season
a7c83a1f-e379-4c01-b588-19fcf27b890a,SKU002913,Blue,M,Cotton,Men,Summer
ba557715-e893-4a0f-99b1-58503c58597d,SKU002914,Blue,XXXL,Cotton,Women,All Season
a45f60dc-0e01-4ebf-a9f8-393ee381a8ed,SKU002915,White,XL,Cotton,Men,Winter
fab6e88c-ba19-4c11-9b18-7a545c5a41da,SKU002916,White,L,Polyester,Women,All Season
2f581d06-e653-4867-9866-da3de1fdd614,SKU002917,Green,L,Leather,Men,Winter
8e127c86-16ee-4d01-b6c1-1daa310d9aa7,SKU002918,Blue,L,Leather,Women,Winter
170a1d08-000d-4268-b9d7-6ad2237c6f61,SKU002919,Red,S,Leather,Men,Summer
825a0c55-298c-4208-92fb-27b9e4b8132e,SKU002920,Black,XL,Denim,Men,All Season
ab858287-e606-42aa-804b-dd5026269148,SKU002921,Blue,XL,Polyester,Women,All Season
894f3bcf-81c6-4b7b-8470-695dcb86ce33,SKU002922,Red,XS,Cotton,Women,Winter
4e25bcd5-b8f3-4f58-921f-7c843468ff84,SKU002923,Black,XXL,Cotton,Men,Winter
96e22851-b941-4941-9850-c33631a8393e,SKU002924,Green,XXXL,Cotton,Women,Summer
5dfe3c90-46ad-40c9-9553-3247ff4e2541,SKU002925,Red,XXL,Cotton,Men,Winter
3299f2fe-645a-49c9-bff8-f0c8d1526872,SKU002926,Blue,M,Polyester,Men,Summer
8c2ea551-b7f7-4bce-b156-95ee4918250f,SKU002927,Green,XL,Leather,Men,Winter
bf7f4b13-65ac-4f68-8afd-3a509beb3bd5,SKU002928,Blue,L,Leather,Men,All Season
d3e43da3-a964-4977-9a50-02915695918c,SKU002929,Green,XL,Polyester,Men,All Season
80491a00-fcc5-4cda-a173-f11df3c8e9e2,SKU002930,Blue,L,Leather,Women,Winter
0ea4212d-e353-4773-aa03-6247c2cd6971,SKU002931,White,XXXL,Polyester,Women,Summer
4c5a79f5-3cc6-4bf6-af29-fcb53901dd44,SKU002932,Blue,S,Denim,Women,All Season
7d5bae8a-19cb-4f46-a0c3-8e3c5dc59263,SKU002933,Black,L,Polyester,Women,Winter
21bfb971-a0f4-49e1-85f9-8021d9276389,SKU002934,Black,XXL,Denim,Women,Winter
b1f9693f-1853-41fc-95d0-77e5c47820d9,SKU002935,Green,M,Polyester,Women,Summer
f9107a34-4cf3-4570-b311-7f89bdc82ac2,SKU002936,Blue,M,Cotton,Men,Winter
42752d0d-3326-4aff-b2cc-d1aa0ff87067,SKU002937,Red,XXL,Polyester,Women,Winter
ed14df3f-463a-4b2f-a835-9bc1fc477315,SKU002938,Green,S,Leather,Women,Summer
5a9cd873-4e37-4c55-977a-5e35adceda9e,SKU002939,Green,M,Polyester,Women,Winter
917fe24e-7860-4f60-89bb-39adec0ce44c,SKU002940,White,XS,Leather,Men,Summer
0e185494-8593-41a7-8906-ddc7bd9d646a,SKU002941,Red,XXL,Cotton,Women,Summer
0ceba081-6629-46f2-afc8-3c395365e184,SKU002942,White,XXL,Cotton,Men,Winter
0490996c-0857-40e3-8650-f28951e630f3,SKU002943,Green,S,Leather,Men,Winter
56c88f95-0673-4ad0-a3fd-6bdfe6c11086,SKU002944,Green,XL,Leather,Women,Winter
f302478c-b16f-449c-83fc-3037f3a3c4ef,SKU002945,White,XL,Denim,Women,All Season
5b80c5b7-1934-4ab0-b207-4f8b8c7704de,SKU002946,White,XXXL,Leather,Women,Summer
03991041-ba47-4762-9b41-9aa4c4479bad,SKU002947,Black,M,Leather,Men,Winter
2a7cf722-332a-441b-a319-ffa4c1fa6226,SKU002948,White,XS,Leather,Women,Winter
29d68d44-ebbb-400d-9e9b-b9d35b470b05,SKU002949,White,M,Leather,Women,Summer
c3a9f3dc-6154-4800-b567-598cf15403f4,SKU002950,Blue,S,Leather,Men,All Season
9f8076f7-a4e2-4cc8-bfe8-22f717c1d1fe,SKU002951,White,M,Polyester,Men,Summer
9e3fa385-1b22-4d67-93d9-db408b05b5e2,SKU002952,White,M,Cotton,Men,Winter
18a71a70-0ad8-46af-87c4-5198f23c3cc7,SKU002953,Black,M,Denim,Women,Summer
969350bf-6536-41db-a60b-0f28f305bd23,SKU002954,Red,M,Denim,Men,Winter
51150b2e-98d7-4716-bd87-020cea807643,SKU002955,Blue,M,Polyester,Women,All Season
d25625ce-701d-47ea-b42f-ea89d08927eb,SKU002956,Red,XS,Denim,Women,Winter
0f7e7d65-6938-4c2b-b62f-95cd6febaea9,SKU002957,Blue,XS,Denim,Men,All Season
cebb7796-0a80-46d4-8c10-a3b911e34ff9,SKU002958,White,XXXL,Polyester,Men,Winter
8a24bd51-7e12-4e96-bde3-5ad76681d625,SKU002959,Red,XS,Cotton,Women,Summer
35ff7644-86e4-4786-8c54-2b6e7c2e7cd5,SKU002960,Green,S,Polyester,Women,Winter
66107fbd-56b9-4548-8749-5b2ec5229e44,SKU002961,White,XL,Leather,Women,All Season
0d8dafdc-26e0-4df2-a8a7-057faaabdde3,SKU002962,White,XXL,Denim,Women,Winter
ebdde7e0-3d6a-4d2f-a263-7308dc90ab99,SKU002963,Red,L,Cotton,Men,All Season
e53bcae5-88d7-443a-86ac-23e518b42fa7,SKU002964,White,XS,Cotton,Women,All Season
7773a3fe-ee7d-4a03-bb16-5e4b63922344,SKU002965,Green,M,Leather,Men,All Season
8461162d-ae66-4b83-b874-b7317485ee5a,SKU002966,Black,XXXL,Cotton,Men,Summer
aade2ded-0acf-4ead-a762-6951c52c1bc0,SKU002967,Black,M,Cotton,Women,Winter
b26075fa-efa0-4045-a7de-aed061dd62f8,SKU002968,Red,XXXL,Denim,Men,All Season
ea505435-1353-45dc-979b-871bb26fc0f2,SKU002969,Red,M,Leather,Men,Winter
7b0a4384-d4b7-4647-930e-a7ec0c9dd70b,SKU002970,Black,S,Denim,Women,Winter
227a0d5d-5d1e-44db-b3f6-bc75244b87f2,SKU002971,Black,XXXL,Polyester,Men,Summer
17bb0e24-8584-492e-bafe-9bdac932a166,SKU002972,White,XS,Cotton,Men,Winter
d0dcbd4d-16c4-4944-b39a-690edf9c7689,SKU002973,Black,XS,Leather,Women,Winter
e08c887f-ba82-4c6c-9f33-4a7c6e5789ce,SKU002974,Black,XL,Denim,Men,Winter
06df4429-1b20-4b63-a7fb-9a71be01caab,SKU002975,Green,XXL,Leather,Women,All Season
f0c777db-8e48-4ed0-adb7-e21491f76b01,SKU002976,Blue,XXL,Cotton,Men,Winter
7af2d1ea-bb46-4597-a284-9431e9da79c7,SKU002977,White,XL,Leather,Women,All Season
d1b691d4-f20d-43b7-991b-1e058219eb3d,SKU002978,White,XS,Leather,Women,Summer
df40036b-7f11-4715-86d0-f329e10c82e2,SKU002979,White,XL,Polyester,Women,Winter
1ba2a93d-af8c-4de9-b476-a4a6db7f0c64,SKU002980,Black,XS,Cotton,Women,Winter
f3de93b3-3225-4142-9446-8caab5610b47,SKU002981,Blue,XXXL,Polyester,Men,Summer
f3856d7d-e9bd-4fbb-8dc4-d74cfe75c3b7,SKU002982,White,L,Denim,Women,Summer
14e898b3-cf27-46fe-a62d-dce3ada33d44,SKU002983,Blue,XS,Leather,Men,Summer
3aa827c2-f67e-43a8-a6ca-45af909614ac,SKU002984,Green,XXL,Cotton,Women,All Season
c45df6df-86c0-4ef6-af8e-902452585b19,SKU002985,Red,S,Denim,Men,Summer
b89ea61c-ba93-4330-995f-952e12226333,SKU002986,Blue,S,Cotton,Women,Summer
35ec025f-8d57-4ff3-b478-1176ad971d82,SKU002987,Black,XXL,Denim,Men,Winter
c4be9f14-5e6a-4e8a-8477-6ebd77930dbe,SKU002988,Blue,M,Denim,Women,Summer
943ab44e-9536-4876-a067-b4989666c94b,SKU002989,Black,L,Denim,Women,Summer
4fd3a38f-1b29-4837-bb1e-c62200e24fc1,SKU002990,White,XXL,Polyester,Women,All Season
fc18a3ca-496b-421f-b518-073bdefae8c8,SKU002991,Red,XXL,Cotton,Women,Winter
aa9d546a-9b8b-4d22-b623-ca62e5ede9b8,SKU002992,Blue,XS,Polyester,Men,Winter
12a5e666-1d9d-4bf8-b7d2-8124faf02f19,SKU002993,Blue,XXXL,Polyester,Men,All Season
e94b6e24-0b51-4f32-95d9-dc114b2c7069,SKU002994,Blue,XXL,Leather,Women,All Season
85c4e93b-b1ee-4706-8afa-942f9c0d384f,SKU002995,Red,XL,Cotton,Men,Summer
f04ccbd2-aa96-4753-9290-f7f49e9b3de9,SKU002996,Blue,XXL,Cotton,Men,Winter
bd42a622-1be9-460e-968c-5cf2132ef11d,SKU002997,Green,XXXL,Leather,Men,Winter
7d6d74a2-d28a-4e34-81f2-3425b5533bda,SKU002998,White,S,Leather,Men,All Season
c2389c72-1b53-414d-9c42-8ec5838040cc,SKU002999,Green,S,Polyester,Women,All Season
e1431e7e-f65d-4864-ab12-9370bc2f25db,SKU003000,White,L,Denim,Men,Winter
f482f1b0-0219-49b2-9e33-0f5023b8f4af,SKU003001,Blue,S,Leather,Men,Winter
e457e00d-2617-45fc-8910-95b22440c1f0,SKU003002,Red,XXL,Polyester,Men,Winter
bd71dbf4-64e4-45e7-b330-c7068e6ec8f4,SKU003003,White,S,Polyester,Women,All Season
99ce6185-0159-4cb1-8dc9-dac8c63a6667,SKU003004,Green,S,Leather,Men,All Season
9a253a2f-dd6e-4041-b2e9-a6eab801f138,SKU003005,Green,M,Polyester,Women,All Season
247506b8-5f84-4791-b5d4-97e8ec6c71c4,SKU003006,Red,XS,Leather,Women,Summer
e66fb00a-53b6-40d5-8e1c-84e1a0cf704b,SKU003007,Black,XS,Leather,Men,Summer
ac71d44e-19cf-452d-8ffb-192fbf9c1790,SKU003008,Blue,L,Cotton,Women,All Season
7f878d23-d2c4-4f35-8197-8d0e2a081a9c,SKU003009,White,XS,Denim,Women,Winter
9b0bb053-3b7a-4e93-9547-4093c46669b6,SKU003010,Blue,M,Cotton,Men,Winter
8172a3dd-9ae7-426d-bce3-82afbc2e1da5,SKU003011,Green,XL,Cotton,Women,All Season
81fad32b-4f20-4ad6-bf97-e0a295165fc6,SKU003012,Green,XS,Leather,Men,All Season
c62e4e11-e029-481d-8af2-929f5e7ff231,SKU003013,White,XL,Polyester,Men,Summer
add81a99-b99c-4181-bafa-c730d78ec914,SKU003014,Black,S,Polyester,Women,All Season
e1573d67-55da-46b0-ad38-bf7d6d9125ad,SKU003015,Black,XXL,Denim,Men,Winter
e46c500d-7204-4944-8129-1fc18add79ca,SKU003016,Red,XS,Denim,Men,Winter
e4055f88-f77d-4694-a609-b5f406e02837,SKU003017,Green,L,Cotton,Men,All Season
3ad7e584-b6d6-47c2-933d-4b732b3522bc,SKU003018,Black,M,Polyester,Men,All Season
70b09d84-1d41-4e0c-ac87-93a870abc78f,SKU003019,Black,XL,Cotton,Men,Winter
2f0c301c-7437-4cb1-90fc-72056afaa8f1,SKU003020,White,XL,Denim,Women,Summer
6e36e71d-a9e8-4842-8098-148e5b2a3a84,SKU003021,Green,L,Leather,Men,Winter
b2407ad5-0726-453b-a6e0-672f627df3bc,SKU003022,Green,M,Cotton,Men,Summer
59e57b6d-948d-4446-82b3-1ae85da243dd,SKU003023,Red,M,Denim,Men,Summer
4ab3edbf-fb5a-4f2c-8960-a28901d27779,SKU003024,Red,XL,Polyester,Men,Summer
fdfa3fe1-a147-4a84-8835-00d97305f17e,SKU003025,Blue,S,Denim,Men,Winter
d02a596d-851e-47f5-9cd7-45dcf07f221d,SKU003026,Red,XXXL,Cotton,Women,Winter
66bcf633-882b-4aca-980d-8d2fb9dc278d,SKU003027,Red,S,Denim,Men,All Season
3d894f52-376a-4ffa-bff0-9a97df4af0a8,SKU003028,Black,S,Cotton,Men,Winter
08c16cfa-2341-42ea-86ae-c4c99bf6ff60,SKU003029,Red,XS,Leather,Women,Winter
abe4d325-0d06-4090-904e-d964a9374ae4,SKU003030,White,M,Cotton,Men,All Season
d39e7d7d-54d5-4c76-a1ba-7b13eff299ab,SKU003031,Blue,XS,Denim,Men,Winter
c83f9109-0208-4b99-99bd-0624c4a26492,SKU003032,Blue,XS,Denim,Women,Summer
4d8e8de4-012a-44b7-a91c-79a4dce20c92,SKU003033,White,XL,Leather,Men,All Season
9d13fbb4-f852-4e77-9730-a5c37b80f785,SKU003034,Black,XS,Cotton,Women,All Season
707fa73a-46cc-4af1-bf63-6c4369696797,SKU003035,White,XS,Cotton,Women,Summer
3458d11d-d69d-48b1-8af4-eeb31b263adf,SKU003036,Green,XL,Polyester,Men,Winter
923868c1-962c-4402-9f2d-a449fa173248,SKU003037,White,S,Polyester,Women,Summer
0fd308ad-df30-4228-9345-193e46993203,SKU003038,White,L,Cotton,Women,Summer
9be1890f-a1aa-44f2-995b-444ace115fc3,SKU003039,Black,XXL,Cotton,Men,All Season
b6f9c4dd-a337-45fb-8b56-d9f67c11fc2e,SKU003040,Blue,XL,Leather,Women,Winter
5ff4bf2c-de98-41df-aeac-68a232be8aa5,SKU003041,Black,XXL,Leather,Women,Summer
6f1742cd-d1f3-4f2d-b4f8-a796dee19ac0,SKU003042,Red,XXXL,Leather,Women,All Season
ee1d2f5d-4178-4857-917b-c5f6fffe9511,SKU003043,White,XL,Cotton,Men,Winter
4f99cc28-a2b5-4d10-b058-633b19ad7a98,SKU003044,Black,L,Leather,Men,Summer
2d1bf286-70ea-46c2-909b-ae827769af06,SKU003045,Black,XS,Denim,Women,Winter
00026b7b-44e9-4954-80d9-5c02c8aaef52,SKU003046,Blue,M,Polyester,Men,Winter
0a4e8cfc-5574-40f0-9a1b-11f88944d31c,SKU003047,Red,S,Leather,Women,Winter
14297943-2264-4149-8b49-30fcce57814e,SKU003048,Red,XL,Leather,Men,Summer
ef219704-6184-4c9a-8e41-3df43fe16706,SKU003049,Black,XS,Cotton,Women,All Season
3894a3a5-bfea-48bf-9515-338d8ccd2621,SKU003050,Red,XXXL,Cotton,Women,All Season
81707563-e44d-4782-be56-1e5b6e6ec824,SKU003051,White,XXL,Denim,Men,Summer
4914530b-8051-49b4-b45d-3f34f2a662f7,SKU003052,Black,M,Denim,Women,Winter
5af0137a-04ce-40bc-93d6-1e6ff3510ca6,SKU003053,White,L,Leather,Men,Winter
6f2a8c22-46fd-4459-92ac-dde9a75b138f,SKU003054,Green,S,Polyester,Men,All Season
c5e7280d-e36a-49b1-b116-5db5345bc592,SKU003055,White,XXXL,Polyester,Women,Winter
fb6fbfb4-105f-4f54-aafd-99e50a7c07be,SKU003056,Green,S,Denim,Men,Summer
ff69d567-07f9-46aa-bcf6-1b4a99f5bddb,SKU003057,Green,M,Cotton,Women,Winter
0fa92b79-fead-403f-8424-f771695fba6e,SKU003058,Green,XS,Cotton,Women,Summer
31f3fc63-3802-46a6-903f-ead476079d56,SKU003059,White,S,Polyester,Women,Summer
e2d860e1-b780-4f28-abcf-a048ea3c57ab,SKU003060,Blue,XXXL,Denim,Men,Winter
ef2fba74-63df-4abd-b3a3-5be24f4e9fbf,SKU003061,White,L,Denim,Men,All Season
7d9ca377-70d7-479a-9aeb-23fa9a4a65d0,SKU003062,White,XS,Polyester,Women,All Season
37c14bc0-aae4-4572-9f59-2e4298afe732,SKU003063,Black,XS,Denim,Men,Summer
72937115-7b64-46b8-af4b-f95084980070,SKU003064,Red,S,Polyester,Women,Winter
d27f0042-a23f-4642-9750-9620057d6ca7,SKU003065,Red,L,Leather,Men,All Season
59047393-9d61-4bcc-8ec7-5fd872c89049,SKU003066,Green,XL,Polyester,Men,Winter
12a98f01-0053-4016-ac58-9dc01b5b9a01,SKU003067,Blue,XL,Polyester,Women,All Season
8eff5a28-32be-45e0-896b-6519368c8c82,SKU003068,Blue,XXXL,Leather,Men,Winter
dc770b15-72dd-4397-b20a-66ca20d1a3d2,SKU003069,White,XXXL,Cotton,Men,All Season
a2a70a88-9ecf-45fe-875f-98669b30128e,SKU003070,White,L,Polyester,Men,All Season
86fefe77-18fd-471c-a736-633dfb4f244f,SKU003071,Blue,S,Cotton,Women,All Season
0358ae44-4dce-41fd-9867-30bd20bf6dd5,SKU003072,Green,XL,Leather,Women,All Season
e327b3e7-1f8e-4c29-853c-a4dea21252b8,SKU003073,Green,S,Leather,Women,Winter
a529497c-c51e-4a5d-89c5-4201a340494c,SKU003074,Green,XXL,Polyester,Women,Winter
dbfc5b6a-6373-4bb9-9b98-8a640c201d30,SKU003075,Red,XS,Cotton,Women,All Season
9e233d50-8778-44bc-8da0-eff8dd86927c,SKU003076,Green,XL,Denim,Women,All Season
dddaa749-27b8-4632-ae5a-77e975769400,SKU003077,Red,M,Leather,Women,Summer
641e6358-ce65-434f-9ba2-4debf27f829a,SKU003078,Black,XXXL,Denim,Women,Summer
a7c9a754-6a9e-4bff-af39-5a7ad5a6936f,SKU003079,White,S,Cotton,Women,Winter
6237d484-c99f-49e2-9f94-f077a0e778cb,SKU003080,Green,XXL,Cotton,Women,Summer
81e24390-f84e-4bf6-8996-469403a77692,SKU003081,Black,XS,Denim,Men,All Season
c933e4a9-0ff1-4394-995e-40f94b74db31,SKU003082,Blue,L,Denim,Men,Winter
a8b16bec-ec4c-47f1-a230-1a850088df1e,SKU003083,Blue,M,Denim,Men,All Season
285df590-b79e-4f22-8e2c-29047b3589ae,SKU003084,Blue,XXL,Denim,Men,Summer
a7561ba3-97b8-421d-be18-63bbfb0db886,SKU003085,White,XXXL,Cotton,Men,All Season
353245b2-eae6-46da-88a0-9886cc97cb1f,SKU003086,Red,M,Leather,Women,Summer
db60f865-c328-4ba5-90a2-7b4adc375275,SKU003087,White,XXL,Polyester,Men,All Season
c88afaa3-a9d6-43d6-82ae-2a0bab910759,SKU003088,Red,XL,Cotton,Women,Winter
2dd18475-3747-46da-95f1-e431c0e30316,SKU003089,Black,XL,Leather,Men,Summer
0a44b8ab-f88d-484f-8147-7e2d04d40ed5,SKU003090,Black,XL,Leather,Men,All Season
586f5ecb-9740-421b-8f0b-e19fb6eef455,SKU003091,Blue,L,Leather,Men,Summer
37f88bfd-7af4-4ca8-9e99-a6a59a195bba,SKU003092,White,XXXL,Denim,Men,All Season
8bc536db-325c-4700-a79d-08a40418bf04,SKU003093,Green,L,Denim,Women,Winter
49a40c0b-63a6-4ee5-8a29-69ef9c24f43f,SKU003094,Red,XL,Cotton,Women,Winter
f7fe60d2-992e-4d37-9cdc-d3d4cf96dbd3,SKU003095,Red,XXL,Denim,Women,Summer
e10d4f86-a11a-4918-8539-29a64d59b088,SKU003096,Black,XXXL,Polyester,Women,All Season
36a56ab1-ec54-42e9-a8b7-218d9d51b36f,SKU003097,White,XL,Cotton,Women,Summer
e7796eeb-8e32-43da-b9d0-8e4f014a4188,SKU003098,Red,M,Polyester,Women,Summer
addd2c61-1062-4709-9df2-8cd98ee395db,SKU003099,White,XXL,Denim,Men,Winter
fd06f443-7026-4bdd-b217-484f11326701,SKU003100,Red,S,Cotton,Men,All Season
8c0bbabe-8d47-443c-829f-f9abf4e29f07,SKU003101,Black,XS,Cotton,Men,All Season
0014c6d0-a1bb-4fa0-8a5d-c2a286213db4,SKU003102,Blue,XL,Leather,Women,All Season
93c770d4-30b1-4956-911d-632a04c191f0,SKU003103,White,M,Polyester,Women,Winter
73a50cd9-34fe-4e2c-99c6-6a8267e8d65c,SKU003104,Blue,XXXL,Denim,Men,Summer
365370f7-3922-465c-8253-14a1ca769741,SKU003105,Green,L,Denim,Men,Winter
231fa90d-487c-42ce-aff4-2f6b1352c676,SKU003106,Green,S,Cotton,Men,Summer
fd53ffdb-ea58-44bd-a735-db00eda12ce1,SKU003107,White,XXXL,Cotton,Men,Summer
3430aa3b-aff2-403b-920f-d413a95d2ab9,SKU003108,Blue,S,Cotton,Women,Winter
75d5adb8-12af-48a0-a8c4-3e096eb6305d,SKU003109,Black,L,Polyester,Men,Summer
b75d2364-abee-46e7-b7c6-e1f29265a2b3,SKU003110,White,S,Polyester,Women,All Season
e7e9bbac-5ced-4524-b4fb-9746ff8a36b3,SKU003111,Blue,XS,Polyester,Men,Winter
69387879-9649-426a-a4c8-f86a0754db78,SKU003112,Red,XXL,Denim,Men,All Season
4a6eb71f-3f01-4658-bdcf-ca2182904a46,SKU003113,Red,M,Leather,Men,Summer
4433b18f-e014-46e7-b344-d030bd7d0912,SKU003114,Black,XL,Polyester,Men,All Season
c85af16c-619d-4114-bd8b-10584eaa02a9,SKU003115,White,M,Denim,Women,Winter
62dafe7c-14bb-497b-88e6-0938e8281820,SKU003116,Red,XXXL,Cotton,Men,All Season
b5b7583c-7c21-46a5-b808-a0aca7cc53ba,SKU003117,White,S,Cotton,Men,Winter
83bbdce5-9f4b-4272-9702-e69e5e7cbcfd,SKU003118,Blue,XXL,Polyester,Women,Summer
ffc4c4e6-bbbb-4bf5-9350-3a105cc3c3e0,SKU003119,Red,S,Polyester,Women,Summer
ec9a27f6-d812-4fdc-8a75-9668eca16406,SKU003120,White,XXL,Polyester,Women,All Season
24d5bc5a-dee9-4505-a986-ee3854db4cc3,SKU003121,White,XL,Leather,Women,All Season
9905741c-b77b-4aac-b1b3-637fdb3b6f1d,SKU003122,Green,XXL,Cotton,Women,All Season
2fdbd591-0e5d-49e2-8f07-371d491ee192,SKU003123,Red,XXXL,Denim,Women,Summer
802ca5bc-8cd3-414a-b327-3eb8c6a39c30,SKU003124,White,XS,Polyester,Men,All Season
d00ea58a-c94c-4ea0-aa00-48e0bd9c5f73,SKU003125,Black,XL,Leather,Women,Winter
83fc3c8d-3c53-4d21-8f65-922648477177,SKU003126,Black,XS,Polyester,Women,Winter
c11bcd83-04fb-4f5c-bb99-29992bc454d0,SKU003127,Red,XL,Denim,Men,All Season
0257329e-109f-4a0f-a14f-c979c40a15af,SKU003128,Blue,XXL,Leather,Men,Winter
866576d6-e7e8-4a93-a3c0-75ba2fba215c,SKU003129,Blue,XXL,Cotton,Women,All Season
f808263f-5ec3-4b47-a96b-05f18027b433,SKU003130,Blue,XL,Leather,Women,Winter
8ca0c76d-ee63-4217-97d4-288ac5122871,SKU003131,Blue,M,Polyester,Women,All Season
63b11500-be17-4587-94cc-c6661e68e1c4,SKU003132,Red,M,Cotton,Women,Winter
b66f7aa7-b7bf-4cea-ab27-189264c860fe,SKU003133,White,XS,Leather,Women,Winter
824df0b1-fdcc-4a60-9ee9-7b2226504fb3,SKU003134,Blue,XXL,Polyester,Women,Winter
417faa2e-d0a3-44c7-a298-143e2e52852b,SKU003135,Blue,M,Denim,Women,Winter
e62b7d8a-1e2e-42c4-8d23-2ae99980fc3e,SKU003136,Blue,XXXL,Leather,Women,Summer
41992407-7667-4ade-b78e-dd6a49405640,SKU003137,Black,XXL,Leather,Men,All Season
c22f34b0-22ac-43e0-b5dc-bc699cc49a1b,SKU003138,Black,L,Denim,Men,Winter
a2dd1d25-c101-4ebf-bb39-73952fbf08d3,SKU003139,Red,XXXL,Leather,Men,Winter
66570786-8147-49c4-be00-84ffece70fc7,SKU003140,Black,XXXL,Cotton,Women,Summer
3e731ded-466c-489e-8b29-df3242d362d9,SKU003141,Black,XL,Cotton,Women,All Season
b31b0c09-203a-478f-b4c3-a46c88038ff1,SKU003142,Red,XXXL,Leather,Men,Summer
5f6d37c3-f34a-40ce-a11e-eed34a38b125,SKU003143,White,XL,Denim,Women,Summer
ba9ad898-d6bc-446b-98ec-2d6987da9023,SKU003144,Green,XL,Polyester,Women,Winter
d15c55ed-3aa0-40f9-9ea0-f100f90295db,SKU003145,Green,L,Denim,Women,Summer
134fe328-a6c4-48be-9291-5906b2a19c21,SKU003146,Green,L,Cotton,Women,All Season
b6d0a7bc-a627-4dc0-8d80-3ce128121758,SKU003147,Red,XL,Cotton,Men,All Season
44c3aff0-ed0c-4edd-b87f-2c51fee2c3a9,SKU003148,Green,XL,Cotton,Men,Summer
ba1c46d4-98cd-412d-8f55-dacb0e4a75f0,SKU003149,Green,L,Cotton,Women,All Season
49324242-6dd3-4b3f-a836-e76d75d8dbb3,SKU003150,Black,XL,Cotton,Women,All Season
ea1cc3a9-c7c8-47c1-be20-2b72d6bad4da,SKU003151,Red,M,Denim,Men,All Season
7ae79cf4-d053-46bd-9442-352e7beba142,SKU003152,Blue,XXL,Cotton,Men,Summer
321a7cb7-fa95-42d2-92f5-9e676659f4cc,SKU003153,Black,S,Polyester,Women,Winter
c2af999b-7f4a-4e75-a05c-ee816d44edf9,SKU003154,Red,XXXL,Polyester,Men,Summer
4d2f8b0b-a427-423e-9976-a0530f6dd9b0,SKU003155,White,M,Cotton,Men,Summer
58e01f27-9521-41b5-bc67-85249785e8ec,SKU003156,Black,XS,Leather,Women,Summer
91a123c4-6585-49d5-a70a-ed1010a641e9,SKU003157,Green,XS,Denim,Men,All Season
769a0191-bb8d-4b62-b225-7164b7fed2f9,SKU003158,Red,L,Denim,Women,Winter
c4435cbb-6923-4487-8ae4-9c2231a030b4,SKU003159,Green,XL,Cotton,Women,Winter
38c41bac-a9f6-4aab-bcf0-76afdc320601,SKU003160,Red,M,Denim,Women,All Season
bae6bfb4-5d4e-4c52-ae26-d2e68bc01308,SKU003161,White,L,Polyester,Men,Summer
d27586de-0869-4d29-8554-7a43da16a09e,SKU003162,Blue,XXL,Denim,Women,Winter
3c91204e-d0fc-4a0e-a42c-4b1b917129f9,SKU003163,Black,L,Cotton,Women,All Season
25c36c19-e953-4aff-8bea-b98ba3ff4e2a,SKU003164,Blue,XL,Cotton,Men,Summer
3f4916c2-f8cf-478a-a2a9-cdeab80a2267,SKU003165,Black,S,Cotton,Men,Summer
e6ee0db6-577c-4393-ad81-3693522d7286,SKU003166,Black,XXL,Denim,Women,All Season
cbc099c9-1185-4f58-8764-596d078eb589,SKU003167,White,M,Leather,Women,All Season
e9608a95-42ec-479b-9150-eadcf9e06ff7,SKU003168,Red,XXL,Denim,Women,Winter
b47b879b-bdb6-4a58-91b5-ad890c185812,SKU003169,Green,L,Cotton,Men,All Season
d201713c-afde-40c4-bd0e-c8cb7b8b805c,SKU003170,Red,XS,Cotton,Women,Summer
2f152348-290d-4976-bba6-63d9cddffdc5,SKU003171,Red,XXXL,Denim,Men,Summer
33881629-2fae-4828-8235-5f7db602f4b1,SKU003172,Green,XXXL,Cotton,Women,Summer
0a0c6ffb-ecf3-4d15-8923-463cc6119e27,SKU003173,Black,XXXL,Cotton,Women,All Season
98feda98-9695-4a47-830a-a7ff04217ec3,SKU003174,Red,XL,Denim,Women,All Season
99351214-fd6e-4bf9-a345-a3b5c329641c,SKU003175,Red,L,Cotton,Men,Winter
afd46116-5b00-46d7-aa34-1999a4ca0e62,SKU003176,Red,L,Denim,Men,All Season
c22ad262-7802-4844-b5df-0b44eadced84,SKU003177,White,XXL,Denim,Women,Summer
02bec3e4-3a44-491b-9d0d-b111573251e7,SKU003178,Blue,L,Polyester,Men,Summer
ba4eec69-27f1-4e7b-a682-771289933ea6,SKU003179,Green,XS,Denim,Men,All Season
b1e367b4-c8fb-421c-9d55-d6be6e9f4ba8,SKU003180,Black,L,Polyester,Men,Winter
3be20e22-44a3-4266-9cb5-f74652500d42,SKU003181,White,XXXL,Denim,Men,All Season
9d8efef8-7897-4011-b721-48caaaae7469,SKU003182,Red,M,Denim,Men,All Season
44d9a55a-76eb-4ca9-bb1d-cee30352843a,SKU003183,Blue,XXL,Leather,Women,All Season
2b1ad3ad-6d38-43eb-815b-60a9dcfe7e98,SKU003184,Blue,XS,Cotton,Women,Winter
111512e8-d090-4a40-b0a8-ee291bcb2688,SKU003185,Red,S,Polyester,Women,All Season
c1fb0d06-d6ba-40a1-bf3b-d8bd3fa2a49f,SKU003186,White,XL,Polyester,Women,All Season
1c0e1370-3256-402b-b3e7-77803b30b957,SKU003187,Red,L,Leather,Men,All Season
a18e84ae-96f4-4e91-95f5-90ead8c4fb1a,SKU003188,Black,M,Polyester,Men,All Season
7b1a399c-7c87-44db-b681-66cb0ef80e75,SKU003189,Blue,XL,Polyester,Women,Summer
cc003e28-266a-459a-9c23-f3061ca3166c,SKU003190,Black,XL,Polyester,Men,Summer
1e3d7a7b-d672-4455-8966-df4eefadb367,SKU003191,Red,XS,Denim,Men,All Season
1e52832a-5751-42a7-8b62-56d705366d31,SKU003192,Green,XS,Polyester,Women,All Season
d7964388-ecd0-467c-aaa4-31226e912f92,SKU003193,Red,XXXL,Polyester,Men,Winter
4fb0edf2-57e9-46d3-b842-d5a146dc692b,SKU003194,White,XXXL,Leather,Women,Summer
0213fe9d-2e9c-4965-8a0c-ac0bff2709b1,SKU003195,White,S,Cotton,Women,Winter
f69ddc9d-a36f-45e5-aa66-3d6f5e90513a,SKU003196,Red,XXXL,Leather,Women,Summer
9d951a37-260e-40e5-ae26-e8b1c7797fcc,SKU003197,Green,M,Leather,Men,Summer
55fa399a-7359-4516-8487-1ee6325bace0,SKU003198,Red,XS,Cotton,Women,All Season
4e12ba31-4e91-4019-800f-f02bb720dc56,SKU003199,Green,XXL,Polyester,Men,Winter
a9a8613c-9b92-4282-a05a-fd73f59e2538,SKU003200,White,M,Polyester,Men,Winter
40853fc9-323a-4fc1-8559-2c24e5ec45bf,SKU003201,Black,XL,Denim,Men,Summer
eadd0b45-897a-476d-9486-4c0f12c3bec0,SKU003202,Black,M,Leather,Women,Summer
d20f2542-6e51-4431-9396-df04eea497a1,SKU003203,Black,S,Denim,Women,Winter
a0107f3a-e543-4ae2-8076-a3aa9405648c,SKU003204,White,XL,Leather,Women,Winter
a12bb89a-8c5c-42a7-9a50-d6c8649f7cb4,SKU003205,White,S,Denim,Men,All Season
de440670-3bf6-434d-83fe-2dd8fb27ae64,SKU003206,Black,XS,Cotton,Men,All Season
5a62cbfd-68c1-4320-9e4d-fa58e44d7b93,SKU003207,Red,S,Leather,Men,All Season
fe581f88-06c4-4f7a-affb-aab8e9e4063e,SKU003208,Green,M,Leather,Women,Winter
50a39f4c-9155-42d5-8a3e-cb0172bd7bad,SKU003209,Green,XL,Leather,Men,All Season
f441cfbb-f720-4733-acb7-1116c3c72599,SKU003210,Black,XL,Cotton,Men,Winter
96cbb87a-f44c-4856-b04e-70c23e6752b3,SKU003211,White,XXXL,Cotton,Men,Winter
55a6519c-77e6-43bf-a30e-6cf67fe3fb0b,SKU003212,Red,XL,Denim,Women,All Season
637176b1-1fbb-4603-a946-d601b7ce0438,SKU003213,Green,XL,Leather,Men,All Season
ddc099ab-5bc8-48f4-9f2b-f28bad8ccbda,SKU003214,Red,L,Leather,Men,Winter
c44b63d4-0faf-4442-adfe-d6159de57b1a,SKU003215,Red,XL,Leather,Men,Winter
cb52eeed-4d2c-4ac4-a7a0-f4a1f6d83130,SKU003216,Blue,XXXL,Leather,Men,Summer
8f6d2f6d-5229-472e-82cb-45b95459ca0f,SKU003217,Black,XL,Denim,Women,All Season
5c40b179-7cc9-4acf-8298-d2ef63c4a073,SKU003218,Green,L,Cotton,Men,Winter
ab10375f-d8d0-4756-bba6-86e1a0ad519e,SKU003219,White,XL,Cotton,Women,Winter
24d617a0-c88f-4059-bed8-a945d0c54042,SKU003220,Blue,S,Cotton,Men,Summer
9e5d596c-46da-4f34-bbe7-365b6d3d628b,SKU003221,Green,XL,Denim,Men,Winter
061f6bc6-8dd7-47a1-99bd-4fd7ee7b2556,SKU003222,Red,XL,Leather,Men,Winter
828c6b30-ce64-4ddf-bff4-a0f7fcceebcc,SKU003223,White,L,Denim,Women,Summer
9f18f96a-b529-4a14-8b5d-9576eb654629,SKU003224,Green,XL,Leather,Men,All Season
6242d64e-49a8-45b4-b020-f018a8decb1a,SKU003225,Blue,L,Leather,Women,Summer
384c88c2-ed61-4072-8719-f27f7b53fb6c,SKU003226,Blue,L,Polyester,Men,All Season
9aa6f55d-b0d0-40ee-9ad4-0d5634ed1813,SKU003227,Green,XS,Polyester,Women,Summer
10faf4bc-b06e-4162-a2da-a1f97285aa1a,SKU003228,Red,M,Denim,Men,Summer
2609b887-139a-4d8e-b2fe-55e5a722a20c,SKU003229,White,L,Polyester,Women,Winter
a01ba23e-4dc8-4ae8-8204-92b4040d52eb,SKU003230,Red,XXL,Cotton,Men,Winter
cecd9ad0-261e-4e6c-9589-ce0b9ee26aa6,SKU003231,Blue,XXL,Denim,Women,All Season
94b99c2f-37e1-4dcb-8a44-7890c42f6248,SKU003232,Blue,XL,Leather,Women,Winter
248dafac-67df-47e7-bf65-13f93b70c7f8,SKU003233,Black,XXXL,Polyester,Women,Winter
ba5326f6-71e2-46fe-8b5b-08cccfacae1c,SKU003234,Black,M,Polyester,Women,Winter
988289f0-2c08-4441-bdee-6c40bb683a57,SKU003235,White,XS,Leather,Men,Winter
6f1c5820-c2cb-4eac-99a6-d8f122da8ae9,SKU003236,White,XXXL,Leather,Women,Summer
2dc16684-f1b4-4c4a-82ca-8c7823286686,SKU003237,Black,S,Cotton,Women,Summer
a519f62b-fb47-4b8b-aa12-dc8740d1b99a,SKU003238,Blue,L,Denim,Men,Winter
d3414162-7ba7-4f0c-9e2a-b9b8c88a1b7a,SKU003239,Blue,L,Cotton,Women,Summer
cc5b7fa3-8521-4dbe-aade-5abff8d92499,SKU003240,Green,M,Leather,Women,Winter
4e02946d-08f9-4354-9ee7-6400c22da02f,SKU003241,Red,XXL,Cotton,Women,Winter
e1b2cca9-3cea-4161-b5f6-020a97cbc003,SKU003242,Black,XS,Leather,Women,Winter
5a78cf11-093f-4487-b452-11f4e0358fac,SKU003243,Red,XXXL,Leather,Women,Winter
8b981404-c912-4f45-a4bd-8eaa1a8a1fbb,SKU003244,Green,XL,Cotton,Men,Winter
669fc550-7786-45ac-9ce2-5146f3850514,SKU003245,White,S,Leather,Men,Summer
81cee8e2-abd7-4a02-800d-7d1156739c79,SKU003246,White,XXXL,Polyester,Men,Summer
021e7ab7-eb10-4517-880f-50cdcb87477c,SKU003247,Black,XXL,Leather,Women,Summer
1bfd0a60-e961-4ce3-92d1-7aefb61fd027,SKU003248,White,S,Denim,Women,Winter
136147a6-f2a7-4fea-9248-63ce2c642963,SKU003249,Green,XXXL,Leather,Men,Winter
c96d8789-390b-42bf-8f43-f24de03da283,SKU003250,Red,S,Cotton,Women,All Season
001da88a-ee66-4340-9883-ce0f2daf530c,SKU003251,Green,L,Denim,Women,All Season
3143ab2e-429b-4b42-a5ef-ac5cd458f97f,SKU003252,Black,L,Denim,Men,Summer
c7087b21-79e5-4ea5-9749-87a21aa790fc,SKU003253,White,XXL,Denim,Women,Winter
bc182926-eb66-4f67-a6b2-eeb25b779fdf,SKU003254,Black,XXL,Polyester,Men,All Season
a21c4fd4-4e70-4cc9-8500-7809351edc56,SKU003255,Black,XS,Cotton,Women,All Season
8175eb0c-c3d3-44b3-be6c-247524240d69,SKU003256,Black,XL,Polyester,Women,All Season
5eef7b38-6646-4cbd-b19c-0fc73cdbed7a,SKU003257,Black,S,Leather,Women,Summer
2d56719a-46dc-4c6e-a473-f1b6b47a016f,SKU003258,White,XXL,Polyester,Women,Winter
a0898261-0efc-4992-a71c-c431d71fe373,SKU003259,Green,M,Polyester,Men,Winter
6c136a3b-e958-4db2-8190-09024b6ea31d,SKU003260,Red,M,Polyester,Women,Winter
783e1a8d-f242-4154-874f-9e59f0f6e5e5,SKU003261,Black,M,Cotton,Men,Summer
ec0dd21f-5819-44db-83f5-551ce4e5f71b,SKU003262,Black,XL,Denim,Women,Summer
9a3ac60a-e7a9-40da-9e66-215beceba06b,SKU003263,White,XXL,Cotton,Men,Summer
8d3781c6-44a8-44f6-a576-bc66d9bc4f11,SKU003264,White,XXXL,Denim,Men,All Season
dfcb8d28-d2fd-42b4-8ef9-3bb96f7c0848,SKU003265,Blue,S,Leather,Women,Winter
690a7146-d3d2-4a48-8725-218531e2c1a9,SKU003266,Red,M,Denim,Women,All Season
d09c50c5-34d9-4103-862f-126918b9fabd,SKU003267,Black,XL,Leather,Men,Winter
3e4f54ff-dd83-49a8-968b-ec304826de70,SKU003268,White,L,Leather,Men,Winter
1742a8a0-6403-41a7-921a-65927006e296,SKU003269,Red,XXXL,Cotton,Men,Summer
5e67f53a-6d63-40d1-8b62-ed0caaa84d60,SKU003270,Red,S,Leather,Women,Summer
d83bf11f-07ca-413b-9402-0e3fa7f493cd,SKU003271,Green,L,Leather,Men,Winter
ebdc3abe-d3e5-4492-80f3-0d42b2ed0f49,SKU003272,Blue,M,Cotton,Men,All Season
7c0bf524-0b5b-4ef4-b514-acc7da594ce1,SKU003273,Red,XL,Cotton,Men,Winter
52ecc2d7-b92c-42ae-a934-8f6948afd9cb,SKU003274,Blue,S,Leather,Women,Winter
28f7f6cd-6076-413b-8de5-0b7d16f8369f,SKU003275,Green,XL,Cotton,Women,All Season
6b5fc6cd-3293-4c51-b315-4fc4c8d25a4b,SKU003276,Black,XXXL,Cotton,Women,All Season
b94b0a81-034b-4ed2-a051-d28b3423cbcc,SKU003277,Black,XS,Polyester,Women,Winter
dd3fab9a-6d37-4648-b636-41c78ee6987f,SKU003278,White,XS,Cotton,Women,Winter
648535dc-fef6-4169-a98c-7b5b7b2eae5b,SKU003279,Red,S,Cotton,Women,All Season
58992504-7310-4e8c-970f-ab97159eb86a,SKU003280,Green,XXL,Denim,Women,Summer
6b0dd045-35ce-4638-bcf4-f13b5628357b,SKU003281,Red,S,Cotton,Men,All Season
b504d7a3-b190-4115-948e-1f873f9dab64,SKU003282,Blue,L,Polyester,Men,All Season
619a2952-9c32-4068-8eb9-e4fe5790cac4,SKU003283,White,L,Polyester,Women,All Season
b308a13e-e145-4319-87fc-302b54c088bd,SKU003284,Green,XL,Polyester,Women,Winter
ef2b28f5-96ef-4f25-b374-37beebb922eb,SKU003285,Red,S,Denim,Men,Winter
f55df680-7d7a-4703-9453-2a00be4a104c,SKU003286,Blue,M,Leather,Women,All Season
8df02eda-c004-4fa3-80bc-8572b4dbdc1b,SKU003287,Red,M,Polyester,Men,Winter
727316ca-9fb7-4d25-9fc0-b5afe73fab17,SKU003288,Green,XS,Denim,Women,Summer
82edaa22-cd37-4f82-aadc-60afb22a2ff3,SKU003289,Blue,S,Cotton,Men,All Season
45754853-ef7b-48d1-ab76-7888bda65cce,SKU003290,Green,M,Leather,Women,Summer
c0bc6afa-c797-4369-b402-1f896ff23c36,SKU003291,Blue,XL,Leather,Women,All Season
45a7dbb1-336d-4f7d-a382-9d7e4198cff7,SKU003292,Red,XS,Cotton,Men,All Season
104160ad-d169-4f10-a90a-dbcebcc8757c,SKU003293,Green,XL,Leather,Women,Summer
b6796459-8757-453a-8fe4-b9315efc328c,SKU003294,Red,XXL,Leather,Men,All Season
5f7a9dea-ba24-4ea7-a244-1660fbf0a6a0,SKU003295,White,XXXL,Cotton,Women,All Season
559e3aef-7412-4c91-b06c-b36f764610fb,SKU003296,Blue,XS,Denim,Women,Summer
2137810b-6b3a-44fe-adc5-4fecbbbe042c,SKU003297,Red,XL,Polyester,Men,Summer
9eb1c7aa-a520-4c29-a8e8-4e8c76bc1095,SKU003298,White,XXXL,Denim,Women,All Season
c1cc712f-63c8-46fb-b344-419734ea5142,SKU003299,Blue,M,Leather,Men,All Season
c377a433-804b-4e6b-bb40-18fe76d3b448,SKU003300,Blue,S,Leather,Men,Winter
c1ae3388-c02e-47e0-9515-76ca0384831d,SKU003301,Red,S,Denim,Men,Summer
2bd29fa3-b1f2-4620-b417-8ed9e320fb38,SKU003302,Green,XS,Cotton,Women,Winter
b4098af8-650c-40d3-a212-da03f189afa0,SKU003303,Blue,M,Denim,Women,Summer
69cb92db-d39d-45ab-b53b-d766e49e59ec,SKU003304,White,L,Polyester,Women,Winter
931bf9d2-c2c7-4699-bca9-339a618595e4,SKU003305,Black,XL,Polyester,Men,All Season
189a17d7-4602-4b22-a495-a697e0cb2a73,SKU003306,Black,S,Leather,Women,Winter
76e02d12-913c-4396-b940-432e35fba357,SKU003307,Green,XS,Polyester,Women,Winter
301e8537-fc4e-441c-bd5c-174b5c8f5975,SKU003308,White,XXL,Leather,Women,Summer
0155e5d6-3f7d-4d03-a938-0276073c089c,SKU003309,White,XXL,Cotton,Men,All Season
e5055a8e-05cb-4526-9b71-693a72e955d8,SKU003310,Blue,S,Cotton,Men,All Season
563ca05e-e478-426b-8096-69e0a631be18,SKU003311,Blue,L,Cotton,Men,Summer
582cb285-6554-4992-90c0-3a9274390d26,SKU003312,White,M,Leather,Women,Summer
aa197efa-bdbf-4e93-aebd-ba24da0fc117,SKU003313,White,L,Leather,Men,All Season
6173c4fa-24b3-40b4-8d66-737f471f1d57,SKU003314,White,L,Polyester,Men,All Season
fcaa1f6e-5105-4b26-bb9d-5a16bc92fb46,SKU003315,White,L,Cotton,Men,Winter
68ea086f-bb7a-4b74-a4ba-4502d8083fc1,SKU003316,Green,M,Polyester,Men,Winter
2a503894-26c1-42d4-96dd-194dc5154b89,SKU003317,Blue,XL,Denim,Men,All Season
1b0d899d-c02e-472c-8a5a-b781349fe2ce,SKU003318,Blue,XS,Leather,Men,All Season
2221fa6f-fde1-46cf-9ac1-7b900b069cb5,SKU003319,Black,XXXL,Leather,Men,All Season
0d40b1cd-8e45-4a74-8f86-a982430baa71,SKU003320,Blue,S,Leather,Women,All Season
8671d68d-4ab1-4daf-a760-0a74f945da6c,SKU003321,Green,XS,Polyester,Women,Summer
c77aea23-6237-46d7-9790-8ed211295157,SKU003322,Blue,XS,Cotton,Women,All Season
ebb8c343-db93-4e80-abfe-c07ed023d0f4,SKU003323,Red,M,Cotton,Men,Summer
e8d67dde-776a-4d5a-aaaf-fd6590f5f0f0,SKU003324,White,XS,Denim,Women,Summer
6ef066ad-3821-41e1-8ffa-c10bf8a89d26,SKU003325,White,XS,Denim,Men,Winter
78649e39-579a-4b8d-baf0-93f0d760879b,SKU003326,Blue,XXL,Polyester,Men,Summer
13302627-4b09-471b-8dd0-61cf8fa0e599,SKU003327,Blue,XS,Denim,Men,All Season
eef7acef-5fd5-4975-8f1a-23b51210bb56,SKU003328,Red,S,Polyester,Women,All Season
777ea28a-22cd-4818-bcd9-c071ea1d9736,SKU003329,White,XXXL,Leather,Men,Summer
dc87d14a-bd8b-436a-a3d4-c03810045c7a,SKU003330,Red,XXL,Leather,Men,Winter
c416c712-e938-409d-af56-5f35878f76df,SKU003331,Blue,XS,Leather,Women,Summer
ec1275c2-7e38-475c-a54c-9ed26ab1fe9e,SKU003332,White,XXXL,Denim,Men,Winter
27744f8c-ec23-4345-969e-fa0e112cd478,SKU003333,Green,XL,Denim,Women,All Season
8f146c30-412d-42c0-a21f-7c60ffe8bc3b,SKU003334,Blue,XL,Leather,Men,All Season
f5086b9a-3dbe-43d5-9316-4093d29c7b8b,SKU003335,Red,M,Polyester,Women,Summer
236626bb-a444-40cb-854c-812c89e30117,SKU003336,Red,XS,Denim,Men,Summer
58a53013-b300-42bb-b516-26acb9540191,SKU003337,White,M,Polyester,Women,All Season
6fbdca91-683d-4fdf-ae7d-13f4267c17b1,SKU003338,Black,L,Denim,Women,Winter
05e60d71-69c5-412a-a7be-11fddc3eacdc,SKU003339,Black,XXXL,Cotton,Men,Summer
7d1af6b4-62ac-4598-9587-0f7f1a63c69e,SKU003340,Black,M,Denim,Women,Summer
f95c1bcc-527d-4a24-aa1d-7dadc81e0aa5,SKU003341,White,XXXL,Cotton,Women,Summer
63352473-a981-430c-a583-2f8cb9d87fce,SKU003342,White,S,Leather,Men,All Season
98fe173e-2d20-473f-8fd7-5ef220c70370,SKU003343,White,M,Leather,Women,Summer
2f37d3d3-76ac-4401-9ebb-312dd5cb5b04,SKU003344,Green,XXXL,Leather,Women,Winter
94d8ccb7-5127-4c2a-a573-1e5a1d6312fe,SKU003345,Black,L,Polyester,Women,Summer
6c36bc04-cc73-4702-b16d-83b106af989e,SKU003346,Red,XS,Leather,Men,Winter
d2ee0086-db3d-4965-8465-7c38f2da8fcf,SKU003347,Red,XXXL,Denim,Women,Summer
804b933a-a023-4f94-a55f-8fce643d1ae2,SKU003348,Blue,XL,Polyester,Women,All Season
3e2991d1-9852-4f4b-9e7c-43af1cb23660,SKU003349,White,XXXL,Leather,Men,Winter
d93874c0-4c0d-4f88-8903-c10a2dc51ad9,SKU003350,Green,XXXL,Denim,Men,Winter
3e5c2086-8e48-4525-8a02-35c2565201dc,SKU003351,Red,XS,Leather,Women,Summer
1dfc75f7-779b-4244-b97c-2c3099224057,SKU003352,Green,XS,Leather,Women,Summer
c3b36403-880c-4d7b-a270-8211b4009508,SKU003353,Black,S,Cotton,Women,Winter
40b47858-467f-417a-bf8a-79bed29bcd95,SKU003354,Blue,XL,Leather,Men,All Season
71a53f73-7a59-46cf-8995-31bb102b6761,SKU003355,White,XXL,Denim,Women,Summer
1a104b5f-e91d-452b-b924-2dbc72d92d4d,SKU003356,Green,XXXL,Cotton,Women,Summer
5953e162-edea-49b6-bd49-d87885065dd0,SKU003357,Black,XXL,Leather,Women,Summer
e67e2145-72a0-4ff7-8a84-e5483ffd3ccc,SKU003358,Blue,XXL,Polyester,Men,Summer
bf02bd2c-5b8e-4d3e-b7aa-ad7c74e85c04,SKU003359,Black,XL,Denim,Women,All Season
2a2e39a6-ec31-418c-adfc-c3cde1a48775,SKU003360,Black,XS,Polyester,Women,Winter
84ffa273-3d97-4c6a-8a16-6d1edf7ca91b,SKU003361,Blue,L,Cotton,Women,Summer
e1afffde-050d-4ed4-8cd0-af0eeadc6e4f,SKU003362,Red,L,Denim,Men,All Season
3dc6e2d7-d1e0-4453-8583-3bd59c40cc0d,SKU003363,Black,XS,Cotton,Men,Winter
69b10156-a7dd-414d-9500-eca4c9880db6,SKU003364,Blue,XS,Cotton,Men,Summer
fd9d1fd8-0f40-49f5-afbc-4f6c39070970,SKU003365,White,M,Polyester,Women,Summer
8a21226b-91fe-4fd9-8d3f-805df7e9ea7d,SKU003366,Blue,XXXL,Polyester,Men,Summer
47e0cde3-1d13-4216-821a-765f79a42899,SKU003367,Black,XL,Leather,Women,All Season
55808161-6ef8-4592-8888-674712a6e643,SKU003368,White,XS,Denim,Men,Winter
5c269a0f-cf4d-4b15-8752-f9338febb1f5,SKU003369,Black,L,Cotton,Men,Summer
e8e2d1cf-6033-4eb7-b0c1-4370e694fd10,SKU003370,White,XXL,Denim,Women,All Season
352a2a6d-2e4b-41c6-95c7-d5e4916247b1,SKU003371,Black,L,Leather,Women,All Season
ea745a8d-3362-42e3-8f6f-f1c1ec4599b1,SKU003372,Red,XXXL,Denim,Men,Winter
d8ee39b8-07a4-42cb-800b-bf545e782b91,SKU003373,Red,L,Cotton,Women,Summer
a2299ec1-105d-4161-ad5d-922cbf58b2b2,SKU003374,Green,XXXL,Cotton,Men,Winter
f18a2aa5-ddc3-46ed-8e14-c95104607233,SKU003375,Blue,XXL,Leather,Men,All Season
68e6d39c-55f1-417e-9d48-bbaf860ef528,SKU003376,Blue,S,Leather,Women,All Season
c16b1ea8-76f6-494b-bf4a-840c94dfcbfc,SKU003377,Green,XS,Leather,Women,All Season
b8ceefae-365c-48a6-9f61-0c29642f3dcd,SKU003378,Black,XXXL,Polyester,Women,Summer
e1365343-ac0f-4445-8ead-0d0ef3ae9f99,SKU003379,White,XS,Polyester,Women,Summer
84fc073e-7697-4ed6-a442-7acd66b3e837,SKU003380,Red,XL,Cotton,Women,All Season
c752af1e-c66c-404c-a2c8-6dafe6a3e5a5,SKU003381,White,XS,Cotton,Women,Winter
fc706ee6-6035-4b2b-a55a-44d55ac88737,SKU003382,White,S,Polyester,Men,All Season
41ddda8a-99e7-457d-9863-23019720862a,SKU003383,Blue,XS,Polyester,Women,All Season
a120ba6c-35e4-4dd4-9cee-ebfb10c6a3e9,SKU003384,Red,XS,Denim,Men,Winter
1cd5c6ae-ef92-4186-935c-e1ec96720e98,SKU003385,Red,XXXL,Polyester,Women,All Season
d7d7aa28-5b36-4959-a9cc-da695b1e90c7,SKU003386,Red,XS,Leather,Women,Summer
c903aed7-a56e-4782-962f-c40f635108f1,SKU003387,White,S,Leather,Men,Winter
e325df60-2e57-4e65-930d-73ff348e16bd,SKU003388,Blue,XXL,Cotton,Men,Winter
dec65eba-0dbe-4074-aeae-c83a620d0c0b,SKU003389,Blue,XXL,Leather,Women,Summer
6c8c773e-676c-4a1d-bf9a-9a4dbcfd8dea,SKU003390,Black,XXXL,Polyester,Men,Winter
c65a3832-3de2-47e2-8f91-cab60ef74fbf,SKU003391,Black,M,Denim,Women,All Season
195c2fcf-9588-4f09-a592-744fd1efe896,SKU003392,Red,S,Denim,Men,Winter
ca3c0aa7-8144-4617-8aae-a983add86d57,SKU003393,Green,L,Leather,Women,Winter
07687433-0577-42e7-adec-6d0ea33e0557,SKU003394,Green,M,Denim,Women,Winter
dc534b45-60a9-4a16-b613-b47ad5be5056,SKU003395,Green,L,Leather,Men,Summer
939809be-ac72-4311-89e6-4b1a0274bad9,SKU003396,Red,M,Cotton,Men,All Season
5efb3ee1-0ddb-449f-8610-5ccd1f83d0e4,SKU003397,Blue,M,Denim,Women,Winter
58f063ed-5e4c-419c-9fd5-1d434cba6b9e,SKU003398,Red,M,Cotton,Men,Winter
91b07710-ee5b-4eda-a510-87f9c221c792,SKU003399,Red,XXXL,Denim,Women,All Season
42b6c5eb-001c-40d8-8018-596213059d59,SKU003400,Green,L,Cotton,Women,Summer
ecf5cac7-8828-4138-bf0c-49751ce950c5,SKU003401,Green,XXXL,Polyester,Women,Winter
af9d74b0-d5ee-416d-ae3c-ecde578e92ef,SKU003402,Blue,M,Polyester,Men,All Season
349ded7c-4c35-4d0e-b055-b8dc7e73c814,SKU003403,White,XL,Leather,Women,Summer
37a318e4-e1ba-476a-9fd8-e091b0e18826,SKU003404,Black,M,Cotton,Men,Winter
d62c145e-0e7f-4c45-aa52-e0fc7bd6f5df,SKU003405,Red,XS,Denim,Men,Summer
3a9fa26e-92eb-4e72-87c7-b2d9a980b19b,SKU003406,Blue,S,Leather,Men,All Season
bd36a7b6-e98f-4af3-b196-deaaa67d7f44,SKU003407,Red,XS,Denim,Women,All Season
a6acb40d-b951-4feb-af9d-e5a69e179c2e,SKU003408,Black,XL,Cotton,Men,Winter
b8f3d1f6-33c8-4427-ac74-f61f394a8c17,SKU003409,Blue,S,Polyester,Men,Summer
4c33a79c-8c80-4bea-88ff-9ef5ac15d546,SKU003410,White,S,Leather,Women,Winter
33a8cfcc-5b5a-4dc2-aa88-1a270626c3fc,SKU003411,Blue,M,Leather,Women,Summer
dc41ef48-0c47-4edf-bca1-14c5261c49b1,SKU003412,Red,M,Polyester,Women,Summer
95c67579-503f-400f-8ea8-2a9ff77ebd60,SKU003413,Green,M,Cotton,Women,Winter
3d88cbfc-610b-4f1e-b2c8-e74ebbebf2a6,SKU003414,Green,XXXL,Leather,Women,Summer
2a61b3bf-a652-409d-887d-64c03fdbfc35,SKU003415,Red,L,Denim,Men,All Season
8533d189-8b28-4a1e-a5c6-fda1c573a1ca,SKU003416,Green,XXL,Polyester,Women,All Season
e3a8cb93-4d95-4669-9dec-fa32e7128cdf,SKU003417,White,XS,Denim,Women,Summer
8c497e08-ca35-4932-a9e7-b232c96aefb0,SKU003418,Green,XL,Leather,Women,All Season
04c95f19-2a81-4b6b-be15-8c124f3712f5,SKU003419,White,XS,Cotton,Women,Winter
4c7418e8-e2e8-47ec-8d05-64babf9aef9c,SKU003420,White,M,Polyester,Men,Summer
562aac64-d58c-4b83-b20a-ae955076c93d,SKU003421,Red,XL,Polyester,Men,All Season
30c75b5f-0988-484b-aa58-e9286baa8320,SKU003422,Red,XS,Leather,Men,Summer
d2474cbb-0811-492f-a204-a51b11556c72,SKU003423,White,M,Cotton,Women,Summer
dc8d54da-1c19-48d3-918b-bd12ab3de686,SKU003424,Green,S,Leather,Women,All Season
210e074f-747f-456a-9174-48239501c45b,SKU003425,Blue,XXL,Cotton,Women,Summer
7a3248f5-a009-4472-8198-eaff79ef32c1,SKU003426,Red,L,Cotton,Men,Winter
1e6716e5-fcdf-40bb-b7e4-ff26e6bfe4fc,SKU003427,Green,XS,Leather,Women,Summer
a8ffe95c-118b-4dde-922e-fc0d32c61f84,SKU003428,White,XXXL,Cotton,Men,All Season
2e862b33-858f-44e0-aca8-84e254b57efc,SKU003429,White,L,Polyester,Women,Summer
6d705f6b-841e-43f6-ae3c-7d22a8039948,SKU003430,White,S,Denim,Men,All Season
5888d300-a3e2-4e87-9074-630158d74333,SKU003431,Blue,L,Denim,Women,Summer
21e7f999-79b0-4905-82bc-aff77e7cf7c7,SKU003432,Black,XXL,Leather,Men,Summer
ad476913-1c83-4e96-8ef1-db0cd90ef46a,SKU003433,Red,XXXL,Denim,Women,Winter
f73bbff4-df26-4a56-8517-fca877a1a8bf,SKU003434,Black,L,Leather,Women,Winter
7145a304-4efd-4f7a-a326-fbbb06ff0f22,SKU003435,White,XS,Leather,Men,Winter
495a8017-cfd8-45f5-b51f-b36ca916c0bb,SKU003436,Red,S,Denim,Women,Winter
5a639132-3f26-449c-b148-30fbb409f30e,SKU003437,Black,S,Polyester,Men,Winter
213a1f05-04e9-4fff-ab42-ceffeaea6dc0,SKU003438,Blue,S,Leather,Men,All Season
13414043-c230-4392-aa73-9f7e1bc36d71,SKU003439,Red,S,Leather,Men,Summer
3ed932ce-6ce7-4b7a-825c-3fa8b3cb9369,SKU003440,Black,L,Denim,Women,Summer
a2d046f3-ef94-4d64-aefb-6c6d7c9a529e,SKU003441,Black,XS,Leather,Women,All Season
d5f9bb28-6921-4916-8e65-7967ead29479,SKU003442,White,XXL,Cotton,Women,All Season
e688fd05-3c58-4b38-87e8-fdf15c274008,SKU003443,Blue,L,Polyester,Women,Winter
8f6f46b8-3e60-46d8-b701-35a4ecf1f6fd,SKU003444,Blue,XXL,Cotton,Men,Winter
8f59da0d-5d3b-4845-9354-27f9c1533895,SKU003445,Red,XXL,Cotton,Women,Winter
6349b660-4527-4e57-a6b3-901fcc3dab4c,SKU003446,Red,XXL,Cotton,Women,All Season
dd51dbfc-aa7d-496c-a3cd-df3dbea4fb12,SKU003447,Black,L,Polyester,Men,Winter
56845377-56d8-4c23-9472-b89115b0fcfa,SKU003448,Green,XL,Leather,Men,Winter
397c1d74-6453-4eb2-9a3c-7a2ef152d1fb,SKU003449,Black,XL,Polyester,Men,Winter
85318b27-fdb9-4e71-9bb6-d781237f4985,SKU003450,White,XXL,Polyester,Men,Summer
55a519da-7fa3-4311-895b-3bfbb6487052,SKU003451,Blue,XL,Leather,Women,All Season
09741b43-9e52-4c2b-ac74-52a5b4fbd493,SKU003452,White,S,Polyester,Men,Winter
8f4fd2fa-13b6-4db8-8353-79655cd33f98,SKU003453,Red,L,Cotton,Women,All Season
35bf41c3-b3c9-4ec1-81c2-eb6697aec273,SKU003454,Black,S,Cotton,Men,All Season
d0268107-3783-4320-b98b-80590db06ec8,SKU003455,Blue,L,Polyester,Men,Winter
93506036-9881-48a1-954a-4937bc49ea2e,SKU003456,White,XXL,Denim,Men,All Season
d40e0264-1da9-48b9-827f-723ae6f6eea3,SKU003457,Blue,L,Leather,Women,Winter
9081dadf-fb4e-4eb7-b628-0144469108b5,SKU003458,Blue,XXL,Leather,Men,Summer
98dbfcf8-7edd-4a31-9d03-00c184fd4948,SKU003459,Red,XL,Polyester,Men,All Season
a65a24dc-f59e-48e3-a3d8-5d8bcbd83dd6,SKU003460,Red,XS,Polyester,Men,All Season
fb94272c-a760-410b-bd99-d27e73f04ae7,SKU003461,Red,L,Polyester,Men,Winter
a60c81a9-4c91-41f8-bc50-d143bc5cc492,SKU003462,White,M,Denim,Men,Winter
bdbfcf03-b15d-4ec8-a389-0c32dd32f668,SKU003463,Green,S,Denim,Women,Winter
3db79c0e-622b-4d97-a352-174270660362,SKU003464,White,XL,Leather,Women,Winter
6bda97f3-8fd6-46b4-97d5-0835f55612cc,SKU003465,Green,L,Polyester,Men,Winter
af14667e-43e8-4b9c-8b88-9e7d76b0b194,SKU003466,White,XXL,Denim,Women,All Season
fbe27ad8-6fbf-4a70-a844-807300672718,SKU003467,Black,M,Cotton,Women,Summer
29fbefe9-39a2-4759-8c42-e05a5d28428f,SKU003468,Red,L,Denim,Men,Summer
05847f31-08a0-4f05-88f0-589d826932f1,SKU003469,Black,M,Denim,Men,Summer
f62aa7b7-2ed6-4531-96bb-7854145fe17c,SKU003470,Blue,L,Cotton,Women,All Season
d53479b1-7e7c-46fa-aef5-62763c087565,SKU003471,Green,M,Cotton,Women,Summer
65567132-a231-4fae-bae2-3815a8dfc47e,SKU003472,Blue,M,Cotton,Men,Winter
c270a560-f551-4ab3-98a9-41e3ad0452b8,SKU003473,Black,XL,Leather,Men,Summer
9e10819a-c38e-4867-8a21-bf98d8f06007,SKU003474,Green,L,Leather,Men,Summer
0acd90fd-90fd-4a6e-97e7-e530235f5d7d,SKU003475,Black,XXXL,Leather,Women,Summer
c1c4e181-ba22-44f5-8d04-dfb49533572b,SKU003476,Blue,M,Polyester,Men,Winter
1cd509dc-cb47-47df-8ec6-db5c803f83d9,SKU003477,Green,XXL,Cotton,Women,All Season
985c960f-be9e-439b-b1d3-57cbbaa7b1fe,SKU003478,Red,XL,Polyester,Men,Summer
04fdb62f-cbd4-49cb-bc25-28f38b646edc,SKU003479,Red,XS,Denim,Men,All Season
5b1b3b71-c028-4b07-9206-396eda350559,SKU003480,Red,XXL,Polyester,Women,Summer
17c1f061-01d7-4d10-88fc-2f0f29169e85,SKU003481,Green,L,Denim,Women,All Season
7ce97f60-eab6-45c9-9ade-f44662afa948,SKU003482,White,M,Cotton,Men,Winter
7c070fbe-8025-46cf-951a-3bbbf051d669,SKU003483,White,XS,Polyester,Men,Summer
d507600e-ae2b-4884-bdca-45042ad02a42,SKU003484,White,M,Denim,Men,All Season
aed8eba0-911d-40fc-aa85-f4b431076ecd,SKU003485,Green,XL,Denim,Men,All Season
b6c496fc-c83f-4dc2-b8c8-68e9de9b6611,SKU003486,White,S,Denim,Men,Winter
0a90dae6-4c34-40d0-a032-92683d2cbacd,SKU003487,Blue,XS,Polyester,Women,Winter
5fafe172-4037-4e2c-a54e-2f95be5a0a48,SKU003488,Black,S,Leather,Women,Winter
fa5f432c-5ed8-4151-8086-267c538a794c,SKU003489,Red,XXXL,Denim,Men,Summer
759c1cbd-bec7-4e78-ac41-e041617bdd90,SKU003490,Green,XL,Cotton,Women,All Season
235d143a-5cf5-4d4c-aef8-27338355152f,SKU003491,Green,XXXL,Denim,Women,Summer
13f975fb-2f66-4822-8cde-693eeb94d5d8,SKU003492,Black,M,Denim,Women,Winter
6babd6c2-dc3b-4467-8a98-e51bd0b697ae,SKU003493,Black,M,Polyester,Women,Summer
c8bd3fc7-1da8-4ce8-8963-86ba17242d70,SKU003494,Red,XL,Denim,Women,All Season
0f85c9f1-06ee-4966-bc64-1c704f827aa2,SKU003495,Red,S,Polyester,Women,Winter
09509185-b2f7-45a7-908f-a14bbe283811,SKU003496,Green,XXL,Polyester,Men,Winter
997db54f-01f2-4878-aeed-51a45af48392,SKU003497,Green,XL,Polyester,Women,All Season
760480a6-33fb-44d3-82ca-89cab6053c30,SKU003498,White,S,Polyester,Women,All Season
2ab81745-bc75-46e6-bf8d-0de5bb895933,SKU003499,Black,XL,Denim,Men,All Season
63a114c1-a8d3-4c9a-860d-5bfde462cc64,SKU003500,Green,S,Leather,Women,Summer
5a8cab36-c3ed-41a6-af85-3fc1ad42a6b4,SKU003501,Red,XL,Cotton,Men,All Season
b486e143-84b6-4935-b42e-163cd930bf24,SKU003502,White,S,Leather,Women,All Season
7d267d5b-1969-4566-86c6-0b61344aa9c9,SKU003503,Blue,XS,Cotton,Men,Winter
efb3f8b4-32c4-4610-bbb2-26c577296ea5,SKU003504,Green,XXL,Cotton,Men,All Season
2c442c77-fbae-4f2c-ab3e-8ec2cd9e691d,SKU003505,Blue,XXL,Leather,Men,Summer
6a948282-9417-4ea3-978b-9c19eea2cd45,SKU003506,Black,XXL,Denim,Men,Summer
0a95ddb0-23b8-4978-b042-0818edfa870e,SKU003507,White,XXXL,Leather,Women,Winter
a8ba4564-ee07-4746-a0f5-fcff4aa9046b,SKU003508,Black,XL,Cotton,Men,All Season
57d8239d-b14b-4416-9253-a95757a50415,SKU003509,Green,XL,Leather,Men,Summer
8af8932e-dfd4-4b9f-a026-afee22f6fcac,SKU003510,Red,S,Denim,Women,Winter
9a7c6ec9-a82d-4136-9074-b3443232be89,SKU003511,Red,M,Polyester,Women,Winter
76196687-b9e0-40ef-b8dd-c3710120d6fb,SKU003512,Blue,XXXL,Polyester,Women,Winter
cc7b422a-ca3f-4f55-a532-bc71035e2717,SKU003513,White,S,Cotton,Men,All Season
d6cac03d-d215-4d0f-bd84-e6a735dfcd3c,SKU003514,Red,M,Denim,Men,Summer
f06bfeca-82a8-4cbf-a0b6-b8d68fa969cf,SKU003515,Black,XXXL,Denim,Women,Summer
018a38c5-6318-46d0-834f-9666492460cc,SKU003516,White,S,Leather,Women,Summer
afc067d4-d21b-4673-9888-3edd234f1cf0,SKU003517,White,L,Leather,Men,All Season
7e833137-8cb2-4bf8-97d9-f24f95c60500,SKU003518,Blue,XS,Denim,Women,Winter
8a0b7311-f0dd-4f35-961f-871db5f9041c,SKU003519,Blue,M,Denim,Men,Winter
ac2a75d7-17c3-4338-bf92-4870b5287e3a,SKU003520,Green,XL,Leather,Women,Summer
b14308de-2852-4bcf-8929-76ef45772f1c,SKU003521,White,S,Denim,Men,All Season
a13dadfe-a01a-434b-9f70-247556bb5624,SKU003522,Red,XXXL,Cotton,Men,All Season
2a8e7070-b661-4062-bb01-ac4bf84c0a1f,SKU003523,Green,XXXL,Leather,Women,Summer
77aad685-de66-45bb-a4d8-83c9923f8c6f,SKU003524,White,XL,Denim,Women,Summer
4023e275-28e4-4fcd-b10c-6f6594550a3d,SKU003525,Green,XL,Denim,Men,Winter
aa7fb975-5b85-4386-85f4-0d68c142ce15,SKU003526,White,XXL,Cotton,Men,Summer
6b0b6c16-4ea0-46e2-b8ad-de573599dc16,SKU003527,White,M,Cotton,Women,Winter
8c11533f-1d0f-4c99-98e7-5b4428dbbe8f,SKU003528,Black,S,Denim,Women,Winter
2a1f0fa3-27c1-4543-af9a-f941cb5d2c22,SKU003529,Green,S,Cotton,Men,All Season
29e3ae17-b757-46bf-9dc4-9ddf17a4887f,SKU003530,Red,XL,Polyester,Women,Summer
f60b71ca-3efe-4bd7-bbf9-f7d8acbf7821,SKU003531,Blue,XS,Cotton,Women,Winter
9ae87f11-8f74-4855-bad7-bb20a8695648,SKU003532,Black,XXL,Cotton,Men,Winter
c880076c-17ce-48c5-af7f-99f06183cad6,SKU003533,Black,S,Denim,Women,Summer
e12c3b01-d796-4141-bc31-11e3fab2de76,SKU003534,White,XXL,Denim,Women,Summer
cd7db774-231d-4978-a142-a62c2631783b,SKU003535,Black,XS,Polyester,Men,Winter
7f42a1f2-33ae-4ee1-a76e-a934f0528b93,SKU003536,Green,L,Leather,Men,All Season
1dc38baf-ba20-459e-bedf-7af8d9e17155,SKU003537,White,XL,Denim,Women,Winter
b6e9b1ce-83bf-4f1a-84d4-fb4a35494a7c,SKU003538,Red,XS,Cotton,Women,All Season
bfbe3b2f-22ca-49a4-aac4-36fdd349807a,SKU003539,Green,S,Leather,Men,Winter
b9e32124-ce05-4b31-89ea-0a880c45b4f2,SKU003540,Red,M,Leather,Men,All Season
38acf743-f9a5-4a99-bc92-a94b48d7469c,SKU003541,Black,XS,Leather,Men,All Season
d03f28d1-aaf7-4598-aa97-ed71a679c8ef,SKU003542,Green,M,Polyester,Men,All Season
106b800e-cdfc-43e1-86e6-ad7c0c136ca0,SKU003543,Black,L,Polyester,Women,Winter
b4097e93-b7ce-41c6-bb4a-de69d0b1f8b7,SKU003544,White,XXXL,Cotton,Women,Summer
40081846-ae18-4269-bd65-7302156814c0,SKU003545,Black,XXL,Leather,Women,Winter
9f1718f1-88e7-49a1-b60e-525b03d6f0c7,SKU003546,Red,XS,Leather,Women,Winter
ca0472ee-f9a9-4757-892b-dbd1448fbc6a,SKU003547,Red,L,Polyester,Women,All Season
a9500ca5-e279-4d50-9eb5-ff8a41e0287d,SKU003548,Red,L,Denim,Men,Winter
33874e43-fccc-41e9-8047-9cb0d23276db,SKU003549,Green,XXL,Denim,Men,Summer
811ee77c-58ac-4b4c-b7c3-4f0dabb2ba03,SKU003550,Green,XXXL,Polyester,Women,All Season
14efad5c-de64-42f1-a17b-92be6799ffe7,SKU003551,Green,XL,Denim,Men,Winter
352fc711-8298-431a-ad4b-4191b42bbf70,SKU003552,Green,S,Cotton,Men,All Season
989f95b9-ecbb-4613-b8f1-8012fa37f242,SKU003553,Blue,M,Denim,Men,Summer
b1d92710-11de-4e03-8dfd-93b7e399505a,SKU003554,Black,S,Leather,Women,Summer
140b98c9-a36c-4177-ac6b-9caf5c1bfd88,SKU003555,Green,S,Cotton,Women,Winter
c1117851-b3b8-4591-9670-71d4dc2d0ae6,SKU003556,Red,XXL,Cotton,Women,Summer
b7b28c54-267a-4aab-877c-0f29bf8b39ee,SKU003557,Red,XXXL,Denim,Men,Winter
f5990aa0-ec5d-4f25-a03a-f2f7e60e954c,SKU003558,White,XS,Polyester,Women,All Season
02ee8fe3-69af-48ac-9ae2-dd3112c4ffab,SKU003559,Blue,XL,Cotton,Men,All Season
2d479621-24c1-42bb-b42a-ee29149fea4b,SKU003560,Red,XL,Cotton,Men,All Season
039d34df-1719-472f-b1ee-35794868a679,SKU003561,Red,XS,Denim,Women,Summer
cad0429b-ec33-4424-bbba-179b9a0ad7b4,SKU003562,Black,L,Cotton,Men,All Season
1cbf8343-829f-424b-a6d1-cdab95b8156b,SKU003563,Green,XL,Polyester,Women,All Season
5e7693f9-be45-4e86-b567-281f8758dc80,SKU003564,Red,M,Polyester,Women,All Season
8eb167a5-a5b8-4e09-91ab-e0e0585ba97c,SKU003565,Black,L,Cotton,Women,All Season
15016466-b094-460e-89d2-34a513c992aa,SKU003566,White,XL,Leather,Men,All Season
1727936a-c64e-48c9-aed0-512612b0346b,SKU003567,Blue,M,Cotton,Women,All Season
29dd1a3f-d0d5-477b-baba-e089cd42ad97,SKU003568,Black,XL,Leather,Women,All Season
da3d109e-411a-4120-b286-e16dae1e5122,SKU003569,Black,S,Polyester,Men,Winter
50fca857-102e-46c1-8288-8e063a9ebcff,SKU003570,Green,XS,Polyester,Women,Summer
92f6a5f6-2169-41f8-a0c8-9c25e759b2f8,SKU003571,Red,S,Leather,Men,All Season
0ac38b09-2c04-4a4c-84dd-01d0fbe4eb2d,SKU003572,Black,XL,Denim,Men,All Season
a6eab551-9eda-4bb4-91bf-e6367bece040,SKU003573,Blue,M,Cotton,Women,Summer
ba1592e0-b248-48af-8f54-1b9792587b2d,SKU003574,Blue,XL,Polyester,Men,All Season
190fd048-58dd-44cc-8d8f-a113a0ba9bba,SKU003575,White,L,Polyester,Men,Winter
c401c484-8537-4566-851d-17ba710e9b74,SKU003576,Blue,XXXL,Cotton,Men,Summer
a727e075-d415-4b3c-9b63-7e634106f34c,SKU003577,White,XXL,Cotton,Men,Summer
4c18f952-267a-414d-a92a-ea17403c0a69,SKU003578,Red,XL,Leather,Women,Winter
ec441543-466c-485b-941a-8a0d26a897f2,SKU003579,Blue,XXXL,Polyester,Women,Winter
f47e4dbc-1e27-4f74-91d6-e89d010e40a2,SKU003580,Red,L,Polyester,Women,All Season
2d211c11-dafb-4b0a-b764-6b45d1dede6c,SKU003581,Green,XXL,Cotton,Women,Winter
8c4b830b-bdd0-4a01-954b-9ba3f8eee260,SKU003582,Green,XS,Cotton,Men,Summer
eca38387-c758-4e37-9748-da28ec972538,SKU003583,Green,M,Polyester,Men,Winter
dd785d52-b0e4-4463-a3b2-30cf29e94f14,SKU003584,Green,L,Denim,Women,Winter
b6adbb87-fee9-4f30-a253-6e709c78e4f3,SKU003585,Blue,XXL,Cotton,Women,Winter
0b6fc8a8-9f33-4fd1-b012-9db1ac12f7db,SKU003586,Black,XS,Leather,Women,Winter
a83a448f-db99-4d04-aad3-04a7039a6454,SKU003587,White,S,Cotton,Women,All Season
5c1eb6bc-64f8-4738-85e5-3179c6955135,SKU003588,White,XS,Cotton,Men,Winter
463d9776-914f-4ef3-a29c-7ae043499057,SKU003589,Blue,S,Cotton,Men,Summer
13db090d-3471-4d8e-b157-3d4a793b4d65,SKU003590,Blue,S,Cotton,Men,All Season
08ebac67-1c66-45d2-bfe2-30d3ef4f9880,SKU003591,Blue,XXL,Leather,Men,All Season
b61e6689-73ab-47b1-a4eb-810540f4bbdc,SKU003592,Green,XS,Denim,Men,Summer
946a0415-3fb0-4a86-ae73-45ce38f030c7,SKU003593,White,XL,Polyester,Men,All Season
0471d6a3-9d56-40af-96c5-0e33abf8194c,SKU003594,Green,L,Denim,Men,All Season
83b839bc-9738-4584-8d19-0c6244663a62,SKU003595,White,XXL,Denim,Men,Summer
dca79caf-e655-4233-b257-c50a224765d0,SKU003596,Green,XL,Cotton,Women,Summer
0a21ffab-a39e-48a0-8bcb-6bc3e823dc09,SKU003597,Black,XXXL,Cotton,Men,All Season
b4954115-2438-4483-8505-3e81afd2926b,SKU003598,Blue,L,Cotton,Women,Summer
890d11f1-f099-4e36-837f-613cdd496c31,SKU003599,Blue,XXXL,Denim,Women,All Season
6701345a-fad7-4a07-8dfa-02bca8306634,SKU003600,Red,XXXL,Leather,Men,All Season
f9523be7-9d48-4987-b9f0-71b91d2a00fe,SKU003601,Black,M,Denim,Men,Winter
43128f93-8658-4193-92d0-aaaea78419ba,SKU003602,Blue,L,Denim,Women,Winter
ed114b04-c867-4430-9b7b-4dcda0b9952a,SKU003603,Red,S,Denim,Men,Winter
2a4f0435-9d8b-4d30-9823-d040bfdc3d4f,SKU003604,White,M,Leather,Women,Winter
1314cbb9-a189-47a6-92f7-060226b3008f,SKU003605,Black,M,Cotton,Women,All Season
ce3a5669-6fde-4440-a821-003a08f734ff,SKU003606,Green,XXXL,Denim,Women,Summer
df8165b7-249d-4a93-8884-6e4e626c1ca6,SKU003607,White,XL,Leather,Women,Winter
264a2558-b455-4d10-aaa5-010f0d72dd36,SKU003608,White,XL,Polyester,Men,Winter
d800a3b2-eabf-4f24-a361-7d72e3dd9af5,SKU003609,Blue,L,Polyester,Men,Summer
be18806a-169b-4fc3-a7de-ea162c7a7967,SKU003610,Blue,XL,Denim,Women,Winter
49a25242-1408-48a3-8ab1-fd6900d6c92e,SKU003611,Blue,XXXL,Polyester,Men,Winter
5e6034fd-c03f-476b-ae4a-75367563f3a7,SKU003612,Red,S,Leather,Men,Summer
dbb971e5-2e53-454b-b29f-27129eed6a19,SKU003613,Black,XL,Polyester,Men,Summer
c7f670bc-b92e-4b46-92f5-f77b701947c1,SKU003614,White,XS,Leather,Women,Winter
07819416-cd5a-427c-95ff-7002aa103616,SKU003615,Red,S,Polyester,Men,Winter
6bbfd4e1-3581-4ce1-b706-b8c1c4d6c0dc,SKU003616,Red,XL,Cotton,Women,All Season
d44a4f40-616a-4901-b8fa-5075ad7ed10c,SKU003617,Blue,XL,Leather,Men,Summer
4785ce01-4cd4-42f5-b213-17de747c65d4,SKU003618,Blue,XXXL,Cotton,Men,Summer
810fd805-c453-45d9-9800-d8b885634d84,SKU003619,Blue,XS,Leather,Men,All Season
f9214d0a-2ec5-4adb-99a0-215eb7659c5b,SKU003620,Red,S,Leather,Women,All Season
f5fbe113-4622-4e6f-b364-e5b3f9aa2770,SKU003621,White,XS,Polyester,Men,Summer
94a848d4-5afa-486c-bb3f-daf9e66a84e7,SKU003622,White,S,Polyester,Men,Winter
df49f611-5853-4211-90ad-e6a29c628fc1,SKU003623,Blue,XS,Leather,Men,Summer
502ed2b2-7cf8-420d-b120-d7f0559190e0,SKU003624,Black,XXXL,Cotton,Men,Summer
20cafc05-b52c-4597-9f7f-a432a140f5c6,SKU003625,Red,XXL,Denim,Women,Winter
9ee69d80-0c3f-454b-992b-287d6a305ea7,SKU003626,Blue,XS,Polyester,Women,All Season
604b322c-5bec-42b9-b3f3-e7ed3b25c0f9,SKU003627,Red,L,Denim,Women,All Season
49e58b76-892f-4f35-b706-55779f883320,SKU003628,Red,XXL,Polyester,Women,Winter
ed2d1b29-dd09-4a61-8c20-9a54440be107,SKU003629,White,S,Leather,Women,Summer
0703b1d3-7b54-43de-a789-74c1fd8b6104,SKU003630,White,S,Polyester,Men,All Season
fece9fe3-2db2-413e-a691-0b023b68f45e,SKU003631,White,M,Denim,Men,Summer
3ad3ef40-3388-4b7f-ab8c-fbe39393d461,SKU003632,Black,S,Polyester,Men,Winter
9024fb49-e6c3-42f0-a202-2e5b64955fab,SKU003633,Red,S,Polyester,Women,Winter
03f175d6-7a60-4517-8901-18a9df88832d,SKU003634,Green,XS,Cotton,Men,Winter
6a6e13e8-ecea-44c9-98e8-803773811e46,SKU003635,Green,XS,Polyester,Men,All Season
3fa48224-c9c2-4aba-b35a-6f6915f468ee,SKU003636,Blue,L,Leather,Women,Winter
c7aa56d0-0250-41ca-ae73-4b45743dad62,SKU003637,White,XS,Denim,Women,Winter
33a5e281-ded3-4031-924a-c142445a4fed,SKU003638,White,S,Polyester,Women,All Season
c4b5df8e-34f0-4747-af13-4f309e9a6019,SKU003639,Green,XXL,Polyester,Women,Winter
f6223269-8507-47d4-86cb-61b6afd75f64,SKU003640,Green,XL,Cotton,Men,Summer
9eb4f15f-7a50-45d9-99ae-07bc717fb249,SKU003641,Green,XL,Polyester,Men,All Season
78f461b4-13f0-4eef-a141-59a83f8de529,SKU003642,Green,XXL,Leather,Men,All Season
8f625ab1-398e-4b54-8af8-f39e7ce1eb19,SKU003643,White,L,Leather,Women,All Season
c6316a90-55c0-4f57-a6b0-522725fe529a,SKU003644,White,XL,Denim,Men,Summer
e828eda2-a23c-4fc1-9da4-81b7ed0dde88,SKU003645,White,L,Leather,Men,Summer
ad789041-d5bb-4ce4-a15b-db1374db16cb,SKU003646,Red,M,Denim,Men,Summer
51accaf4-8251-46e9-920b-19777eb86a78,SKU003647,Red,XL,Denim,Men,Summer
7db71e13-649a-4c19-a739-f16bd6b5bdcc,SKU003648,Black,M,Denim,Men,Summer
f5aa23c3-8cfb-490f-8305-a28d23a6aa0d,SKU003649,Black,L,Polyester,Men,Winter
dfa0d773-e13f-4d24-a410-eebbfaf6ed3a,SKU003650,Black,S,Leather,Men,All Season
51de78d5-84e4-4ca6-8a83-d22ff1bd1d58,SKU003651,Blue,S,Leather,Men,Summer
f97838aa-e349-46e1-ba0a-5a1847c3fb11,SKU003652,White,L,Polyester,Women,Summer
e1f0561c-e19d-48a1-9baf-67ae5496d96b,SKU003653,Blue,S,Polyester,Men,Summer
a089ee0a-bc8c-495d-8748-0a6fc7e779f9,SKU003654,Black,XL,Denim,Men,All Season
6e77b9c5-8c38-434f-8c2e-90f9028812d5,SKU003655,Black,XL,Polyester,Women,All Season
ac547453-c213-4691-ab1c-5e02e0babd18,SKU003656,Green,M,Leather,Women,All Season
8baa71c2-e73a-4831-9de6-5b63e3019513,SKU003657,Green,S,Cotton,Men,All Season
96a838a1-fc04-411d-bed5-b7b88267763e,SKU003658,White,M,Cotton,Women,Winter
4967b5c3-a36e-447b-8edc-bf379bae33da,SKU003659,Blue,XXL,Leather,Men,Winter
759c4b52-9341-414e-b580-15b1d77cbae8,SKU003660,White,M,Cotton,Men,Summer
f3b6f4e3-a9cc-48ba-b748-8dd97364b3ae,SKU003661,Black,S,Denim,Men,All Season
a679dea0-5314-4340-889e-c44a7cbfb9b2,SKU003662,Blue,XXXL,Polyester,Women,All Season
3edd9649-3ec3-40ee-8e31-e7811da0dd21,SKU003663,Green,S,Denim,Women,Summer
b359a39c-78b5-4ba9-a6a9-5de108797a9d,SKU003664,Red,S,Denim,Women,All Season
54688305-b081-42e3-b35a-79ce25fda6e3,SKU003665,Green,XS,Leather,Women,Winter
ab05ae8d-764d-478c-8e29-83745afcc7d9,SKU003666,Blue,S,Polyester,Men,Winter
8ffa5cd7-b5e6-4cf9-b9d0-b11fcfbcd9ef,SKU003667,White,XL,Denim,Women,Summer
4bed06d1-c179-49b3-a3da-f6493449283d,SKU003668,Green,XXXL,Cotton,Women,Winter
e5bac678-18f9-4fab-be53-ad4e33c033b0,SKU003669,Red,XXL,Cotton,Women,Summer
23faa6c0-fe2b-467e-8105-31329031886b,SKU003670,Black,S,Polyester,Men,Summer
7c1fdd4a-18ac-4095-a71b-c2149709c064,SKU003671,Red,XXL,Cotton,Men,Summer
222afd56-fa8b-46cf-8b9c-d6541449ed77,SKU003672,Blue,S,Leather,Men,All Season
0179525e-b71e-46c2-a5ec-da322bd0162d,SKU003673,Green,S,Leather,Women,Summer
52e82481-9c0d-447c-b16f-72429e415942,SKU003674,Red,XXXL,Polyester,Men,All Season
9e0af52f-a3f3-41a5-96fe-4f719d446dba,SKU003675,Black,L,Polyester,Men,All Season
f346b3f3-ad8c-4c1e-ba88-a6a30142c33d,SKU003676,Green,S,Denim,Men,All Season
69ceabb2-342e-4b9f-903e-f37b4f16a013,SKU003677,Red,M,Cotton,Women,All Season
ea8ef1cc-a328-44fb-96b2-ef7f54aa8d43,SKU003678,Green,XXL,Leather,Women,Summer
19c9e26b-ed3c-4153-b857-5508fadd6097,SKU003679,Black,XXL,Leather,Women,Summer
e886e4d3-4e6a-4101-85be-9694525908a5,SKU003680,Blue,XL,Cotton,Men,Winter
83799c96-47e2-4ddc-bee7-ffb7e593fe06,SKU003681,Black,XS,Cotton,Women,Summer
65ff45dc-92a4-425d-bb19-ea634ec54cf8,SKU003682,Black,XXL,Cotton,Men,Summer
c6c33efc-586e-4814-ade3-6068fa2a6366,SKU003683,White,XS,Denim,Men,Winter
f0dc3eb0-fcf3-4ac2-b6f3-cd58ab6da13b,SKU003684,White,L,Cotton,Men,All Season
f9efa46f-ff9e-4573-bda1-8fb7317dd10f,SKU003685,Black,S,Polyester,Women,All Season
ecb77a00-ee99-475d-8b32-5fc577902399,SKU003686,Black,M,Leather,Men,All Season
ad0260fe-2136-41c7-9d94-7fefcd4c873b,SKU003687,Blue,XXL,Leather,Women,Summer
add673e2-cd82-49cc-8a97-bc761b6e3338,SKU003688,Red,XS,Denim,Men,Summer
85656b70-0475-44c7-be25-52b1e6a0ec40,SKU003689,White,M,Denim,Men,All Season
32c5e420-d3f4-45a0-99e5-c2c8352b2353,SKU003690,Blue,XL,Leather,Men,Winter
725b6bc6-ed1c-4b22-af3e-167e7f64d1f6,SKU003691,Black,XL,Leather,Men,Summer
c473ab0a-7852-4f19-8444-5c94e6a863e5,SKU003692,White,XS,Cotton,Men,All Season
54b0a04e-eec6-456c-8cd1-b82ffe2d7ede,SKU003693,Red,XL,Denim,Women,Winter
bcb698ed-2348-4ab2-aa17-c4cc6da743b5,SKU003694,Black,S,Denim,Women,All Season
2358cf54-e85e-4c18-b594-98ae7f6c2f0d,SKU003695,Red,S,Denim,Women,All Season
daad989f-9448-45a6-8c53-23b8f6c871ab,SKU003696,Red,XXL,Cotton,Men,Winter
cc6b2d83-46dc-415c-9349-c8afed5dbbcc,SKU003697,Black,L,Leather,Men,All Season
0c818abf-3d02-4ae7-9245-304fb6052871,SKU003698,Black,XL,Denim,Men,Summer
b5abda45-acb5-4e37-a6bc-116b3d3fee70,SKU003699,Blue,XXL,Cotton,Women,Winter
27eb42fa-6db9-4864-9289-efb6247c0170,SKU003700,White,S,Cotton,Men,Winter
4d33ea30-beb8-4939-a36b-649fa9e6829d,SKU003701,White,XL,Denim,Women,Summer
56ccf759-da3d-4779-b497-50bd4d4fe9b9,SKU003702,Black,M,Cotton,Men,Winter
df7d51bd-9dac-45de-beff-3ae9e5504cfa,SKU003703,Green,XXL,Denim,Women,Summer
7ddebfa1-3d5d-4cf2-a58d-6ddaec9656a4,SKU003704,Green,L,Cotton,Women,All Season
891df1a9-7701-4d2e-b6e3-b642d635fb89,SKU003705,Green,L,Denim,Men,Winter
9d97b644-ebf7-4d12-b932-ab16919736ae,SKU003706,Blue,XS,Polyester,Men,Summer
588dcbef-e7fc-41ae-bab9-962685cceb55,SKU003707,Blue,XL,Denim,Women,All Season
815d43cd-06f1-49e6-b530-5187c82cfee2,SKU003708,Black,S,Polyester,Women,Summer
81190ca7-546c-4af8-b3c3-4488e9ec9de3,SKU003709,Black,XXL,Denim,Men,All Season
cacfd839-7cee-454e-8cda-b55fb2c37807,SKU003710,Red,XXL,Denim,Women,Summer
d93ecd4f-35ea-4009-8b30-6068595e234d,SKU003711,Red,XXL,Denim,Women,Summer
5d09c6ef-0c13-4ae4-bcf1-097f6fc9314e,SKU003712,Red,S,Leather,Women,Summer
e6a777a1-aec0-4fe6-ad3a-dc7c107f89eb,SKU003713,Blue,XS,Cotton,Women,Summer
73eaa992-4509-49a0-a594-ec4a025cb022,SKU003714,Red,XL,Cotton,Men,Summer
0b05ebe8-8804-4f4d-82d6-04f9fe95760b,SKU003715,Red,S,Leather,Women,Winter
3f77f2c1-19e9-4e1b-a6ea-0489a0d1a0c6,SKU003716,Black,XL,Leather,Women,Winter
9811d3e8-0932-4a93-b776-62604679083a,SKU003717,Green,XXL,Denim,Women,Summer
b05494e4-cbc3-4adf-9c06-ca91930f6cee,SKU003718,Green,M,Cotton,Men,All Season
cd354d2d-4807-49ee-a035-afcf6d6cd243,SKU003719,Red,XS,Polyester,Women,All Season
a5e63c4a-baec-4b30-a195-e4508d0b99b2,SKU003720,Blue,XS,Leather,Women,Summer
56990438-184d-4075-9eeb-2175964ed0e3,SKU003721,Red,S,Leather,Men,All Season
011fc5c1-f274-483f-abb4-50bd812fb9a3,SKU003722,Red,M,Cotton,Women,Winter
5d54ee8b-edcc-4f6a-9ee6-ab5687af0792,SKU003723,Blue,S,Cotton,Men,Summer
a691f195-0140-4f60-be89-63ff9d1b5d93,SKU003724,Black,M,Polyester,Men,Summer
00fa737b-935d-40cb-88d6-dcbecb64dcad,SKU003725,Blue,L,Cotton,Men,Winter
c429a48a-e2af-4d53-975c-22254cd8e09f,SKU003726,White,L,Polyester,Women,All Season
166571bb-e864-42a7-b21a-905baa5afef9,SKU003727,Black,L,Denim,Women,All Season
1415f592-7cee-4467-aa67-b8a75043ab93,SKU003728,Blue,S,Cotton,Women,Summer
53063b82-9349-439f-8e53-58ce94590993,SKU003729,Blue,M,Leather,Men,Summer
5ba78e82-2305-40ac-9c4a-a47aa5ab8aa3,SKU003730,Red,L,Cotton,Women,Winter
308fcf66-0964-4ba4-89c4-3cf566eca6a5,SKU003731,Blue,M,Leather,Men,All Season
29a56f46-9db9-49d0-9c0e-f584ea95d980,SKU003732,Black,XS,Polyester,Men,All Season
670a43c0-135b-4e57-83c4-5b09b1369b15,SKU003733,Blue,XS,Leather,Women,Winter
cc4569a6-2f16-4091-aca2-761786f83184,SKU003734,Blue,M,Cotton,Women,All Season
ff28b69f-da7f-4f16-a15a-e6375c66b918,SKU003735,Blue,XL,Leather,Men,All Season
246b5576-8176-4f62-9909-34491d6cb3e3,SKU003736,Green,XS,Cotton,Men,Winter
baf4ff83-10ba-42f2-a551-ced2a2139fc4,SKU003737,Red,XS,Leather,Women,Summer
4ef9a771-39fc-4fa8-ad8d-8e951e305e13,SKU003738,Red,XS,Leather,Women,All Season
84c1376e-e05b-434c-b93e-544b399f41d7,SKU003739,White,XS,Cotton,Women,Summer
b064a377-bcbb-458b-8c3c-a5a8225c29c4,SKU003740,Blue,L,Leather,Men,All Season
f9d7a3ce-0c90-4177-9dde-a1843e34b56d,SKU003741,White,XXL,Cotton,Women,Summer
d0a58371-97e9-4b23-b206-eebc8764204c,SKU003742,Green,S,Cotton,Women,All Season
923386cc-54a6-42cd-b9de-1d9eccb4514e,SKU003743,Black,XXL,Leather,Men,Winter
8382971a-63d2-4946-ba07-5d0e5290f666,SKU003744,Black,L,Denim,Women,Summer
63b0c103-5bd5-4d22-90f3-e80ca616bc29,SKU003745,White,XXXL,Cotton,Women,Summer
c15415c7-924a-45cb-ad1b-04f592e18bd1,SKU003746,White,XL,Cotton,Women,Winter
6741cd27-68bc-4327-ae11-8ad169dc4abb,SKU003747,White,XL,Denim,Men,All Season
7fd41846-5820-43d3-96b4-2228f380a4cc,SKU003748,Green,XXXL,Cotton,Men,Winter
3b3083f3-29c2-437a-bef3-b555f9cddf4f,SKU003749,Red,XS,Cotton,Women,Winter
2ac643a0-6e58-45a3-8a3f-5d1ecbc8d6d5,SKU003750,Red,L,Polyester,Women,Winter
581b8054-12b4-40c4-8843-9f2d51c0c425,SKU003751,Green,L,Denim,Men,All Season
01a41bef-ba8c-4fc3-aabc-a5737c81f2bf,SKU003752,Green,XXXL,Cotton,Women,Summer
2d4a907c-62de-4671-9f3c-c9a3414dcddb,SKU003753,Black,XXXL,Cotton,Women,All Season
17c883d3-b445-4911-b106-e214d27c014a,SKU003754,Blue,S,Cotton,Women,Winter
a559016f-f7cc-49e7-9d5f-112e7174ee8d,SKU003755,Red,S,Leather,Women,Winter
72b381b1-3bb7-495b-9594-a2676c91ba67,SKU003756,Red,XL,Leather,Men,All Season
3e877afa-6051-4f3d-8edd-3e83d82342b4,SKU003757,Black,XXXL,Denim,Men,All Season
2712d6a8-6e63-4251-b754-115e69a00e4c,SKU003758,Black,XS,Denim,Men,Winter
a938cfec-21fc-452d-bcd2-23a02d2fb6cb,SKU003759,Black,XXXL,Cotton,Men,All Season
c94d14ef-a246-4147-93ab-b079cf09e5c5,SKU003760,Blue,XS,Denim,Men,Winter
c576c042-8369-4db4-9a79-75bc6892d0ed,SKU003761,Red,S,Denim,Men,All Season
aeb82375-0d18-48d6-818b-4c442fc63b03,SKU003762,Blue,XL,Denim,Men,All Season
adfbac10-4778-4689-a424-220aae6d4dff,SKU003763,Black,XS,Cotton,Women,All Season
9e1cf497-6cb9-49d6-bc34-bc548f84594f,SKU003764,Blue,XXXL,Cotton,Women,Winter
5d93cefa-3c1a-44ff-9c2c-dcc5023e36d0,SKU003765,Blue,M,Cotton,Men,Winter
76ccec9d-fcde-4745-ac54-f8647b88ac74,SKU003766,Green,M,Polyester,Women,Summer
06a74b36-d679-49c7-aa6b-5e4184be18b5,SKU003767,Blue,L,Leather,Women,Winter
dcdb5692-85ef-43bd-ad35-a014135f623e,SKU003768,Red,L,Denim,Women,Summer
c78f8d4a-5a93-47f2-9ce4-a6d4dee86549,SKU003769,Blue,XS,Cotton,Men,Winter
e42a5b03-29c6-42b5-8f95-ef6c80561ca1,SKU003770,Green,XS,Polyester,Men,All Season
63c0bf6a-9157-460d-8fe9-20b71f688d22,SKU003771,White,M,Leather,Women,Summer
3427df57-3130-4e17-8af0-9adbcc864a72,SKU003772,Blue,L,Polyester,Men,All Season
b4cfd408-ceaf-4a42-9b5d-19fd05d69141,SKU003773,Green,XS,Polyester,Men,Winter
e2820156-1298-424d-8f52-2bf2f13d4af4,SKU003774,Black,XXXL,Cotton,Men,Summer
a316ec12-f567-4e79-a4f2-4d537f2ac07b,SKU003775,White,XS,Polyester,Women,Summer
e1811b88-f0b7-4462-b854-be944ae8be94,SKU003776,White,XL,Denim,Men,Winter
1d474ecf-ade4-43e9-94a6-7ef12112afae,SKU003777,Green,XXL,Cotton,Women,Summer
9acf999e-3281-43a3-a70e-33fea72cb581,SKU003778,Red,XL,Denim,Women,Summer
064dd023-ab52-4546-bc3a-4e3ed6ac88f0,SKU003779,Red,XXXL,Leather,Men,Winter
0938bc54-a1dd-4705-baa5-42e9a0dc819d,SKU003780,Green,S,Leather,Women,Winter
da84ac42-2f04-492e-b3af-a865aef6402b,SKU003781,Green,S,Polyester,Men,Summer
7918217e-2780-4c68-bc57-254b5bd3bc30,SKU003782,Blue,XL,Polyester,Women,Summer
41948656-78bf-49d5-8822-482ce92a524d,SKU003783,Green,XS,Polyester,Men,Summer
56b2dcc0-205f-43a8-bc4e-2e6fa413d756,SKU003784,Red,XS,Leather,Men,All Season
39a4f918-71b5-4c0b-aebe-7876e03cbc35,SKU003785,Green,M,Denim,Men,Summer
447dcb4c-5502-487f-b72c-952cffffc9ff,SKU003786,White,XXXL,Denim,Men,Winter
17ae3c70-4a86-40aa-a5d8-9709397c1531,SKU003787,Red,M,Cotton,Women,Winter
b42a2ace-9e80-4e23-b55d-700f78eeec5c,SKU003788,White,M,Denim,Men,Summer
c6b3a130-5add-4dff-94b3-ed1d37016a5f,SKU003789,Black,XXL,Polyester,Women,Winter
1ae07dd8-262b-4857-a5d8-33ba5a33d1aa,SKU003790,White,M,Cotton,Women,Winter
b9fb885c-c6b1-49ff-b76e-f40a20accbd2,SKU003791,White,XXXL,Denim,Women,Winter
27317a7f-2015-431a-8ba1-1ef0c0d0a40d,SKU003792,Blue,XXXL,Polyester,Women,Summer
0c448e5f-607b-4e19-85de-fe7696388717,SKU003793,White,XXXL,Polyester,Men,Winter
49e392c7-13a2-4c40-9bf9-dfb7486af365,SKU003794,Black,XL,Cotton,Men,Summer
8d1988f4-b1e0-48d2-91d5-163be37b00e8,SKU003795,Green,XS,Denim,Women,Winter
d57f6568-0e6c-48ed-97c6-e7d3a658ab68,SKU003796,Blue,XXXL,Leather,Men,Summer
3263ebbd-d46e-4f9c-a878-5c8147f4f035,SKU003797,Green,L,Leather,Men,Winter
8ef044f4-09d1-4e5c-99c9-0fbc6597f9cd,SKU003798,White,L,Leather,Women,All Season
3b812737-0ff6-41ca-830a-90c3daf1ead5,SKU003799,Green,L,Leather,Women,Summer
785bd683-f8ee-4c66-ae9e-77e5115659f9,SKU003800,Green,XL,Leather,Men,All Season
72917e47-dc68-4bd5-99da-d39c902362fa,SKU003801,Green,XS,Cotton,Men,All Season
f4495f54-9ef2-4fb8-a69f-a2f8afb19ddb,SKU003802,Red,XXXL,Cotton,Men,Winter
79411e0b-de6b-4897-b067-b90dbec0d82c,SKU003803,White,S,Cotton,Women,All Season
2a953a62-e736-42ca-8ac1-5563bb733073,SKU003804,Red,XXXL,Leather,Women,Winter
634cefed-b502-4512-9f76-6c3ffb1066dd,SKU003805,Red,XXL,Denim,Men,Winter
96c80d65-353c-41d6-a108-c2be3a6ac380,SKU003806,White,L,Denim,Men,Winter
4e3fd53b-d675-488c-8581-2918c90d96f8,SKU003807,Blue,XXXL,Cotton,Men,All Season
af528d36-ce88-4445-a1f8-f9581e128334,SKU003808,Black,L,Denim,Men,All Season
0ab2e00c-69b5-4d4d-ace6-a44a17778695,SKU003809,Red,XL,Leather,Men,All Season
0ceec85e-dfe7-4e68-b21e-0665b86f0ada,SKU003810,Blue,XS,Polyester,Men,All Season
fe2fe73e-a8e2-4a10-9e12-0403717e4088,SKU003811,Red,XL,Leather,Men,All Season
2338a952-abd0-479f-bed2-b59d2163e5e9,SKU003812,Blue,XL,Cotton,Women,Summer
92ee1137-8616-4be0-b65f-763b46643ecf,SKU003813,Blue,XS,Leather,Women,All Season
5cd97198-024f-40ac-8345-13b04867ddfa,SKU003814,Blue,XS,Leather,Men,All Season
732aaafd-afa3-47f2-8958-86cba57ab25f,SKU003815,Blue,XXXL,Cotton,Men,All Season
f16f7358-8ad4-4200-8abf-394ca0c54847,SKU003816,Black,XS,Cotton,Men,Winter
5853739d-4b73-4fbe-a757-5eac4d02d1a3,SKU003817,Blue,XXL,Polyester,Women,All Season
3ceefcc7-7a0f-4704-8100-9df96e0f79ae,SKU003818,Black,XS,Polyester,Women,Winter
31d1ee62-b711-4e99-8153-ea14b75b8ec1,SKU003819,Red,XXXL,Leather,Women,All Season
ea5abfbd-cd50-401d-996f-eaca8562d310,SKU003820,White,M,Cotton,Men,Winter
6ca913f6-1660-42d0-a425-c454b3fc651a,SKU003821,Green,S,Polyester,Men,Summer
f1cb153a-4fca-40c6-9456-136afc7939d6,SKU003822,Black,XXXL,Leather,Men,Summer
a353aed6-baf8-4ba0-9cb4-5bf036772964,SKU003823,White,M,Denim,Women,Summer
f82c7aee-6307-49dd-874d-484209cffe6f,SKU003824,Blue,M,Polyester,Women,Summer
fff9c45b-11f4-4b5f-ab93-fcde032e25a6,SKU003825,Blue,L,Leather,Women,Summer
385055f4-d6bb-4139-9f8c-528d7512806f,SKU003826,White,L,Denim,Men,Summer
5a8b6c15-4de7-4116-bff5-d254fc6cf762,SKU003827,Red,S,Polyester,Women,Summer
a0a25884-b23f-4ba7-876f-13430faab71a,SKU003828,Green,XXXL,Polyester,Women,Summer
417ad31e-73d4-46be-a077-f239a45a1bc7,SKU003829,Green,XS,Polyester,Men,All Season
da3f60e5-9c05-4e17-ba32-73f977e6ed34,SKU003830,Green,XXL,Denim,Women,Summer
1d9cb84e-111e-477c-ada4-cb2d2f9ab202,SKU003831,Green,S,Polyester,Men,All Season
2a954d53-0ff9-4e3c-a898-4760fc4e3607,SKU003832,Blue,XXL,Leather,Women,Winter
b5b06f2e-901c-4a44-b763-704f0b5ebbd0,SKU003833,White,XXXL,Polyester,Men,Summer
217d2fba-0ff7-47a7-87ca-62670e90c2d7,SKU003834,Blue,S,Denim,Women,Summer
e79a37be-ed50-4809-825c-1366404222e3,SKU003835,Green,L,Polyester,Men,Winter
41e72fca-1213-400a-8140-568313a188b9,SKU003836,Black,L,Leather,Women,Summer
5f30d2e7-8d4c-4fc5-8dcd-c02bdff89fd3,SKU003837,Red,XL,Denim,Women,All Season
537558e1-30ae-4896-9ea9-c7df7a208b93,SKU003838,Black,XXXL,Polyester,Men,Winter
f588f872-01f6-4c03-b991-82fbcbacc97c,SKU003839,Green,XS,Denim,Men,Summer
7681b848-4dc9-4830-98f5-c0863a636e91,SKU003840,Red,XS,Polyester,Women,Summer
4e3979c6-bc5a-4b88-8bfd-78ccd5d88df7,SKU003841,Black,XS,Cotton,Men,All Season
57b89193-0f34-4f53-9f89-4bb4a643d64b,SKU003842,Green,XS,Cotton,Women,All Season
405f4126-1d0a-46fc-99d4-8bb3bc0c96f9,SKU003843,Blue,M,Leather,Women,Summer
ca19643e-8f63-4e8a-8396-0e9476859c4f,SKU003844,Black,XXXL,Cotton,Men,All Season
6186749a-26fa-414f-b0e3-a7e0fea83b5a,SKU003845,Black,XXL,Leather,Women,All Season
13cec951-51f3-4d98-b4f2-a56aed9c1407,SKU003846,White,S,Leather,Women,Summer
c18b933f-fff8-466a-a7d3-a02f810a8688,SKU003847,Black,M,Leather,Men,Summer
a7e7a4b0-3488-4270-9190-aef2b52cae19,SKU003848,Green,M,Denim,Men,Summer
3cff8dbc-f46d-4077-9268-271065a00deb,SKU003849,Blue,M,Polyester,Men,Winter
ca412ba6-9934-43f0-81c7-f426d68d2017,SKU003850,Black,L,Leather,Men,Summer
657647bb-6392-4977-89d2-fd0424405f10,SKU003851,Green,XL,Leather,Women,All Season
404e229b-ed98-4762-96eb-35c5786c236b,SKU003852,White,XS,Cotton,Women,Winter
011a5ef2-10c9-4523-a498-75e490bcf644,SKU003853,White,XL,Leather,Women,All Season
89a95d8b-8333-4b73-baaa-9c62c4bb3359,SKU003854,Blue,XXXL,Cotton,Women,Winter
aaf9e60b-293d-4e9e-818d-4bd8ed4a4051,SKU003855,Blue,XXXL,Leather,Women,All Season
739f44d4-4e1d-458c-af30-3ecc09fa4bb3,SKU003856,White,M,Leather,Women,All Season
090d9c73-fecf-4469-a5af-00e05418bd71,SKU003857,Green,XL,Denim,Men,Summer
5aea0bf8-07e9-41ed-87a7-309ce4568b6c,SKU003858,Green,XXL,Leather,Women,Winter
0b1f54c5-7c42-4ae8-84ec-ae5501e103d4,SKU003859,Red,XXXL,Cotton,Women,Winter
c1249f6c-3eb7-4fcf-b64b-9c3fa32946c8,SKU003860,Green,M,Polyester,Men,All Season
9b56d469-42db-45c7-a355-4d10f0bdaa12,SKU003861,Red,XXXL,Denim,Women,All Season
3593d1fb-19e0-42f4-ac1b-c4cbd077f428,SKU003862,White,XL,Cotton,Women,Winter
941ee08d-4946-474b-86be-2c34060eae9f,SKU003863,Green,XL,Cotton,Women,Winter
775db378-4010-4327-9587-d9c4bec52dfa,SKU003864,Red,XL,Polyester,Men,Summer
4ced042a-4b18-4bfc-881a-c250888dd9b1,SKU003865,Black,M,Cotton,Men,Winter
ffbf237b-c728-49b2-8fa8-ada2b4b2cc57,SKU003866,Blue,XXXL,Cotton,Men,Summer
09af2aa6-41c5-4867-91a6-c60b244f498a,SKU003867,White,L,Denim,Men,Winter
fbb11302-77d6-4ee5-b620-acae79a9e388,SKU003868,Blue,XXXL,Leather,Men,All Season
37dc3cc6-374a-40df-b6ff-2b5efcb56012,SKU003869,Black,XS,Cotton,Women,All Season
d1fe7cf1-8404-428f-b9d5-adc54d6d59aa,SKU003870,Green,S,Polyester,Women,Winter
17270989-ca83-4ae8-b064-a4f73ce0d864,SKU003871,Black,S,Polyester,Women,All Season
d5771420-199e-42e9-bde8-4767b0028a54,SKU003872,Red,L,Leather,Women,Winter
53e12f8d-0b09-4966-b8d6-53de82368d35,SKU003873,White,L,Leather,Women,Summer
0e5cd1e9-4654-4c03-8c78-adc302d787a5,SKU003874,Red,L,Cotton,Men,Summer
6bc65053-2533-4812-b1e1-cbd8127b452d,SKU003875,Black,S,Denim,Women,All Season
79cf760e-cc22-4d23-82d8-d09d0cff870a,SKU003876,White,M,Denim,Women,Summer
543387b4-c961-48c6-8d39-f979cd3e82b2,SKU003877,Black,L,Leather,Men,All Season
3961d4c9-9bdc-4ca5-9312-4e39b5101aee,SKU003878,White,XL,Leather,Men,Summer
a897a801-e466-402b-8793-da9a12e392a2,SKU003879,Green,XXL,Cotton,Women,Summer
8f62ec48-cb5f-4d6e-a177-420c5254c905,SKU003880,Green,S,Leather,Women,All Season
8f5c7aa7-5e20-41bb-ae6b-172fd3d12728,SKU003881,Black,L,Denim,Men,All Season
9fdfebdf-ae42-4900-ad08-825458e4b873,SKU003882,Black,XXXL,Cotton,Women,Winter
d98db3d9-59df-47e3-96a4-0b8ad504e67f,SKU003883,Green,XXL,Leather,Women,Summer
82400880-3483-4a26-9ba5-63a4395a93eb,SKU003884,White,XL,Polyester,Women,Summer
3d6103df-6e63-4cc5-abd9-c2ba6857b3c0,SKU003885,Red,XS,Polyester,Women,All Season
67123472-7ee5-4c94-bbdc-50bd1ea77ce3,SKU003886,Blue,L,Leather,Women,All Season
b9ddc49a-76e0-4bba-ae97-9bce0eba4283,SKU003887,Red,L,Polyester,Women,All Season
94b912f9-2a4a-45df-b2e6-35c58ef9b64f,SKU003888,Black,XXXL,Leather,Women,Summer
8917a61a-ec3b-4856-9f7f-08b8848142fa,SKU003889,Green,XS,Denim,Women,All Season
df80f30b-8240-4ba6-99af-ac661819eaab,SKU003890,Red,L,Cotton,Women,Summer
364b46c1-08fd-4fea-8f9e-4d44f0201602,SKU003891,Black,XL,Leather,Men,Summer
3dcaa46f-958d-43db-aadd-9b71f6d950fc,SKU003892,Blue,XXXL,Leather,Men,Winter
487d5727-67bc-4a20-9ffa-3379c386c7df,SKU003893,Black,XXL,Polyester,Women,All Season
4f226fb5-cc08-49c8-a7ef-a6d4a2ea8d25,SKU003894,Green,S,Denim,Women,Summer
95eac8ed-07ed-4f51-a647-f60c54a68bf8,SKU003895,Red,XXXL,Leather,Men,Summer
ce76d773-c4f2-4db5-96ce-f4b754e76f1a,SKU003896,Red,XXXL,Cotton,Men,Winter
9daf32e2-71ba-4940-99ba-aa55e9459c57,SKU003897,Green,L,Cotton,Men,Winter
ba9d017a-33cc-40d7-89e7-5dce822209d6,SKU003898,White,L,Leather,Men,All Season
152afa5c-1ac2-415d-b203-c8a7b6909822,SKU003899,Red,M,Denim,Men,Summer
0064de07-7d09-4a43-a699-7e33084d3e46,SKU003900,Green,XL,Cotton,Women,Summer
02fb9ab7-3493-4a23-b469-df00cfbac7ec,SKU003901,White,XXL,Polyester,Men,Winter
2b56a7c1-08ae-4dbf-8268-b2bb4c637640,SKU003902,Red,L,Polyester,Women,Winter
441b5fe8-4014-4588-8538-9b026177eff2,SKU003903,Blue,M,Polyester,Men,Summer
a919e827-a354-49ec-963e-b86a5062427e,SKU003904,Black,M,Cotton,Men,Summer
6dd2bccc-649c-447c-8e0b-42c1f493fec7,SKU003905,Red,S,Denim,Women,Summer
1a263b4a-70fc-4eb7-92e8-938716bc5ffa,SKU003906,Green,M,Leather,Men,Winter
d071d53a-f126-4a6d-848c-e7830598136a,SKU003907,White,XXL,Denim,Women,Winter
f710eb39-e76d-4903-b092-149bafdfedb8,SKU003908,Black,L,Polyester,Men,All Season
1654eaf3-2c82-4609-ab81-65c2b85ddc80,SKU003909,White,S,Leather,Women,Summer
5ae1d38c-c17f-4b7b-b010-54308fb5cd75,SKU003910,Red,XL,Denim,Women,Summer
eb1da507-6013-4aa8-980f-32d8e685b986,SKU003911,Black,XXXL,Denim,Men,All Season
b070ef78-33f5-4628-9bd8-2fe19bb4e9eb,SKU003912,White,XS,Denim,Women,All Season
4c2fa6e9-8acc-461e-96eb-d8fc232b6fa7,SKU003913,Blue,M,Polyester,Men,Summer
dccac1c4-e753-4fff-a435-a5c604b8e202,SKU003914,Black,S,Cotton,Women,Winter
209c805f-eb90-4b9d-a080-31a5492f5697,SKU003915,Blue,XL,Leather,Women,Winter
c3b3cee2-6e11-492a-9585-1b0e9148c431,SKU003916,White,XXL,Leather,Men,Winter
346985bc-b94d-4231-8bc7-674e652f7986,SKU003917,White,XXL,Denim,Men,All Season
29de4f13-e065-4b0d-adb6-ddcf549ad1df,SKU003918,Green,M,Cotton,Women,Winter
4ec1eb61-b579-484e-9930-740df5b745c7,SKU003919,Green,XS,Polyester,Men,Summer
0689b94e-44cf-440a-ba74-749a9d8af25f,SKU003920,Red,XXL,Denim,Women,All Season
38a9cde9-43e3-4740-a8cd-d5202751f7a0,SKU003921,Black,M,Polyester,Men,All Season
a02600ad-fbc7-42a6-b102-1b6a661d58b9,SKU003922,Blue,L,Leather,Men,Winter
dcc5410e-b572-40da-b0e7-ee7f5edb5a58,SKU003923,Black,XL,Denim,Men,All Season
dea666a8-12e3-44d0-a00c-419310bc93e1,SKU003924,Blue,XXL,Cotton,Men,Summer
ec3e02ba-c6a8-4969-b4dd-ed67c840af63,SKU003925,White,XXL,Leather,Women,Winter
114ddde9-5a0f-4a76-a3bf-dbc7411dcda8,SKU003926,White,M,Denim,Women,Summer
00dc319b-bed6-4e43-9ad4-5f3106a70168,SKU003927,Red,XL,Denim,Women,Summer
1fdb163f-2e6d-4fea-8551-b6444fe8e0d1,SKU003928,White,S,Leather,Women,Winter
fce0009f-576b-4caf-b17d-f28e251ca107,SKU003929,Black,XXL,Leather,Men,Winter
d1f6cf73-9f8a-4506-9822-97c86c88c917,SKU003930,Blue,M,Denim,Men,Winter
d8b18b24-9efe-45f6-b53d-41166aba8a06,SKU003931,Green,L,Cotton,Men,Winter
675a5094-5bde-458a-b882-d066143d6af1,SKU003932,Blue,XL,Leather,Men,Winter
ac1e66fc-b8e9-45e0-a79c-b258265dd749,SKU003933,Blue,XL,Denim,Men,Summer
8a41ed34-d484-4a92-904d-711ff0fe38c0,SKU003934,White,M,Cotton,Men,All Season
40d1a459-3523-4e5c-a9ef-65b416094062,SKU003935,Green,XXXL,Polyester,Women,All Season
d6ae1eb2-326e-4734-b38b-cd43524cf601,SKU003936,Blue,XXL,Polyester,Men,Summer
dfcdc5f9-5aae-4760-8467-396d1d69617a,SKU003937,White,XL,Leather,Women,All Season
1375b7f5-6a63-4dd7-9f22-b8719958c721,SKU003938,Black,XS,Cotton,Women,Winter
8e411272-e142-4ada-81ed-317b1c513b8f,SKU003939,Black,XXXL,Cotton,Women,Summer
a4f3f7eb-1f03-493e-b9df-32e2c1e88f04,SKU003940,White,XXXL,Leather,Men,All Season
b64b67f4-ed0c-41f3-bdfb-abf4dd18edbe,SKU003941,Blue,S,Polyester,Women,Summer
54a75981-1db9-4e2d-a3e2-a680d3c17a31,SKU003942,Red,XXXL,Leather,Men,Summer
d6293393-490a-4c57-b962-457af16fa3c1,SKU003943,Green,XL,Leather,Men,Summer
2ab1a9ed-0d7e-48f2-ad94-bf94c237e6e4,SKU003944,White,XL,Cotton,Women,Winter
1e864a5a-76d2-4b42-b5ff-c0e8e9892909,SKU003945,Blue,XL,Denim,Women,All Season
c7fcd155-7b54-4137-926a-f88b68a80c20,SKU003946,Black,XXXL,Polyester,Men,Winter
feb4c0c2-2a33-4ead-b1ca-4171237aa49f,SKU003947,Red,L,Cotton,Men,Summer
791debf6-4d00-45db-8d4a-814d83061c61,SKU003948,Blue,XS,Denim,Women,Winter
351388ef-074d-44ba-b79d-f499454bf797,SKU003949,Red,XXXL,Cotton,Men,Summer
818a1b39-0d78-4d54-ac21-2b76d9fb423d,SKU003950,Blue,M,Cotton,Women,Summer
4e711f51-2822-481b-809d-44ecf0556509,SKU003951,Blue,M,Polyester,Men,All Season
25f06707-59ec-4cce-bc39-c6870480a789,SKU003952,Blue,XL,Polyester,Women,Summer
17cb8eb4-722e-49cb-9096-cf0d7f691e7d,SKU003953,Green,XXL,Leather,Women,Summer
c2862f25-a763-4dd7-bbb2-9116878b69dc,SKU003954,White,L,Denim,Men,Summer
f161bad9-a627-4e40-8961-faaf9523807a,SKU003955,Green,XXXL,Leather,Men,Winter
ec6c974e-3567-4578-86ef-d5198f7c52ea,SKU003956,White,XXL,Polyester,Men,All Season
43a1008e-365a-44d6-872f-d5bd68c7ca61,SKU003957,White,L,Polyester,Men,Winter
4c0427f0-a848-448a-ad34-e9f8112d0127,SKU003958,Blue,XS,Polyester,Women,Summer
897e66a0-10e6-45e8-b0d9-a204f52ec097,SKU003959,Green,XXL,Denim,Men,All Season
fdb71cb9-7567-4af8-bfe6-e7186240b697,SKU003960,Red,M,Leather,Women,All Season
19ce001e-aa2a-42fd-808f-af7d54f72ce8,SKU003961,Green,L,Leather,Men,Winter
d353e4bf-f062-40de-be46-6f32d22daac9,SKU003962,White,M,Leather,Men,Summer
8f0b5bdc-0c40-4d3b-80a6-88c4669f57d2,SKU003963,Red,XXXL,Leather,Women,All Season
a1a82685-7aca-4eea-94f1-c233daa058df,SKU003964,Black,XS,Cotton,Women,All Season
cc1cf314-9c0b-45b9-b462-f6941ef6fd1e,SKU003965,Green,M,Polyester,Women,All Season
6fbd67ab-7da7-47b0-b68c-06f5990020e0,SKU003966,Blue,M,Cotton,Men,All Season
8bf59c3b-9736-4bda-bd3a-6b2bb8aabb82,SKU003967,Green,XL,Denim,Men,Summer
7eb73ed5-b0da-4f0d-8f01-12b5869160d3,SKU003968,Black,S,Denim,Women,All Season
c7ffa23e-81ab-4ed2-b0a3-2db41fa79f3c,SKU003969,Green,XXXL,Cotton,Men,All Season
fafee349-38f0-4143-a69b-da08df35473f,SKU003970,White,XS,Polyester,Men,All Season
131c1c1d-2a73-4788-9c33-a387c5ba48d8,SKU003971,White,L,Denim,Men,Summer
49a1063f-435f-4a01-953e-474b2be22189,SKU003972,White,XS,Polyester,Women,Winter
c5dd2d78-d0e5-4d68-8f12-e25cbf9400c7,SKU003973,Blue,XXL,Polyester,Men,All Season
3f86aa2b-b27c-4353-b4ef-69fba3059718,SKU003974,Green,L,Denim,Men,All Season
9b24c9eb-66b1-4e72-b7db-82d036d3ef87,SKU003975,White,XXL,Polyester,Men,Winter
f06ffd92-9ecc-456b-8f43-1a8c002a636f,SKU003976,Black,XXL,Denim,Men,All Season
1eb8e2d4-6af8-4682-8682-bdb4d291819d,SKU003977,Red,XS,Denim,Men,Summer
240dd2cd-16be-4b27-9353-5a83e3e37825,SKU003978,Blue,XXL,Cotton,Women,Summer
a9afb015-f70b-486d-a1c6-31cd3d1e70a7,SKU003979,Red,S,Polyester,Women,Summer
0d338a22-b6cb-42c2-8b34-b5bee75532ca,SKU003980,Black,M,Leather,Women,Summer
9423f91d-6eb2-42e6-9f1a-740b33fdb209,SKU003981,White,M,Polyester,Women,Winter
5054c921-82d2-45d2-bdb8-762c7b061121,SKU003982,White,XXL,Leather,Women,All Season
94fea19d-d63c-4972-8a89-a364d02017c0,SKU003983,Red,XXL,Polyester,Men,Summer
a0db392b-1fb7-49af-bc3c-c6d123e4318f,SKU003984,Blue,S,Polyester,Women,Summer
a5c2d921-2d2d-44eb-b8d0-be6be5518078,SKU003985,Blue,XXXL,Leather,Men,Summer
c355117f-9fff-4e42-bb41-b6d09c3c33c5,SKU003986,Blue,XXL,Denim,Women,All Season
0c1a9bbe-2064-449d-914f-853122a07c90,SKU003987,Blue,XXL,Leather,Men,Summer
585ac660-a52d-4151-a440-6dfaa78d820b,SKU003988,Blue,XXL,Cotton,Men,Summer
a2be6712-1f77-44e1-9702-3a1eebd04d64,SKU003989,Green,XS,Denim,Women,Summer
b9969ff1-73a5-49da-98c2-798e7d8dcee0,SKU003990,Blue,XL,Leather,Men,Winter
494bbc4f-f664-46ff-a260-427dcc0e1a47,SKU003991,Green,XL,Polyester,Men,All Season
e19ba116-2542-4ac1-8a57-e5a58261eb5e,SKU003992,Green,XXXL,Cotton,Women,Summer
98f90caa-69e6-443f-975c-997ec74dab82,SKU003993,Red,XXXL,Leather,Women,Summer
8197c906-bc2c-4635-9fac-f84073e71bc3,SKU003994,White,XS,Leather,Women,All Season
2905ff5f-6f7f-4d4d-82be-ac219e26e6bf,SKU003995,White,XS,Leather,Women,All Season
3125f2e7-74ed-4900-ab1b-f98229863d24,SKU003996,Red,XL,Polyester,Men,Summer
87207072-9f5f-4835-9089-2af551e629c6,SKU003997,Blue,XXL,Polyester,Women,Summer
57944eeb-21f1-4fca-8f85-f4de0d6069e9,SKU003998,Black,S,Polyester,Women,All Season
c24a2544-8392-4472-8b98-aecc7f0f70d5,SKU003999,Black,XS,Polyester,Women,Summer
2d49d1d2-21f2-4360-a16a-5b61e850446e,SKU004000,Black,XXL,Leather,Men,All Season
bc834dc4-6be4-4d1c-bb53-70c3d25686a9,SKU004001,White,XL,Cotton,Men,Winter
53d1b811-c04e-4beb-9288-810e6b05003b,SKU004002,Red,S,Cotton,Women,All Season
6b47d55a-421c-41c9-91f3-c66ecc92f183,SKU004003,Black,XL,Polyester,Women,Winter
12bcca43-f297-48f7-870a-f5be14a3af1b,SKU004004,Green,S,Polyester,Women,All Season
4fb80b61-c7ae-431f-8397-e34ef6995d9a,SKU004005,Red,XL,Leather,Women,All Season
dfc0c3f2-5a44-4602-9390-6a6d6f76f76d,SKU004006,Red,XXL,Cotton,Men,Summer
abcba7d1-954f-42ff-8f96-88a56abf4863,SKU004007,Blue,XXXL,Cotton,Women,Summer
bbef05d6-cb3d-432d-94b9-bf27de89e3f8,SKU004008,White,M,Cotton,Women,Summer
e3e9cffa-8a56-472c-9b89-490eb8e497f6,SKU004009,Red,L,Denim,Women,Summer
047df15e-7dd7-4d16-814c-09ba1efa14a8,SKU004010,White,S,Denim,Men,Winter
2587cd77-a404-4997-bc39-c5cc845459d4,SKU004011,Red,XXXL,Polyester,Women,Winter
96a1b184-5a77-4fbb-a53a-b5b2f2501165,SKU004012,Green,S,Leather,Women,All Season
b6cd0e54-a823-4d64-9483-6ef526bcaea2,SKU004013,White,XS,Cotton,Women,Winter
d74d9ce3-618d-4319-8832-ba062a5c2f4c,SKU004014,Black,XXL,Denim,Men,Winter
7b0745cf-9b7e-44bb-8a32-daef552ad68a,SKU004015,Red,S,Cotton,Women,Winter
01cdbc6d-15f6-4ebb-808a-6061f26cc2fa,SKU004016,White,XXL,Leather,Women,Winter
41058f99-4137-4e34-8134-8b7944e8e208,SKU004017,White,XS,Leather,Women,Winter
73326fd8-1b94-4a9b-9f6f-d79e0bbb21d5,SKU004018,Red,S,Cotton,Women,All Season
4bfbf75a-3d8f-4f4d-b0bb-700345c53ddc,SKU004019,Red,XS,Leather,Women,All Season
2ee61cca-d545-4855-b37b-a5ea2b558431,SKU004020,Black,XXXL,Denim,Women,Summer
876c4746-72fb-41b0-876c-8863532e76bf,SKU004021,White,XS,Leather,Men,All Season
08476096-3084-4e28-aa5f-f5ba26517380,SKU004022,Red,XXXL,Denim,Women,Summer
16edc0d4-424a-4f13-a936-5c7071d7ea24,SKU004023,Red,S,Denim,Women,All Season
c8a20f98-48f1-470a-be5d-6749d8f49cf5,SKU004024,Red,XL,Leather,Men,Winter
aa764b66-fd57-476f-9f86-dc4ded76170c,SKU004025,Red,M,Cotton,Men,All Season
53928e0e-fdba-4fc1-891c-b5b7a3f7c199,SKU004026,Red,L,Leather,Men,Winter
0b20ff34-8245-48cd-abb4-e50d41fac8b9,SKU004027,White,S,Denim,Women,Summer
a1694cac-d443-4c23-a2ac-42aacc4d4504,SKU004028,Blue,XL,Leather,Men,All Season
6a8794d0-15f6-4359-9fb2-11ab4043e6a5,SKU004029,Red,XS,Polyester,Women,Summer
28838b9c-63b2-42bc-a5f5-6af410adb57a,SKU004030,White,XL,Denim,Men,Winter
3250cc72-f95c-4f5c-982c-c3c809ad2c6b,SKU004031,Green,XXXL,Denim,Men,Winter
c362e39f-8ed8-4ee2-87c9-3df96de6a30b,SKU004032,Green,XXXL,Cotton,Women,All Season
21079599-09df-4206-a3fe-27ce171fac8c,SKU004033,Green,XS,Denim,Women,Summer
84c141c3-2d46-4f7f-8a09-331d719355aa,SKU004034,White,M,Polyester,Women,All Season
e6babadd-b8c8-408e-86fc-61c8eeaa5b8e,SKU004035,Blue,XXXL,Denim,Men,Winter
ebd0f974-b84c-49f3-aa08-840afcfe72db,SKU004036,Green,S,Polyester,Men,Winter
c83752a1-c7b7-4247-b77b-339ec7ad9574,SKU004037,White,XS,Leather,Women,All Season
5ed1236a-b96c-4441-9a5b-95ce6163ce87,SKU004038,Blue,XXXL,Cotton,Women,Summer
08da64a5-b8e8-4b46-a871-80879c874f3d,SKU004039,Green,S,Denim,Women,Winter
b991eede-5f20-4d74-ad2f-0c835424659c,SKU004040,Blue,XL,Cotton,Women,Winter
4286f98e-7038-4026-9532-422167ebd104,SKU004041,White,XL,Leather,Men,Summer
26e7fe78-de5c-469c-9327-3b552b60fd69,SKU004042,Blue,XXL,Denim,Women,Summer
632ad689-b745-4e8e-b721-84259d78d4f3,SKU004043,Black,M,Polyester,Men,All Season
7638eaf1-19e8-4558-b0a2-253d14355724,SKU004044,Blue,XS,Cotton,Women,Summer
9e0b29e2-3cfa-400e-b084-e556d0a13b65,SKU004045,Red,M,Polyester,Men,All Season
e58ab759-a1da-490c-becc-f92863ec7c92,SKU004046,Red,XL,Denim,Women,All Season
880783cd-c05c-4dfb-ba1a-5b0e07561da6,SKU004047,Black,S,Cotton,Men,Summer
8eb506f6-8e78-4b35-98ed-ecebcfbfc3c6,SKU004048,Blue,XXXL,Denim,Men,Winter
ead15de8-89ca-4e7a-b079-5406a0f587b9,SKU004049,Black,XXXL,Leather,Men,Winter
00324627-dce9-4f24-aae6-a7c66c61771a,SKU004050,Green,S,Denim,Men,Winter
80ae9929-7626-4e11-b63e-8b4a65de7073,SKU004051,Black,XXXL,Denim,Women,All Season
a06d23b5-e7ef-4987-851b-1f5ca7d856da,SKU004052,Blue,XL,Denim,Women,Winter
3a87da25-ac70-4d14-ad50-a7b0660a931f,SKU004053,White,S,Leather,Men,Summer
a1849e4b-83c4-46ef-9a3b-90d656659e67,SKU004054,Red,S,Denim,Women,Winter
9b58542a-5dbe-4862-89c7-dbba2c9824b2,SKU004055,Green,XXL,Polyester,Men,Winter
0b8ab544-28af-4804-abf3-c59bbe40bf80,SKU004056,Black,XXL,Denim,Men,All Season
9dc09628-2680-4f1c-aaa9-ec5456f75ab8,SKU004057,Red,M,Cotton,Men,All Season
129fcd1b-b11a-4145-bafd-9573d440d3e7,SKU004058,Black,XS,Polyester,Men,Winter
8a9228da-282c-45a7-bb82-4e860bfc2e3d,SKU004059,Blue,XL,Denim,Men,Summer
42aacf11-bf61-41ec-b4f1-7fba8c5cae6b,SKU004060,Red,XS,Leather,Women,Winter
01edb59a-272a-4934-916d-a5af7c98424b,SKU004061,White,S,Cotton,Women,Summer
a6808f11-6e2b-48c7-8a76-38d0b68fd706,SKU004062,Green,XS,Denim,Women,Summer
fbec72bd-2fd7-464b-8009-157601a8322c,SKU004063,Blue,XS,Cotton,Women,Summer
91d49f35-ea4e-4b05-9137-82e31043c0ba,SKU004064,Red,XS,Leather,Men,All Season
0ad12dc3-d06d-406d-8d6b-81849dbd0305,SKU004065,Black,XL,Polyester,Women,All Season
c76431b5-f381-492d-8c11-ef877cb9d5d0,SKU004066,Blue,M,Polyester,Men,All Season
4250565b-b776-4ab3-9395-f2208ed1810f,SKU004067,Blue,XXL,Leather,Women,Winter
27e17ab5-0549-4261-985f-4c9851d4ce8c,SKU004068,Blue,S,Leather,Women,All Season
564d239b-518c-4321-b465-fe18d57fd041,SKU004069,Blue,XXL,Polyester,Women,All Season
7f5cae5b-423b-4937-8bbc-0266efa22a34,SKU004070,Red,XS,Polyester,Men,All Season
f492912f-2cb6-41fd-a765-ae4841937333,SKU004071,Blue,XXL,Leather,Women,All Season
85d8f50a-3146-44b1-850b-c71200b86332,SKU004072,Green,L,Polyester,Women,All Season
09ca9f02-4921-43e0-8669-f0c9e447af63,SKU004073,Blue,XXL,Cotton,Women,Winter
302bca0b-05f1-47bd-a62f-62dcd7e91d3a,SKU004074,Green,XL,Leather,Women,All Season
87ee4f98-e349-48b6-bec8-d456266ab773,SKU004075,Black,XXXL,Cotton,Women,Summer
75756c3c-2924-438e-a8b2-b7361515e7f9,SKU004076,Green,XXXL,Cotton,Women,Summer
4a692236-c317-45db-afba-1d81a322d85c,SKU004077,Black,XXXL,Polyester,Women,Winter
5fee3564-5482-4a3d-b5dd-f54180ff25c3,SKU004078,Red,S,Cotton,Men,All Season
c4f1009d-3790-4d9b-8086-be928a4a810d,SKU004079,Red,XS,Denim,Men,All Season
c9daf749-f79e-4c8d-9385-4cb1496b0c7f,SKU004080,Blue,L,Polyester,Women,Summer
1bf4503b-91c8-4ef2-9fe4-d9c34659e1e5,SKU004081,Blue,XS,Leather,Men,All Season
971e0ac8-5997-436a-b08e-4ed347858f90,SKU004082,Red,M,Leather,Men,All Season
83b489b8-37bc-4b04-b85c-bbfc49299e81,SKU004083,Red,XL,Cotton,Men,Winter
5bb47d5b-b818-4066-a929-5c66f06ba655,SKU004084,Black,L,Polyester,Women,Summer
ca299d19-bc6d-421a-bff0-019fdf8b12c0,SKU004085,Green,XXXL,Cotton,Men,Winter
cbce6f1f-27e3-4e3c-9fe3-dc4a5ceba503,SKU004086,Red,M,Denim,Men,All Season
ef6f82db-61da-4221-b4d7-4715e6185ccf,SKU004087,Red,XXXL,Denim,Men,All Season
f09e598f-c307-470c-95f5-5ef0067faae7,SKU004088,White,M,Polyester,Women,Winter
2fb3ca43-8a07-4351-9ae7-93b1c56d19c4,SKU004089,White,S,Cotton,Men,Summer
9ed67a2f-5d0c-40e3-8397-5345243d5bb5,SKU004090,Blue,S,Denim,Men,All Season
5cb9bf5a-5d11-4ad0-b233-9a16bd2aa035,SKU004091,Blue,XXXL,Denim,Men,Summer
d6b333c5-7778-4e62-a305-eefceb10a6e6,SKU004092,Blue,XL,Polyester,Women,Summer
0b163ec4-a1b9-4bb1-a633-d73fe7274987,SKU004093,White,L,Polyester,Women,All Season
fcdd92a2-1fe5-4d80-977c-29908a91a361,SKU004094,Green,XXL,Denim,Men,Winter
dc6a86f6-aa08-4e34-8a2e-77cebe7318dd,SKU004095,Red,XL,Denim,Women,Summer
cbc26f2a-dfd2-4518-ad5a-8cbb74727f62,SKU004096,Red,S,Polyester,Men,All Season
d1ca8c88-7eb2-43d4-aff4-2677ad98154e,SKU004097,Red,XS,Polyester,Men,All Season
7cfd88a7-2c55-45be-ae7f-c91b4d4acb37,SKU004098,Black,XL,Polyester,Women,All Season
66abc59e-d440-4502-883f-9004acd3a261,SKU004099,Green,XL,Denim,Women,Summer
f723cd18-a48d-4893-a8ee-66545b825ac5,SKU004100,White,XS,Denim,Women,Summer
fa5926b6-bd0e-40bd-bb73-1a0e8719aa6b,SKU004101,Red,M,Leather,Men,Winter
d604fef5-e06f-484a-8f00-e7de949a2482,SKU004102,Green,S,Leather,Men,Summer
5ba24995-1a13-414c-9944-5e5eafd55e14,SKU004103,Blue,M,Leather,Men,Winter
840571e9-3201-4287-9a3f-933e2b9594f4,SKU004104,White,XL,Leather,Men,All Season
53fb1715-bf4c-4b31-b525-c966de56c306,SKU004105,White,L,Cotton,Women,All Season
0fd5460e-676d-4233-99b6-7f62935ec905,SKU004106,Blue,M,Denim,Men,Summer
59e8fdf4-cc31-4716-8206-03fd77d5e4bc,SKU004107,Blue,XXXL,Cotton,Women,All Season
046e1a88-7594-4b14-a1b0-8923c14e2977,SKU004108,Blue,XXXL,Polyester,Men,Winter
0e1a043f-56e2-4ff5-997e-7ca7bdf24af8,SKU004109,Blue,XXL,Leather,Men,Summer
e7d6e7ef-4cb9-496f-aeae-5086a6525b79,SKU004110,White,XL,Polyester,Men,Winter
ed501e56-1ae7-40a3-86f2-b9cf9d17161a,SKU004111,Blue,XL,Leather,Men,Summer
8b52ab14-8682-427a-9785-06c93144c2ac,SKU004112,White,S,Leather,Women,All Season
ab26c451-c230-4e1d-8135-397b2637d2f6,SKU004113,White,M,Cotton,Men,All Season
ddb624a5-833e-46be-8f50-7fc593dc7b2e,SKU004114,Red,XXL,Cotton,Women,All Season
8904213e-6759-4ae8-8239-af591fb419d8,SKU004115,Green,M,Polyester,Men,Summer
476a4dcf-cbc3-40b2-a63e-18f27124cf58,SKU004116,Red,XXL,Leather,Women,All Season
fa1615b5-7594-471a-ab82-e0b5b408b9bd,SKU004117,Red,XXL,Denim,Men,Winter
a3518f3a-7a39-4f6d-b420-57829a752e21,SKU004118,Red,L,Polyester,Men,Winter
700fa511-eb2a-4c7f-89e5-3fe088dd0f6f,SKU004119,White,XL,Denim,Men,Winter
9a93d677-1480-4420-a546-e69ec1c2d934,SKU004120,Green,XS,Cotton,Women,Winter
86b60087-b137-4283-8f2b-66be7a4f2792,SKU004121,Red,XL,Cotton,Men,Winter
6bacad50-3ded-4476-9b28-ac1da5ae6656,SKU004122,Black,M,Cotton,Women,All Season
e357db13-1a55-46e5-bab8-1ed25e975a65,SKU004123,Green,M,Denim,Men,Summer
eaf8ad4c-7de6-4374-8c75-2bf5920c7b6d,SKU004124,Black,XXXL,Denim,Men,All Season
41c27c95-628b-443a-8466-6d00cbab8cfd,SKU004125,Blue,XL,Leather,Men,Summer
1ed98798-d88b-4515-a4cd-bc07944049a4,SKU004126,Blue,XL,Polyester,Men,Summer
53b6a350-9ac1-446d-bb95-a581a2166d00,SKU004127,Green,XXL,Cotton,Women,Winter
5bf53dbc-a3e8-4af0-9e3c-1169f6f363b9,SKU004128,Blue,XS,Polyester,Women,Winter
63816e26-6032-4bf1-81a4-156dbff40338,SKU004129,Blue,M,Cotton,Men,Summer
cc437601-cae2-4a59-97b9-dabb38f446e8,SKU004130,Green,XXXL,Cotton,Men,All Season
a5594ad7-70e2-4dbd-a7cf-bffcc3d7e744,SKU004131,Green,XXL,Denim,Women,Winter
501ef82e-0d6f-444d-8eb6-6c75a4960abd,SKU004132,Blue,XL,Cotton,Men,Winter
d8325a05-eb76-4708-9456-6f9af49ecb88,SKU004133,Black,XXL,Leather,Women,Winter
d45bac10-3cb2-45cd-b7ff-eaedef26a1ff,SKU004134,Red,M,Polyester,Women,Winter
fde167fb-bd3a-4c75-87b3-54695a3e077b,SKU004135,Black,M,Polyester,Men,Winter
cb0ccb45-36a2-4e2c-8736-48ce5a65da65,SKU004136,Blue,XXXL,Polyester,Women,All Season
6a73e9e3-f8b9-4321-8a95-43ea2bafd9ae,SKU004137,White,XXL,Cotton,Women,Winter
64ee9c3a-ec7b-4a69-a715-3a0ffe80bf20,SKU004138,Blue,XL,Polyester,Women,Summer
37b21556-9b8e-4eb7-a204-a05ff47a69b9,SKU004139,White,XL,Cotton,Men,All Season
69e8050b-9d42-4e09-8d7e-d4b1f4afed1f,SKU004140,Blue,M,Cotton,Women,All Season
f872c190-af9f-474e-a216-5bb9b33cb704,SKU004141,White,XXL,Leather,Women,Winter
bdd03b4f-ca8f-494a-a434-d331e1cc512c,SKU004142,Black,L,Leather,Women,Winter
75b5ee4f-a636-4292-823c-f78048f2d2ba,SKU004143,Green,XL,Polyester,Men,Winter
5bc65554-e4c9-4f43-b383-0026359333af,SKU004144,Green,XXXL,Denim,Women,All Season
759033f4-9078-4c2b-979e-9b773657efb0,SKU004145,White,XXL,Polyester,Women,Winter
6241885b-0889-4552-9801-36feb4b56bc9,SKU004146,Red,XS,Denim,Men,Summer
ece07542-12c1-4a0e-80dc-c847b14c999a,SKU004147,Red,XL,Denim,Women,Summer
1906073d-59d9-43f2-bf7e-5bd7735663cb,SKU004148,White,L,Cotton,Women,Winter
e15a091c-2486-443d-962f-acb919ae4d8a,SKU004149,Blue,XS,Cotton,Men,Winter
d8d2ab14-435f-48ca-a62b-62be68bf3fbb,SKU004150,Red,XXL,Leather,Men,Winter
f4adf70e-4e76-4a52-850d-3ae9396e131a,SKU004151,Red,XL,Cotton,Men,Summer
f8489a81-3216-49c5-9fca-0a5fa548cd39,SKU004152,Green,M,Leather,Women,All Season
5439ef8d-4295-4232-9b03-807b8e2540ec,SKU004153,Black,M,Denim,Women,Winter
698fb474-f011-453f-b767-e5e3a6ab7adc,SKU004154,Blue,XL,Denim,Women,All Season
1c5f3da9-a02a-4039-a599-fcadf2c29828,SKU004155,Black,M,Denim,Men,All Season
9b7d7f90-63fa-4545-8676-0326b4cb3cc8,SKU004156,White,XXXL,Denim,Women,Winter
8f658650-8364-4b95-9ffb-1c94db1029d7,SKU004157,Black,XS,Denim,Women,Summer
0911e4de-cae0-4c89-9283-3061c36a3eab,SKU004158,Blue,L,Denim,Men,Winter
15320ed1-134e-4e4c-9cb0-849d643c4c2b,SKU004159,Green,M,Cotton,Men,All Season
d76fc025-cc43-453f-94ab-9863197fb51a,SKU004160,Red,XL,Cotton,Women,Summer
7eb1b481-c13e-4878-ab80-ccebafdce8f5,SKU004161,Red,M,Denim,Men,All Season
90c096b3-08e5-4691-aa57-29ddd3f4376a,SKU004162,Green,XL,Polyester,Men,Summer
a26eac6b-1f92-4f42-bfe9-6b544389d2c6,SKU004163,Green,L,Cotton,Men,Winter
162e3355-6c24-429d-8e04-c0d8915220fa,SKU004164,White,M,Cotton,Women,Summer
d09ebd25-689d-42f1-8f75-b6dbea1f598d,SKU004165,Green,S,Leather,Women,Summer
c3174e35-e46d-42af-92ad-e9d08092aee9,SKU004166,Blue,L,Leather,Men,Winter
4610e6f6-e7c0-4075-b633-f840bd21671e,SKU004167,Blue,M,Leather,Men,Summer
eb0996fc-6e5d-4a49-b585-d1eb45123cab,SKU004168,Red,XL,Leather,Men,All Season
c544ea4f-4cfb-43c7-8cbf-9f30a846dee8,SKU004169,White,XS,Polyester,Men,Winter
25ef390c-8c2d-4954-bca4-1a0e38aacf49,SKU004170,Red,XXL,Denim,Women,Summer
06740305-e676-47e0-9668-657595680793,SKU004171,Black,XL,Leather,Men,All Season
22a57703-a62c-463e-91eb-ebf462496b4e,SKU004172,Blue,L,Leather,Women,All Season
d61a36a5-5cdd-4e59-bb79-f5c2a17af4da,SKU004173,Red,L,Cotton,Men,All Season
7106977c-871b-4b22-987b-bc2fad474389,SKU004174,Blue,S,Polyester,Men,Winter
7e77b3f3-a2e6-4b9a-aa6a-6cc83723f0b5,SKU004175,White,M,Denim,Women,All Season
0cdf92dc-796f-4d5e-abb9-683c7e5ce38e,SKU004176,Green,XXXL,Polyester,Women,Winter
3a29f386-ae8d-4c9b-a94a-e7e32409f2a9,SKU004177,Red,L,Cotton,Women,Winter
faec7e4a-5164-4214-a788-51a3889af7ae,SKU004178,White,XXXL,Leather,Men,Summer
bee2a7f3-c42e-4e71-a470-8acb616b8535,SKU004179,Black,S,Denim,Women,All Season
6147f1e6-2bac-4c3f-a67a-62bc397641cb,SKU004180,White,XXXL,Polyester,Men,All Season
281086cc-22b4-423a-aad8-b85588bf5b3a,SKU004181,Black,XS,Leather,Men,Winter
3770fd5e-11a1-4506-8253-cb389372c30c,SKU004182,White,XL,Denim,Men,Winter
4ab50f54-dd80-4d5f-a36f-e703c377246f,SKU004183,White,XXL,Cotton,Women,Summer
f8bbb0b0-b09d-48fd-a2a4-7b158276946b,SKU004184,Black,XS,Cotton,Women,All Season
6f151688-60e1-42ff-b0d6-837966abc50a,SKU004185,Green,L,Leather,Men,All Season
0e9d7ff5-a5ff-4696-a7b4-ffde066b57a9,SKU004186,Green,XS,Cotton,Women,Winter
4edec373-3b5a-42f9-a70f-12c68e1d0418,SKU004187,White,L,Leather,Women,All Season
adfd9987-7112-4391-b34f-34d46c5726be,SKU004188,Black,L,Cotton,Women,All Season
6ffd3fd3-ea7c-446d-afe6-9d8bfd3d12db,SKU004189,Red,S,Cotton,Men,Winter
308888a8-115b-4e7c-8cc0-f5938f768f02,SKU004190,White,XL,Cotton,Women,Winter
f9e2eab3-3289-4da0-95f3-97f2429afb34,SKU004191,Black,M,Polyester,Women,All Season
a597456b-1cfc-4e5c-9375-2fd2dbfdf810,SKU004192,Red,XXXL,Polyester,Men,All Season
42798358-7b5c-43d6-a5e2-b6ac38502fab,SKU004193,Black,XXXL,Denim,Women,All Season
e8824bf2-629c-4a42-b5bd-0d0f7fa2ae8b,SKU004194,Black,XXXL,Denim,Men,Summer
cd84cf73-b0c1-4d1a-b344-4beff38124bf,SKU004195,Green,S,Leather,Men,All Season
15793beb-06e6-4669-a2a6-868e4ef9af7a,SKU004196,Red,S,Leather,Women,Winter
48462be2-c3aa-4a89-ab90-92f4b994c1b5,SKU004197,Green,XS,Denim,Women,All Season
36c68e9c-c979-4a1a-a750-49be7124e16c,SKU004198,White,XL,Denim,Women,Summer
64e7561e-392d-415f-ba52-9f87175c5afd,SKU004199,Blue,M,Cotton,Men,Summer
5cd3cfae-9ae3-45c4-9973-da4b11e3273e,SKU004200,Green,L,Leather,Men,All Season
1de0b742-6948-411e-a482-d21bc54a9164,SKU004201,Blue,XXL,Leather,Women,Winter
5a94346d-00ef-4883-9c58-632bf298df05,SKU004202,Blue,XS,Denim,Women,All Season
64675a9a-61d0-45b1-84b0-96654aa196fd,SKU004203,Red,L,Leather,Men,Winter
fb105cda-ffc9-424a-87ac-4fcf9bf602cf,SKU004204,Black,S,Denim,Men,All Season
c3f1305a-6e9b-47a8-9681-32101eb5ef9d,SKU004205,White,XXXL,Polyester,Men,All Season
d62b412e-0905-46df-98bc-df87f99fae50,SKU004206,Black,L,Cotton,Men,All Season
7fbd3c08-9d6b-4186-9ec2-57e224efdd2a,SKU004207,Red,XXXL,Cotton,Men,Summer
3d997a5a-dc31-4ec4-9f68-adb8536cb7d5,SKU004208,Blue,M,Polyester,Women,Winter
51712198-a249-4d7e-9ba1-22ef49cd60ed,SKU004209,Black,XXL,Denim,Men,All Season
1b8b5edd-a61d-4b9f-8c82-89baf55e6972,SKU004210,Red,S,Denim,Men,Winter
18e689c7-ee1f-4662-b835-51b371a98a9e,SKU004211,Black,XS,Leather,Women,All Season
5fe636b9-c182-45b3-a28b-2d683ffc36dc,SKU004212,Blue,XS,Cotton,Women,Summer
8d6678e0-bbc9-47c0-8226-95113a66a852,SKU004213,Blue,S,Cotton,Women,Winter
8a532e0f-a861-4886-8e01-70c73e542d64,SKU004214,Black,L,Cotton,Women,Summer
595e1d54-e37a-4b87-b973-d0ff2763be1d,SKU004215,Black,XS,Polyester,Women,Winter
0b2b183c-e4a1-4026-97d0-58253a7ad9bd,SKU004216,Green,XXL,Leather,Men,Winter
2e497a71-d60f-47cc-8157-3f10f9d05d08,SKU004217,Black,XXL,Cotton,Men,Winter
58b36968-73ac-4f7b-8ab3-7cf650c12911,SKU004218,Green,XL,Leather,Men,All Season
461c7d6f-c32d-41de-9902-7903c85a0d0a,SKU004219,Black,XS,Leather,Women,Winter
58c662ec-123f-4e89-8558-3c32a58d269c,SKU004220,Black,L,Polyester,Men,Summer
b779e60f-7c0c-4207-9587-a904bd20c63f,SKU004221,Black,XXL,Denim,Women,Summer
d7e165e4-977e-46ec-9f70-719fcf914f86,SKU004222,Blue,XXL,Leather,Men,All Season
3849fc9f-913c-4185-89f1-6bafb616dd1e,SKU004223,Red,XXL,Leather,Men,All Season
33ea9afd-2e50-4adf-8fc3-f32a4ee6a224,SKU004224,Blue,XL,Cotton,Men,Winter
ed859005-cbda-4a50-ac81-529d75f7606e,SKU004225,Green,M,Leather,Women,All Season
b081f15b-bb74-4c3a-b411-047f27239d72,SKU004226,White,XS,Denim,Men,Winter
6c80fc65-bfb7-4635-ae64-29cf3697dfbc,SKU004227,White,XXXL,Leather,Women,Winter
52f156bb-6c84-48e9-b76c-7010ac9b84ab,SKU004228,Red,XXL,Cotton,Men,Summer
812e7941-8165-4e7a-a00e-891f59cb04a3,SKU004229,Blue,L,Denim,Men,Winter
af0085b7-c7fd-4b12-b88c-48cffe711d7d,SKU004230,Blue,XS,Cotton,Women,Summer
975477e8-9146-477a-b35a-415c881aa1c5,SKU004231,Black,M,Leather,Women,All Season
9374fd8e-27a4-4cfd-b0a9-2eb29b1a3030,SKU004232,Black,XXL,Cotton,Men,All Season
8e6e9433-5800-49a9-826a-21124d597369,SKU004233,Blue,XXL,Cotton,Women,Winter
57c39894-1cc7-4a37-ae8f-2927b95deb15,SKU004234,Green,L,Leather,Women,Winter
34b8a640-6a7b-4c5b-9c05-f4d1f017f8b6,SKU004235,Green,XXXL,Denim,Men,Summer
4e1d6f53-1741-411a-8b49-96e7683fcf60,SKU004236,Black,XXXL,Cotton,Women,All Season
b8bc4971-e11b-4c28-aa34-11258b23a82b,SKU004237,Green,XL,Denim,Women,Summer
c656ebf1-8e84-4c03-8ea7-89e66a545bb0,SKU004238,Green,XS,Leather,Men,All Season
8d40f37c-ba4c-4421-b426-b118ad22ae5a,SKU004239,Red,L,Cotton,Men,Summer
a547ee6e-eb3e-4cfc-907f-e53db5696d4e,SKU004240,Green,XXL,Denim,Women,All Season
c1b34a19-9d34-4386-b631-64d550dd6e2e,SKU004241,Green,S,Leather,Women,All Season
eb205cbb-ba61-4cfc-8f5b-3f516b7207cf,SKU004242,Black,S,Leather,Women,Winter
356c698f-b7c9-457d-9176-6d560d4e9426,SKU004243,Green,XL,Denim,Men,All Season
4e83786b-e829-41f4-b31f-fc23cd97e4de,SKU004244,Black,XL,Polyester,Women,Winter
9c74d72d-908e-4fe7-ae3a-2b7459894966,SKU004245,Black,XS,Cotton,Women,Winter
6b7cd6da-a163-46c7-8574-9fb283c87ffa,SKU004246,Blue,XS,Polyester,Women,All Season
1ca24929-8c33-4ada-940a-026b7eb07160,SKU004247,Black,XS,Polyester,Men,Summer
b1539207-cade-4701-a2e0-51f2c2ba1f0f,SKU004248,Black,XXXL,Denim,Women,Winter
8133c05d-078b-4664-96e6-168885305d8a,SKU004249,Black,M,Denim,Men,Summer
ebade24e-e2df-4b16-988c-f85dec4a51a8,SKU004250,White,S,Polyester,Men,All Season
b627a441-7d4c-4d42-9ad7-d1a6a1209364,SKU004251,White,XXXL,Leather,Women,Summer
a1e7ca67-0392-44c8-90f7-05dc50c7f765,SKU004252,Red,XXL,Leather,Men,Summer
9cc222be-5c4f-440c-b47e-76887b30cb2e,SKU004253,White,XXXL,Polyester,Men,Winter
03d928db-7c98-4e57-b217-4aa9d5e92838,SKU004254,White,L,Leather,Women,Summer
cb9d38bb-840b-43df-955f-d5e3ca2adfd5,SKU004255,Red,XL,Cotton,Women,Summer
b0d2de89-741c-49e8-8d27-187e9d29ac41,SKU004256,Green,M,Cotton,Men,All Season
7e0afa3d-1895-4c03-ae4e-1f7cd40c5155,SKU004257,Green,XXL,Cotton,Men,Winter
f6ec6a01-2d9b-4e60-899e-3d3d38c4c6ad,SKU004258,Blue,M,Denim,Men,All Season
38b208b7-b64d-4391-be98-784685718bf0,SKU004259,Black,S,Leather,Men,Summer
ea3b27ac-4ab3-4a44-95dc-fd7dd1bddfd2,SKU004260,Red,S,Cotton,Women,Summer
3d1060de-fcd9-4f29-956c-90884e7ba1fb,SKU004261,White,S,Polyester,Men,Winter
63798d0b-05cb-4233-9967-587e633c0b8b,SKU004262,Red,XS,Leather,Men,Winter
f6c686f8-ff97-4657-9941-5e5e0e324d42,SKU004263,Green,L,Denim,Women,Summer
b613b807-cc15-4748-89f9-584b548c4725,SKU004264,Black,L,Leather,Men,All Season
f983b89b-e8cd-442f-8ccc-3251e67534c6,SKU004265,White,S,Leather,Women,Winter
fffc7f55-c4df-405a-b366-6bd4a4457427,SKU004266,White,L,Leather,Men,Summer
46c0e868-7de9-462d-985b-eaebb71a4f33,SKU004267,White,XXXL,Cotton,Women,Winter
e687d03b-645d-4a51-afcf-9ecd37805368,SKU004268,Red,XXXL,Leather,Men,All Season
bee8e2ec-ca4c-4668-be2a-22f74b902532,SKU004269,Black,M,Leather,Men,Summer
2345dd05-f38e-4cf1-88e4-8192748745d2,SKU004270,Black,XL,Denim,Women,Summer
e06ebae7-ddd9-4a31-b963-8c0c2782a32d,SKU004271,Red,XS,Leather,Women,All Season
3dd0f330-e14a-4d3e-918a-d0587b546560,SKU004272,Blue,L,Leather,Men,All Season
1467c1bf-22fc-4193-980b-6030f087eb81,SKU004273,Blue,XL,Polyester,Women,Winter
cb4f07f8-5c4e-4d9e-869c-107eb2ffb960,SKU004274,Black,S,Leather,Women,All Season
4f8cdd75-c558-4d8f-a38f-ce80ca3f9403,SKU004275,Black,S,Cotton,Women,Summer
9c7f6c73-6969-4db5-a1db-433a9723ba10,SKU004276,Red,S,Leather,Women,All Season
d232bf2f-2dc0-442b-886e-59d407c64f3e,SKU004277,Blue,XS,Cotton,Women,Summer
a2ea83ef-d9b1-445c-ad74-31819ed5a833,SKU004278,Green,S,Leather,Women,All Season
1b68f265-adbf-46b2-8bcb-ee57775e60c4,SKU004279,Red,L,Polyester,Men,All Season
bbf918a8-3d8e-447f-84bf-084457b0436d,SKU004280,Blue,XS,Polyester,Men,Winter
9e1b01de-c80e-43d3-91bc-69f5a8d046a3,SKU004281,Green,M,Cotton,Men,Winter
9be1ed7d-4968-440a-bf19-c4d288990b54,SKU004282,Red,M,Leather,Men,All Season
b1382d03-3088-4244-8618-02a72064b7d9,SKU004283,Blue,XL,Polyester,Women,All Season
f6f7388f-78ad-4d02-97a5-86551d167b4d,SKU004284,Red,XXXL,Denim,Women,Summer
b1cca12a-6150-4705-bf5f-c842c5667907,SKU004285,White,S,Polyester,Women,All Season
c848d40d-fb14-4de1-b34c-a53e5d0c5e65,SKU004286,Green,XS,Cotton,Men,Summer
8f3afc05-5436-4696-84a5-a8d7a711d8b5,SKU004287,White,XXXL,Cotton,Men,Winter
64329d8d-6fe4-4445-8843-9f58cab5070b,SKU004288,Blue,XL,Polyester,Women,All Season
6c73c1b2-fb28-4997-9090-72a945609acb,SKU004289,Green,XXXL,Polyester,Men,All Season
abdaba52-a3e2-406a-8340-99d35b2ea0d1,SKU004290,Green,L,Polyester,Men,All Season
c4b691c8-e322-4d9a-9e9d-5b160f04bcc8,SKU004291,White,XL,Polyester,Women,All Season
c79b7c8f-bd7c-41a6-89d8-cae16113dbb7,SKU004292,White,M,Denim,Men,Summer
ac1dc6a1-e6c0-4dcf-86d9-1530ee6fccd2,SKU004293,Red,XXXL,Denim,Men,Summer
35e5e112-6111-47e4-b41a-50515e75ae03,SKU004294,White,XXL,Leather,Men,Winter
d49dfff4-82c2-4a0e-885b-672a256f3dc6,SKU004295,White,XL,Leather,Men,Winter
4a50577a-0532-4a01-9ea6-84e91a1094ff,SKU004296,Red,M,Denim,Men,All Season
f4f38e2d-1743-45d8-b0f9-24658b68fbaf,SKU004297,Red,S,Cotton,Women,Winter
3a5bd39e-fa1e-456f-b3c3-bc0a1f9627d6,SKU004298,Green,M,Denim,Men,Summer
afc9f937-15bb-4d99-9ab1-483926140f5d,SKU004299,Red,XS,Denim,Men,Summer
f290eb59-9c6c-4b95-99ae-b99127b07a7c,SKU004300,Blue,XXXL,Denim,Men,Winter
42b7d68c-7690-4508-8b6c-be3ead327d90,SKU004301,Black,XXL,Cotton,Women,Summer
102ce594-87dc-43d4-92e4-39ea43846efb,SKU004302,Red,L,Cotton,Men,Winter
7c55e35a-2dba-46b5-9662-b5bfac4aca4c,SKU004303,Blue,L,Leather,Women,Winter
d713a8d8-bbf3-44d6-9c4a-91555e611443,SKU004304,Green,M,Polyester,Women,Winter
351758e9-4b61-49ea-a72f-d87df5f84415,SKU004305,Blue,M,Polyester,Men,All Season
c114fd56-1ad9-43cb-a847-47fe9ea1cdf0,SKU004306,Green,XXL,Cotton,Men,Winter
ed8c1fb1-f648-4a20-85b6-5d84254809a8,SKU004307,Green,L,Leather,Men,Summer
6bccf1dd-b888-4004-ab1f-07e464883569,SKU004308,Black,XS,Polyester,Men,All Season
cc3304a6-c51b-4747-b2cf-0321b1b4dc0b,SKU004309,Green,XXL,Cotton,Women,Winter
b1cdb81e-7282-4eb9-bfea-78f3fea18fa5,SKU004310,Red,XXXL,Denim,Women,All Season
d1f7f020-7268-465e-8d90-4624a6ddbe4a,SKU004311,Green,XS,Cotton,Men,All Season
fe073e4b-51f8-46b6-b93a-e0ce61ac0551,SKU004312,Green,XXXL,Polyester,Women,Winter
2b590416-c076-4260-a24a-3fa92288025d,SKU004313,Black,XL,Denim,Men,Winter
a3bbfe0f-b7a6-42d4-af4d-d6cda2d71bbb,SKU004314,White,L,Cotton,Women,All Season
868cf70f-5339-4dfe-80a2-54cba26d08f8,SKU004315,Red,XS,Denim,Women,Summer
b91fedfd-0da2-4492-b2f3-906a31d311ea,SKU004316,Green,XL,Leather,Men,Winter
55a5db1a-b278-4d9f-aef7-dcd375e733ec,SKU004317,Green,S,Cotton,Men,Summer
e7760859-e7e3-450e-9163-5e202c945ae3,SKU004318,Red,XXXL,Denim,Men,Winter
080a3ef9-c0a9-4396-b532-546da26ff7a3,SKU004319,Blue,S,Denim,Women,Winter
eb37f029-1d1f-4e1b-b06b-26d25529132d,SKU004320,White,XXXL,Leather,Women,Summer
d8aa6638-2c6b-40c4-a1a1-ebc1e8fa5828,SKU004321,Red,XXXL,Cotton,Men,All Season
916f0d91-f39c-44e2-9a94-e93db62eb8ff,SKU004322,Blue,XXXL,Denim,Men,Winter
ae11bf6e-c662-4b02-b4b8-915f356a1c5b,SKU004323,Blue,M,Cotton,Women,Winter
a252259c-bc07-4394-936c-24134a8de36c,SKU004324,Green,XS,Denim,Women,Winter
b4eddbb3-f636-4ee1-b386-013128f76e83,SKU004325,Green,XXXL,Cotton,Men,Winter
ae9d1379-542a-412b-8370-a2b272c86738,SKU004326,Red,XS,Cotton,Men,All Season
b74b50b4-7f8f-4c39-97f3-1dc0894c7e07,SKU004327,Red,XXL,Denim,Women,All Season
2472e9ac-e24c-44b0-9399-2e355db90265,SKU004328,Blue,M,Polyester,Men,All Season
a3c46d98-d4eb-4337-ab37-bc04052747f2,SKU004329,Blue,XL,Leather,Women,Summer
2e805189-ca44-4501-a27e-d7adfa72daa5,SKU004330,Red,L,Denim,Men,Winter
e090c6a0-8d36-4487-af0a-f4ac3a8fb86c,SKU004331,White,L,Polyester,Women,Winter
d392be92-c3b9-4d51-95ee-46dfc8237a4e,SKU004332,Blue,XXXL,Leather,Men,Winter
2f71a7c4-841d-4447-9cca-48609925be6b,SKU004333,Green,S,Denim,Women,Winter
588cca56-9498-4c91-9094-5dbef7e0f5e1,SKU004334,Black,XL,Polyester,Men,Winter
8eeb7ac7-9f28-415f-a04d-321728ed3c16,SKU004335,Black,XL,Leather,Women,Summer
544c4c91-c4e9-46cf-8684-21d62383894d,SKU004336,Blue,M,Polyester,Men,Winter
e748d28c-8b49-40e5-a084-d95d831523c9,SKU004337,Blue,XXXL,Polyester,Men,Summer
e4b39333-fb33-4870-95d1-f3f28aa1a3c8,SKU004338,Black,S,Cotton,Men,All Season
c1fbffcc-eaee-45e9-852e-f24a4ffd135a,SKU004339,Blue,XXXL,Denim,Women,Winter
b76d44fc-91d5-4a84-ad39-a2d2fb30f1ea,SKU004340,Red,XS,Denim,Men,All Season
e4769c5b-5874-46af-ae33-39f4667f6682,SKU004341,Blue,XXXL,Leather,Women,Summer
60b6025f-7aa8-4a89-9ec2-b2875a560f5d,SKU004342,Blue,XL,Leather,Women,Summer
7fbc5faa-4627-41f3-83c7-473c052375fb,SKU004343,Green,L,Cotton,Men,All Season
2daed685-c391-421d-80ac-bc58014003b8,SKU004344,Green,XXL,Denim,Men,Winter
8d2b02f4-b1df-47c8-ae15-3e27771c3a08,SKU004345,Green,XS,Polyester,Women,All Season
3309fc3c-d221-40dc-ad02-d79ac2b81182,SKU004346,White,XS,Polyester,Women,Winter
01dfd997-f65c-4e73-949e-cfe42286b915,SKU004347,Black,XS,Leather,Men,All Season
8a2226c4-2d89-4e9f-bd07-76214421160d,SKU004348,Red,S,Denim,Women,Winter
a67c0d56-9f86-4f16-bc78-89710485d3a3,SKU004349,Green,XS,Cotton,Women,All Season
66d498d9-a5b2-4751-b90c-f7d66e35a948,SKU004350,Blue,XS,Polyester,Women,Summer
a130f490-7498-487c-a87b-afc354e947e5,SKU004351,White,S,Denim,Men,Winter
50ab8c86-17bf-4f4a-bff0-bca1194e7ccf,SKU004352,Green,XXL,Cotton,Men,All Season
a1ebe566-62f2-438f-b689-84e18b42549a,SKU004353,Blue,XXXL,Polyester,Men,All Season
11b484a3-2eb9-4af9-a44c-32dc88ad3818,SKU004354,White,XS,Leather,Men,Winter
56a397ee-e405-4c26-9a5c-2a6cadbcd70e,SKU004355,Green,M,Leather,Women,Winter
bdf23826-89e2-4b65-a2b1-e2edabd7fd39,SKU004356,Blue,S,Polyester,Men,All Season
26f27610-ff11-4ac0-a084-08bed3f2170c,SKU004357,Green,XL,Leather,Women,Summer
97228f1f-da4f-4e4c-9630-55082bbbea5c,SKU004358,Green,XXXL,Cotton,Women,All Season
fd5d9f93-5f22-4958-866d-2727bc4c0673,SKU004359,White,XXL,Polyester,Men,Winter
1ecbf4af-1691-4fd3-a484-6d7bfdf98a77,SKU004360,Green,XS,Cotton,Women,Winter
0d529abb-ac2f-4dee-9550-5c00f53e5b64,SKU004361,Red,XL,Cotton,Men,Summer
197bc31d-68ab-448b-9d89-750e569c44b0,SKU004362,Blue,XL,Leather,Men,Winter
55974e7e-782c-40fd-a572-2607252fe7b2,SKU004363,Blue,S,Cotton,Men,Winter
2a0401e6-0b5c-45a5-953f-4ac962a1ac36,SKU004364,Black,XL,Cotton,Men,Winter
abc7decb-5616-4574-899a-d27354b86d40,SKU004365,White,S,Polyester,Men,Winter
c837d601-242c-48a3-ab4d-298c88a02842,SKU004366,Green,S,Leather,Women,Summer
d56a2052-aaa5-499f-867c-bdd36b1c07f2,SKU004367,White,XL,Polyester,Women,Winter
56478890-023e-4522-95bf-c6cdda92973d,SKU004368,Blue,XXL,Cotton,Women,All Season
1fa83716-396e-49e9-8244-2571de6709e7,SKU004369,Blue,L,Cotton,Women,Winter
6dc4091a-e6a9-42b7-a249-2988d69e8cf5,SKU004370,Black,XS,Denim,Men,Winter
b4c6f42d-e451-44aa-a662-bf93344825cb,SKU004371,White,M,Denim,Women,Summer
ea4cac08-c3af-47e9-a80b-ef6066463359,SKU004372,White,L,Leather,Men,All Season
ae309a70-b541-4a48-a512-eeaa1982e759,SKU004373,Red,L,Cotton,Women,Summer
475a623a-9ad7-4aaa-87bb-599a24b60584,SKU004374,Black,XXXL,Leather,Women,Winter
aff990f4-4a4e-42cd-bab0-0f1affd66553,SKU004375,Green,XL,Leather,Women,Summer
e1353a97-ff11-4973-80e3-709e33072e4b,SKU004376,Green,XS,Cotton,Women,All Season
8742a176-2e75-48e6-a943-25f9f27f5784,SKU004377,Red,XXXL,Denim,Men,Summer
06ada287-c2a1-487b-b62c-1148562e8b71,SKU004378,Blue,M,Leather,Men,Summer
2aa8ab38-3f3f-49f0-b9ff-f2098cc46176,SKU004379,Black,XL,Polyester,Women,Winter
0d0917d8-5ea1-40f9-8509-11a5dd15a0b9,SKU004380,White,XL,Polyester,Women,Winter
bf164743-ff62-4f2b-b250-a7d9c983932c,SKU004381,White,XS,Polyester,Women,Summer
9af9c29c-f1aa-4403-8190-d0508c5a3e42,SKU004382,White,XS,Denim,Women,All Season
570fe7a2-06d3-42ef-b7d1-21ca99548677,SKU004383,Black,XXL,Leather,Men,Summer
9a3c6ef7-160e-4a2e-bd06-51a34578e663,SKU004384,Red,XL,Denim,Women,All Season
b31aca9c-a7b7-425d-8a69-c3318d546ef9,SKU004385,Red,L,Cotton,Men,Summer
825cfe93-c079-48d9-af51-90d157abf1ea,SKU004386,Green,XXXL,Cotton,Men,Summer
b98fef27-c640-484c-bfe9-ed1adb03f83c,SKU004387,Black,M,Leather,Men,Winter
04dcc647-89e8-4672-8a41-fd5e9fd84c05,SKU004388,Red,XL,Leather,Men,All Season
159625bc-6ec7-49f8-ad9b-cffc69cd5d19,SKU004389,Green,S,Denim,Men,Summer
9323013e-14a4-410f-8ee6-d86a1d67517f,SKU004390,Blue,M,Leather,Men,Winter
c9eeee8a-477c-44ea-8c36-614dc414b2be,SKU004391,Black,L,Denim,Men,Winter
049a36cc-d75e-4882-9c3e-c006e6a99530,SKU004392,Red,XXXL,Polyester,Men,Summer
9cda2156-23ac-4e12-a9dc-4edcb131548b,SKU004393,Green,S,Cotton,Men,All Season
320e29d7-dbe8-4704-ae28-503ad8b84c56,SKU004394,Red,XS,Cotton,Men,Summer
75a02a5c-4541-46cf-83c2-ee9abd36c643,SKU004395,Black,XXL,Denim,Women,Winter
8f006882-bcc2-4cf4-bef9-4404a7ed95d3,SKU004396,Black,S,Cotton,Men,Winter
3d5ecf73-70b1-41ba-a4fc-43658fa28ed4,SKU004397,Black,XXXL,Leather,Women,Summer
b0850306-fd9f-4f63-9758-4217d77d1abf,SKU004398,Green,XS,Polyester,Men,All Season
93ecde6d-3df4-4c91-b954-3e0d30b8c7c3,SKU004399,White,XS,Leather,Men,Winter
fb9bd668-c8cc-4da6-92c1-8ddf1b13d77b,SKU004400,White,XL,Denim,Men,Summer
7faf5915-7107-4694-8cb6-cc900701cb80,SKU004401,Blue,S,Cotton,Men,All Season
980e6d00-8f8f-457b-b96a-44942f39a6a7,SKU004402,Red,XL,Leather,Women,Winter
15a4e048-e0e2-4565-bd7c-bce37fc8cb76,SKU004403,Green,XS,Polyester,Women,Winter
c3b4ab44-d9de-4c8b-ad06-0ab71dcb6135,SKU004404,Green,XXL,Leather,Women,All Season
3e2d50d0-4df2-44d9-8368-633faf432308,SKU004405,Green,L,Denim,Men,Summer
ee23f692-a033-4639-8cd8-b86a0ea91470,SKU004406,White,XXXL,Polyester,Men,All Season
d97c50e5-03ce-4f5d-bfda-7b7e1b60e600,SKU004407,Red,XXXL,Polyester,Women,All Season
c3e31dfe-58ce-4008-bcf5-8f859944c0f9,SKU004408,Blue,XS,Polyester,Women,Summer
b03d6529-c2c2-454e-8814-6599889f5744,SKU004409,Green,L,Leather,Men,Summer
82755ed6-3503-4deb-abbc-16ea666c4546,SKU004410,Green,XXXL,Cotton,Men,Summer
2d025f68-ea67-44b9-a614-972082b8764c,SKU004411,Green,L,Leather,Men,All Season
1a7d900f-5d05-4798-9f05-b8b7fe8ff53c,SKU004412,Black,L,Polyester,Men,Summer
bf3ba4f9-b2af-4434-9c7d-30c23b1a72c3,SKU004413,Blue,XL,Cotton,Women,All Season
5667ad7e-1b0d-444d-8d03-aef33185d4ea,SKU004414,Red,XXL,Leather,Women,Winter
cccb290a-031d-4ad1-8522-bc440a264db6,SKU004415,Green,M,Leather,Men,All Season
0f964460-182f-4199-b96a-79dd0086232b,SKU004416,Black,S,Denim,Women,Winter
13e8c54d-a426-4cf3-8086-93291b5d7a34,SKU004417,Black,L,Denim,Men,All Season
a422ffce-361a-4fb9-a355-7c174ae8a5b3,SKU004418,Blue,XXL,Denim,Men,Winter
a5f8efd0-35f4-45a8-9ccc-8b38a52071e3,SKU004419,Blue,XL,Denim,Men,Winter
466be521-41bf-4a4b-90b8-39cd692a5582,SKU004420,White,L,Cotton,Women,Summer
19d13a85-c522-4cf3-b0b6-21abbca562ff,SKU004421,Red,XXXL,Denim,Men,Winter
bbe94649-9763-4483-a014-327f1783812e,SKU004422,White,XXXL,Denim,Men,Winter
50cdda55-f589-45f9-8c44-50f70adc758c,SKU004423,Blue,XXXL,Leather,Men,Winter
26b60ba9-7073-43a4-9eb1-26da5fe9c1c2,SKU004424,Black,S,Denim,Men,Winter
f51e04f7-4131-4f43-b6cc-9134c7df404a,SKU004425,Red,M,Polyester,Women,Winter
cafa9952-d0a2-4870-8c60-e2c8e8f50ea1,SKU004426,Blue,S,Cotton,Women,Winter
2598f8e3-9015-420c-b34b-77b7f8ef423e,SKU004427,White,S,Leather,Women,Summer
3e93df44-5fc7-4791-b321-323b1e3780a6,SKU004428,Blue,L,Denim,Women,Winter
700a4461-14e1-4841-8ecc-332e03f44715,SKU004429,Blue,XS,Leather,Women,Winter
88afc0b6-3a26-4921-9bb9-53d4c5321bde,SKU004430,Blue,M,Cotton,Women,Summer
dd3ddc3a-3474-4b54-af45-4cd90e07ceed,SKU004431,Blue,XS,Denim,Men,Summer
b9a18cfc-fcf2-4a94-a536-260d7071bac8,SKU004432,Blue,XS,Polyester,Men,All Season
13fd3ed6-48bc-41b8-9492-f2cdaefe92f8,SKU004433,Black,M,Cotton,Women,All Season
f2dd8778-158e-4f55-99f2-c18e90312381,SKU004434,White,XS,Cotton,Women,All Season
1a24e5c5-8c35-4479-bb10-8ac077a90f85,SKU004435,Blue,XXL,Leather,Men,Summer
a83adb7d-bbeb-4edf-acfa-d1bee431bae2,SKU004436,White,XL,Leather,Women,Winter
810b56e4-ff7a-43b5-aaec-75dabfcf173b,SKU004437,Blue,XL,Cotton,Men,Winter
c569d5fc-21b8-4556-b799-414f7c261804,SKU004438,Red,XXXL,Cotton,Women,Winter
7ef17cee-197a-4f69-b829-8b418569f0bd,SKU004439,Black,XXL,Polyester,Women,All Season
9be4ed26-24ae-49da-adb1-d3f8ca98fa7f,SKU004440,Black,XXXL,Cotton,Women,Summer
dad3a984-669b-448f-b33e-b2bb25f7252f,SKU004441,Black,XL,Denim,Women,Winter
cc80688a-2b58-431c-ba9d-f4bf12940ad8,SKU004442,White,S,Polyester,Men,Winter
2584fe2f-5345-4dd6-98d5-61db68138d1c,SKU004443,Black,XS,Denim,Women,Winter
a99cb939-9b95-48bc-a4cd-22cc9dc46dd4,SKU004444,White,XXXL,Leather,Men,Winter
286ade5b-889d-4fd4-a4b0-fcb76d07f167,SKU004445,Blue,XS,Leather,Men,Summer
6a982754-685b-4a4f-924d-e9bcfe039750,SKU004446,Black,L,Cotton,Men,All Season
f3cca36d-709b-4079-bbe7-40fa041f531c,SKU004447,Green,M,Leather,Men,Winter
ca8a61e5-fde0-46e8-8a9f-4e77998d9887,SKU004448,White,XS,Polyester,Men,All Season
f2358ddb-a516-4f42-8585-f398d7f711a9,SKU004449,Red,S,Leather,Men,All Season
ae91f079-37eb-45d7-a0a9-d4630c470b38,SKU004450,Green,XXL,Polyester,Men,All Season
dafb7085-ec01-4ee3-9f19-3d4eb38bd69c,SKU004451,Black,S,Leather,Men,All Season
c5e5965a-aeaa-471e-b6a4-cf43e36c9bd1,SKU004452,White,L,Leather,Women,Summer
4a4acd23-61c8-4c43-98a9-7fd69275829e,SKU004453,Red,XXL,Polyester,Men,All Season
df14e95b-3b24-44a9-8a81-3cb1354acba6,SKU004454,Black,XL,Leather,Women,Summer
0585dd18-775b-4bc1-971b-c9d307bee9ec,SKU004455,White,XL,Cotton,Women,Winter
cda54eb8-7905-4ed3-9aa9-dbe54deb5d48,SKU004456,Blue,L,Cotton,Men,Summer
efaf9b2c-a4fe-4733-bba3-fe7c78297e38,SKU004457,White,M,Denim,Women,Summer
bef4834b-22db-4c0c-af52-f090a9b33b87,SKU004458,Blue,XXL,Polyester,Women,Summer
84c07e9f-2436-4f88-bb41-0b15bd951778,SKU004459,Red,M,Leather,Women,All Season
701b884a-687d-44a5-a23c-e0249552e3e5,SKU004460,Green,XXL,Leather,Men,Summer
65aeed13-61df-4e5c-a624-dea152f7adf6,SKU004461,Green,XXL,Polyester,Men,Summer
3ec76b10-9c43-4bb9-97ff-0417912cb5e4,SKU004462,Black,XXXL,Polyester,Men,All Season
cc35d70c-ecfd-49d2-8cef-ebc787edd244,SKU004463,Red,XXL,Cotton,Women,Summer
3ae70724-0b8a-4145-b594-07cc159b4b94,SKU004464,Black,L,Cotton,Women,All Season
a051666c-080e-48ad-8c42-a10fe951bb93,SKU004465,White,XXL,Denim,Men,Summer
9947e52a-2319-4916-962d-efc28aa873bd,SKU004466,Black,L,Leather,Women,All Season
cd1a1d0d-8c4a-4bbe-b4e4-20901e599008,SKU004467,Black,S,Cotton,Women,Summer
a6e107be-b623-41a9-a72a-062d274337a0,SKU004468,Green,S,Leather,Men,Winter
7c9ae725-9d35-468a-ba2f-25a972cab37a,SKU004469,Blue,XXL,Polyester,Men,Summer
17e749f1-7d21-46f2-b41c-b6e4fbaa4fd8,SKU004470,Black,L,Denim,Women,Winter
c941230c-767a-45d0-aae0-5247dd1e1ca7,SKU004471,Red,S,Cotton,Women,All Season
42c6fc7e-cdc8-41a0-8157-c3611cf4f5e0,SKU004472,Black,M,Leather,Women,Summer
188f7885-7565-4c46-ac94-3965d27182d5,SKU004473,Red,XXL,Leather,Women,Winter
948d5b84-4d3c-4656-a4c1-617ef86d6799,SKU004474,Red,XS,Polyester,Women,All Season
30d84c03-7e06-4c65-bb5d-caef9a5bf3ff,SKU004475,White,M,Leather,Men,All Season
efe6d968-2920-4f16-bf99-440070bc9554,SKU004476,Red,M,Polyester,Men,Summer
71220fdd-1b7e-4035-abbf-6f217e7136bf,SKU004477,Red,XL,Leather,Women,Winter
e9b1ece7-41d5-43cc-837b-c1d2b34837ef,SKU004478,Green,XL,Cotton,Men,All Season
bbb0549d-9b57-4158-9b87-27525d7069e7,SKU004479,Red,XS,Cotton,Men,All Season
1492ab92-4c72-449e-94f4-27179ceac142,SKU004480,Red,XXXL,Cotton,Men,Summer
98d2fc30-6d7d-4cfa-adcd-a35140ff92e0,SKU004481,Black,S,Denim,Men,Winter
88a05e9c-88c1-49fb-b1f0-09cc05c8eec7,SKU004482,Red,XL,Polyester,Women,Winter
0d29ac6e-f1ee-443e-a747-eab962a45563,SKU004483,Red,M,Cotton,Men,Winter
a8b1f59d-eb36-4649-adc3-ea2f81375d6f,SKU004484,White,L,Denim,Women,All Season
fe210345-2967-4a4d-8c01-6ff847578368,SKU004485,White,M,Denim,Women,All Season
862143f1-c51f-4fe4-8ba9-b1376bb16e36,SKU004486,Green,S,Cotton,Women,Winter
9823ca17-d140-4a78-b634-ae1f6752d8b6,SKU004487,Red,M,Leather,Women,All Season
80cd3f8d-61a9-46d5-a374-ab818fb8d6f8,SKU004488,Red,XXXL,Polyester,Women,Winter
25e07499-1547-4e30-98de-d91c1297bf6c,SKU004489,Red,XXL,Cotton,Women,Summer
e7ff9f60-515f-4d45-bc89-193d147c81d1,SKU004490,Green,XL,Denim,Women,All Season
b7fb2a35-4b43-4504-beef-7ce5c21db01d,SKU004491,Blue,L,Leather,Men,Summer
490a488d-7bfa-4dca-a241-a7be3124150d,SKU004492,White,XXL,Leather,Women,All Season
2a5a69ae-579e-4532-9d51-0961c24a3de3,SKU004493,Blue,XL,Leather,Men,Winter
cb4361b6-cff9-4998-aca3-18844e8e4d41,SKU004494,White,XL,Denim,Men,All Season
d859523d-d0ca-4f51-a3b7-ee52de699018,SKU004495,White,L,Leather,Women,Summer
c76977f0-78e8-4d27-9a60-2e4e662930d0,SKU004496,Blue,M,Polyester,Men,All Season
37113dd4-7470-48de-ab57-6fda2dd53ed8,SKU004497,White,XXXL,Cotton,Men,Summer
20a7fb43-6748-4773-ad1a-32e29c3e8450,SKU004498,Green,XXL,Polyester,Women,All Season
6aa843ac-5ed1-404a-ace8-cdc8288e28c9,SKU004499,Green,XXXL,Denim,Men,All Season
1ec9a57e-af3f-49aa-ab3b-e803215d8558,SKU004500,Green,M,Denim,Women,Summer
6d3ebaf8-beef-48bc-a942-14c7e0695b0a,SKU004501,Black,S,Cotton,Women,All Season
13b3c8e2-ded9-4591-aea1-bdcedf26bcd8,SKU004502,Green,XXXL,Leather,Men,Summer
317fd374-3679-4ae9-a45a-5d37c61d0ca3,SKU004503,Black,XXXL,Polyester,Men,All Season
f304c6ee-c629-4cd2-bb2a-e509b5f4e0d8,SKU004504,Red,L,Denim,Men,Summer
82a99252-794f-46d0-bd4b-c4e10c72a830,SKU004505,Blue,XXXL,Leather,Men,All Season
83355fbe-40c1-498c-91bb-d42898ea4351,SKU004506,Green,XL,Leather,Women,Winter
78e77fd2-1a5d-46f3-b303-f1d0d58ed3b9,SKU004507,Red,XXXL,Polyester,Women,Summer
c847973f-7f15-44ca-8dfc-19d37102fea5,SKU004508,Black,L,Denim,Men,Winter
4a820200-d4b5-4455-82e4-fd7afcb351a9,SKU004509,Green,XS,Denim,Men,All Season
32a656ec-7eb0-4b36-abca-0c3c6d9d58f5,SKU004510,Green,M,Leather,Men,Winter
10572675-e65c-411e-a3c4-77a21beb7b4e,SKU004511,Blue,M,Cotton,Women,All Season
faa86376-b83b-4188-8bd2-ea8d254b4c4f,SKU004512,Red,XXXL,Polyester,Women,Winter
3e27cd6f-3cf6-49de-878e-23f2609e5380,SKU004513,White,XL,Polyester,Men,Summer
77536f13-7b35-4054-b948-c987627e24ec,SKU004514,Green,XXXL,Denim,Women,All Season
c9356d44-fe8f-4925-aca5-649f08861620,SKU004515,Blue,L,Cotton,Women,All Season
556e85bf-44ef-4b23-bba8-1d8751a569e0,SKU004516,Green,M,Denim,Women,Winter
35a0250a-072a-4bf8-be91-5b7666d89a17,SKU004517,White,S,Polyester,Women,Winter
104a7a73-86c1-4fac-bfc6-f6a393057ee2,SKU004518,White,XL,Cotton,Women,All Season
0d993eb0-a7b0-46b2-a89a-6cecc51e9a54,SKU004519,Black,XS,Denim,Men,Winter
3ae34c83-4fd6-4b86-8a00-a1d5ad787034,SKU004520,Black,L,Leather,Women,All Season
d72f76da-fea0-49e4-8c4d-8a4a86e7a071,SKU004521,Green,XXL,Denim,Men,Winter
13b5f8f4-61b8-4d93-b76e-5e22e354a6ca,SKU004522,Red,L,Cotton,Women,All Season
f865fb47-3dc6-42a7-81b4-240a47dc4fc6,SKU004523,White,XL,Leather,Women,All Season
0a4c4ef8-524c-4ce2-9975-219795acd33f,SKU004524,Black,XS,Denim,Women,Winter
c464e805-1745-4734-8e51-4e39d3edb7e3,SKU004525,Red,XL,Leather,Men,All Season
44eb029b-2167-4b1b-9226-2e9c71e6346c,SKU004526,Green,XL,Leather,Women,Summer
dd2cd18e-d124-4d2c-8df1-0d9118d1933b,SKU004527,Blue,XS,Cotton,Men,Summer
b1ea087a-90d5-4620-b543-b98621eab6ba,SKU004528,Blue,S,Cotton,Men,All Season
c08511ed-3c5d-4e8d-b079-486770ec9800,SKU004529,Red,XXL,Cotton,Men,All Season
71ab3579-f54f-4296-8b5d-945d7abb1ea7,SKU004530,Blue,M,Cotton,Women,Winter
255efc91-1ef0-473a-89ef-f464bd04a111,SKU004531,Green,XS,Leather,Men,All Season
a2711e65-2352-45c3-99dd-634035f3106b,SKU004532,Blue,M,Denim,Women,Winter
9cac1bdf-5b88-4561-ba36-fa6dc64cdbbc,SKU004533,Green,L,Denim,Women,Summer
b5516c9e-857c-457a-9bc3-1665d2fb3c07,SKU004534,White,XXXL,Denim,Men,All Season
75b5a762-e576-47d4-b3be-a025576375ab,SKU004535,Black,XL,Polyester,Men,All Season
ead43eb4-7786-4e7c-9926-3fd2cb1e1581,SKU004536,Black,XS,Cotton,Women,All Season
ac889a1e-b1e5-4268-b1cc-121428488943,SKU004537,Black,XS,Polyester,Women,Summer
c1e05a5b-0a92-4ec7-937f-4dae5e37bb1d,SKU004538,White,L,Leather,Men,Winter
a9fcd76b-668d-4d01-88c4-c066bd313bd1,SKU004539,Green,S,Cotton,Men,Summer
30cabe05-96b7-4e2e-8548-48da0b25201b,SKU004540,Black,XL,Cotton,Women,Winter
41707468-c175-4c28-88c9-d58c346f8575,SKU004541,White,S,Cotton,Men,Winter
97d2f73c-4285-4161-9fa1-b6b18b84b075,SKU004542,Green,L,Leather,Women,Winter
ae6d9377-fc29-4b87-82c1-daf49cfea9d1,SKU004543,Green,XS,Polyester,Women,Winter
d63d2110-3297-493b-a9c6-1a864644a3ed,SKU004544,Green,XXXL,Denim,Men,Summer
0f86a304-ce7c-4943-8f27-803e854ccf44,SKU004545,Black,S,Polyester,Women,All Season
f98dddfa-8781-4478-a00e-f67393605117,SKU004546,Blue,XL,Leather,Men,Winter
df66071e-4225-4077-93f1-5db70f0817c3,SKU004547,Blue,S,Cotton,Women,Summer
c23d4859-f0b3-4d28-8723-b41b3c326986,SKU004548,Black,S,Polyester,Women,All Season
8c4c3a76-8259-4524-9a61-0362481ce284,SKU004549,Red,XS,Cotton,Women,Winter
0fe41268-cdcb-456b-a2e9-cd2287c6b276,SKU004550,Blue,XXL,Leather,Women,All Season
0244d912-60b4-4480-973d-dfff6d354e2f,SKU004551,Green,XXL,Polyester,Men,All Season
1a9260bf-fd44-4933-8e10-67087114019f,SKU004552,Green,L,Cotton,Women,Summer
b343b0ee-da1d-4b4f-b5d1-51c9b9ae0f26,SKU004553,White,M,Leather,Women,Winter
0d4c1e96-217b-4d96-9e56-cb13d6decee0,SKU004554,Green,XXXL,Leather,Women,Summer
ee73fb4f-8ef7-4565-b18a-ef57dcae3e71,SKU004555,Blue,M,Polyester,Women,Winter
c1646e72-8181-4398-8dbb-4ee956ad7484,SKU004556,Red,XS,Cotton,Women,Summer
b133b609-ef58-4a58-8442-6196e776f0e1,SKU004557,Green,L,Polyester,Women,All Season
e17c6925-cf0e-47de-a218-cc30b936aa3f,SKU004558,Red,XXL,Denim,Men,All Season
844c6fd9-93c5-45a9-8a03-f87e86cb6723,SKU004559,Blue,L,Leather,Men,Summer
9060f0de-f933-4590-b89f-d0d7b1709a84,SKU004560,Blue,M,Leather,Women,All Season
a9d57c07-f5ea-4446-8eb3-72f5bcc60aa3,SKU004561,Red,XXL,Denim,Women,All Season
119bbb03-6328-4dc6-aebc-4560f836a703,SKU004562,Black,L,Leather,Men,Winter
d1b28924-51e2-49ae-a0c6-5db5fa396b2c,SKU004563,Blue,M,Cotton,Women,Winter
3b17f116-a387-43d1-b22e-dbaf4e0b78eb,SKU004564,Black,XL,Polyester,Women,Summer
46ddaa54-8b4a-4fa9-880b-a4b36b8fb7be,SKU004565,Green,XS,Leather,Men,Winter
77c25e80-1633-4c51-8d01-ba3cd0af6f3c,SKU004566,Black,L,Denim,Women,Winter
f57148ae-0359-445f-9d15-5751a2d3e1da,SKU004567,Green,XS,Polyester,Women,Summer
809be577-fdd2-48b3-9e61-449c33528936,SKU004568,Blue,M,Denim,Men,All Season
b3a47d71-e317-4ebe-89c7-81eacff0b145,SKU004569,White,XS,Cotton,Women,All Season
6e01ab2d-4c8c-4740-8a85-29f0a7d71002,SKU004570,Blue,XS,Leather,Men,All Season
cf51cd56-c26b-492b-a8ff-c8e67a771841,SKU004571,White,XS,Polyester,Men,Summer
4cac3694-c438-4f48-a80c-75618cf96e0b,SKU004572,Red,S,Leather,Women,Summer
cad2d8bf-44e0-46f0-bc46-ecf505cbd33a,SKU004573,Red,M,Cotton,Women,Summer
038448c7-90a7-41f5-b8c0-67ad3a1a0a10,SKU004574,Blue,XXXL,Polyester,Women,All Season
61bf3472-3772-4fc4-838d-717fc48cf655,SKU004575,Red,XXXL,Cotton,Women,Summer
d0e62649-b59d-4522-83d5-8d26c977d60a,SKU004576,Green,XXXL,Polyester,Men,All Season
7fbe4014-0f0c-4ada-aee2-d29f4ea9cdf4,SKU004577,Black,XXL,Denim,Women,All Season
abcb7a44-23c8-4b0c-a366-67d9f1ecc8f6,SKU004578,Red,L,Leather,Men,Summer
cb8e4333-03c5-42fb-af14-a935105df3dd,SKU004579,Red,L,Denim,Men,All Season
677722a3-85a1-4fd9-88e5-832dc4684ea4,SKU004580,White,XS,Polyester,Women,Winter
67c3cde1-6cc1-47cb-80e9-d15ed8c88a20,SKU004581,Red,XXL,Polyester,Men,All Season
9d8f3b53-bae5-42d0-bbf5-440ebd8f09ac,SKU004582,White,L,Polyester,Men,All Season
8e6cbefa-142a-48e7-8a7f-922d894f8a4b,SKU004583,Green,M,Denim,Women,All Season
2283ceb7-d8b9-4e1e-b81b-e8b26b4b94d7,SKU004584,Red,S,Polyester,Men,All Season
690ce152-2885-4ad5-9c4b-bacffa9fcf29,SKU004585,White,XL,Leather,Men,Winter
5e3bc826-1c2f-4aad-a657-82f5133d8e78,SKU004586,Blue,L,Denim,Women,All Season
2a704bad-8fcf-491b-bf70-2f85a908bce7,SKU004587,Black,M,Denim,Men,Winter
c77cca9c-51ae-47a4-9b59-20a430d76ca0,SKU004588,White,XXXL,Denim,Women,All Season
856a2402-aebb-4f9f-8910-51e5eaeed310,SKU004589,Red,S,Denim,Men,Winter
f8cd4867-701c-4fa0-a66e-5b171e3870eb,SKU004590,White,XXXL,Polyester,Women,Winter
943ac769-6b4a-403c-ab02-2a86e7de9369,SKU004591,Red,L,Cotton,Men,All Season
acb69774-d0c3-415e-946c-0d2442ffc2fe,SKU004592,Blue,XS,Cotton,Men,Winter
b7a9fd08-f05c-4909-ac04-7429d03735fe,SKU004593,White,XL,Polyester,Women,Winter
a2cd4c3a-2e5f-4f8d-8b1e-e008fe621651,SKU004594,Red,S,Polyester,Men,Summer
d2a3fbd6-31e3-44e6-ab30-f6ba72ef42a0,SKU004595,Red,XS,Denim,Women,Winter
2ad482d6-df9f-4710-abf1-b482d194510f,SKU004596,White,M,Cotton,Men,All Season
fde3cabb-dd72-495f-9656-59b5a4561110,SKU004597,Black,XXL,Denim,Men,Summer
14d6780e-32f9-44cd-89bf-963a99e5c96e,SKU004598,Blue,M,Leather,Women,All Season
ddecfa24-3cc6-4af8-8af8-9f85ad98d5b7,SKU004599,Black,XS,Denim,Men,Summer
7ee8b592-d71c-4a3d-a2ee-593835c5872a,SKU004600,White,S,Cotton,Women,Winter
278c27e9-dfc0-4967-9838-3bc77a127861,SKU004601,Black,XXXL,Denim,Men,Winter
38fe0033-e5a7-4a9c-b0a3-ab5f3b5d055b,SKU004602,Blue,S,Leather,Men,Winter
30cf96a7-19a9-41d1-8990-6cb6496c389a,SKU004603,Green,XXXL,Cotton,Women,Summer
17d8054d-6b42-4905-ac0c-7320e51d03d1,SKU004604,Green,XL,Leather,Women,Summer
38ff287b-a80c-4044-b8f3-7997312a1bb5,SKU004605,Blue,S,Denim,Women,Winter
208d6582-fc54-4940-9c74-cefd5194f01f,SKU004606,Green,XS,Leather,Men,Summer
24fd0d64-6a68-4284-b478-30bd5f3dc92b,SKU004607,Black,XXXL,Polyester,Men,Winter
a50f8eb0-b6e7-4bfa-ac6b-29717cd0c9fb,SKU004608,Red,XXXL,Cotton,Women,All Season
75873df6-407e-4508-a909-c5c761209eb0,SKU004609,Blue,XXXL,Denim,Women,Winter
85efc7bc-3847-412e-8dfc-a051717614e8,SKU004610,Black,XXXL,Cotton,Women,Summer
745d7b17-7eb4-4b1e-8051-9feb8fdb9791,SKU004611,White,XXL,Leather,Men,All Season
353a9395-2342-470b-8731-0f13e5986692,SKU004612,Green,M,Denim,Men,All Season
744d7a21-7115-4e7e-b69c-bc358e041b0b,SKU004613,Red,L,Leather,Men,Summer
a654cab3-281b-412c-b975-d2778f3cbde7,SKU004614,Blue,XS,Cotton,Women,All Season
a0d9b79f-3495-46fd-8097-96fa6ef9cc61,SKU004615,White,L,Polyester,Men,All Season
29fc91b4-a97e-494e-9e54-a2b0a5ff2a38,SKU004616,Black,M,Leather,Men,Winter
29c58e8a-0907-4075-a6c9-79b94ba0653f,SKU004617,Red,XXL,Polyester,Men,All Season
2fc914f9-485f-4fc9-bbb8-f687e2ab7627,SKU004618,Black,XXL,Leather,Men,Summer
98d0aaad-1928-4b8f-a8ac-f3fa60b7f01c,SKU004619,Black,L,Polyester,Women,Summer
4f45a0d0-27bb-416a-b147-cd242b261550,SKU004620,Black,L,Denim,Men,Summer
563b18c9-0a6f-453f-97b8-d1fdcc9007f1,SKU004621,Blue,S,Denim,Women,All Season
d56f27aa-9234-4977-94ee-6dc731d71f5e,SKU004622,White,XXXL,Leather,Women,All Season
3c0ba88e-4356-47ab-bef0-0d41f8cda449,SKU004623,Green,XXL,Leather,Men,Winter
0975a620-e8a8-4a3a-9019-3ce389613a74,SKU004624,Blue,XXXL,Denim,Men,Summer
d27c4db1-ba2f-458a-af05-5453df5436e1,SKU004625,Black,XL,Cotton,Men,All Season
12164305-893e-49e4-881e-87836648c49c,SKU004626,Red,XL,Denim,Men,Winter
d9f0eb1b-e1e2-4c76-9741-a54a7ad8b609,SKU004627,Blue,XXXL,Leather,Men,All Season
2bf39957-ac01-4bdf-88bb-f3c6afe387f5,SKU004628,Green,XS,Leather,Women,All Season
5a89df6f-88f0-4df4-8915-979eca7b17ad,SKU004629,Red,XL,Cotton,Women,Summer
b354863c-ee41-476f-b808-ef01e36ebabd,SKU004630,Black,L,Leather,Men,Winter
a6beffcd-9ff7-4e96-ac2f-0233b770c991,SKU004631,Green,XS,Cotton,Women,Winter
8467e950-0ea0-41cf-a314-6a7b77bccc92,SKU004632,Green,XXXL,Denim,Men,Winter
3ef38124-94ec-4eab-8a84-5165e002578f,SKU004633,White,XS,Leather,Men,All Season
88e23910-2038-40dc-a44c-a0ad0e04d8d4,SKU004634,Red,M,Cotton,Women,All Season
97b56ce0-2218-4f35-8580-d02620b6935b,SKU004635,White,XL,Denim,Men,Summer
775b2872-bab7-43e0-8232-700091762ac7,SKU004636,Blue,XXL,Denim,Men,Winter
f5aeb7c1-be56-4c81-bbd7-553b501d1027,SKU004637,Red,M,Denim,Men,Winter
ce1ffc49-c7c6-4582-b69f-63cc0ed1daa7,SKU004638,Black,XXXL,Denim,Men,All Season
ce98288b-a47d-4d52-af3a-ed90f0d2c461,SKU004639,Blue,L,Cotton,Men,Summer
776abb19-34dc-45cd-a4f8-4d2f7acf762f,SKU004640,Blue,M,Leather,Women,Winter
62d4afdf-78d8-40e7-9ecf-cac1b46091d6,SKU004641,Black,XXL,Leather,Women,Winter
dd8f0e20-ac7c-41b5-af65-db8c41054949,SKU004642,Black,XXL,Polyester,Men,Winter
886a30fa-3cc5-4154-9623-ef9148525813,SKU004643,White,M,Polyester,Women,All Season
2166615c-f72f-487b-beda-dbb9418801a4,SKU004644,Blue,XXL,Polyester,Women,Winter
0d9c52ac-28c5-46a0-b137-aac1d53499f8,SKU004645,White,XXXL,Leather,Men,Summer
1f23da9b-0702-4d18-bdaf-04f3590c6e95,SKU004646,Red,XXXL,Leather,Men,Winter
728336e7-2e4c-4086-86e4-e36ce1778513,SKU004647,Black,M,Denim,Women,Summer
d21f1a34-fc94-4658-91e7-a673d576ab00,SKU004648,Green,S,Denim,Men,Winter
958f53d1-30a6-43ef-9681-50e239217f2c,SKU004649,Red,L,Denim,Men,Winter
5b8d20c1-5c98-4a1a-a6f7-1a96bfdd1e33,SKU004650,White,L,Denim,Men,Winter
b0591b61-2350-4bb6-9aad-74405c2ff7a3,SKU004651,Red,M,Denim,Men,Summer
4e53ffa7-9966-4697-86f5-3e78fe483556,SKU004652,Green,L,Polyester,Women,Winter
510410c4-8c23-4186-8584-06aa3e2c7fa7,SKU004653,White,L,Cotton,Women,Winter
28d0318b-c1ee-45bc-9026-2b82496819ab,SKU004654,Green,XXXL,Polyester,Men,Summer
9bbbef83-dc0d-4efa-a500-1017d305636e,SKU004655,Green,XL,Polyester,Women,All Season
07889702-b33e-49e0-b5a8-41ea3d14f988,SKU004656,Black,M,Denim,Women,Winter
9df8247d-9bea-4e06-b43a-db53403aed45,SKU004657,Red,S,Cotton,Men,All Season
92166882-430f-47ab-95a7-222fb695bb9a,SKU004658,Green,M,Leather,Men,Summer
2ced3d43-b753-42dd-ae15-0191e6ea8082,SKU004659,Red,XXXL,Leather,Women,Winter
0bc80cea-5c45-425d-aeef-465b5c2e1127,SKU004660,White,XXL,Cotton,Women,All Season
bfb0e7c2-c9da-49d7-b953-fa2dfeb6ead1,SKU004661,Green,XS,Polyester,Women,Winter
12bff92e-d3c6-41dc-8241-0b9ee07c30e6,SKU004662,Black,XXXL,Polyester,Men,Winter
f435e12f-ca2e-4edc-9f48-759006bf62b1,SKU004663,Blue,S,Polyester,Women,Summer
9263961d-a379-4297-b205-fbdccfb9486c,SKU004664,Red,XXXL,Leather,Women,Winter
8a44597e-7a0d-4361-8906-af690295d9aa,SKU004665,Blue,XS,Cotton,Women,Summer
3e4f9275-0fd2-4ae1-91e6-e8923a1a47b9,SKU004666,Green,XL,Polyester,Men,Winter
0261cc32-04c2-402e-8f69-4e3c71fa235f,SKU004667,Blue,L,Polyester,Women,Winter
4f841007-3c66-4a26-a0be-89e56db3bc2c,SKU004668,White,XXL,Cotton,Women,All Season
0169df72-0b98-498f-b33d-ba5ac68e4fc5,SKU004669,Black,S,Cotton,Men,All Season
65e2ecf6-39db-4f26-b11f-e42c857c2011,SKU004670,White,L,Denim,Men,All Season
268c6eff-01f9-40cb-b454-4f96c9acbf55,SKU004671,Green,S,Denim,Women,Winter
14fbe89d-6b7b-4834-a8f8-5f293e9d2bb5,SKU004672,Black,L,Leather,Women,Summer
b8ce4796-fa03-4b63-aa50-7b140285c272,SKU004673,Black,M,Cotton,Women,Summer
7bc982e2-7b7d-4b37-82e0-b52b20a36989,SKU004674,Green,XL,Denim,Men,Summer
a45f6923-9458-426d-8dd1-58c5ec530945,SKU004675,White,XL,Cotton,Women,Winter
307727c2-4a71-42c0-bfb1-8e5a08696949,SKU004676,Red,L,Cotton,Men,Summer
ff4f9e42-c85b-4ce5-ab9b-172f925b1acf,SKU004677,Green,XXXL,Polyester,Men,All Season
78983346-d1a5-40b9-a5b9-adb990a80360,SKU004678,Black,XL,Cotton,Men,Summer
c5142336-f16b-4f71-b334-510e38be7544,SKU004679,White,L,Polyester,Women,Summer
ee7b3489-496a-4e72-905f-ac08e1b5eca5,SKU004680,White,S,Cotton,Men,All Season
f9acdb60-5a07-4e42-a863-15a29f3c1cd4,SKU004681,White,XXL,Denim,Men,All Season
632859d0-54f2-4bcb-84d9-8581fab5fa38,SKU004682,Blue,XXL,Denim,Men,Winter
8e3e1c4f-4fe4-4ef6-93af-97bb8ede4159,SKU004683,Blue,XXL,Cotton,Women,All Season
48c0739c-cf4f-4426-9e77-95346c6be699,SKU004684,Green,XXXL,Denim,Men,Summer
c0a852dd-c3fb-440e-8389-645bfa533812,SKU004685,White,L,Cotton,Women,Summer
321983ae-3110-49bf-a3c1-13ca0969a793,SKU004686,Red,XL,Cotton,Women,Summer
58a33612-cf37-4f9a-a0c3-eb78871cd150,SKU004687,Black,XXL,Polyester,Men,Summer
7fb28edd-e7b7-483d-8002-1f1a5512f855,SKU004688,White,XXL,Leather,Women,Winter
f2a13590-4761-4d01-9464-a91606d049a2,SKU004689,Red,M,Denim,Men,Summer
cceaa871-7798-4ea2-9210-9c2e1807f6fc,SKU004690,White,XXXL,Denim,Men,Summer
9278b8a7-9870-414c-bb2f-6cb90ba07674,SKU004691,White,S,Denim,Men,Summer
22654606-0c0b-44b2-a5f5-4b24a70b07d1,SKU004692,Green,XXXL,Denim,Men,Summer
3bb91edd-4320-4f90-ac52-4e44abcf9376,SKU004693,Green,XXXL,Leather,Men,Summer
08cd596c-499d-4730-bc96-44808ebdcf83,SKU004694,Green,S,Denim,Men,Winter
42d17066-01cd-47e4-8eb6-ccd155284bbe,SKU004695,Blue,L,Polyester,Women,Winter
0617af47-229b-490b-93a0-dc3408b8e986,SKU004696,White,XL,Cotton,Women,Summer
53b9b64a-b1a2-4ecb-8eab-574f85be8589,SKU004697,Red,XL,Cotton,Men,Summer
ab6bb0aa-597b-4c2a-8959-94715fa88ff7,SKU004698,White,XS,Cotton,Men,All Season
0734633e-eaca-421c-a21a-ed88581d1998,SKU004699,White,XXXL,Denim,Men,All Season
fbe3f697-04e2-4508-9f5b-7e5db3bcc02a,SKU004700,Black,XL,Polyester,Men,All Season
e52323dc-a50c-47c0-8f3f-a53702232394,SKU004701,Blue,XS,Denim,Women,Summer
c7317a09-4760-496b-946c-28b42614f4a9,SKU004702,White,XS,Leather,Men,Winter
0a5955eb-5798-4378-8247-ec84e191c466,SKU004703,Black,XS,Polyester,Women,Summer
924f7ab5-365a-4565-b74b-fdcfe2c7cf12,SKU004704,White,S,Cotton,Women,Summer
b6a7170f-1c4d-4730-a30c-9439fde68b9f,SKU004705,Red,XL,Leather,Women,Summer
56fa09d9-d0aa-4810-b88d-92b84651c995,SKU004706,Green,XXXL,Leather,Men,Winter
0f2ebca1-532f-4b92-a0c1-700d19048f8e,SKU004707,Red,XXL,Leather,Men,Winter
ad29aa72-b84a-467c-9330-853199136adb,SKU004708,White,XXXL,Denim,Women,All Season
0370e6df-8cdf-42be-9cec-bfab1381b529,SKU004709,Green,XS,Leather,Women,Winter
bb7f2308-3faa-4453-a914-69fae45afb02,SKU004710,Black,XXL,Polyester,Men,Winter
fcf84b3d-d263-4bb5-ad50-f2a750f71b93,SKU004711,Red,S,Cotton,Men,All Season
596a8e20-1bc0-4439-b36a-6bd2f333c8dd,SKU004712,Green,XXXL,Cotton,Women,All Season
97596c60-3bdd-4aa6-ac90-645c28ea14d1,SKU004713,Blue,M,Leather,Men,Winter
ac750119-acc2-44a7-89d4-229041fddd00,SKU004714,Green,M,Leather,Women,Summer
c8e9165a-b1c1-4506-b112-c5a33eb48b0d,SKU004715,Black,S,Polyester,Men,Summer
e274b2fb-7c7a-4096-9c30-418191ca73f4,SKU004716,White,XL,Denim,Women,Summer
2c681c6e-0b5b-4615-a622-a174ccc521ea,SKU004717,Black,XXL,Cotton,Men,All Season
0f69e493-510b-422c-9710-59d5740180c6,SKU004718,Blue,XXXL,Leather,Men,All Season
b647c03d-498d-44eb-92a8-1ff592ecac01,SKU004719,Black,L,Cotton,Men,Winter
61c47801-8c54-4dee-aa82-e06e17c967d1,SKU004720,Red,M,Denim,Women,Winter
5c83db51-6330-4b18-8c9b-e93e7a3c3de2,SKU004721,White,XL,Denim,Men,Winter
5904862b-287c-4b2a-8e1f-5fe12f3e42a2,SKU004722,Green,XXL,Cotton,Women,Summer
08035ec5-0807-4809-8fce-de8122422459,SKU004723,Red,S,Leather,Men,Summer
6c7d1d12-0274-49b3-879b-b77eb5918d01,SKU004724,Red,XL,Cotton,Men,All Season
cd27bfd3-6420-496c-be88-99e4d8b78588,SKU004725,Blue,XS,Polyester,Men,Winter
3b818f53-ecd4-453b-8260-0ecb033bae67,SKU004726,Black,XL,Denim,Men,Summer
ebcef681-02ca-49fe-95e4-2ba8193dd5e0,SKU004727,Green,M,Cotton,Women,Summer
00897b47-ba47-4bbc-90a0-c940b35292dc,SKU004728,Blue,XS,Leather,Men,All Season
5b199649-6941-4144-97dd-5b19c5fd8a38,SKU004729,Green,XXL,Polyester,Women,Winter
face4961-b3c3-4c8d-8244-d1f423cb2eab,SKU004730,White,M,Leather,Women,Summer
6ffee7d6-6038-496a-a97d-985c75ee10ba,SKU004731,Blue,XL,Cotton,Women,All Season
ec783050-b806-4883-865f-7b6d125f6309,SKU004732,Blue,XXXL,Leather,Men,All Season
ff13e84c-13c6-4e02-8e29-028451e42365,SKU004733,Black,XS,Cotton,Men,Summer
1ec5343f-8c68-4a16-b7cc-b6b7f0629a31,SKU004734,Red,XXXL,Polyester,Women,All Season
9c3d0ba9-b20d-4479-b990-112872863643,SKU004735,White,S,Leather,Men,All Season
25ceddba-b73a-4610-a7de-c734fa77e244,SKU004736,Green,M,Cotton,Men,Winter
32acf264-adc7-4d05-ad90-3739adda4d50,SKU004737,Black,XXL,Cotton,Men,All Season
c315dddd-4078-4be5-8d57-993888cc4d54,SKU004738,Green,L,Polyester,Men,Winter
84a0b4d9-4db0-4bb7-846c-b7154ba3db7d,SKU004739,Blue,L,Leather,Women,All Season
9edb3549-2e8b-471a-8267-3c5da695b8a6,SKU004740,Blue,XXL,Denim,Men,All Season
40de8f77-d97c-47b0-bcbc-c985e83920c1,SKU004741,Blue,XXXL,Polyester,Women,Summer
0edd126b-1b3b-4904-972e-12db2f8421e7,SKU004742,Black,XL,Leather,Men,All Season
afa8723f-6e61-414d-ade3-51e3746d6e71,SKU004743,Black,XL,Polyester,Men,Winter
fb044047-c06b-403d-b638-81ce2218a060,SKU004744,Green,L,Denim,Women,All Season
43336b19-a1e2-4fed-9346-5081108d1a9b,SKU004745,Blue,XS,Polyester,Women,Winter
9f5f7bda-66f2-4ef3-9dd4-9229b5501bbc,SKU004746,Blue,XXL,Polyester,Men,All Season
faa5b3ca-777f-4a24-b1f4-b64ea2c4abb3,SKU004747,Black,XXXL,Polyester,Men,Winter
eb8ea73e-c042-45af-abaf-e8106082b383,SKU004748,White,S,Cotton,Men,All Season
f1f6f0ff-c1fa-422a-a8bd-8f6726abd518,SKU004749,Black,XXXL,Polyester,Men,Winter
c27c3a4f-1071-444a-bdc0-ec7fbc91929e,SKU004750,Black,S,Cotton,Women,Summer
f2282267-dbf2-479f-bd4d-b3f79d2bfacb,SKU004751,Black,XXL,Leather,Men,Winter
8671edda-39a7-422c-bc5c-78f591ae86aa,SKU004752,White,S,Cotton,Men,All Season
4f50590b-71d9-4af4-aecc-b047bac5a03f,SKU004753,White,M,Leather,Women,Summer
18898939-6024-4561-a253-414f867d4be1,SKU004754,Red,L,Polyester,Women,Winter
b1701945-37e2-4f73-9704-0a09dd19fe19,SKU004755,Green,XXL,Leather,Women,Winter
a0ab3f22-97ce-4bb1-bbb3-5ec85ea2bafc,SKU004756,White,S,Leather,Men,All Season
8d5f0237-940b-4206-9cbb-d97da14c37b6,SKU004757,Red,S,Polyester,Women,All Season
e3ff6734-6750-40a1-be9d-a299bb71ee9d,SKU004758,Red,XS,Polyester,Women,Winter
03e1e5dd-cbee-4586-a858-c1c60d643657,SKU004759,Black,XXL,Cotton,Men,Winter
177844e2-3b38-4e7a-b590-88d69d7499f1,SKU004760,White,XS,Cotton,Women,Summer
c8a8660b-aaf3-4eeb-b22c-3d5c7fc22ffa,SKU004761,Blue,L,Denim,Women,Winter
380c386d-e6d8-455e-b097-7521b9ff72d1,SKU004762,Green,XL,Leather,Men,Winter
537b2d2e-4103-410d-a02d-af5b8915bafe,SKU004763,Green,S,Cotton,Women,Summer
419f469c-ec86-469a-b336-8382624222b1,SKU004764,White,XXXL,Polyester,Men,Summer
7db953de-6c52-41bd-a0f7-e5377fc37723,SKU004765,Green,XS,Cotton,Women,Summer
38dbaa7f-db59-4942-ae8b-8a1f6c8bda98,SKU004766,Red,M,Denim,Women,All Season
87535e03-4a64-4e8f-8fd4-9e34f39d5484,SKU004767,Black,XL,Leather,Men,Winter
5fe39689-a36d-4bee-9167-834fa0facf73,SKU004768,Green,L,Leather,Women,Winter
c52693e0-9b7a-49ea-9b64-a69fa3e49613,SKU004769,White,L,Denim,Women,All Season
760d775a-dc01-41b4-b316-ff27c9d66200,SKU004770,Black,XXL,Cotton,Women,Winter
5af40a79-e13c-49e3-9bd9-ea90797b5d73,SKU004771,White,XL,Denim,Women,Winter
66797567-ceb9-490b-bb4f-e17c7a127478,SKU004772,Green,XL,Leather,Women,All Season
523701e5-7807-4317-a397-9a1970e36003,SKU004773,Blue,L,Polyester,Men,All Season
c4d47451-2268-49e3-b1a1-fa8520077589,SKU004774,Blue,XS,Leather,Women,All Season
a205c5b8-c019-469d-8a26-f1c894500c38,SKU004775,White,XXXL,Cotton,Men,All Season
8d614a9e-9a33-496e-a5ad-954cf03a2166,SKU004776,Red,XS,Polyester,Men,All Season
0520dd57-3732-4d2e-9406-bb8fc4f72236,SKU004777,White,XS,Cotton,Men,Winter
20d22c08-91d1-4cf0-a767-fafa09ae544e,SKU004778,Black,S,Leather,Women,Summer
6e733849-2404-4bbe-9a01-88674bf59de0,SKU004779,Black,M,Polyester,Men,All Season
614dd3dc-f0a6-4aea-8486-b20c62caa246,SKU004780,Green,S,Leather,Women,All Season
4220f780-2027-4055-b395-dc176ad727c7,SKU004781,Red,XS,Cotton,Women,Winter
5379d78c-ecc9-4bb8-a942-afc77c5d95d1,SKU004782,Black,L,Polyester,Men,Summer
a798e9d1-11ea-4b7b-a63c-11a2dd638025,SKU004783,Blue,XS,Leather,Women,Summer
51ba57ff-2cdc-4613-955e-4e2ffb3277d6,SKU004784,Black,XL,Leather,Men,All Season
84bafdbf-f708-4cab-b88b-f298bff39eb6,SKU004785,Black,S,Denim,Women,All Season
e32f170b-ce86-4b98-8acc-24d36bc8030e,SKU004786,Black,XXXL,Polyester,Men,Winter
404205fe-8d49-4d58-a73f-9090df56fd94,SKU004787,Black,XS,Cotton,Men,Summer
43ce1d4d-59cf-4a27-b277-3e5c3e091655,SKU004788,White,XXXL,Denim,Men,Winter
43765662-f44c-41af-b1f6-4b96357ca456,SKU004789,Black,S,Leather,Men,All Season
7563c749-8bf0-46cf-bdb3-22baa99761e5,SKU004790,Black,XXL,Denim,Men,All Season
c5e05845-c37f-4ff5-80ab-2d23434b381c,SKU004791,Green,XXL,Denim,Men,Winter
ee2454e2-5757-4a0b-8e74-5bb745607b26,SKU004792,Green,XL,Cotton,Men,Winter
ff6a17e4-6b61-42df-9ccb-837887610bb4,SKU004793,Blue,XXL,Polyester,Women,Summer
d499cdac-1970-48df-949b-271f1fb1bd7f,SKU004794,Black,XXXL,Leather,Women,Winter
72e7af1a-c6ad-4a86-9947-95e2d7998d73,SKU004795,White,XL,Denim,Men,Summer
dadcd72d-3040-467e-90fb-4f3ad444a768,SKU004796,Red,XL,Denim,Men,All Season
db0567f1-19e4-481f-8caf-43be20748348,SKU004797,Green,XXXL,Leather,Women,Summer
9d13c089-ab5f-4e30-8bbe-a38f448f19cf,SKU004798,Blue,XS,Polyester,Women,Summer
cfbf132b-1372-477a-9d18-e449af4added,SKU004799,White,L,Leather,Women,All Season
0d98cdf4-3f11-4688-8fdb-0225d9270ede,SKU004800,Black,L,Cotton,Men,Summer
3c2a6c70-6958-4292-b3ec-c056d0695fd6,SKU004801,White,XL,Denim,Women,Summer
49f40cc0-3646-45cc-9acd-ccf3ba5d0666,SKU004802,Green,L,Polyester,Men,All Season
87285782-be7c-40c6-85ea-1038a0caa667,SKU004803,Green,XS,Polyester,Men,Summer
4a2a47ba-1d85-4aaf-8cf4-5b30bd82d388,SKU004804,Green,XL,Leather,Men,All Season
358626fd-de44-4f33-b664-99a3ee9c324e,SKU004805,Green,XXXL,Polyester,Women,Summer
29725679-d82c-4664-86fc-e8feb2d9884f,SKU004806,White,XXXL,Denim,Men,All Season
4d847b7f-1acb-437e-9a77-8a0e7cdb9212,SKU004807,White,XXL,Leather,Women,Summer
cf0f49e8-92ec-4983-8bf7-4267dd21225d,SKU004808,Red,XXL,Leather,Women,Summer
d49dc4b0-ffc7-4d3d-9648-a82fafd3f263,SKU004809,Green,M,Polyester,Men,Winter
8a345e82-cbbf-4d16-9adf-51bfa019a983,SKU004810,White,XS,Cotton,Women,All Season
c8cf0bf1-76ed-4984-9468-27f620c758f1,SKU004811,White,XL,Denim,Men,Winter
0dd13055-7c30-40ae-b9a9-510b794c58cd,SKU004812,Green,S,Denim,Men,Winter
ea1fc7d2-5119-4c65-a7f9-2e743c6de2fb,SKU004813,Blue,XXL,Polyester,Men,Winter
74fc87bd-1bae-4e4d-8175-fcad1beac691,SKU004814,Blue,M,Denim,Men,Summer
85b994d2-dc07-4379-8eb0-2e6385a95c9b,SKU004815,White,XXXL,Cotton,Women,Summer
3fc4cba1-7c95-46fb-b518-b09ca9b70130,SKU004816,Black,XXL,Polyester,Women,Winter
c20a90de-beba-40f7-859d-926d1bad152a,SKU004817,Green,XS,Leather,Women,Summer
406a1e45-00c3-41a1-a11b-2c644320d4ff,SKU004818,Black,L,Cotton,Women,Summer
e547ad83-b102-4059-930f-df5a53631209,SKU004819,Blue,S,Polyester,Men,Summer
230ec119-a26a-4333-a73c-b93ccddb23b7,SKU004820,Black,XS,Polyester,Men,All Season
f5b97d53-b535-4d1d-aa50-fb3151706283,SKU004821,White,XL,Polyester,Women,Summer
067fabcc-c82c-4468-b46c-084186288f38,SKU004822,Green,L,Polyester,Women,All Season
75292ab0-ebc4-42f1-b7e3-25da3d326e00,SKU004823,White,M,Leather,Men,All Season
bb19697c-5dd3-4e37-8336-065446bad0b3,SKU004824,Black,S,Polyester,Women,All Season
b4850077-ca51-45f4-81ae-123b0c61e677,SKU004825,Green,L,Polyester,Women,Summer
d7735104-1a3f-476f-802b-9920a1f76ae0,SKU004826,White,XXXL,Cotton,Women,All Season
169ef50c-783d-428c-b566-89fe0ebc8e50,SKU004827,Green,XXL,Leather,Women,Summer
f1161315-effa-4f2b-af8d-623a91899e2c,SKU004828,Blue,L,Denim,Women,Winter
d78f2a77-b8d6-41d7-addf-a30b0820d287,SKU004829,White,XS,Cotton,Men,All Season
f0cb928b-ca10-4f20-b72e-299c9bdbf649,SKU004830,Blue,M,Polyester,Women,All Season
c37b6a5a-c901-4d03-81db-426a40573723,SKU004831,Black,XL,Polyester,Women,Winter
25338425-d3be-45ec-a3d5-020a681f44d5,SKU004832,Green,M,Polyester,Women,Summer
1e9010cd-6960-45b2-ae07-5e452210e469,SKU004833,Blue,XXL,Polyester,Women,All Season
cce825f5-9c9f-4aa8-b081-24851350e8cf,SKU004834,White,XXXL,Denim,Men,Summer
99e44e52-faa6-420b-880c-434d0a40dd3d,SKU004835,White,XXL,Leather,Men,Summer
a271df71-e759-486e-abe1-1d94301424ab,SKU004836,Red,XL,Cotton,Women,Summer
1366fed7-50fd-4013-9501-856865b2cb95,SKU004837,Black,XL,Polyester,Women,Winter
5971790b-43f4-47a4-b85e-c36922282f2e,SKU004838,Blue,M,Cotton,Men,Summer
dad68f5f-606a-4123-8763-30ec38221fa1,SKU004839,Blue,XL,Cotton,Men,Summer
17ea8965-a2f2-4568-af77-59c6fb1ae56e,SKU004840,Black,XS,Denim,Men,Winter
35374903-5f67-4f1b-8843-fd73d31dc675,SKU004841,White,XS,Polyester,Men,Summer
9d38118f-7ab1-4998-b331-b8aab012e17a,SKU004842,Green,XXL,Cotton,Men,Winter
da48b665-45ee-491b-9b31-9c6c6bc8bc07,SKU004843,Blue,M,Leather,Men,Summer
e0803107-e270-4ff4-bae8-d071daf6c3d1,SKU004844,Green,XL,Cotton,Women,Summer
0d463bb0-8177-47d6-b8be-42ecd3b7e9ad,SKU004845,Black,XL,Polyester,Women,Winter
ab201fa6-9288-4499-af6d-4872484f7cdf,SKU004846,Green,XS,Polyester,Men,Winter
f60e94d0-beb7-4fce-9b28-9bf23e1f7c8b,SKU004847,Black,M,Polyester,Women,All Season
40aa2e25-fb0f-4256-8f27-e8ff4d8e466d,SKU004848,Red,S,Leather,Women,All Season
2c8b2848-0f7d-40b2-a176-1831549683f1,SKU004849,Blue,L,Denim,Men,Winter
60a2c2f4-fd37-4dd0-bc62-2be4967d594a,SKU004850,Blue,XL,Cotton,Women,Summer
f0b1ce4f-cdc4-45c3-b957-429575cffe10,SKU004851,Black,S,Cotton,Women,All Season
5b5def1a-6128-4f48-bc34-a10a3846c913,SKU004852,Blue,XL,Leather,Women,Summer
c4a62fe3-ab4a-4068-96e0-ad1c8a836712,SKU004853,Red,L,Polyester,Men,All Season
c0feb005-fca8-4d27-8869-6016e67e2c70,SKU004854,Blue,XS,Denim,Men,All Season
91b1485e-e665-4420-b90d-75d756364c9a,SKU004855,White,XS,Leather,Women,Winter
385bd0e7-fb5d-40df-9d2c-62ddf6b78696,SKU004856,White,XXXL,Cotton,Women,All Season
4e69913d-4032-4b7a-95b8-ef937b0fb2f2,SKU004857,White,M,Polyester,Men,Summer
2cb72578-2e66-4d0a-b5df-2a35279f4cd9,SKU004858,Blue,S,Cotton,Women,Summer
76826a97-21a1-4c86-8a2a-6bfaece68176,SKU004859,Green,M,Polyester,Women,Summer
e073af62-1fdd-4da2-a5ba-ebf99a333354,SKU004860,Green,M,Leather,Women,Summer
f1aace23-c78d-4ecc-9d50-8a0c18247855,SKU004861,Black,M,Cotton,Women,Summer
3c326208-0abd-4c7c-ab81-bfa802c5320e,SKU004862,Green,M,Polyester,Men,Winter
f6e47fbf-7f58-435d-ae3d-1981ffe91e07,SKU004863,Blue,M,Leather,Men,Winter
97fa269f-3925-4573-8134-dcc4140867e6,SKU004864,Red,L,Cotton,Men,All Season
15c610e0-4399-4757-a321-de33d1d7a7f2,SKU004865,Black,S,Cotton,Men,Winter
2f8a57fd-36af-4e04-b9df-0453cf769f5e,SKU004866,Blue,XS,Cotton,Women,Summer
2c0e3c55-ace1-4ab2-bb01-3a84f7eac783,SKU004867,Black,L,Denim,Women,Winter
e20918ac-8b33-4225-8a64-113e4faff46b,SKU004868,Green,XXL,Polyester,Men,All Season
f0d314cc-42af-4060-b8d0-bad6a21805b3,SKU004869,Blue,XXL,Cotton,Men,Summer
5a7a8c29-8d4a-47d5-b6ca-4e29029a8954,SKU004870,Green,M,Leather,Men,Summer
ab6520c5-eaec-4938-b4fd-0229f8d67330,SKU004871,Red,XXXL,Leather,Men,Summer
6fde0cd5-52ee-4814-a887-22a816ca7d64,SKU004872,Red,M,Cotton,Men,Summer
4f67cee5-5e96-4a1b-bd1a-b979be9a368e,SKU004873,Black,XS,Polyester,Women,Winter
d83b2048-1175-42ba-9ad3-6f74399cb4fa,SKU004874,Blue,M,Polyester,Men,Summer
a7f372b8-57b7-42d8-8f22-b0de60db25dc,SKU004875,Blue,XXXL,Cotton,Women,Winter
7da364ff-1489-4689-8074-292c405eca2f,SKU004876,Blue,XL,Denim,Men,All Season
96d8b8d2-547f-4b7a-ac52-0003769c1e8d,SKU004877,White,XXXL,Cotton,Women,All Season
769509fc-0327-47c1-b7e7-b03a452a2d1f,SKU004878,Blue,L,Denim,Women,All Season
556eed42-dbed-45db-baef-46bf8c014635,SKU004879,Green,XS,Denim,Women,All Season
c9933cdb-3f33-4824-b192-840edffbb7c9,SKU004880,Blue,XS,Leather,Men,Summer
856c4e8b-6852-4594-aa89-09a778d7f8eb,SKU004881,Black,XL,Leather,Women,All Season
d45d815c-f47d-4ab5-b4e4-8d085ab7e182,SKU004882,Black,XL,Cotton,Men,Summer
72545639-b1df-4dd6-b1d2-ba0ae45dd97e,SKU004883,Black,L,Denim,Women,Winter
05db8898-ca62-4249-b0db-3d4ee1fefd6e,SKU004884,Red,S,Leather,Men,Winter
9bf8eaf3-afa7-4ff3-8011-db7ada1a3d83,SKU004885,Black,XL,Denim,Women,Summer
4c6ec9e7-0122-417f-9e64-dd4cab2ba81f,SKU004886,Green,XL,Polyester,Women,All Season
9ccd994b-174c-409f-971d-562ac91d7116,SKU004887,Green,XXL,Cotton,Women,Winter
c3183196-1a69-40a9-8304-217f2b5d1542,SKU004888,Green,XXXL,Polyester,Women,Summer
10a13ee0-d905-41a0-a1b2-2a9bc990462a,SKU004889,Blue,XXL,Leather,Women,Summer
baa75f4e-3676-419e-801e-6c01025d65eb,SKU004890,White,XXXL,Polyester,Women,All Season
f005f12f-828e-4f64-a353-6edd3b518393,SKU004891,Green,M,Denim,Men,Summer
5d80927d-4270-4759-892e-83b8a0954700,SKU004892,Black,XXXL,Denim,Women,Winter
11d0c5f6-59ad-4337-b0a9-021190ec9453,SKU004893,Red,S,Polyester,Women,All Season
897c012f-38cd-4d52-b3a7-81aaa4bff4b7,SKU004894,Black,XS,Cotton,Women,Summer
8b60c7a6-a02d-4c1d-a0d9-73d7e399bc6f,SKU004895,Black,M,Cotton,Women,All Season
3c4d5b1b-3bb7-49c6-9b7d-412a9f6295eb,SKU004896,Blue,S,Polyester,Women,Summer
400f973f-c35d-444d-b8c4-bde14eccdcee,SKU004897,Red,XXL,Cotton,Women,Summer
6b05ebea-dfc5-4446-818d-92daeb514828,SKU004898,Green,XL,Denim,Men,Winter
cbfaf307-5c89-4af3-a595-d192ce30eddc,SKU004899,Green,S,Leather,Men,All Season
5f06ffde-5077-46c5-978d-2bb35eceb1d0,SKU004900,White,XS,Polyester,Women,All Season
6dd343ae-55b4-4865-800a-e6c3fc196152,SKU004901,White,XL,Denim,Men,Summer
f51a10ae-8c6f-4cf7-90c5-5f95e279822f,SKU004902,Red,M,Leather,Men,Winter
991f737e-7a50-4c2a-abe1-d409f8855c22,SKU004903,Blue,S,Polyester,Women,Winter
0f213c71-f81b-4b0d-b193-151c89d607f1,SKU004904,White,S,Leather,Women,All Season
eb02ed28-3c8d-4a2b-b4f1-28ca709d1279,SKU004905,Red,S,Cotton,Women,Winter
96486cdf-b583-4784-a30d-3278e288b16a,SKU004906,White,XS,Leather,Women,Summer
fc8178b5-7106-4db7-8a51-87fd0be53097,SKU004907,White,XXXL,Cotton,Men,All Season
ad8ec10d-c1b3-4774-ab5a-6e7ed0070fa7,SKU004908,Red,XS,Polyester,Women,Summer
974ac4c2-f221-4a44-a57d-326a116b8771,SKU004909,Blue,XL,Cotton,Men,Summer
2c7ea6d2-5552-41ad-9b28-373da2e777e3,SKU004910,Black,XXXL,Leather,Men,Winter
e2a4ab44-70e2-492f-9283-25874986ad4e,SKU004911,Black,M,Denim,Men,All Season
9ecf04b3-9862-4b6a-b726-02492849e94b,SKU004912,Red,S,Cotton,Men,All Season
8b2cb47a-2a04-4c9c-8ec7-a293b8d102ef,SKU004913,White,XXXL,Polyester,Men,Winter
c285929f-5027-426b-a08f-4db501564be0,SKU004914,White,XL,Polyester,Men,All Season
14558801-9341-4b70-9176-d9c746106560,SKU004915,Black,XXL,Denim,Men,All Season
4d9c182e-08c3-45b9-b84a-e9f57023edb5,SKU004916,Green,L,Cotton,Men,Winter
e7ccf11c-deb3-4810-bf69-e4235f44dd56,SKU004917,White,XXL,Cotton,Men,All Season
f2e3b867-15ab-4d34-8648-869a51ad5dec,SKU004918,Green,XS,Polyester,Women,All Season
59320b6b-ea04-4e3d-afc7-3daaf0dd0838,SKU004919,White,XL,Polyester,Men,Winter
6152acb3-29d6-4a24-99bf-c6f392140799,SKU004920,Black,M,Polyester,Men,Summer
2ac87114-b6ef-4c16-834d-3d1e3c2b8749,SKU004921,White,XS,Polyester,Men,All Season
0cd3a337-9c44-4c69-a35a-476d57d62db9,SKU004922,Red,XXL,Polyester,Women,All Season
5f6ad4fa-ee7b-4229-8f33-feb23bd9cbe8,SKU004923,Blue,XL,Leather,Men,Summer
3390a292-5f34-49cc-98d4-8745c10bbf64,SKU004924,White,M,Cotton,Women,Summer
a90421e6-5351-4a30-85b4-dc2d4b1fc9ab,SKU004925,White,XL,Polyester,Men,All Season
0a325c29-05cf-4536-aaf5-fd2bc10dd6e9,SKU004926,White,L,Denim,Women,Summer
636ff496-7c27-4bcf-92f3-8c66a1984500,SKU004927,Red,S,Cotton,Women,Winter
00941eb2-dbdf-4572-a1d9-ba8e24417e42,SKU004928,Black,XXXL,Polyester,Men,All Season
6e5a230a-ee59-4ed9-9242-7c1250efcdd4,SKU004929,Green,XL,Denim,Men,All Season
0394e0cd-3545-434a-8eee-9eb27627425d,SKU004930,Blue,XL,Leather,Men,Summer
86ac03bd-461c-48ff-8ca3-e3fe68d4a783,SKU004931,Blue,XS,Polyester,Men,All Season
3b675e13-62ef-4287-8ac6-a63803873275,SKU004932,Red,XXL,Leather,Women,Winter
b850020c-04bc-46eb-a878-db7b231d61dc,SKU004933,White,L,Cotton,Men,Summer
38bada03-41de-4e47-8011-3d0b27f15005,SKU004934,White,XXL,Cotton,Women,Summer
2c5178c4-08d7-4436-87ad-064abca0b556,SKU004935,White,S,Leather,Women,All Season
23881bd0-3010-40a1-a697-63e13c5c2238,SKU004936,Black,L,Polyester,Men,Summer
d38dcc61-c281-4cc6-96b5-c2aeccb24772,SKU004937,Black,XS,Polyester,Women,All Season
565f3915-8a42-4430-b731-af3a1bb02910,SKU004938,Red,M,Denim,Women,Winter
823911ca-b3d8-480b-9a93-f9626be973cc,SKU004939,White,M,Polyester,Women,All Season
ae471d33-f7d5-4cbd-89cb-d52bd57bd8d8,SKU004940,Red,XXXL,Polyester,Men,Winter
a9cfdd4c-e8b1-4160-b558-d4193927b976,SKU004941,Black,XL,Cotton,Women,Summer
075ea59f-a1a6-4151-a60f-05a522924317,SKU004942,White,XXXL,Polyester,Women,Winter
66184dd2-b977-430c-892a-456e95a99250,SKU004943,White,L,Polyester,Men,Summer
6ece92a8-bbb9-43df-a84b-5401d379347a,SKU004944,Green,M,Cotton,Men,Summer
ab83421a-a3cf-4952-90a7-e6ec803da97b,SKU004945,Green,XS,Polyester,Men,Summer
f417e46a-0f36-45c6-9b10-5964155e16d6,SKU004946,Red,M,Leather,Men,Summer
d0cba423-56c4-48a2-8070-6e9041923f98,SKU004947,Black,M,Cotton,Women,All Season
3c918991-6800-4301-8430-64f223720f73,SKU004948,Green,S,Polyester,Men,All Season
66f7f88b-6821-4f0c-b686-bdab1b32b128,SKU004949,Black,XS,Leather,Women,Winter
7e55bf53-fb3a-49af-b16b-8b8fc49da894,SKU004950,Red,S,Polyester,Men,Summer
1371a92f-02c2-4126-a13d-a106e626f5e8,SKU004951,Blue,M,Cotton,Women,All Season
dc9b7d75-c7dd-430e-a735-576c01361212,SKU004952,White,XL,Denim,Women,Winter
dd1f2726-9f3c-4ab1-acb7-27c540e46b04,SKU004953,Green,XXXL,Cotton,Men,Summer
0e7975cd-9efe-489d-95a7-4ad7badc74fd,SKU004954,Black,M,Cotton,Women,Summer
8c871ce6-e188-4249-b844-758ea86508ae,SKU004955,Black,XXL,Denim,Men,Winter
4c4418f9-2466-43c6-8037-b6e69cab6271,SKU004956,Red,M,Denim,Men,Winter
911e2018-d115-4526-88ab-699737fd95a9,SKU004957,Green,XXL,Denim,Women,All Season
f3bdcf80-51b8-4a8b-b157-1454920629f0,SKU004958,Green,S,Denim,Men,Summer
679d0f61-9979-4aaa-939f-a8b15e484e28,SKU004959,Blue,M,Cotton,Men,Summer
5321062b-f3fd-4f3c-a3c5-d2193dbd0342,SKU004960,Green,S,Cotton,Men,Summer
4041d6ff-1534-4120-9f2c-357edd13e070,SKU004961,White,XS,Denim,Women,Summer
7b211e7b-1647-4a73-8efb-38b120a32629,SKU004962,Red,L,Polyester,Women,Summer
20fcf617-43c1-4462-9057-6a94ab0524f2,SKU004963,Blue,XXXL,Cotton,Men,Summer
9c71c965-fcc7-4427-9672-277a033e1088,SKU004964,Black,XS,Cotton,Women,All Season
3742886b-cf98-4ac3-89f0-db52ff5b49bf,SKU004965,Green,M,Cotton,Women,All Season
3147ed89-70e0-4001-9e69-ab4153b5c6fd,SKU004966,Green,XXXL,Cotton,Women,Winter
31ea2b54-772c-4df3-a2e8-77d4fe106646,SKU004967,Red,M,Denim,Men,Summer
2f951172-749e-4414-84ef-d2ab3bef0a97,SKU004968,Green,S,Polyester,Men,Summer
5342b615-e7cf-435c-bf38-33f394e16f84,SKU004969,White,XS,Denim,Men,Winter
18272d89-4900-4ac7-9c3f-0058a2c6af67,SKU004970,Black,XXXL,Denim,Women,All Season
0e5ff648-cc15-4d17-91e3-f61039a531ae,SKU004971,White,M,Leather,Women,All Season
ccf04fa1-9bce-4329-b9d8-391069b0f049,SKU004972,Blue,XS,Polyester,Men,Winter
36f1fae4-13ff-48c9-a55d-72e4474f6d8c,SKU004973,Black,L,Cotton,Women,Summer
7eb2b8a0-9b7c-4ab4-8ed2-73673586906c,SKU004974,White,M,Polyester,Men,Winter
193373fd-ccc8-4448-a14c-0bf0020d1ca9,SKU004975,White,XS,Leather,Women,Summer
18472d7e-3642-40dc-8deb-4395cc85a3e1,SKU004976,Blue,S,Denim,Men,All Season
ba0b8512-a888-406d-b4b2-1299dbe25029,SKU004977,Black,L,Leather,Men,All Season
99405a6b-63dd-4b3c-8ee2-52abfa5c0ebe,SKU004978,White,M,Polyester,Women,Summer
8945ee1e-a324-430e-9a19-84d19e9f10df,SKU004979,Red,L,Leather,Women,All Season
27001b43-c049-4e36-8c94-c5a435ee77f2,SKU004980,Green,XS,Polyester,Women,All Season
5d0f8986-2b29-430d-802e-202328b5ecef,SKU004981,Red,XXXL,Denim,Men,Winter
40d152ed-9174-44de-a8ad-82dc382ddffa,SKU004982,Blue,XXL,Cotton,Men,All Season
333a4cea-65bf-40bc-98fc-91708746bf28,SKU004983,Green,XXXL,Cotton,Women,Summer
ec20b1c2-a6df-4b5d-b14c-1abf3e69e493,SKU004984,Black,XXXL,Denim,Men,All Season
c5cf3fec-1329-4ca9-a53c-a49586aef1a2,SKU004985,White,XXL,Leather,Men,Winter
6dcf433d-b3da-4435-af2e-424b205bace3,SKU004986,Blue,XXL,Leather,Women,Summer
9cbe9c54-d0f4-4304-b113-39062b43f5e1,SKU004987,Black,L,Polyester,Women,All Season
c92756c3-0ace-481a-ae9f-8349f15408b3,SKU004988,Red,XS,Denim,Men,All Season
cf0af7e8-8c1d-433e-b990-087a7d0d0bb5,SKU004989,White,XS,Cotton,Men,All Season
e0d88e28-2737-411b-9e66-0eb7cc2fcbd0,SKU004990,White,XL,Denim,Women,All Season
dddbba81-5650-4dca-8c88-9c762ad36f5b,SKU004991,White,M,Polyester,Women,Winter
3c96643a-a4a1-46e1-b690-f0c07625344d,SKU004992,Green,M,Denim,Women,Winter
0643843c-5374-4cfb-bc2d-bb0d0305a166,SKU004993,White,XXXL,Polyester,Women,Winter
3f604ce2-38a8-42d5-af44-f2abfc803797,SKU004994,Red,XL,Leather,Men,Winter
9487fdfb-f6d9-495f-820d-f19c63531dca,SKU004995,White,XL,Cotton,Men,All Season
4e232b3f-530d-42ae-9e55-d87e1079cc83,SKU004996,Blue,L,Polyester,Women,Winter
4c422a5c-0136-4471-9f23-ae7fc578d90b,SKU004997,White,XXXL,Denim,Men,All Season
ef8edab4-15db-41f0-b155-f592d1e114bc,SKU004998,Green,XS,Leather,Women,All Season
b4e68ce0-dfe9-4bca-bdd4-b38f4b5d5ad5,SKU004999,Black,S,Leather,Women,Summer
