image_id,sku_id,image_url,image_type
0322c92b-726d-456d-af47-9903445de911,SKU000000,https://cdn.demo.com/SKU000000.jpg,PRIMARY
0244381c-9344-4f88-bca7-ecfd93c9f955,SKU000001,https://cdn.demo.com/SKU000001.jpg,PRIMARY
4e0f591c-8704-41ba-ada1-d4b11e2bcf83,SKU000002,https://cdn.demo.com/SKU000002.jpg,PRIMARY
19cefb47-7cab-4bf9-b114-7b9d15a89b83,SKU000003,https://cdn.demo.com/SKU000003.jpg,PRIMARY
0c0ad01f-fac8-4944-a150-bdb63763615d,SKU000004,https://cdn.demo.com/SKU000004.jpg,PRIMARY
66d6ff15-2e68-4136-b21e-24877b9fffaa,SKU000005,https://cdn.demo.com/SKU000005.jpg,PRIMARY
b01ef405-553b-4d94-b562-1e7d3f72f510,SKU000006,https://cdn.demo.com/SKU000006.jpg,PRIMARY
f3e1a261-dded-4656-93bd-ac3433e3d96c,SKU000007,https://cdn.demo.com/SKU000007.jpg,PRIMARY
0d575973-1b71-4f3e-94f8-4c07aaa3fdd4,SKU000008,https://cdn.demo.com/SKU000008.jpg,PRIMARY
9cbbb229-3041-4fe5-8ded-1d09602c7fb5,SKU000009,https://cdn.demo.com/SKU000009.jpg,PRIMARY
7695bf7c-40d4-4aae-b5ce-1b736ed6700f,SKU000010,https://cdn.demo.com/SKU000010.jpg,PRIMARY
838623da-be48-4d90-b257-13e21d05a40a,SKU000011,https://cdn.demo.com/SKU000011.jpg,PRIMARY
6c6aa10b-3568-4087-afa2-7482e4341372,SKU000012,https://cdn.demo.com/SKU000012.jpg,PRIMARY
2ffba783-bc2d-4549-a532-2212ac0823eb,SKU000013,https://cdn.demo.com/SKU000013.jpg,PRIMARY
eb108cba-4cff-4028-b734-f637a36e8f99,SKU000014,https://cdn.demo.com/SKU000014.jpg,PRIMARY
c37f8bac-bd47-4a3f-b8e9-3a8eff11188f,SKU000015,https://cdn.demo.com/SKU000015.jpg,PRIMARY
f4583ea3-bf53-4ae4-ae62-e31b59009b9d,SKU000016,https://cdn.demo.com/SKU000016.jpg,PRIMARY
c0996d67-58a5-4671-b241-be5456321484,SKU000017,https://cdn.demo.com/SKU000017.jpg,PRIMARY
84822ed5-43ca-4d67-acc4-36ec831d1bc6,SKU000018,https://cdn.demo.com/SKU000018.jpg,PRIMARY
02eae2c4-2864-498c-a41c-06dbb3e37c7f,SKU000019,https://cdn.demo.com/SKU000019.jpg,PRIMARY
5c6bcead-4740-4d76-b160-1e163e111e92,SKU000020,https://cdn.demo.com/SKU000020.jpg,PRIMARY
4f36fb24-ef65-43ec-af7a-9fe89a91d159,SKU000021,https://cdn.demo.com/SKU000021.jpg,PRIMARY
0a39f73c-da03-4400-9a28-863900f81aed,SKU000022,https://cdn.demo.com/SKU000022.jpg,PRIMARY
41a75542-e5c4-4c45-9e43-b0d4420b4c45,SKU000023,https://cdn.demo.com/SKU000023.jpg,PRIMARY
1ade71ad-d0ed-460e-bce1-48b5b54aa7a8,SKU000024,https://cdn.demo.com/SKU000024.jpg,PRIMARY
054f10da-5de7-44c9-b974-d2026f0ad5a0,SKU000025,https://cdn.demo.com/SKU000025.jpg,PRIMARY
f4a139b6-d951-4d0f-8e40-4d431fca0d7d,SKU000026,https://cdn.demo.com/SKU000026.jpg,PRIMARY
72288fe3-7672-4c95-88af-ddd4264c0eb3,SKU000027,https://cdn.demo.com/SKU000027.jpg,PRIMARY
b5dcbf77-2fe1-4bdf-87b1-df68bfc33101,SKU000028,https://cdn.demo.com/SKU000028.jpg,PRIMARY
4569e2f3-29ad-4384-b766-d4ba3e8c146b,SKU000029,https://cdn.demo.com/SKU000029.jpg,PRIMARY
9718b11b-cb6b-43f5-8b7e-bf1a121199ce,SKU000030,https://cdn.demo.com/SKU000030.jpg,PRIMARY
c54562fe-38d5-45c7-9c52-a7aab1c7b09c,SKU000031,https://cdn.demo.com/SKU000031.jpg,PRIMARY
f4564dd4-bca2-477e-88f5-1bbbad73a0e9,SKU000032,https://cdn.demo.com/SKU000032.jpg,PRIMARY
ed274ec2-3e66-4279-850e-48201b657a6c,SKU000033,https://cdn.demo.com/SKU000033.jpg,PRIMARY
22aef0f9-de56-400a-a0db-487eee84ba68,SKU000034,https://cdn.demo.com/SKU000034.jpg,PRIMARY
419bf995-adf6-46a5-a936-1be7ddf44352,SKU000035,https://cdn.demo.com/SKU000035.jpg,PRIMARY
b39912bc-2863-49c4-b8a2-8cc9acf22dd6,SKU000036,https://cdn.demo.com/SKU000036.jpg,PRIMARY
84a04c0c-d878-4655-a6ad-a3cccb9e5c2a,SKU000037,https://cdn.demo.com/SKU000037.jpg,PRIMARY
b63692b6-db50-4bf1-87e4-318f10fad454,SKU000038,https://cdn.demo.com/SKU000038.jpg,PRIMARY
25aa34e8-5177-4f7a-b28f-4fa1df8dcfc5,SKU000039,https://cdn.demo.com/SKU000039.jpg,PRIMARY
a6644ba8-a5cf-437c-91c4-d19205f0e178,SKU000040,https://cdn.demo.com/SKU000040.jpg,PRIMARY
278b5322-f0db-4628-b6f7-2d7ec179b4ae,SKU000041,https://cdn.demo.com/SKU000041.jpg,PRIMARY
8bb499ff-35b4-4ef8-be83-23ca566b309b,SKU000042,https://cdn.demo.com/SKU000042.jpg,PRIMARY
80562691-7cff-401d-8413-9f015c3c970c,SKU000043,https://cdn.demo.com/SKU000043.jpg,PRIMARY
fbc963c8-217a-4176-9e13-4f85fb927c08,SKU000044,https://cdn.demo.com/SKU000044.jpg,PRIMARY
a70fc506-7b00-4980-b628-1689df3666bd,SKU000045,https://cdn.demo.com/SKU000045.jpg,PRIMARY
3190d500-a44b-4a31-8829-e6b7be40c218,SKU000046,https://cdn.demo.com/SKU000046.jpg,PRIMARY
f8e2ba69-697f-4ec0-ac27-06eae58e9241,SKU000047,https://cdn.demo.com/SKU000047.jpg,PRIMARY
9868969b-fc07-4019-b367-45d701ee28ff,SKU000048,https://cdn.demo.com/SKU000048.jpg,PRIMARY
3344da13-f2a8-47ba-bdef-2306a521149e,SKU000049,https://cdn.demo.com/SKU000049.jpg,PRIMARY
9386cd64-50be-45e7-a234-8a6babd2467a,SKU000050,https://cdn.demo.com/SKU000050.jpg,PRIMARY
2d91b940-2338-494f-8a2a-2294c41e469a,SKU000051,https://cdn.demo.com/SKU000051.jpg,PRIMARY
753d2192-de80-476b-a0f7-e64c9769d1b9,SKU000052,https://cdn.demo.com/SKU000052.jpg,PRIMARY
c99d3c18-0287-42af-a72c-69f53dcce773,SKU000053,https://cdn.demo.com/SKU000053.jpg,PRIMARY
ccc0a64d-86a8-4c6a-a621-5683ef5b497c,SKU000054,https://cdn.demo.com/SKU000054.jpg,PRIMARY
5bae9a14-42f4-4559-9208-a5c7511e2ff8,SKU000055,https://cdn.demo.com/SKU000055.jpg,PRIMARY
a5e80c26-76ce-4535-bce0-83ffe280e0aa,SKU000056,https://cdn.demo.com/SKU000056.jpg,PRIMARY
4ec753ba-8cad-45bd-89cb-8dd96734f68f,SKU000057,https://cdn.demo.com/SKU000057.jpg,PRIMARY
9533ea1b-0379-4811-81ab-b604cf1a301f,SKU000058,https://cdn.demo.com/SKU000058.jpg,PRIMARY
5dbdccd6-7daa-41f7-8625-3963eb7d1eec,SKU000059,https://cdn.demo.com/SKU000059.jpg,PRIMARY
0ce1ff77-19e1-4740-8590-51492a0f87eb,SKU000060,https://cdn.demo.com/SKU000060.jpg,PRIMARY
db8d4d22-9931-4598-be8c-145f72ff43cc,SKU000061,https://cdn.demo.com/SKU000061.jpg,PRIMARY
9a406747-0594-4e9e-974e-60366944ba56,SKU000062,https://cdn.demo.com/SKU000062.jpg,PRIMARY
dcd59eac-4267-4244-a81c-3b5d5332a559,SKU000063,https://cdn.demo.com/SKU000063.jpg,PRIMARY
95af521f-f1b6-4929-94b5-6d44edbc3930,SKU000064,https://cdn.demo.com/SKU000064.jpg,PRIMARY
82575deb-6b93-4071-a1d8-d4443151cc3c,SKU000065,https://cdn.demo.com/SKU000065.jpg,PRIMARY
64c2d1e3-fa02-4a28-a630-ebb97640b6bf,SKU000066,https://cdn.demo.com/SKU000066.jpg,PRIMARY
3ae72355-eafa-46d4-9b98-73c4140f504a,SKU000067,https://cdn.demo.com/SKU000067.jpg,PRIMARY
f4985581-33b6-46ef-b440-e4e9ea59c18c,SKU000068,https://cdn.demo.com/SKU000068.jpg,PRIMARY
f7bf0034-47b0-4c04-b2ec-519adcf00372,SKU000069,https://cdn.demo.com/SKU000069.jpg,PRIMARY
be3e345c-2324-4ef4-bcb9-4d185af30625,SKU000070,https://cdn.demo.com/SKU000070.jpg,PRIMARY
8ec5a936-5199-4141-b23b-3d30dcd9fee6,SKU000071,https://cdn.demo.com/SKU000071.jpg,PRIMARY
871f7d1c-479d-49af-a514-a887ae21bcf0,SKU000072,https://cdn.demo.com/SKU000072.jpg,PRIMARY
c52bd078-2b2d-4c69-82f2-f09e6d2eedab,SKU000073,https://cdn.demo.com/SKU000073.jpg,PRIMARY
f6247b7f-6eb8-4f78-8936-196a2a1c5f1a,SKU000074,https://cdn.demo.com/SKU000074.jpg,PRIMARY
0f5b99bf-1764-4cba-b2bf-ea3fa94ea9c5,SKU000075,https://cdn.demo.com/SKU000075.jpg,PRIMARY
ec011f4c-41f7-4cbd-baf6-b208bde6f76a,SKU000076,https://cdn.demo.com/SKU000076.jpg,PRIMARY
0d970ef0-0fab-45fb-aeb0-a4a579264d4c,SKU000077,https://cdn.demo.com/SKU000077.jpg,PRIMARY
1467dd76-0dd6-48ea-b45f-7f037309b1b6,SKU000078,https://cdn.demo.com/SKU000078.jpg,PRIMARY
7ecd5eb2-47d7-4f40-94be-83782e258416,SKU000079,https://cdn.demo.com/SKU000079.jpg,PRIMARY
4df5d89a-fa73-46cc-bdc3-893d79e3b08d,SKU000080,https://cdn.demo.com/SKU000080.jpg,PRIMARY
4a642aeb-5c2a-4dd5-9dfc-63797b1b435b,SKU000081,https://cdn.demo.com/SKU000081.jpg,PRIMARY
5d41c635-cea7-4ea8-8bbc-94c1f453d03b,SKU000082,https://cdn.demo.com/SKU000082.jpg,PRIMARY
485beee3-b98e-4268-806f-a80ddc63909d,SKU000083,https://cdn.demo.com/SKU000083.jpg,PRIMARY
f6b47713-839f-4e0c-9488-3ca28292350f,SKU000084,https://cdn.demo.com/SKU000084.jpg,PRIMARY
c1bb646b-10b6-4fc4-a51d-59a088cddc43,SKU000085,https://cdn.demo.com/SKU000085.jpg,PRIMARY
b8be9363-d253-431e-9d03-40000921114f,SKU000086,https://cdn.demo.com/SKU000086.jpg,PRIMARY
a37488a0-3336-4fb1-8e38-2378c50ca55a,SKU000087,https://cdn.demo.com/SKU000087.jpg,PRIMARY
08396b71-be25-45ee-a14c-8fa115be22a4,SKU000088,https://cdn.demo.com/SKU000088.jpg,PRIMARY
cd7cbce1-4c10-45c3-a8f3-06fc9b1bfb83,SKU000089,https://cdn.demo.com/SKU000089.jpg,PRIMARY
3f922ade-3bb7-40a3-92b0-6c4908b9aad8,SKU000090,https://cdn.demo.com/SKU000090.jpg,PRIMARY
7e0abbe2-d594-42ec-b05d-17da1ab91345,SKU000091,https://cdn.demo.com/SKU000091.jpg,PRIMARY
64e99161-dcb8-4bdd-b21f-91ec6c174183,SKU000092,https://cdn.demo.com/SKU000092.jpg,PRIMARY
c4611229-a03e-441d-8a05-4b8bda800328,SKU000093,https://cdn.demo.com/SKU000093.jpg,PRIMARY
88b8d26b-d590-44c2-8946-79ed223b905c,SKU000094,https://cdn.demo.com/SKU000094.jpg,PRIMARY
8e736e1a-1379-4d4a-8b21-882566fa7fa0,SKU000095,https://cdn.demo.com/SKU000095.jpg,PRIMARY
a68f338b-f57e-4e82-a1f5-68777cadbd14,SKU000096,https://cdn.demo.com/SKU000096.jpg,PRIMARY
0c116368-c1d2-46f9-9ab4-e9e52cffe268,SKU000097,https://cdn.demo.com/SKU000097.jpg,PRIMARY
30ae5668-fb92-46cc-82d7-190e434e4751,SKU000098,https://cdn.demo.com/SKU000098.jpg,PRIMARY
5878c1e4-829e-4ddb-a07f-41f0d595ebc0,SKU000099,https://cdn.demo.com/SKU000099.jpg,PRIMARY
da9ae633-dad1-49a9-a180-24f534e8c6a8,SKU000100,https://cdn.demo.com/SKU000100.jpg,PRIMARY
cd70655e-07b4-4997-b5db-834a58cd5e58,SKU000101,https://cdn.demo.com/SKU000101.jpg,PRIMARY
6408df63-d075-4c92-9c6c-4edd02aaef7d,SKU000102,https://cdn.demo.com/SKU000102.jpg,PRIMARY
35c60ac2-159d-47b2-9d3d-7a2e768ae439,SKU000103,https://cdn.demo.com/SKU000103.jpg,PRIMARY
60e501de-2f48-42a9-9ed5-7f9e7407feb9,SKU000104,https://cdn.demo.com/SKU000104.jpg,PRIMARY
5d5bf47a-0c00-4857-91c4-3ab7d72faf77,SKU000105,https://cdn.demo.com/SKU000105.jpg,PRIMARY
ab15f8d3-4c20-439b-852b-43f4ddbf7d4d,SKU000106,https://cdn.demo.com/SKU000106.jpg,PRIMARY
32886436-0ec9-44b7-b9d1-d64a61b65eff,SKU000107,https://cdn.demo.com/SKU000107.jpg,PRIMARY
56871815-d445-48ee-8028-b982095387b3,SKU000108,https://cdn.demo.com/SKU000108.jpg,PRIMARY
d1e5a55b-5c09-4d20-8e5d-0b8c9e53a8cc,SKU000109,https://cdn.demo.com/SKU000109.jpg,PRIMARY
e149d652-97eb-484f-8268-ba0aae05976e,SKU000110,https://cdn.demo.com/SKU000110.jpg,PRIMARY
867dd438-f7c1-4043-bc33-ca359ad254e1,SKU000111,https://cdn.demo.com/SKU000111.jpg,PRIMARY
dfb7463f-2b02-4ae7-90c5-577ef6a5425e,SKU000112,https://cdn.demo.com/SKU000112.jpg,PRIMARY
a83966f4-2cac-4e04-92a0-83ab63735557,SKU000113,https://cdn.demo.com/SKU000113.jpg,PRIMARY
85138e19-b3c1-4573-aaeb-8f3597d818be,SKU000114,https://cdn.demo.com/SKU000114.jpg,PRIMARY
f7d0afa7-b4d9-4f24-a4d7-0a5cf3d23b33,SKU000115,https://cdn.demo.com/SKU000115.jpg,PRIMARY
cafe38d9-cb8b-4d18-bb8a-5fcb3b006dc9,SKU000116,https://cdn.demo.com/SKU000116.jpg,PRIMARY
ee538887-d15e-4a82-8f90-3fcdc0cafca2,SKU000117,https://cdn.demo.com/SKU000117.jpg,PRIMARY
ef277b22-402f-4d51-a33e-e5a9804b38f5,SKU000118,https://cdn.demo.com/SKU000118.jpg,PRIMARY
b5d0a184-be63-4f10-972d-75e2b0144193,SKU000119,https://cdn.demo.com/SKU000119.jpg,PRIMARY
0c3035cc-82c0-4e4c-8b2a-06d11406436a,SKU000120,https://cdn.demo.com/SKU000120.jpg,PRIMARY
1b21c115-fdad-4459-943a-654abdd9d2d5,SKU000121,https://cdn.demo.com/SKU000121.jpg,PRIMARY
caa1087f-6a7e-4117-b28f-88a467f95b4d,SKU000122,https://cdn.demo.com/SKU000122.jpg,PRIMARY
747d6727-142f-4f74-a538-9711cd3f8d9e,SKU000123,https://cdn.demo.com/SKU000123.jpg,PRIMARY
bd9b507b-b4d0-4919-95b1-3cc97e634184,SKU000124,https://cdn.demo.com/SKU000124.jpg,PRIMARY
f40f062e-de2a-4a6c-b03e-3f421620901e,SKU000125,https://cdn.demo.com/SKU000125.jpg,PRIMARY
6196b946-3dca-423b-939e-8ca9cdd1cc00,SKU000126,https://cdn.demo.com/SKU000126.jpg,PRIMARY
eafc6604-cc6d-42e6-94a8-26d7f9c45390,SKU000127,https://cdn.demo.com/SKU000127.jpg,PRIMARY
df54704d-d14f-4473-aa0c-ec549a6172b8,SKU000128,https://cdn.demo.com/SKU000128.jpg,PRIMARY
807ace6d-b6f4-4975-9f8f-9521300c7114,SKU000129,https://cdn.demo.com/SKU000129.jpg,PRIMARY
098c7279-9445-4e68-bde1-207a73056ef2,SKU000130,https://cdn.demo.com/SKU000130.jpg,PRIMARY
8ca951b7-a139-4388-b7fc-4fdabb53f5f1,SKU000131,https://cdn.demo.com/SKU000131.jpg,PRIMARY
c31ec590-0e23-4cea-81bd-3ff707bbac96,SKU000132,https://cdn.demo.com/SKU000132.jpg,PRIMARY
2a81b2ca-1781-403b-8e7e-04d8e294e1f6,SKU000133,https://cdn.demo.com/SKU000133.jpg,PRIMARY
69ec719c-49b5-470f-95b9-a39c1ed4b2f1,SKU000134,https://cdn.demo.com/SKU000134.jpg,PRIMARY
5c5980c8-ab2e-4172-9b92-b1bc2382eb8d,SKU000135,https://cdn.demo.com/SKU000135.jpg,PRIMARY
6a84c05f-ce0f-4995-991c-f5db4a779415,SKU000136,https://cdn.demo.com/SKU000136.jpg,PRIMARY
6aaf244b-e104-4bea-a260-90c2c9b12b46,SKU000137,https://cdn.demo.com/SKU000137.jpg,PRIMARY
34b034dd-ae70-463a-a6fc-68fed7e976c4,SKU000138,https://cdn.demo.com/SKU000138.jpg,PRIMARY
7bb2a40a-3dd5-4bcb-9e77-66ec476cdc2c,SKU000139,https://cdn.demo.com/SKU000139.jpg,PRIMARY
30583749-f960-4c14-af71-7d345adca04a,SKU000140,https://cdn.demo.com/SKU000140.jpg,PRIMARY
6c2a0ed2-9f48-4965-a3f5-38833fd87bbe,SKU000141,https://cdn.demo.com/SKU000141.jpg,PRIMARY
bebde047-c17f-4a2d-8301-34e045597a5a,SKU000142,https://cdn.demo.com/SKU000142.jpg,PRIMARY
66c38edf-a7a6-4612-8ba7-d97426f84741,SKU000143,https://cdn.demo.com/SKU000143.jpg,PRIMARY
5ad86de5-2673-459a-a4d0-0035d1f35c3c,SKU000144,https://cdn.demo.com/SKU000144.jpg,PRIMARY
ffa06735-5098-4896-92bb-f7d68a5540e1,SKU000145,https://cdn.demo.com/SKU000145.jpg,PRIMARY
1f10270b-36c8-445f-9898-0ee3b92acaac,SKU000146,https://cdn.demo.com/SKU000146.jpg,PRIMARY
dfb2607a-d818-413c-96ed-2a87dac46a97,SKU000147,https://cdn.demo.com/SKU000147.jpg,PRIMARY
cc5705e6-8188-4436-a218-721ac1743856,SKU000148,https://cdn.demo.com/SKU000148.jpg,PRIMARY
f75db0dc-17f6-442a-83e2-af88f84ae985,SKU000149,https://cdn.demo.com/SKU000149.jpg,PRIMARY
dc294386-f185-4a50-92b2-c69a36af95f6,SKU000150,https://cdn.demo.com/SKU000150.jpg,PRIMARY
0e2fae97-0769-48ab-b425-3fe44c838c07,SKU000151,https://cdn.demo.com/SKU000151.jpg,PRIMARY
ee6437fc-80dc-4f5a-8ddc-4bc2668ef743,SKU000152,https://cdn.demo.com/SKU000152.jpg,PRIMARY
6d194014-bcdc-4cdf-8c54-159aa8f112bb,SKU000153,https://cdn.demo.com/SKU000153.jpg,PRIMARY
b130ad2b-6553-4e53-9cc1-5af5cd5f46b0,SKU000154,https://cdn.demo.com/SKU000154.jpg,PRIMARY
e58937dc-be37-4c02-9241-413189fb81d7,SKU000155,https://cdn.demo.com/SKU000155.jpg,PRIMARY
e2311d25-85f2-4482-aa58-0c31efb7a84a,SKU000156,https://cdn.demo.com/SKU000156.jpg,PRIMARY
aae083db-00c9-4111-9cd3-bfc27807dfab,SKU000157,https://cdn.demo.com/SKU000157.jpg,PRIMARY
4c2e61f0-f3b6-4273-9c8a-8221426b010e,SKU000158,https://cdn.demo.com/SKU000158.jpg,PRIMARY
645a7f7f-887f-4c41-a459-bfa7c2ee4e81,SKU000159,https://cdn.demo.com/SKU000159.jpg,PRIMARY
73446a27-6e1e-4f20-b2cf-046e09e4340a,SKU000160,https://cdn.demo.com/SKU000160.jpg,PRIMARY
785c5c28-c23f-46f2-84f2-103d8397db91,SKU000161,https://cdn.demo.com/SKU000161.jpg,PRIMARY
bd11417c-38bc-4ee7-a115-3a754cefcb51,SKU000162,https://cdn.demo.com/SKU000162.jpg,PRIMARY
08461f26-31dc-4c1b-b644-9e103c75eb41,SKU000163,https://cdn.demo.com/SKU000163.jpg,PRIMARY
ad322f3b-5029-4725-afcb-29629eb88c18,SKU000164,https://cdn.demo.com/SKU000164.jpg,PRIMARY
6f62ada4-a288-4aac-bf74-943006ce719c,SKU000165,https://cdn.demo.com/SKU000165.jpg,PRIMARY
38a1fffa-4637-47c0-9126-11cb93353ac3,SKU000166,https://cdn.demo.com/SKU000166.jpg,PRIMARY
96b7bc4f-8e05-45db-a35e-2a1b9d31d542,SKU000167,https://cdn.demo.com/SKU000167.jpg,PRIMARY
29310ba7-5b0c-40ce-b425-834c144755d5,SKU000168,https://cdn.demo.com/SKU000168.jpg,PRIMARY
bca07e8f-d0e9-4ff8-bae9-859174bab8dc,SKU000169,https://cdn.demo.com/SKU000169.jpg,PRIMARY
3cd80839-a819-42d7-8df2-c8952e27bfe2,SKU000170,https://cdn.demo.com/SKU000170.jpg,PRIMARY
7d536baf-11f0-4b00-b6b6-a8701a837172,SKU000171,https://cdn.demo.com/SKU000171.jpg,PRIMARY
f28ac969-afdf-422f-97da-6b187313cd98,SKU000172,https://cdn.demo.com/SKU000172.jpg,PRIMARY
2010dbf1-55fd-4bde-9bed-89da7a435edc,SKU000173,https://cdn.demo.com/SKU000173.jpg,PRIMARY
629f42aa-b691-44c8-8ec7-1d40bfa9e96e,SKU000174,https://cdn.demo.com/SKU000174.jpg,PRIMARY
fabec7e0-ecf6-4c66-bb18-9d1a43282e78,SKU000175,https://cdn.demo.com/SKU000175.jpg,PRIMARY
30be2e3a-b521-4f44-a19d-88996c840ca5,SKU000176,https://cdn.demo.com/SKU000176.jpg,PRIMARY
707c85d1-d996-4453-9007-64bc1463aaff,SKU000177,https://cdn.demo.com/SKU000177.jpg,PRIMARY
671bf396-92fd-4946-9ec6-3794c4cc91dd,SKU000178,https://cdn.demo.com/SKU000178.jpg,PRIMARY
71cc6213-cee2-41de-9a1d-de11a4431123,SKU000179,https://cdn.demo.com/SKU000179.jpg,PRIMARY
578a5c4d-6792-4cc0-b1e8-98bffc343f1b,SKU000180,https://cdn.demo.com/SKU000180.jpg,PRIMARY
fbdc015a-5408-4148-9649-8e504cf5b6fd,SKU000181,https://cdn.demo.com/SKU000181.jpg,PRIMARY
a205b2d2-6004-4092-a891-5ffd1b3f8542,SKU000182,https://cdn.demo.com/SKU000182.jpg,PRIMARY
6812a2ab-beaa-4c19-af86-28ae6e70c618,SKU000183,https://cdn.demo.com/SKU000183.jpg,PRIMARY
d3a7582f-e13e-472b-ba9d-b480a7aca6ee,SKU000184,https://cdn.demo.com/SKU000184.jpg,PRIMARY
00e2b151-4b78-4aa6-9746-4d3f5e37abab,SKU000185,https://cdn.demo.com/SKU000185.jpg,PRIMARY
c7706958-177e-41ae-9127-68f0578e9d6e,SKU000186,https://cdn.demo.com/SKU000186.jpg,PRIMARY
8700911e-9142-4fa3-bd77-0eeffb7b467e,SKU000187,https://cdn.demo.com/SKU000187.jpg,PRIMARY
db5e7884-8153-471a-9456-77f5b2ae4675,SKU000188,https://cdn.demo.com/SKU000188.jpg,PRIMARY
0a429022-0c66-4d53-a0a2-387da27a6c37,SKU000189,https://cdn.demo.com/SKU000189.jpg,PRIMARY
9355480b-978e-45d1-b276-b1916de15c2d,SKU000190,https://cdn.demo.com/SKU000190.jpg,PRIMARY
331cf5b5-8092-4358-8509-2bf5270a73aa,SKU000191,https://cdn.demo.com/SKU000191.jpg,PRIMARY
4fc3cf8f-b8bd-41fc-94f3-8b3426600d0a,SKU000192,https://cdn.demo.com/SKU000192.jpg,PRIMARY
8d92ae60-3253-4cb4-8de6-abceae763065,SKU000193,https://cdn.demo.com/SKU000193.jpg,PRIMARY
60b40331-92a0-449c-bbf9-8c2e938cc500,SKU000194,https://cdn.demo.com/SKU000194.jpg,PRIMARY
acaf3c35-c749-435c-b649-13612c20f051,SKU000195,https://cdn.demo.com/SKU000195.jpg,PRIMARY
752cb1ff-289f-4ec8-ae30-5d61faf4e47a,SKU000196,https://cdn.demo.com/SKU000196.jpg,PRIMARY
b4c7d486-faa3-49bf-8be9-f7bcac9f0d5b,SKU000197,https://cdn.demo.com/SKU000197.jpg,PRIMARY
80d7208c-ba03-42b3-8c8d-2dd0aede96f3,SKU000198,https://cdn.demo.com/SKU000198.jpg,PRIMARY
261a5edb-1d60-42f0-b91e-ef37dcdba903,SKU000199,https://cdn.demo.com/SKU000199.jpg,PRIMARY
014ce43c-b407-475d-b065-b779b7cc2038,SKU000200,https://cdn.demo.com/SKU000200.jpg,PRIMARY
33572373-9b2e-4705-9e0a-0f4152143a7f,SKU000201,https://cdn.demo.com/SKU000201.jpg,PRIMARY
6daef425-652a-4a3c-89b5-e239cb604da9,SKU000202,https://cdn.demo.com/SKU000202.jpg,PRIMARY
49f95d16-fb1f-4b94-a961-6e79a4ddf773,SKU000203,https://cdn.demo.com/SKU000203.jpg,PRIMARY
ee529f31-1f6d-402f-9ba6-c81a2574b772,SKU000204,https://cdn.demo.com/SKU000204.jpg,PRIMARY
54a3b869-b4fa-4d6b-a466-eb7b009c3485,SKU000205,https://cdn.demo.com/SKU000205.jpg,PRIMARY
e84215f7-b642-4c71-95eb-1ff578f05abd,SKU000206,https://cdn.demo.com/SKU000206.jpg,PRIMARY
5932033b-18d6-4bc1-9621-f416b07a1ebd,SKU000207,https://cdn.demo.com/SKU000207.jpg,PRIMARY
6085765e-1cf6-44ba-9822-1eae4c2b8de7,SKU000208,https://cdn.demo.com/SKU000208.jpg,PRIMARY
d57f4f95-62d1-4172-9044-80b3366e33ff,SKU000209,https://cdn.demo.com/SKU000209.jpg,PRIMARY
a2b081f1-e08e-4ac8-b01e-2e835335e6ea,SKU000210,https://cdn.demo.com/SKU000210.jpg,PRIMARY
619c417c-e4ea-4f73-9878-1730c625df49,SKU000211,https://cdn.demo.com/SKU000211.jpg,PRIMARY
1103e68f-a75c-47e1-ac54-4ecfa27cf0e9,SKU000212,https://cdn.demo.com/SKU000212.jpg,PRIMARY
66ba1316-e51e-4af2-b807-0bf134fd3265,SKU000213,https://cdn.demo.com/SKU000213.jpg,PRIMARY
4d1689d6-e307-41b7-ab9f-0e8b4b445940,SKU000214,https://cdn.demo.com/SKU000214.jpg,PRIMARY
a4ff7226-4b61-4d2f-895b-4131fe676e9a,SKU000215,https://cdn.demo.com/SKU000215.jpg,PRIMARY
db2a662d-ccb1-405f-aa5f-6bc39b530b24,SKU000216,https://cdn.demo.com/SKU000216.jpg,PRIMARY
ec0532b5-a14a-4f65-8494-38d366783e1a,SKU000217,https://cdn.demo.com/SKU000217.jpg,PRIMARY
06048af6-53ff-4fdb-bde0-aa63f3b2ef20,SKU000218,https://cdn.demo.com/SKU000218.jpg,PRIMARY
f577d131-0147-4c05-902f-aafedcaad9a3,SKU000219,https://cdn.demo.com/SKU000219.jpg,PRIMARY
f28afec0-bcd3-4c1f-97d3-c3ab2d09f1e9,SKU000220,https://cdn.demo.com/SKU000220.jpg,PRIMARY
012f50aa-096b-465f-8b39-e1e8ff8b7119,SKU000221,https://cdn.demo.com/SKU000221.jpg,PRIMARY
e8cff438-3244-49cf-8094-4ddb88b94dcf,SKU000222,https://cdn.demo.com/SKU000222.jpg,PRIMARY
2578dac0-6a50-49bc-99f1-465b7bf89e47,SKU000223,https://cdn.demo.com/SKU000223.jpg,PRIMARY
3acb450d-fc76-437b-9407-3309545f2b18,SKU000224,https://cdn.demo.com/SKU000224.jpg,PRIMARY
1be5204c-20b9-4f40-89f7-cbd452aabefe,SKU000225,https://cdn.demo.com/SKU000225.jpg,PRIMARY
d2d62ac5-7783-4714-b4eb-6982602db107,SKU000226,https://cdn.demo.com/SKU000226.jpg,PRIMARY
bed936c5-24d4-4147-9058-089a3aeec4de,SKU000227,https://cdn.demo.com/SKU000227.jpg,PRIMARY
b6433f16-5e22-44b1-81da-1f0ad18e75f3,SKU000228,https://cdn.demo.com/SKU000228.jpg,PRIMARY
0ae5aeb6-a1b7-49da-9e0e-8e174a1a8b01,SKU000229,https://cdn.demo.com/SKU000229.jpg,PRIMARY
81822181-8aee-4faf-957f-a54d9d00523b,SKU000230,https://cdn.demo.com/SKU000230.jpg,PRIMARY
96694545-03ce-4d7b-8d3f-95919e47468a,SKU000231,https://cdn.demo.com/SKU000231.jpg,PRIMARY
194e97b0-7657-4401-a49d-958ff579c53a,SKU000232,https://cdn.demo.com/SKU000232.jpg,PRIMARY
0f5d85d8-7265-42c1-a440-5b6d802b7e4f,SKU000233,https://cdn.demo.com/SKU000233.jpg,PRIMARY
2771e671-4bd8-496e-9bd0-6f959d3b1283,SKU000234,https://cdn.demo.com/SKU000234.jpg,PRIMARY
040f3aad-1a85-4c56-8d07-26214c947e47,SKU000235,https://cdn.demo.com/SKU000235.jpg,PRIMARY
f65b27e3-9512-4968-8f70-882d40c70033,SKU000236,https://cdn.demo.com/SKU000236.jpg,PRIMARY
059e58bd-71cd-4c82-9cef-1e8d5709f99f,SKU000237,https://cdn.demo.com/SKU000237.jpg,PRIMARY
c32a48b5-514b-4805-919b-85439ec0ee22,SKU000238,https://cdn.demo.com/SKU000238.jpg,PRIMARY
56c6ccfc-504c-4fa9-bd88-bc664c62b6b4,SKU000239,https://cdn.demo.com/SKU000239.jpg,PRIMARY
1f29fd9d-ff04-4a59-8d80-97820d985558,SKU000240,https://cdn.demo.com/SKU000240.jpg,PRIMARY
c3db94b7-dc09-4267-a8c2-eb4f18adcaf4,SKU000241,https://cdn.demo.com/SKU000241.jpg,PRIMARY
3ad2e39c-b3f3-4267-a140-e6e1143869eb,SKU000242,https://cdn.demo.com/SKU000242.jpg,PRIMARY
4fe7f65a-bc99-43a4-88ff-30bf1e68b074,SKU000243,https://cdn.demo.com/SKU000243.jpg,PRIMARY
b4d581ea-e8e1-4a8d-948a-1884723f554f,SKU000244,https://cdn.demo.com/SKU000244.jpg,PRIMARY
1a528b10-5171-44b5-9642-55d84aed7fb7,SKU000245,https://cdn.demo.com/SKU000245.jpg,PRIMARY
65763918-7c00-42f8-9b3a-c439c52690d6,SKU000246,https://cdn.demo.com/SKU000246.jpg,PRIMARY
843d91cc-8070-49f9-a1cf-04727dc023be,SKU000247,https://cdn.demo.com/SKU000247.jpg,PRIMARY
858600d9-69fe-4825-94f2-6c38118f65c4,SKU000248,https://cdn.demo.com/SKU000248.jpg,PRIMARY
3d551b82-e2ad-4539-b6fb-6ae0b1ffebc9,SKU000249,https://cdn.demo.com/SKU000249.jpg,PRIMARY
2ac88e38-3cdd-4ffc-a551-650a11d28f38,SKU000250,https://cdn.demo.com/SKU000250.jpg,PRIMARY
ebba7740-3ac1-470f-83fc-91de8d39c045,SKU000251,https://cdn.demo.com/SKU000251.jpg,PRIMARY
9edb1d43-81e0-4bc3-9c2e-1f123869b8d2,SKU000252,https://cdn.demo.com/SKU000252.jpg,PRIMARY
7f474967-63d4-4e9d-b8dd-cd6f0b2eb426,SKU000253,https://cdn.demo.com/SKU000253.jpg,PRIMARY
15763d88-7cdf-4037-b87b-bc3bcff9efa6,SKU000254,https://cdn.demo.com/SKU000254.jpg,PRIMARY
34951492-d1f9-43bc-8230-20ce09b1166c,SKU000255,https://cdn.demo.com/SKU000255.jpg,PRIMARY
46511453-fbd8-43b6-8b10-31baa9bd4fe8,SKU000256,https://cdn.demo.com/SKU000256.jpg,PRIMARY
c53096c5-ce6f-4346-b98c-e32d66ac4c5b,SKU000257,https://cdn.demo.com/SKU000257.jpg,PRIMARY
27cfbf07-7bf5-455b-b192-4fbd5786d5a2,SKU000258,https://cdn.demo.com/SKU000258.jpg,PRIMARY
9c27e793-4208-411d-9189-21194eadca8b,SKU000259,https://cdn.demo.com/SKU000259.jpg,PRIMARY
e7cb3e6d-1cf4-40f6-aa87-8fbfaf879d87,SKU000260,https://cdn.demo.com/SKU000260.jpg,PRIMARY
c6783255-67a7-4d1c-8380-4203075fbe40,SKU000261,https://cdn.demo.com/SKU000261.jpg,PRIMARY
e08b105c-df24-4faf-8dbf-18df8b4ff268,SKU000262,https://cdn.demo.com/SKU000262.jpg,PRIMARY
ed5e4648-0bb4-49f6-90ac-b82e56b60605,SKU000263,https://cdn.demo.com/SKU000263.jpg,PRIMARY
b4c7d525-bf78-4018-bfee-d8bf3f1d2602,SKU000264,https://cdn.demo.com/SKU000264.jpg,PRIMARY
175c00fb-347f-4087-8f93-da32432cd803,SKU000265,https://cdn.demo.com/SKU000265.jpg,PRIMARY
f9966c51-6271-4643-afa9-eced792d7e06,SKU000266,https://cdn.demo.com/SKU000266.jpg,PRIMARY
704da912-9ac9-4aad-a257-56b3274b31fc,SKU000267,https://cdn.demo.com/SKU000267.jpg,PRIMARY
db18008c-b8e3-45fa-ad85-e09f8180849c,SKU000268,https://cdn.demo.com/SKU000268.jpg,PRIMARY
73ea1cca-ec34-4950-ae8e-3b4e70efda39,SKU000269,https://cdn.demo.com/SKU000269.jpg,PRIMARY
6be692eb-8e53-4485-b1d7-bfa274de4c48,SKU000270,https://cdn.demo.com/SKU000270.jpg,PRIMARY
f3989d6e-63da-4ae9-893f-e8df2ac68fcb,SKU000271,https://cdn.demo.com/SKU000271.jpg,PRIMARY
98fc7ce2-b643-43e9-8205-e257a9384c3a,SKU000272,https://cdn.demo.com/SKU000272.jpg,PRIMARY
72b2aa3d-7322-44fb-9f43-d4fbb7a40047,SKU000273,https://cdn.demo.com/SKU000273.jpg,PRIMARY
de20a408-a0f0-4d65-b56a-55f6fdb29717,SKU000274,https://cdn.demo.com/SKU000274.jpg,PRIMARY
86abac4a-60db-4f41-b65c-d6a5bf643415,SKU000275,https://cdn.demo.com/SKU000275.jpg,PRIMARY
5dcf6ac1-b5cc-46b1-9c75-78b8a1595a70,SKU000276,https://cdn.demo.com/SKU000276.jpg,PRIMARY
22012b08-73e2-4d2e-8aab-457259133a75,SKU000277,https://cdn.demo.com/SKU000277.jpg,PRIMARY
f70e538a-d752-435c-8131-13e4076ee933,SKU000278,https://cdn.demo.com/SKU000278.jpg,PRIMARY
52388eeb-d8a0-4d00-8273-f57612e1ee0f,SKU000279,https://cdn.demo.com/SKU000279.jpg,PRIMARY
37fcf459-4e34-4134-b682-c89f3532e132,SKU000280,https://cdn.demo.com/SKU000280.jpg,PRIMARY
e1fbcb15-9616-4b64-b1a0-4aa29286aff7,SKU000281,https://cdn.demo.com/SKU000281.jpg,PRIMARY
ce58de1d-5985-4ac4-9321-a0e4c9a97b51,SKU000282,https://cdn.demo.com/SKU000282.jpg,PRIMARY
bd1d6f7b-79eb-4415-8cae-f31776d361f0,SKU000283,https://cdn.demo.com/SKU000283.jpg,PRIMARY
78448f46-c98f-4e16-937a-d2b8a799ddfd,SKU000284,https://cdn.demo.com/SKU000284.jpg,PRIMARY
082cc041-8883-41c0-80b2-cf24db56841a,SKU000285,https://cdn.demo.com/SKU000285.jpg,PRIMARY
55ec47d0-76c0-4e84-8191-c9a8cc64abc5,SKU000286,https://cdn.demo.com/SKU000286.jpg,PRIMARY
8404bc9a-9760-401b-8984-d92d908a4091,SKU000287,https://cdn.demo.com/SKU000287.jpg,PRIMARY
fb51b421-5056-49d9-be8f-e0d76f672401,SKU000288,https://cdn.demo.com/SKU000288.jpg,PRIMARY
5276c685-2425-4bb8-8150-5eae386e2f8b,SKU000289,https://cdn.demo.com/SKU000289.jpg,PRIMARY
c0336f80-408f-4529-b76c-e868014df716,SKU000290,https://cdn.demo.com/SKU000290.jpg,PRIMARY
952169ea-513f-40d1-9857-f097d634971d,SKU000291,https://cdn.demo.com/SKU000291.jpg,PRIMARY
e61b0605-31aa-4abb-8f73-02a0effb34fb,SKU000292,https://cdn.demo.com/SKU000292.jpg,PRIMARY
6e966599-77e8-4ac5-b091-2f6455e8254a,SKU000293,https://cdn.demo.com/SKU000293.jpg,PRIMARY
72331ab0-6178-42a7-9673-4ef91d148cc8,SKU000294,https://cdn.demo.com/SKU000294.jpg,PRIMARY
8a62009e-0d78-414a-89e0-b48cecbe4176,SKU000295,https://cdn.demo.com/SKU000295.jpg,PRIMARY
0277ca03-02c6-4bd2-bda5-a5fc41ccb269,SKU000296,https://cdn.demo.com/SKU000296.jpg,PRIMARY
6239f52e-061f-45da-b65e-5cd2854e7f69,SKU000297,https://cdn.demo.com/SKU000297.jpg,PRIMARY
6e443100-d9ed-430d-b5cb-29f4901d6115,SKU000298,https://cdn.demo.com/SKU000298.jpg,PRIMARY
fd1818e6-e4a2-4f97-b7e2-d9e96518f036,SKU000299,https://cdn.demo.com/SKU000299.jpg,PRIMARY
a7631396-be12-475a-85e8-41b33d916473,SKU000300,https://cdn.demo.com/SKU000300.jpg,PRIMARY
6ddcbdaa-29b5-4e26-ab08-966ffbae5828,SKU000301,https://cdn.demo.com/SKU000301.jpg,PRIMARY
4d2bd146-56cc-4fb5-b33f-eaf39cbcae28,SKU000302,https://cdn.demo.com/SKU000302.jpg,PRIMARY
0d231d91-f784-458a-9d64-3e31d598605f,SKU000303,https://cdn.demo.com/SKU000303.jpg,PRIMARY
90690b28-17f8-4998-a632-5f8a9cdf3222,SKU000304,https://cdn.demo.com/SKU000304.jpg,PRIMARY
1e89bcda-36b2-4cc8-a7fe-76b9b95e277f,SKU000305,https://cdn.demo.com/SKU000305.jpg,PRIMARY
ae021b89-7a10-42e9-8be3-957cebbea5ed,SKU000306,https://cdn.demo.com/SKU000306.jpg,PRIMARY
3134cadb-d2b6-45a7-b47b-aadf72d5e3b1,SKU000307,https://cdn.demo.com/SKU000307.jpg,PRIMARY
920e6c08-6ad0-424b-b681-c917e1af2704,SKU000308,https://cdn.demo.com/SKU000308.jpg,PRIMARY
7fe8c899-fe72-44cf-9aa9-eb43dae3b644,SKU000309,https://cdn.demo.com/SKU000309.jpg,PRIMARY
e1065ab0-a157-4b0e-85d1-15ebe108f87c,SKU000310,https://cdn.demo.com/SKU000310.jpg,PRIMARY
732db76f-6eb0-4f44-bb07-c2edaa06f33f,SKU000311,https://cdn.demo.com/SKU000311.jpg,PRIMARY
f8543dd8-e9d1-4d5c-aee8-bd930d6446a3,SKU000312,https://cdn.demo.com/SKU000312.jpg,PRIMARY
3d670933-4bf8-46f7-b85b-7b244f672bf1,SKU000313,https://cdn.demo.com/SKU000313.jpg,PRIMARY
de91d8a4-6f45-4d0e-af5c-a4b0c95c49ab,SKU000314,https://cdn.demo.com/SKU000314.jpg,PRIMARY
2a2549ed-7857-46a6-9bd5-0eb7a6fcc9cb,SKU000315,https://cdn.demo.com/SKU000315.jpg,PRIMARY
970dd40b-9137-405e-9339-67e4305a546d,SKU000316,https://cdn.demo.com/SKU000316.jpg,PRIMARY
bf87665e-0654-4406-8f85-8f9056f90443,SKU000317,https://cdn.demo.com/SKU000317.jpg,PRIMARY
4266563c-1257-4941-aaee-5fa5e6a489b2,SKU000318,https://cdn.demo.com/SKU000318.jpg,PRIMARY
a5b5383c-c567-49dc-a89b-f5491150386e,SKU000319,https://cdn.demo.com/SKU000319.jpg,PRIMARY
8dee4b6a-f2b4-4dc2-8e4b-81db6ffaff1b,SKU000320,https://cdn.demo.com/SKU000320.jpg,PRIMARY
118c334c-b169-43f1-83b1-a321b87e92b0,SKU000321,https://cdn.demo.com/SKU000321.jpg,PRIMARY
e5538a03-ee02-41df-a486-1c1f11b3bb96,SKU000322,https://cdn.demo.com/SKU000322.jpg,PRIMARY
88493e82-eb38-4c42-ba35-cff3c1c7dcec,SKU000323,https://cdn.demo.com/SKU000323.jpg,PRIMARY
7d23a461-b2bb-402f-bb9c-95b29dfc9247,SKU000324,https://cdn.demo.com/SKU000324.jpg,PRIMARY
0e3c8a5f-eb4c-42a1-9292-6a969bda0f09,SKU000325,https://cdn.demo.com/SKU000325.jpg,PRIMARY
1cf13520-2df4-4d52-8b40-4484ff220a8e,SKU000326,https://cdn.demo.com/SKU000326.jpg,PRIMARY
b987d258-3efc-48f3-941a-9ccebc4657b1,SKU000327,https://cdn.demo.com/SKU000327.jpg,PRIMARY
f5058971-f2ed-4a8e-b234-c7f80ccb214f,SKU000328,https://cdn.demo.com/SKU000328.jpg,PRIMARY
0a7e637d-9f47-472d-a7c3-acbfd3cf35d5,SKU000329,https://cdn.demo.com/SKU000329.jpg,PRIMARY
93765a2c-3564-40ef-ad3a-7cef474050db,SKU000330,https://cdn.demo.com/SKU000330.jpg,PRIMARY
361c205d-e144-412f-b366-29245aee749a,SKU000331,https://cdn.demo.com/SKU000331.jpg,PRIMARY
405b9a99-43ad-4e84-bd7b-7c0e5b320d77,SKU000332,https://cdn.demo.com/SKU000332.jpg,PRIMARY
4bfa1d93-2036-4837-a8e3-8a9953c8e1f8,SKU000333,https://cdn.demo.com/SKU000333.jpg,PRIMARY
ed9b0d20-abb0-4595-bcb4-fc63f544097c,SKU000334,https://cdn.demo.com/SKU000334.jpg,PRIMARY
2a2f4757-440a-4311-b470-3bf419902a95,SKU000335,https://cdn.demo.com/SKU000335.jpg,PRIMARY
418a4389-8f57-4ddc-ba07-3acc1a9d4a7e,SKU000336,https://cdn.demo.com/SKU000336.jpg,PRIMARY
c8832fc4-ff2f-4881-98b1-838f6eacc534,SKU000337,https://cdn.demo.com/SKU000337.jpg,PRIMARY
f984108b-2d0d-4f9a-9884-50c2ea2e0f14,SKU000338,https://cdn.demo.com/SKU000338.jpg,PRIMARY
6371a083-758e-4ec9-863f-2fcd8718cfe7,SKU000339,https://cdn.demo.com/SKU000339.jpg,PRIMARY
41525130-adc1-4418-af94-e7ef7a371f9e,SKU000340,https://cdn.demo.com/SKU000340.jpg,PRIMARY
9f059f8d-2ca3-4042-b108-62cd21ac45f2,SKU000341,https://cdn.demo.com/SKU000341.jpg,PRIMARY
33d4d0d3-ce97-439e-a795-9719e78ed640,SKU000342,https://cdn.demo.com/SKU000342.jpg,PRIMARY
0717df89-9b3b-42e9-aa49-40a7216948e8,SKU000343,https://cdn.demo.com/SKU000343.jpg,PRIMARY
3006995c-f2b6-496c-99f2-7b49744a3267,SKU000344,https://cdn.demo.com/SKU000344.jpg,PRIMARY
1d06d779-8822-4b96-bcb9-14474d680781,SKU000345,https://cdn.demo.com/SKU000345.jpg,PRIMARY
7dad3b0d-82b7-4577-b91b-d2e2c26a1ba4,SKU000346,https://cdn.demo.com/SKU000346.jpg,PRIMARY
caf0ea4d-5d94-446d-b403-013613d94ce2,SKU000347,https://cdn.demo.com/SKU000347.jpg,PRIMARY
8a22dbfa-a1f7-4e2c-9a68-2f95c7fba786,SKU000348,https://cdn.demo.com/SKU000348.jpg,PRIMARY
f74fda13-c14f-4946-9f78-d728f8522740,SKU000349,https://cdn.demo.com/SKU000349.jpg,PRIMARY
59eb4272-3e8b-4295-b51c-522b354ed2ab,SKU000350,https://cdn.demo.com/SKU000350.jpg,PRIMARY
94d9b36d-9157-4272-8afb-a49d17e16d49,SKU000351,https://cdn.demo.com/SKU000351.jpg,PRIMARY
3f66024d-796f-4aed-980d-f6e0f7ad6956,SKU000352,https://cdn.demo.com/SKU000352.jpg,PRIMARY
b13c7087-b674-47cc-a717-bfb60972a6df,SKU000353,https://cdn.demo.com/SKU000353.jpg,PRIMARY
c46f864e-a2f4-44d7-a920-bbda948feede,SKU000354,https://cdn.demo.com/SKU000354.jpg,PRIMARY
3bb8bf39-6612-4178-898f-5c1ee7867950,SKU000355,https://cdn.demo.com/SKU000355.jpg,PRIMARY
d0d643fc-eecb-49f8-8502-271fde3628ec,SKU000356,https://cdn.demo.com/SKU000356.jpg,PRIMARY
6fd349f3-eff9-4852-8c1d-f6213b8204a6,SKU000357,https://cdn.demo.com/SKU000357.jpg,PRIMARY
5fc220d1-b896-4c66-bd4b-ed21d81b1482,SKU000358,https://cdn.demo.com/SKU000358.jpg,PRIMARY
239423e8-96c2-41f4-93aa-60657504a310,SKU000359,https://cdn.demo.com/SKU000359.jpg,PRIMARY
d2667560-1127-4969-863a-813de198d430,SKU000360,https://cdn.demo.com/SKU000360.jpg,PRIMARY
cb49c9c1-bb35-4507-a906-94828ac4d739,SKU000361,https://cdn.demo.com/SKU000361.jpg,PRIMARY
f5a98f78-37af-4c9d-bb44-13454da10593,SKU000362,https://cdn.demo.com/SKU000362.jpg,PRIMARY
16380e08-513f-43b5-aebe-33abb4219bd6,SKU000363,https://cdn.demo.com/SKU000363.jpg,PRIMARY
998c887d-baea-417e-92ca-19be9bee86dc,SKU000364,https://cdn.demo.com/SKU000364.jpg,PRIMARY
e6819f8e-8651-4595-878d-4a3eb3f34c6d,SKU000365,https://cdn.demo.com/SKU000365.jpg,PRIMARY
39ff2e31-047b-4358-98ef-3fee4244fdc7,SKU000366,https://cdn.demo.com/SKU000366.jpg,PRIMARY
b204d326-22b6-429f-a5ba-c5de9a8998ea,SKU000367,https://cdn.demo.com/SKU000367.jpg,PRIMARY
ac179708-98db-43c1-bbaa-ff3526d75cf2,SKU000368,https://cdn.demo.com/SKU000368.jpg,PRIMARY
95c5fdac-dbc2-4f34-9362-bf1746afb41d,SKU000369,https://cdn.demo.com/SKU000369.jpg,PRIMARY
44796ea6-4047-4701-bfe7-d40277eabe2f,SKU000370,https://cdn.demo.com/SKU000370.jpg,PRIMARY
4751df51-6a2f-482d-b449-a5d051445270,SKU000371,https://cdn.demo.com/SKU000371.jpg,PRIMARY
250c5c6d-fa34-4e2a-b39a-79209f40e7c7,SKU000372,https://cdn.demo.com/SKU000372.jpg,PRIMARY
6ee4e85b-7d20-4203-923c-e8800e41c311,SKU000373,https://cdn.demo.com/SKU000373.jpg,PRIMARY
e655bb1f-eaa8-4031-be7d-b4e09a642124,SKU000374,https://cdn.demo.com/SKU000374.jpg,PRIMARY
c2309ec7-3244-48ed-bf7f-d7f5dd0408b5,SKU000375,https://cdn.demo.com/SKU000375.jpg,PRIMARY
ffcbca4f-db45-4626-9b28-3f673bd45133,SKU000376,https://cdn.demo.com/SKU000376.jpg,PRIMARY
4250e3a1-74c7-411b-bb79-e28affdbfa9c,SKU000377,https://cdn.demo.com/SKU000377.jpg,PRIMARY
756293c5-88de-475a-89a2-dc74cb23b41a,SKU000378,https://cdn.demo.com/SKU000378.jpg,PRIMARY
f8512479-55c0-408e-a805-cf467570e40a,SKU000379,https://cdn.demo.com/SKU000379.jpg,PRIMARY
f80a03ff-9dcc-42db-9343-e345dd06cb3c,SKU000380,https://cdn.demo.com/SKU000380.jpg,PRIMARY
8f789283-29eb-47f9-af16-8ffc64a84cb8,SKU000381,https://cdn.demo.com/SKU000381.jpg,PRIMARY
44e45735-a256-46c3-97ca-ff9fe4106fc0,SKU000382,https://cdn.demo.com/SKU000382.jpg,PRIMARY
da1982f6-c8b6-46d1-98fc-c44d42be303f,SKU000383,https://cdn.demo.com/SKU000383.jpg,PRIMARY
6c7fd4e1-fbed-45b6-b663-3d7f28571335,SKU000384,https://cdn.demo.com/SKU000384.jpg,PRIMARY
94a03797-3ded-4820-88a7-f3f5f6b82cbc,SKU000385,https://cdn.demo.com/SKU000385.jpg,PRIMARY
c0e57941-2973-412c-99a8-8ded560e0f68,SKU000386,https://cdn.demo.com/SKU000386.jpg,PRIMARY
440cf35d-9c1c-4160-adbc-7729a4d88e51,SKU000387,https://cdn.demo.com/SKU000387.jpg,PRIMARY
da10f7fe-85e2-4a92-8e37-cfed21c406da,SKU000388,https://cdn.demo.com/SKU000388.jpg,PRIMARY
4b2764f3-3a19-42a3-b57b-f4b6697f02ba,SKU000389,https://cdn.demo.com/SKU000389.jpg,PRIMARY
17db4c14-8ff3-4a91-b5ef-22b6dd54d0cb,SKU000390,https://cdn.demo.com/SKU000390.jpg,PRIMARY
5ba96dfb-4886-4be2-a261-a4af4fe509af,SKU000391,https://cdn.demo.com/SKU000391.jpg,PRIMARY
cd2fbbda-73b6-47a7-9da6-f7a6f42a7f05,SKU000392,https://cdn.demo.com/SKU000392.jpg,PRIMARY
2f6ce4f2-4114-40d9-84d3-eba7bfa5203c,SKU000393,https://cdn.demo.com/SKU000393.jpg,PRIMARY
32a7d798-ed1f-4572-9e87-e6ba297ad4d0,SKU000394,https://cdn.demo.com/SKU000394.jpg,PRIMARY
ae394a0f-ceaa-4852-875a-371dc2de8f3f,SKU000395,https://cdn.demo.com/SKU000395.jpg,PRIMARY
653d3f91-13b5-4fe5-9934-63929497ad97,SKU000396,https://cdn.demo.com/SKU000396.jpg,PRIMARY
f9b8cee6-1b99-48ef-ab11-d81f78c2c09f,SKU000397,https://cdn.demo.com/SKU000397.jpg,PRIMARY
4f430b40-755d-4d0b-ae1d-78a1125c43c5,SKU000398,https://cdn.demo.com/SKU000398.jpg,PRIMARY
18585727-0ea1-49b0-b147-919d7d9a93ac,SKU000399,https://cdn.demo.com/SKU000399.jpg,PRIMARY
809f9012-c15b-4a01-8304-866651dc3905,SKU000400,https://cdn.demo.com/SKU000400.jpg,PRIMARY
8724fce4-4361-4315-af7e-97a182a53d4d,SKU000401,https://cdn.demo.com/SKU000401.jpg,PRIMARY
4d139598-eec5-4d76-b9f6-ac89b7697b41,SKU000402,https://cdn.demo.com/SKU000402.jpg,PRIMARY
926b8132-0a14-4b7c-be59-7298796fbf6d,SKU000403,https://cdn.demo.com/SKU000403.jpg,PRIMARY
a4f7b753-abab-422a-b45d-00c2dd031fda,SKU000404,https://cdn.demo.com/SKU000404.jpg,PRIMARY
afa024f4-2bef-4918-85e8-4ae8ebcd9dc8,SKU000405,https://cdn.demo.com/SKU000405.jpg,PRIMARY
f5701ff4-96f8-40e8-b8b4-fbdbeee32179,SKU000406,https://cdn.demo.com/SKU000406.jpg,PRIMARY
375dc9ed-9d44-4103-8fea-1baef3019f39,SKU000407,https://cdn.demo.com/SKU000407.jpg,PRIMARY
9cd8f44a-7cc2-41b8-8220-3fe9bfd6b672,SKU000408,https://cdn.demo.com/SKU000408.jpg,PRIMARY
8448444b-5892-40fd-b830-7fb048cd4d5d,SKU000409,https://cdn.demo.com/SKU000409.jpg,PRIMARY
fc97f95c-cc88-4c94-a33b-db7f934fa5a7,SKU000410,https://cdn.demo.com/SKU000410.jpg,PRIMARY
0db16070-a473-4ffe-886e-291e9bc77a1f,SKU000411,https://cdn.demo.com/SKU000411.jpg,PRIMARY
2e7f78fd-2a31-4f3d-86e6-243a7e4a02a6,SKU000412,https://cdn.demo.com/SKU000412.jpg,PRIMARY
fbe925c2-7a14-4ca5-980c-07c6027e02f6,SKU000413,https://cdn.demo.com/SKU000413.jpg,PRIMARY
ef04e159-124a-4f9a-a19a-859c13ec0401,SKU000414,https://cdn.demo.com/SKU000414.jpg,PRIMARY
32ef8497-099e-4fd4-aeec-41239f682e34,SKU000415,https://cdn.demo.com/SKU000415.jpg,PRIMARY
6445d6a4-d9eb-4c1b-b7c7-b874f73bd7cc,SKU000416,https://cdn.demo.com/SKU000416.jpg,PRIMARY
5ca2acf4-5f99-4ec1-8f16-76946cbd4e7d,SKU000417,https://cdn.demo.com/SKU000417.jpg,PRIMARY
69843eac-22ea-4f3c-b90c-325644aec7f1,SKU000418,https://cdn.demo.com/SKU000418.jpg,PRIMARY
98086591-5373-4c45-93a3-038780a960e2,SKU000419,https://cdn.demo.com/SKU000419.jpg,PRIMARY
7f480b16-d11c-4c4e-a9a0-05396a913524,SKU000420,https://cdn.demo.com/SKU000420.jpg,PRIMARY
43b5de46-1bcf-40ab-88fd-f8839cbac3eb,SKU000421,https://cdn.demo.com/SKU000421.jpg,PRIMARY
c15c2b45-5e9b-4ab9-b3ca-fb6ba34ea6bb,SKU000422,https://cdn.demo.com/SKU000422.jpg,PRIMARY
c89bf461-654f-434b-a06b-39acc3b6d6d7,SKU000423,https://cdn.demo.com/SKU000423.jpg,PRIMARY
72623d5d-a11c-4407-961d-541db4a1c6ff,SKU000424,https://cdn.demo.com/SKU000424.jpg,PRIMARY
ea6e98cb-a006-4111-a9fd-b257d3081b7f,SKU000425,https://cdn.demo.com/SKU000425.jpg,PRIMARY
51eaacc1-34bd-4f6a-a344-e209727b79f4,SKU000426,https://cdn.demo.com/SKU000426.jpg,PRIMARY
bc302d74-4404-4c57-bdb8-c7d5dad83f78,SKU000427,https://cdn.demo.com/SKU000427.jpg,PRIMARY
e06a1149-c097-4cb7-a959-d47edc9b8f72,SKU000428,https://cdn.demo.com/SKU000428.jpg,PRIMARY
d51e2e39-8636-480b-9be5-39ea25b42a32,SKU000429,https://cdn.demo.com/SKU000429.jpg,PRIMARY
207fd5f4-d408-4d74-966d-e1d87892644e,SKU000430,https://cdn.demo.com/SKU000430.jpg,PRIMARY
fcaeb611-1f53-4804-9831-b6921ace3a78,SKU000431,https://cdn.demo.com/SKU000431.jpg,PRIMARY
6d8d6675-adbe-47b9-bfac-2d4fd3582e01,SKU000432,https://cdn.demo.com/SKU000432.jpg,PRIMARY
c93dd7eb-d801-477a-b4b7-d81136994c1a,SKU000433,https://cdn.demo.com/SKU000433.jpg,PRIMARY
45c11ed9-8619-414a-9cb6-f5c0a2b9d3db,SKU000434,https://cdn.demo.com/SKU000434.jpg,PRIMARY
65bbd0fb-d1cb-4c55-ac40-38cb2eafeaf6,SKU000435,https://cdn.demo.com/SKU000435.jpg,PRIMARY
0c759b9d-7ec8-4782-98c9-43c07834f4f0,SKU000436,https://cdn.demo.com/SKU000436.jpg,PRIMARY
66f6a92b-f9ef-4f3d-9cdf-bb7de87e4994,SKU000437,https://cdn.demo.com/SKU000437.jpg,PRIMARY
93edb29d-4a2b-48b9-b392-7f6cd0941e74,SKU000438,https://cdn.demo.com/SKU000438.jpg,PRIMARY
96b0f924-38bc-4233-8d5a-4b0cc0ce6285,SKU000439,https://cdn.demo.com/SKU000439.jpg,PRIMARY
0805910f-fe10-4f14-a72b-1488e4669a5c,SKU000440,https://cdn.demo.com/SKU000440.jpg,PRIMARY
f0a4d716-fe33-4569-a28a-50a957e485ea,SKU000441,https://cdn.demo.com/SKU000441.jpg,PRIMARY
04a57a19-103f-44c1-b3a1-8dade98757e8,SKU000442,https://cdn.demo.com/SKU000442.jpg,PRIMARY
cbd9f62d-47cd-4967-82c8-e4f5e4c47660,SKU000443,https://cdn.demo.com/SKU000443.jpg,PRIMARY
944d572b-cfaa-4a24-b92b-dd34696c5042,SKU000444,https://cdn.demo.com/SKU000444.jpg,PRIMARY
324bf8b5-5d8d-43ea-a6dc-2848fa22e2b0,SKU000445,https://cdn.demo.com/SKU000445.jpg,PRIMARY
f63b9de3-7ba1-4287-a9a2-56a4e56cd659,SKU000446,https://cdn.demo.com/SKU000446.jpg,PRIMARY
76ae743c-85d3-4984-b6d0-cbe21793353d,SKU000447,https://cdn.demo.com/SKU000447.jpg,PRIMARY
2408f175-b866-43b4-b72c-02d43e8c3547,SKU000448,https://cdn.demo.com/SKU000448.jpg,PRIMARY
4f42d4db-0b7d-4790-bcc7-bc6b9b9a2c51,SKU000449,https://cdn.demo.com/SKU000449.jpg,PRIMARY
ad03e8ba-8c4b-4d79-93a0-faac6f6a2e17,SKU000450,https://cdn.demo.com/SKU000450.jpg,PRIMARY
516a8ebe-2f3d-4f94-9823-44d52155c307,SKU000451,https://cdn.demo.com/SKU000451.jpg,PRIMARY
175e4edc-3307-4310-850d-0b8bf9ff49a6,SKU000452,https://cdn.demo.com/SKU000452.jpg,PRIMARY
37d56e41-2689-4b1a-9533-6758faa63f48,SKU000453,https://cdn.demo.com/SKU000453.jpg,PRIMARY
abf44408-f23b-487c-8057-d7acae5c954e,SKU000454,https://cdn.demo.com/SKU000454.jpg,PRIMARY
dfd925ae-6354-49fd-8aa4-7c618c6cb895,SKU000455,https://cdn.demo.com/SKU000455.jpg,PRIMARY
2c7263eb-6fcb-41ac-b7d6-895b4cf55686,SKU000456,https://cdn.demo.com/SKU000456.jpg,PRIMARY
50bf0bac-87e9-48f4-a5bc-d4eb20b4aeb8,SKU000457,https://cdn.demo.com/SKU000457.jpg,PRIMARY
891a272c-7bd7-4daa-ae59-72a4540e1ca2,SKU000458,https://cdn.demo.com/SKU000458.jpg,PRIMARY
871cb64e-74d0-4fe4-a4ab-cb5f2a873a79,SKU000459,https://cdn.demo.com/SKU000459.jpg,PRIMARY
96277ff3-eb17-4bb5-8ce8-232596a0cb47,SKU000460,https://cdn.demo.com/SKU000460.jpg,PRIMARY
2b75787e-16bb-41b1-a403-74bcba837566,SKU000461,https://cdn.demo.com/SKU000461.jpg,PRIMARY
8d0ec1b1-7fd7-4628-9d88-24b52212b97f,SKU000462,https://cdn.demo.com/SKU000462.jpg,PRIMARY
cee936c0-65cd-4e1f-9965-ed9fb8102827,SKU000463,https://cdn.demo.com/SKU000463.jpg,PRIMARY
e684925f-84ea-49f6-ad29-c0dd6b05fc60,SKU000464,https://cdn.demo.com/SKU000464.jpg,PRIMARY
883ce313-4d19-4551-aaf1-4e0698faa530,SKU000465,https://cdn.demo.com/SKU000465.jpg,PRIMARY
f090c387-4b32-448a-aef2-fabfb5ab41d7,SKU000466,https://cdn.demo.com/SKU000466.jpg,PRIMARY
346c490b-5161-4515-961c-421d390622ce,SKU000467,https://cdn.demo.com/SKU000467.jpg,PRIMARY
6b375cf8-e7fa-4269-946a-e0b942448b9b,SKU000468,https://cdn.demo.com/SKU000468.jpg,PRIMARY
7f9f5736-16ce-4c5c-b369-1bc71827a976,SKU000469,https://cdn.demo.com/SKU000469.jpg,PRIMARY
c6e17f34-89d4-46cf-be67-53c8df5c3ae4,SKU000470,https://cdn.demo.com/SKU000470.jpg,PRIMARY
cf327d71-9838-44cc-93a1-d07a831fe99f,SKU000471,https://cdn.demo.com/SKU000471.jpg,PRIMARY
1021e333-41c5-4fb0-956f-dcf2939bfc41,SKU000472,https://cdn.demo.com/SKU000472.jpg,PRIMARY
e822b9e6-baab-4575-95a2-d4a9bdcc1447,SKU000473,https://cdn.demo.com/SKU000473.jpg,PRIMARY
266ce840-bd8d-4297-892b-7dfa79dd860f,SKU000474,https://cdn.demo.com/SKU000474.jpg,PRIMARY
5ee0f91e-ccf3-49e3-aac7-fc21c769c68b,SKU000475,https://cdn.demo.com/SKU000475.jpg,PRIMARY
037c7248-2630-4c02-836b-19c03fc402bf,SKU000476,https://cdn.demo.com/SKU000476.jpg,PRIMARY
a70accad-a255-4cf8-ad0b-244a9a387b03,SKU000477,https://cdn.demo.com/SKU000477.jpg,PRIMARY
7c134ade-316b-4d8b-9926-6a8419cd2238,SKU000478,https://cdn.demo.com/SKU000478.jpg,PRIMARY
003bd59e-ceac-45b5-a234-17f8eac74abe,SKU000479,https://cdn.demo.com/SKU000479.jpg,PRIMARY
2333f2b0-72b1-4625-aa06-3a8b0b4ae312,SKU000480,https://cdn.demo.com/SKU000480.jpg,PRIMARY
cd814c96-0f2d-4e36-9bfa-121072f1cc78,SKU000481,https://cdn.demo.com/SKU000481.jpg,PRIMARY
06cac2ed-731e-43a0-a9e0-eba1009df4b5,SKU000482,https://cdn.demo.com/SKU000482.jpg,PRIMARY
8972b052-bdd4-45c8-b53d-614134b0d9ec,SKU000483,https://cdn.demo.com/SKU000483.jpg,PRIMARY
56bdfc7b-f156-479f-bb3c-993b74599af1,SKU000484,https://cdn.demo.com/SKU000484.jpg,PRIMARY
4eba1b48-20da-4379-a3ec-a9c207b99bde,SKU000485,https://cdn.demo.com/SKU000485.jpg,PRIMARY
0cb9fda9-fb51-4802-8f15-7b3970721a39,SKU000486,https://cdn.demo.com/SKU000486.jpg,PRIMARY
4471a77a-e56f-4354-91c4-c7c6110195ef,SKU000487,https://cdn.demo.com/SKU000487.jpg,PRIMARY
3a8e5e0e-848d-49bc-81cc-347e016b307a,SKU000488,https://cdn.demo.com/SKU000488.jpg,PRIMARY
874d4031-83ad-445c-bb20-ceeb4600bba9,SKU000489,https://cdn.demo.com/SKU000489.jpg,PRIMARY
c9b9c022-5d7f-4af4-a83a-5dbc70c3a426,SKU000490,https://cdn.demo.com/SKU000490.jpg,PRIMARY
dd6601b2-9ee6-467b-af3c-879819fee6d5,SKU000491,https://cdn.demo.com/SKU000491.jpg,PRIMARY
52de2671-8fca-4ec4-b692-f848a3ce9adc,SKU000492,https://cdn.demo.com/SKU000492.jpg,PRIMARY
0998914c-1ea2-4d9b-949a-86d1f2b72187,SKU000493,https://cdn.demo.com/SKU000493.jpg,PRIMARY
ed643592-8050-413f-9332-0da170db0028,SKU000494,https://cdn.demo.com/SKU000494.jpg,PRIMARY
db5e4c93-92b8-4803-8617-e0f743f009c3,SKU000495,https://cdn.demo.com/SKU000495.jpg,PRIMARY
6366d5f6-4391-4c0d-b993-712c1a2e41eb,SKU000496,https://cdn.demo.com/SKU000496.jpg,PRIMARY
178bcce5-5679-4cef-8e97-e847bb640c3e,SKU000497,https://cdn.demo.com/SKU000497.jpg,PRIMARY
9f5ea0a3-e264-4bd9-9e9a-ebddcfc43a27,SKU000498,https://cdn.demo.com/SKU000498.jpg,PRIMARY
4e3b13d2-b792-4de7-8b07-7b327b936667,SKU000499,https://cdn.demo.com/SKU000499.jpg,PRIMARY
054afbb4-5054-446f-98fb-a6a6443d644a,SKU000500,https://cdn.demo.com/SKU000500.jpg,PRIMARY
69a657cf-9d4a-4cb8-9a9f-9d78ee7bf0f2,SKU000501,https://cdn.demo.com/SKU000501.jpg,PRIMARY
c7bb6757-db56-448e-802f-43a75e42c73e,SKU000502,https://cdn.demo.com/SKU000502.jpg,PRIMARY
c5d1f3e5-dd4c-47cb-b527-70ebdbad2392,SKU000503,https://cdn.demo.com/SKU000503.jpg,PRIMARY
550fafc0-c86a-489b-97df-fd3628286b0d,SKU000504,https://cdn.demo.com/SKU000504.jpg,PRIMARY
8222bc0c-eea5-4568-871a-d999d30db83c,SKU000505,https://cdn.demo.com/SKU000505.jpg,PRIMARY
2e3c6fb6-bdfb-4090-a347-f09ecd87deb5,SKU000506,https://cdn.demo.com/SKU000506.jpg,PRIMARY
612f9db7-1fe3-48b9-8d07-fd7a2b68978f,SKU000507,https://cdn.demo.com/SKU000507.jpg,PRIMARY
6198568a-34d9-49a2-a815-5d79eb286e4c,SKU000508,https://cdn.demo.com/SKU000508.jpg,PRIMARY
29812fd3-a864-407b-9a3f-0b04500ec5d7,SKU000509,https://cdn.demo.com/SKU000509.jpg,PRIMARY
b61f7cc5-b4a6-498c-90a8-4d1d8afbf4bc,SKU000510,https://cdn.demo.com/SKU000510.jpg,PRIMARY
08955e02-7986-4785-a922-b10f8b7f7ace,SKU000511,https://cdn.demo.com/SKU000511.jpg,PRIMARY
59420a2e-11a5-480b-8bf4-aa5a8a7f6f0b,SKU000512,https://cdn.demo.com/SKU000512.jpg,PRIMARY
0ec69a62-0fd9-4ff1-975c-0837f67b0853,SKU000513,https://cdn.demo.com/SKU000513.jpg,PRIMARY
85508a6c-f1b3-4324-bdc5-0814c0cf253c,SKU000514,https://cdn.demo.com/SKU000514.jpg,PRIMARY
11d0b78e-74b1-4135-bb30-c897139106d6,SKU000515,https://cdn.demo.com/SKU000515.jpg,PRIMARY
cc8a62eb-7b7f-44a9-abca-f64ebe132718,SKU000516,https://cdn.demo.com/SKU000516.jpg,PRIMARY
7a9a530d-be09-4c89-94f5-7ed49de85689,SKU000517,https://cdn.demo.com/SKU000517.jpg,PRIMARY
f9ba8ef8-aedf-47ae-822f-d9dc7263a18d,SKU000518,https://cdn.demo.com/SKU000518.jpg,PRIMARY
898adee3-a4e5-4c61-9b0c-368d2ef9f297,SKU000519,https://cdn.demo.com/SKU000519.jpg,PRIMARY
392568ca-a7ce-484a-a859-285ce7eec0ae,SKU000520,https://cdn.demo.com/SKU000520.jpg,PRIMARY
f29ae1d9-e82c-4d05-80f4-f280f88d0a1f,SKU000521,https://cdn.demo.com/SKU000521.jpg,PRIMARY
66b942c2-b81c-4821-8217-3ad6a4d37104,SKU000522,https://cdn.demo.com/SKU000522.jpg,PRIMARY
cf6cd6c6-fdfc-4d1c-8169-544abb1b83b7,SKU000523,https://cdn.demo.com/SKU000523.jpg,PRIMARY
14fbd419-ec31-476c-9993-be6555cf3e7c,SKU000524,https://cdn.demo.com/SKU000524.jpg,PRIMARY
004baa8e-4d23-4f62-b795-07872af5de09,SKU000525,https://cdn.demo.com/SKU000525.jpg,PRIMARY
e52c7ebb-9ad6-42d0-9321-4f60b7aaa08c,SKU000526,https://cdn.demo.com/SKU000526.jpg,PRIMARY
d91acaeb-f39d-4ce3-b715-fb70f8906ed4,SKU000527,https://cdn.demo.com/SKU000527.jpg,PRIMARY
10c38c29-e6bb-47ae-82f4-916f4a3ba3b3,SKU000528,https://cdn.demo.com/SKU000528.jpg,PRIMARY
868d5b22-0c08-4a11-bfe3-17851e655ba6,SKU000529,https://cdn.demo.com/SKU000529.jpg,PRIMARY
3e492096-6077-4d82-8c5e-3e2987ed7ff8,SKU000530,https://cdn.demo.com/SKU000530.jpg,PRIMARY
edb6bd46-40c7-4938-ab31-ca571d45d4bf,SKU000531,https://cdn.demo.com/SKU000531.jpg,PRIMARY
8d843f1e-4fdb-439a-a849-815d75b0aa48,SKU000532,https://cdn.demo.com/SKU000532.jpg,PRIMARY
1d55999d-4e6a-4b08-887b-e288e13f4307,SKU000533,https://cdn.demo.com/SKU000533.jpg,PRIMARY
d5155ea1-f6d5-4770-8b27-95fa48098e3c,SKU000534,https://cdn.demo.com/SKU000534.jpg,PRIMARY
e43e4f7e-a1fb-4aa6-ae3d-b31627e6abca,SKU000535,https://cdn.demo.com/SKU000535.jpg,PRIMARY
ee12afac-664d-4b16-8a58-11e0a8ba1765,SKU000536,https://cdn.demo.com/SKU000536.jpg,PRIMARY
b879d746-fc7f-4bdd-b861-8f817d7bd169,SKU000537,https://cdn.demo.com/SKU000537.jpg,PRIMARY
7043c95c-d770-44fa-b360-2a53ea113233,SKU000538,https://cdn.demo.com/SKU000538.jpg,PRIMARY
21ad38b5-40ed-47a0-b2d8-53c52d70dc8f,SKU000539,https://cdn.demo.com/SKU000539.jpg,PRIMARY
27d9a541-8044-47c5-89b3-019cbc361c5d,SKU000540,https://cdn.demo.com/SKU000540.jpg,PRIMARY
f3485117-30cd-458b-83ea-69b380d054f1,SKU000541,https://cdn.demo.com/SKU000541.jpg,PRIMARY
298dd9d2-5f73-45e1-96fa-7ee5773851d5,SKU000542,https://cdn.demo.com/SKU000542.jpg,PRIMARY
cfe6cb60-bd9a-4971-850c-9d1e02ceba07,SKU000543,https://cdn.demo.com/SKU000543.jpg,PRIMARY
2be360d2-b32e-4893-af6a-f627e3580135,SKU000544,https://cdn.demo.com/SKU000544.jpg,PRIMARY
e943cbe4-7632-43d9-be8e-9b32e64b899b,SKU000545,https://cdn.demo.com/SKU000545.jpg,PRIMARY
cdedb285-6acc-4ea8-8e26-c0aa5c795bd3,SKU000546,https://cdn.demo.com/SKU000546.jpg,PRIMARY
60379fb1-9b98-4ab6-a165-f8d1c0e3b7a3,SKU000547,https://cdn.demo.com/SKU000547.jpg,PRIMARY
c883e0bd-5775-4df3-8cb4-9f015ec19f8d,SKU000548,https://cdn.demo.com/SKU000548.jpg,PRIMARY
3659d728-9ccd-4230-ad1e-1b817aafdf16,SKU000549,https://cdn.demo.com/SKU000549.jpg,PRIMARY
b1e63ba4-7467-456b-8993-607b9d022c78,SKU000550,https://cdn.demo.com/SKU000550.jpg,PRIMARY
bbde44ef-d317-4a32-98db-fe58b0172b87,SKU000551,https://cdn.demo.com/SKU000551.jpg,PRIMARY
55cfd621-6ea7-4c3c-84b6-88b5093e4e72,SKU000552,https://cdn.demo.com/SKU000552.jpg,PRIMARY
b4519983-c66c-4780-9f5f-e001b487ffa7,SKU000553,https://cdn.demo.com/SKU000553.jpg,PRIMARY
c80504c0-aadb-404f-bf2f-a7bbc7fd5b2b,SKU000554,https://cdn.demo.com/SKU000554.jpg,PRIMARY
bf28ba37-3c42-4c8a-a3ef-891f473af5a2,SKU000555,https://cdn.demo.com/SKU000555.jpg,PRIMARY
ae53318f-af10-4cbb-ac90-8b3aaf278cdf,SKU000556,https://cdn.demo.com/SKU000556.jpg,PRIMARY
7cb4b7b3-b339-4444-93e1-df31e29a439e,SKU000557,https://cdn.demo.com/SKU000557.jpg,PRIMARY
f983c57f-b0fe-45c5-850b-b55935ca7adf,SKU000558,https://cdn.demo.com/SKU000558.jpg,PRIMARY
82472742-77a6-4f83-8313-3ce40d735fb1,SKU000559,https://cdn.demo.com/SKU000559.jpg,PRIMARY
d3d7a9a8-0c1e-4201-bc6a-8bb1b7906bce,SKU000560,https://cdn.demo.com/SKU000560.jpg,PRIMARY
5ec67c38-4ac2-4f4b-b74d-3b5ba0bdfe6b,SKU000561,https://cdn.demo.com/SKU000561.jpg,PRIMARY
d2bd5808-cc2b-4b75-b12b-cb32ee733a28,SKU000562,https://cdn.demo.com/SKU000562.jpg,PRIMARY
61110e52-b41d-4d31-b36d-bbb8ab0a72fb,SKU000563,https://cdn.demo.com/SKU000563.jpg,PRIMARY
a1f92e9f-fc82-42fc-a7b1-879de516ca97,SKU000564,https://cdn.demo.com/SKU000564.jpg,PRIMARY
77be89f7-8a78-40bd-8f1f-71814eac3561,SKU000565,https://cdn.demo.com/SKU000565.jpg,PRIMARY
54f12ab9-54c4-4364-a5ca-b3d23cedd9db,SKU000566,https://cdn.demo.com/SKU000566.jpg,PRIMARY
78fc712f-31d7-4369-a1fd-f56a3d71a025,SKU000567,https://cdn.demo.com/SKU000567.jpg,PRIMARY
2de2e35f-909d-417b-9ef1-cc575bc78771,SKU000568,https://cdn.demo.com/SKU000568.jpg,PRIMARY
83f14184-8435-40dd-814e-4d0a2a46ab0d,SKU000569,https://cdn.demo.com/SKU000569.jpg,PRIMARY
2fd7b89e-287d-4fdf-80f4-f49112e2ffe4,SKU000570,https://cdn.demo.com/SKU000570.jpg,PRIMARY
f653d7d7-f639-4fb1-9dcf-a283dcc1c5f0,SKU000571,https://cdn.demo.com/SKU000571.jpg,PRIMARY
64c78269-b31e-4d2e-8b23-f15fe76926fd,SKU000572,https://cdn.demo.com/SKU000572.jpg,PRIMARY
fa3060b2-60ec-4227-b61c-a0c6e127de7c,SKU000573,https://cdn.demo.com/SKU000573.jpg,PRIMARY
e50c212a-9ab7-45ab-8470-ccc543245a39,SKU000574,https://cdn.demo.com/SKU000574.jpg,PRIMARY
44717a9d-70de-4a70-9b1a-368d28b80351,SKU000575,https://cdn.demo.com/SKU000575.jpg,PRIMARY
24b7626d-d343-4624-ac60-4df5712dc8b1,SKU000576,https://cdn.demo.com/SKU000576.jpg,PRIMARY
c2c3e92b-27d3-4d68-94ef-f0ecd70eaf11,SKU000577,https://cdn.demo.com/SKU000577.jpg,PRIMARY
0fa90381-5888-4497-95dc-861f2467998d,SKU000578,https://cdn.demo.com/SKU000578.jpg,PRIMARY
a2c2be5c-b2ad-42a6-98b1-ee6f5a87d3fe,SKU000579,https://cdn.demo.com/SKU000579.jpg,PRIMARY
3600d968-99d3-4a47-b00c-1d1f3984fc91,SKU000580,https://cdn.demo.com/SKU000580.jpg,PRIMARY
ce41d4c9-ec36-4085-849b-95cbd473bd9d,SKU000581,https://cdn.demo.com/SKU000581.jpg,PRIMARY
c5f962f5-ccc4-4ec5-93f7-53223e8bafb2,SKU000582,https://cdn.demo.com/SKU000582.jpg,PRIMARY
c50c4c58-836a-463c-a546-34fbe94794f1,SKU000583,https://cdn.demo.com/SKU000583.jpg,PRIMARY
95ea54a7-729c-4a3d-95e2-d3e87140a7bc,SKU000584,https://cdn.demo.com/SKU000584.jpg,PRIMARY
291c74e3-48e9-4348-a99e-4daa6531d363,SKU000585,https://cdn.demo.com/SKU000585.jpg,PRIMARY
f811d931-5cd7-40f4-b418-f21b5a6e97f7,SKU000586,https://cdn.demo.com/SKU000586.jpg,PRIMARY
d3d93bea-d8e1-482a-884e-a35d50635d60,SKU000587,https://cdn.demo.com/SKU000587.jpg,PRIMARY
e15d913c-f226-403f-a8e0-05d6b4225882,SKU000588,https://cdn.demo.com/SKU000588.jpg,PRIMARY
cee8b1f0-13af-4505-82c4-05c02bdf4c4e,SKU000589,https://cdn.demo.com/SKU000589.jpg,PRIMARY
f7e865fb-3271-4da8-a2ef-3263fea6f20a,SKU000590,https://cdn.demo.com/SKU000590.jpg,PRIMARY
90659a95-4807-44c4-bb49-b59a1e0e9df0,SKU000591,https://cdn.demo.com/SKU000591.jpg,PRIMARY
f30e0bbe-7a4a-4732-82b8-064bc113ad9a,SKU000592,https://cdn.demo.com/SKU000592.jpg,PRIMARY
5e4584bd-cf70-4890-87d9-1ee4a4bc9b87,SKU000593,https://cdn.demo.com/SKU000593.jpg,PRIMARY
97718a4a-a0b2-449d-8f78-cb66e87d04bc,SKU000594,https://cdn.demo.com/SKU000594.jpg,PRIMARY
512cf2a0-91f8-4041-9200-ea1df6148a3a,SKU000595,https://cdn.demo.com/SKU000595.jpg,PRIMARY
e3e92388-5cd2-4576-9485-932f307f5790,SKU000596,https://cdn.demo.com/SKU000596.jpg,PRIMARY
fb30a59c-72c3-4821-a4bf-adeff7991afe,SKU000597,https://cdn.demo.com/SKU000597.jpg,PRIMARY
a655fe2d-48ea-420c-a196-5f7eb4766904,SKU000598,https://cdn.demo.com/SKU000598.jpg,PRIMARY
0b0f4c07-d9fe-4aba-b6cb-b4ba32372666,SKU000599,https://cdn.demo.com/SKU000599.jpg,PRIMARY
9883c0bb-a419-4650-852d-73cfc6b771bd,SKU000600,https://cdn.demo.com/SKU000600.jpg,PRIMARY
031f4347-4d38-410c-9601-1c058f464a38,SKU000601,https://cdn.demo.com/SKU000601.jpg,PRIMARY
de519bd8-c3c5-4518-b773-6bed77dbdf62,SKU000602,https://cdn.demo.com/SKU000602.jpg,PRIMARY
0a1c857f-5e3b-4cf2-a08d-2bc485bcf2b9,SKU000603,https://cdn.demo.com/SKU000603.jpg,PRIMARY
841d05f4-f2f9-4b0e-a1a4-518adfd108ae,SKU000604,https://cdn.demo.com/SKU000604.jpg,PRIMARY
a2866c3b-425f-4222-a1bc-37bd34211d89,SKU000605,https://cdn.demo.com/SKU000605.jpg,PRIMARY
c95719fa-42bf-4968-ae51-5fc0f37ab19e,SKU000606,https://cdn.demo.com/SKU000606.jpg,PRIMARY
7051f5bf-b184-406e-bdaa-ba8c35217e1d,SKU000607,https://cdn.demo.com/SKU000607.jpg,PRIMARY
93797dac-ab0f-4332-8411-d6f3d20efc12,SKU000608,https://cdn.demo.com/SKU000608.jpg,PRIMARY
d624ef63-b2ad-4259-bdd8-7b7d9bf70ed9,SKU000609,https://cdn.demo.com/SKU000609.jpg,PRIMARY
45626a5d-81e1-43bd-8d8c-45b0229949cc,SKU000610,https://cdn.demo.com/SKU000610.jpg,PRIMARY
5e015ab3-72ca-40e6-9fd3-b9007a0d4f42,SKU000611,https://cdn.demo.com/SKU000611.jpg,PRIMARY
8f19bb29-9761-4213-8a53-fb551489d6cc,SKU000612,https://cdn.demo.com/SKU000612.jpg,PRIMARY
3980c6c9-80d2-44d9-9cea-130f0127555b,SKU000613,https://cdn.demo.com/SKU000613.jpg,PRIMARY
8da20ec2-ca14-4ac8-9b39-4983b0c4bdd5,SKU000614,https://cdn.demo.com/SKU000614.jpg,PRIMARY
412fadcb-28cd-4237-9441-c4f48267315e,SKU000615,https://cdn.demo.com/SKU000615.jpg,PRIMARY
37a57408-1590-4c59-a91a-43a4bebe48b9,SKU000616,https://cdn.demo.com/SKU000616.jpg,PRIMARY
a6c8c4e1-732c-48ad-b1d0-1af84bb7d50f,SKU000617,https://cdn.demo.com/SKU000617.jpg,PRIMARY
e61edab3-4067-438a-84a6-b888e6c420a5,SKU000618,https://cdn.demo.com/SKU000618.jpg,PRIMARY
28fc8960-9592-4227-b7a1-258cb9cfff8b,SKU000619,https://cdn.demo.com/SKU000619.jpg,PRIMARY
66d332fd-76c3-4042-9c76-52d315a42fe5,SKU000620,https://cdn.demo.com/SKU000620.jpg,PRIMARY
58e562ae-854e-43f7-adf6-9d9dfb95cd3e,SKU000621,https://cdn.demo.com/SKU000621.jpg,PRIMARY
5f5dd69d-d71c-4585-889f-e5107f0aa0fa,SKU000622,https://cdn.demo.com/SKU000622.jpg,PRIMARY
7c4cdc2d-1f1c-4661-901f-84a5a4419bbc,SKU000623,https://cdn.demo.com/SKU000623.jpg,PRIMARY
68fc9c32-778b-40b9-868e-0a4fce88cab6,SKU000624,https://cdn.demo.com/SKU000624.jpg,PRIMARY
2ccfb18d-e371-4a31-a769-43b8e47568b4,SKU000625,https://cdn.demo.com/SKU000625.jpg,PRIMARY
31694e2e-2a8c-47a1-a8e0-b4a8cfb0d285,SKU000626,https://cdn.demo.com/SKU000626.jpg,PRIMARY
4f5f1c85-c9c5-4b6a-ba38-38cb3d2ebc99,SKU000627,https://cdn.demo.com/SKU000627.jpg,PRIMARY
f1c1299e-10ce-42da-80b2-ed407a2d9580,SKU000628,https://cdn.demo.com/SKU000628.jpg,PRIMARY
c51df4ae-926d-4d87-b9f8-8bd978ec159f,SKU000629,https://cdn.demo.com/SKU000629.jpg,PRIMARY
5570f903-9051-4495-9571-caaee2f6eb36,SKU000630,https://cdn.demo.com/SKU000630.jpg,PRIMARY
db65e583-f8b6-445d-a414-b2ca22729777,SKU000631,https://cdn.demo.com/SKU000631.jpg,PRIMARY
866c3604-01a8-49c1-b096-07e99c6e4743,SKU000632,https://cdn.demo.com/SKU000632.jpg,PRIMARY
a1923e4d-5ac8-4949-b6e9-7b738d5f416a,SKU000633,https://cdn.demo.com/SKU000633.jpg,PRIMARY
6fd913c6-3cae-4492-a35a-b3ed63b91c3d,SKU000634,https://cdn.demo.com/SKU000634.jpg,PRIMARY
47e4f025-12a7-4c1c-91a5-023a3f90e864,SKU000635,https://cdn.demo.com/SKU000635.jpg,PRIMARY
1b5de110-9a0b-4952-baf1-57d4ac1b753e,SKU000636,https://cdn.demo.com/SKU000636.jpg,PRIMARY
dbf61bcb-e4e6-4d1c-9af0-5574339ca545,SKU000637,https://cdn.demo.com/SKU000637.jpg,PRIMARY
81c50fc4-9c93-4a6f-b63c-23a171e69589,SKU000638,https://cdn.demo.com/SKU000638.jpg,PRIMARY
c2aad005-0d5c-494c-98ea-0ee52cc6090a,SKU000639,https://cdn.demo.com/SKU000639.jpg,PRIMARY
6b458d7e-988e-4287-9c7e-8f897c21e862,SKU000640,https://cdn.demo.com/SKU000640.jpg,PRIMARY
c24c190c-187d-4626-bc8b-62bd9f1322e6,SKU000641,https://cdn.demo.com/SKU000641.jpg,PRIMARY
5c341aae-b205-4142-aa92-c6b9f948c15c,SKU000642,https://cdn.demo.com/SKU000642.jpg,PRIMARY
846e06a7-08ac-4fd4-b748-707873f52ae7,SKU000643,https://cdn.demo.com/SKU000643.jpg,PRIMARY
96e9d7fc-7244-4465-a268-e3a6a21289e9,SKU000644,https://cdn.demo.com/SKU000644.jpg,PRIMARY
f9268937-548d-483d-8476-eec49a5808e8,SKU000645,https://cdn.demo.com/SKU000645.jpg,PRIMARY
3e0283fc-193c-403f-9e03-8006de308e31,SKU000646,https://cdn.demo.com/SKU000646.jpg,PRIMARY
1a4fce3a-d87a-4fc0-bec9-436bdc8766ab,SKU000647,https://cdn.demo.com/SKU000647.jpg,PRIMARY
30552637-0fd8-4a69-a5b9-0505a64f0ab0,SKU000648,https://cdn.demo.com/SKU000648.jpg,PRIMARY
559cddff-bfe7-4c29-963c-dfd5e0d7bafd,SKU000649,https://cdn.demo.com/SKU000649.jpg,PRIMARY
361ea7c1-41fe-4d41-9acd-9bf5c3e95995,SKU000650,https://cdn.demo.com/SKU000650.jpg,PRIMARY
35409e02-bebe-42dc-aae9-ad748bf5d2af,SKU000651,https://cdn.demo.com/SKU000651.jpg,PRIMARY
b981fd0d-d87e-4aff-b868-ba0ea92d6179,SKU000652,https://cdn.demo.com/SKU000652.jpg,PRIMARY
af0c277c-a746-45fc-a46e-021b55415e75,SKU000653,https://cdn.demo.com/SKU000653.jpg,PRIMARY
f01aa376-76a6-4398-bc6d-92821beedf4e,SKU000654,https://cdn.demo.com/SKU000654.jpg,PRIMARY
5bd73518-3b14-409f-b70d-613edf772508,SKU000655,https://cdn.demo.com/SKU000655.jpg,PRIMARY
bb81de9a-aeed-4601-b217-827e605448a0,SKU000656,https://cdn.demo.com/SKU000656.jpg,PRIMARY
b23a492d-ccef-445e-a138-3c9f7311b5bc,SKU000657,https://cdn.demo.com/SKU000657.jpg,PRIMARY
2acda172-6f83-4d4b-905b-223cbb0b7972,SKU000658,https://cdn.demo.com/SKU000658.jpg,PRIMARY
5b68be9c-5797-4a95-a3bc-93b6776b8021,SKU000659,https://cdn.demo.com/SKU000659.jpg,PRIMARY
cf995170-f5e9-40d5-aad0-bbd43915a7c3,SKU000660,https://cdn.demo.com/SKU000660.jpg,PRIMARY
d66f966c-afa5-4927-b07e-5ed5ff5ff861,SKU000661,https://cdn.demo.com/SKU000661.jpg,PRIMARY
96460b18-d1d9-43f0-9982-c46b173234f5,SKU000662,https://cdn.demo.com/SKU000662.jpg,PRIMARY
4e0f1af6-44e7-4af8-94f5-888a9d390c48,SKU000663,https://cdn.demo.com/SKU000663.jpg,PRIMARY
2b6d36fd-867f-45ac-ae6d-30949035cf29,SKU000664,https://cdn.demo.com/SKU000664.jpg,PRIMARY
2e540c79-4cf3-44ed-ab73-7428dbbb37b8,SKU000665,https://cdn.demo.com/SKU000665.jpg,PRIMARY
ae95a16d-dba9-4b4b-b957-60732289d6b7,SKU000666,https://cdn.demo.com/SKU000666.jpg,PRIMARY
1f3f41af-2d4a-41fb-9f4b-497963880fa5,SKU000667,https://cdn.demo.com/SKU000667.jpg,PRIMARY
39b4a9a3-acd9-410b-ab3f-61194e7f0c94,SKU000668,https://cdn.demo.com/SKU000668.jpg,PRIMARY
93aab696-6a6f-42c9-97ba-084d4de39003,SKU000669,https://cdn.demo.com/SKU000669.jpg,PRIMARY
f7c660d0-4dca-403d-9365-e1c3f4e44e67,SKU000670,https://cdn.demo.com/SKU000670.jpg,PRIMARY
eac3c779-a7f0-4a61-8711-8a5f2a5e939d,SKU000671,https://cdn.demo.com/SKU000671.jpg,PRIMARY
5f0d72d9-af97-4a3d-81e9-40d4ce86c952,SKU000672,https://cdn.demo.com/SKU000672.jpg,PRIMARY
7a0b5a7c-3b07-4b9f-a8e7-039961170256,SKU000673,https://cdn.demo.com/SKU000673.jpg,PRIMARY
3a4bb0da-a646-4999-8fee-c5579ca85e78,SKU000674,https://cdn.demo.com/SKU000674.jpg,PRIMARY
8d88df6d-2b1e-4b39-92d8-f7ed51a4a6ae,SKU000675,https://cdn.demo.com/SKU000675.jpg,PRIMARY
5a411edb-1f06-4130-97ff-a515eeedcf85,SKU000676,https://cdn.demo.com/SKU000676.jpg,PRIMARY
4981ab93-ec64-4368-86c4-01052b9d29a1,SKU000677,https://cdn.demo.com/SKU000677.jpg,PRIMARY
ccf8786a-6730-463f-8626-bf46ee2d3737,SKU000678,https://cdn.demo.com/SKU000678.jpg,PRIMARY
2c236d93-f3b7-4334-9753-522b2c49741d,SKU000679,https://cdn.demo.com/SKU000679.jpg,PRIMARY
801242fb-8ae9-44fd-9049-0906fa5c247c,SKU000680,https://cdn.demo.com/SKU000680.jpg,PRIMARY
e73e1bd8-3fcd-4196-9084-2a4384f5bf15,SKU000681,https://cdn.demo.com/SKU000681.jpg,PRIMARY
7586c392-e4fe-4d9e-a5d9-06860f061acf,SKU000682,https://cdn.demo.com/SKU000682.jpg,PRIMARY
75e68682-f465-4a3e-98f0-1d532f4900d0,SKU000683,https://cdn.demo.com/SKU000683.jpg,PRIMARY
74413a4e-109d-4115-8037-af7d07ced5fe,SKU000684,https://cdn.demo.com/SKU000684.jpg,PRIMARY
640340a8-8481-437a-9f2b-0ed989309b5b,SKU000685,https://cdn.demo.com/SKU000685.jpg,PRIMARY
181522df-cd76-4abe-8c5a-51ef39b15c3c,SKU000686,https://cdn.demo.com/SKU000686.jpg,PRIMARY
675b95ff-d2a3-454b-9b64-4405ce89f221,SKU000687,https://cdn.demo.com/SKU000687.jpg,PRIMARY
b80c0c30-1196-478c-a87e-bca3a19185b4,SKU000688,https://cdn.demo.com/SKU000688.jpg,PRIMARY
18fc7449-35c6-45e9-a584-7c6e2175d10b,SKU000689,https://cdn.demo.com/SKU000689.jpg,PRIMARY
b99c2d88-a162-45b2-b306-377294f3f214,SKU000690,https://cdn.demo.com/SKU000690.jpg,PRIMARY
4448eb11-9566-49e2-9502-796ae3e7a4ef,SKU000691,https://cdn.demo.com/SKU000691.jpg,PRIMARY
73f480d0-b00c-465e-9ea7-f65b05df6b64,SKU000692,https://cdn.demo.com/SKU000692.jpg,PRIMARY
b87e3928-82d5-445c-b5cc-929531263cd8,SKU000693,https://cdn.demo.com/SKU000693.jpg,PRIMARY
922e6c9a-759d-4de4-a296-f86ace1f258e,SKU000694,https://cdn.demo.com/SKU000694.jpg,PRIMARY
839a7a69-3e01-44d6-8db3-bb297487292c,SKU000695,https://cdn.demo.com/SKU000695.jpg,PRIMARY
39e64403-d4b6-4243-af6e-815178524458,SKU000696,https://cdn.demo.com/SKU000696.jpg,PRIMARY
ee807e09-f08f-401b-8467-e42e8b43642b,SKU000697,https://cdn.demo.com/SKU000697.jpg,PRIMARY
ec4ab220-f2de-4a22-b1b8-5022987d5c1d,SKU000698,https://cdn.demo.com/SKU000698.jpg,PRIMARY
2f2a7ade-6845-4dd8-96a5-316320ae311a,SKU000699,https://cdn.demo.com/SKU000699.jpg,PRIMARY
009886a1-7292-4d8e-aa24-43f8bb05c68a,SKU000700,https://cdn.demo.com/SKU000700.jpg,PRIMARY
3e2bdbd0-e3f1-417e-a167-f0d5bee46ee5,SKU000701,https://cdn.demo.com/SKU000701.jpg,PRIMARY
b3ff3e14-2a90-48ac-b31d-2833cdeb583b,SKU000702,https://cdn.demo.com/SKU000702.jpg,PRIMARY
d001f16f-5049-410f-9600-16ececc4e15f,SKU000703,https://cdn.demo.com/SKU000703.jpg,PRIMARY
8f847fbc-d573-436b-a7ee-3b039747a0a7,SKU000704,https://cdn.demo.com/SKU000704.jpg,PRIMARY
42c64126-e050-4636-93a1-6d633ea86a62,SKU000705,https://cdn.demo.com/SKU000705.jpg,PRIMARY
e914b262-1b18-41af-b9b6-260e539a82a4,SKU000706,https://cdn.demo.com/SKU000706.jpg,PRIMARY
d454991a-d2a9-4544-8984-27029a936a75,SKU000707,https://cdn.demo.com/SKU000707.jpg,PRIMARY
a1974dfd-6b83-4c33-9f92-ec698c0fa1d4,SKU000708,https://cdn.demo.com/SKU000708.jpg,PRIMARY
563d0452-432e-4c8a-ac74-38ab9d2ebcd8,SKU000709,https://cdn.demo.com/SKU000709.jpg,PRIMARY
cb0c3e86-b2eb-4fb5-80be-878a346c3589,SKU000710,https://cdn.demo.com/SKU000710.jpg,PRIMARY
8011bc8b-da79-49e0-87ef-27350dea244f,SKU000711,https://cdn.demo.com/SKU000711.jpg,PRIMARY
0c46e1ed-550b-4423-a7ce-bc7b2b43432d,SKU000712,https://cdn.demo.com/SKU000712.jpg,PRIMARY
afcd11ca-6db6-4281-8b51-ae8a4dc5cbfa,SKU000713,https://cdn.demo.com/SKU000713.jpg,PRIMARY
1e88d3a1-15b9-4b4b-a577-26db0af9d517,SKU000714,https://cdn.demo.com/SKU000714.jpg,PRIMARY
efd317c3-91a3-4514-a5f4-c8c3cf34a79d,SKU000715,https://cdn.demo.com/SKU000715.jpg,PRIMARY
32cb99f6-b7c4-476a-bd1c-315ec415a72c,SKU000716,https://cdn.demo.com/SKU000716.jpg,PRIMARY
0c81b138-f87f-477e-b109-d1c2dc33b64b,SKU000717,https://cdn.demo.com/SKU000717.jpg,PRIMARY
02ef8496-98fb-455a-8e91-d68993c1992d,SKU000718,https://cdn.demo.com/SKU000718.jpg,PRIMARY
04cde1e8-02a9-49f4-88fe-08003cbf77a0,SKU000719,https://cdn.demo.com/SKU000719.jpg,PRIMARY
16359e72-953f-4ba6-b2a4-f86015b8a387,SKU000720,https://cdn.demo.com/SKU000720.jpg,PRIMARY
9014c245-c709-41fe-af7c-3e8a09452ce7,SKU000721,https://cdn.demo.com/SKU000721.jpg,PRIMARY
7e89c388-c260-47b1-ae8b-cf3b4c3ae839,SKU000722,https://cdn.demo.com/SKU000722.jpg,PRIMARY
eecf41b5-28f0-4cef-9068-d4e2fc681672,SKU000723,https://cdn.demo.com/SKU000723.jpg,PRIMARY
d80749f8-1fdc-4ef6-8d2c-6c9e48a110b8,SKU000724,https://cdn.demo.com/SKU000724.jpg,PRIMARY
6467e7b2-8529-441a-9e9a-04772faef2fe,SKU000725,https://cdn.demo.com/SKU000725.jpg,PRIMARY
9a4136f4-3781-4073-a483-352fecdddfe0,SKU000726,https://cdn.demo.com/SKU000726.jpg,PRIMARY
c7fab262-91a5-4d0c-b48d-b01e14b45395,SKU000727,https://cdn.demo.com/SKU000727.jpg,PRIMARY
136f12a5-a3e0-4b8f-ad9b-be22e265e83f,SKU000728,https://cdn.demo.com/SKU000728.jpg,PRIMARY
fa497c60-3259-4b3c-a41e-88ff524fa46e,SKU000729,https://cdn.demo.com/SKU000729.jpg,PRIMARY
6fac8ed6-199f-4ba3-8745-b7853ec95549,SKU000730,https://cdn.demo.com/SKU000730.jpg,PRIMARY
c23cefa3-ecfe-4847-ac1a-11613f9da297,SKU000731,https://cdn.demo.com/SKU000731.jpg,PRIMARY
68f21035-b262-49f0-af05-108a740b424f,SKU000732,https://cdn.demo.com/SKU000732.jpg,PRIMARY
fca0cdf1-f08d-469b-956d-284a73e5f5d9,SKU000733,https://cdn.demo.com/SKU000733.jpg,PRIMARY
17f1c8e3-19bc-4501-bf6f-84da1ac9e0ee,SKU000734,https://cdn.demo.com/SKU000734.jpg,PRIMARY
423ac174-3edf-4a8e-8d90-223ced5941aa,SKU000735,https://cdn.demo.com/SKU000735.jpg,PRIMARY
a93152ca-dd5d-48e0-a9dc-252a11eb546a,SKU000736,https://cdn.demo.com/SKU000736.jpg,PRIMARY
fad966ff-8d41-46bf-aa29-389b7fd90a11,SKU000737,https://cdn.demo.com/SKU000737.jpg,PRIMARY
c19fb51c-f16f-4a5d-af61-47b43cd6e7f8,SKU000738,https://cdn.demo.com/SKU000738.jpg,PRIMARY
618fe8b1-a4ab-4e14-b50b-99fd93e85886,SKU000739,https://cdn.demo.com/SKU000739.jpg,PRIMARY
e7380bd5-ed60-4f5f-bf88-d022bf9099af,SKU000740,https://cdn.demo.com/SKU000740.jpg,PRIMARY
7315f6bb-eccd-49fc-9390-debcecbfe380,SKU000741,https://cdn.demo.com/SKU000741.jpg,PRIMARY
d336f08b-b0b6-4cf3-bb2e-99c548ff949d,SKU000742,https://cdn.demo.com/SKU000742.jpg,PRIMARY
424199a4-245c-4b14-b89b-220bdbafed52,SKU000743,https://cdn.demo.com/SKU000743.jpg,PRIMARY
5caed5af-b500-46c1-b3c0-34ba1ae511fb,SKU000744,https://cdn.demo.com/SKU000744.jpg,PRIMARY
9d703547-f958-425c-894d-80b294084df0,SKU000745,https://cdn.demo.com/SKU000745.jpg,PRIMARY
bbb1c8a1-7f36-432c-868f-981d8302e137,SKU000746,https://cdn.demo.com/SKU000746.jpg,PRIMARY
b4feaa7a-c4cf-40fb-8449-4d4856e25967,SKU000747,https://cdn.demo.com/SKU000747.jpg,PRIMARY
ffdd8f0d-ca4b-4519-8adc-c491c249e994,SKU000748,https://cdn.demo.com/SKU000748.jpg,PRIMARY
72bd242a-b709-4978-b413-bc80f9e44c07,SKU000749,https://cdn.demo.com/SKU000749.jpg,PRIMARY
ccfc3043-daae-4932-a28e-195ed13f000c,SKU000750,https://cdn.demo.com/SKU000750.jpg,PRIMARY
62e53880-5126-4260-9950-5f34fa3adcf5,SKU000751,https://cdn.demo.com/SKU000751.jpg,PRIMARY
1acd1ee6-7a8b-467f-b97f-f1088ada67b8,SKU000752,https://cdn.demo.com/SKU000752.jpg,PRIMARY
743a62cf-5808-4d00-be9e-30a78343baf1,SKU000753,https://cdn.demo.com/SKU000753.jpg,PRIMARY
c4d8da17-1a4a-4092-b69b-40f6f166e29e,SKU000754,https://cdn.demo.com/SKU000754.jpg,PRIMARY
9fbd4ca9-86b5-4c28-b481-eaca70d62a0e,SKU000755,https://cdn.demo.com/SKU000755.jpg,PRIMARY
1c9115c8-c93d-4076-95c2-91b6bc8552d0,SKU000756,https://cdn.demo.com/SKU000756.jpg,PRIMARY
34a339de-db1c-4d28-bff2-ace97567189e,SKU000757,https://cdn.demo.com/SKU000757.jpg,PRIMARY
4a3bf815-0f42-4468-95e2-872e7d988f95,SKU000758,https://cdn.demo.com/SKU000758.jpg,PRIMARY
f815534e-ea3d-40ca-b356-9f5d0b5b9d82,SKU000759,https://cdn.demo.com/SKU000759.jpg,PRIMARY
713c99be-ef1c-4036-b449-b6bfc65d6c97,SKU000760,https://cdn.demo.com/SKU000760.jpg,PRIMARY
2be663c6-9b17-4ee2-829f-8a72b6f9ac5e,SKU000761,https://cdn.demo.com/SKU000761.jpg,PRIMARY
5e422312-a6fc-49d9-af7a-e2a9abf0542a,SKU000762,https://cdn.demo.com/SKU000762.jpg,PRIMARY
a9f46381-f240-435c-9c4c-d7138778e339,SKU000763,https://cdn.demo.com/SKU000763.jpg,PRIMARY
0eed5429-6775-4ccb-b562-9d971f06eeaf,SKU000764,https://cdn.demo.com/SKU000764.jpg,PRIMARY
90804e39-71fd-411c-9b91-a192097b2427,SKU000765,https://cdn.demo.com/SKU000765.jpg,PRIMARY
63623cf6-c85d-4057-938c-e3a74343e94e,SKU000766,https://cdn.demo.com/SKU000766.jpg,PRIMARY
ce0a99fc-b0d8-4535-865b-8a0968882594,SKU000767,https://cdn.demo.com/SKU000767.jpg,PRIMARY
c3ba927d-34b2-4923-bbef-f5148bbe2b18,SKU000768,https://cdn.demo.com/SKU000768.jpg,PRIMARY
72ef2ce4-541c-4d1a-9519-bc5f678420ce,SKU000769,https://cdn.demo.com/SKU000769.jpg,PRIMARY
56aea3da-f7a5-4127-8b4f-1f433d1ffa44,SKU000770,https://cdn.demo.com/SKU000770.jpg,PRIMARY
4f2a8284-b953-43c9-a31f-31c80e7ad5d2,SKU000771,https://cdn.demo.com/SKU000771.jpg,PRIMARY
09427d64-ea5f-4cab-80c3-141ef54e706e,SKU000772,https://cdn.demo.com/SKU000772.jpg,PRIMARY
10d4dcab-f2cb-4081-8a72-ddd16d7e9adf,SKU000773,https://cdn.demo.com/SKU000773.jpg,PRIMARY
8d918f9c-9612-40d2-af43-f127b75c0021,SKU000774,https://cdn.demo.com/SKU000774.jpg,PRIMARY
59b0056e-7bec-4f7f-9113-381180449059,SKU000775,https://cdn.demo.com/SKU000775.jpg,PRIMARY
3f7f865e-7e4c-4767-901a-7781a48ed202,SKU000776,https://cdn.demo.com/SKU000776.jpg,PRIMARY
a7713133-4ac1-419f-8722-1a945b866825,SKU000777,https://cdn.demo.com/SKU000777.jpg,PRIMARY
745b96e4-a37e-4462-802e-3bfd5e29f255,SKU000778,https://cdn.demo.com/SKU000778.jpg,PRIMARY
270915f4-c69a-40ff-a343-f30b321811eb,SKU000779,https://cdn.demo.com/SKU000779.jpg,PRIMARY
f2cee652-8f4d-4211-b3ef-e3c279170464,SKU000780,https://cdn.demo.com/SKU000780.jpg,PRIMARY
d6ee8c79-48ef-4b42-aee8-b9e879035aed,SKU000781,https://cdn.demo.com/SKU000781.jpg,PRIMARY
dcdb7e10-d613-407d-9edf-6602f3a902a0,SKU000782,https://cdn.demo.com/SKU000782.jpg,PRIMARY
845efdd7-1a8c-49e8-a696-82087558da32,SKU000783,https://cdn.demo.com/SKU000783.jpg,PRIMARY
c5edcb50-1adf-4fcd-978a-7e29fb028e57,SKU000784,https://cdn.demo.com/SKU000784.jpg,PRIMARY
01bf1918-a799-4642-8d97-797568b1e5f5,SKU000785,https://cdn.demo.com/SKU000785.jpg,PRIMARY
e1f964d4-0da2-490d-b86b-500a152ee44e,SKU000786,https://cdn.demo.com/SKU000786.jpg,PRIMARY
82c50066-9699-4180-bc5c-7b7330f60d75,SKU000787,https://cdn.demo.com/SKU000787.jpg,PRIMARY
8a3863f9-30c2-49b9-aa6f-afebb2d3d65d,SKU000788,https://cdn.demo.com/SKU000788.jpg,PRIMARY
b112d9c8-f812-44c3-b2d7-61a2ccc3bf39,SKU000789,https://cdn.demo.com/SKU000789.jpg,PRIMARY
13363e1f-7e0b-4994-8f13-25dcd28f7bd4,SKU000790,https://cdn.demo.com/SKU000790.jpg,PRIMARY
634d18a5-db73-4fd2-9813-a3059b484364,SKU000791,https://cdn.demo.com/SKU000791.jpg,PRIMARY
494a3595-f2e6-4cfa-b4a4-823c38529b1c,SKU000792,https://cdn.demo.com/SKU000792.jpg,PRIMARY
4d73c784-44ec-45e5-a8b4-2998845b521f,SKU000793,https://cdn.demo.com/SKU000793.jpg,PRIMARY
bcca0889-af8b-4b23-a858-e52a69f88c31,SKU000794,https://cdn.demo.com/SKU000794.jpg,PRIMARY
5e58251f-7c30-4637-9ccb-e803af7c676e,SKU000795,https://cdn.demo.com/SKU000795.jpg,PRIMARY
7ddecd92-46a0-46e3-8c3e-56f709691f84,SKU000796,https://cdn.demo.com/SKU000796.jpg,PRIMARY
9f4c4816-1b9d-46ee-adfc-11a1ba0b7ade,SKU000797,https://cdn.demo.com/SKU000797.jpg,PRIMARY
aba787d0-7a94-4be9-be95-4397cb03e73a,SKU000798,https://cdn.demo.com/SKU000798.jpg,PRIMARY
53a2c7e5-5b27-41c9-9415-66b6f46d4dea,SKU000799,https://cdn.demo.com/SKU000799.jpg,PRIMARY
1cfa7a67-0ce1-4675-916d-8c016f2ee9fa,SKU000800,https://cdn.demo.com/SKU000800.jpg,PRIMARY
1d99fd6e-22e9-4714-9e6c-f7ac92f072cc,SKU000801,https://cdn.demo.com/SKU000801.jpg,PRIMARY
47be80aa-0172-4d78-871b-af3d7d66e515,SKU000802,https://cdn.demo.com/SKU000802.jpg,PRIMARY
671750d4-651a-4a7b-9f81-a831d9945607,SKU000803,https://cdn.demo.com/SKU000803.jpg,PRIMARY
44efb658-4ce2-4f24-8aea-401783459b0e,SKU000804,https://cdn.demo.com/SKU000804.jpg,PRIMARY
9f3b1013-a739-4da6-a127-b3103e27abfa,SKU000805,https://cdn.demo.com/SKU000805.jpg,PRIMARY
9d0460d0-a021-4de2-9992-6558fb6b599b,SKU000806,https://cdn.demo.com/SKU000806.jpg,PRIMARY
603f1664-c3dd-4c9c-9b41-99496d052130,SKU000807,https://cdn.demo.com/SKU000807.jpg,PRIMARY
debf4d99-b131-46ca-a34d-07b056b4f819,SKU000808,https://cdn.demo.com/SKU000808.jpg,PRIMARY
f5208884-d436-474d-938b-dd8629960b84,SKU000809,https://cdn.demo.com/SKU000809.jpg,PRIMARY
dfde6b71-8ff8-44e9-810f-f19eba512074,SKU000810,https://cdn.demo.com/SKU000810.jpg,PRIMARY
0fb690a3-f619-4d81-b203-43c13e55926d,SKU000811,https://cdn.demo.com/SKU000811.jpg,PRIMARY
af516e79-cccf-4b6e-beea-b4252269c1ca,SKU000812,https://cdn.demo.com/SKU000812.jpg,PRIMARY
3144e21b-3e26-4888-9561-7652a2310681,SKU000813,https://cdn.demo.com/SKU000813.jpg,PRIMARY
4c95cc7a-a6e5-4d41-b40c-ba95f5d217d0,SKU000814,https://cdn.demo.com/SKU000814.jpg,PRIMARY
fa9c665a-fedc-43a6-b70c-27ab11ae2419,SKU000815,https://cdn.demo.com/SKU000815.jpg,PRIMARY
4864d7cd-f819-4d3c-bbc7-6c84fbb7840b,SKU000816,https://cdn.demo.com/SKU000816.jpg,PRIMARY
a7be7e3a-bfc2-44e3-b0ea-f87574144920,SKU000817,https://cdn.demo.com/SKU000817.jpg,PRIMARY
f0883706-597d-468b-854f-b689ce369d9e,SKU000818,https://cdn.demo.com/SKU000818.jpg,PRIMARY
aa412991-d68e-4494-b888-67d3f8398172,SKU000819,https://cdn.demo.com/SKU000819.jpg,PRIMARY
a89c6c38-e0e2-4dfb-bfb7-aa10f3e72631,SKU000820,https://cdn.demo.com/SKU000820.jpg,PRIMARY
aa0d8353-2ab1-49f9-b9b1-0ca9d8564365,SKU000821,https://cdn.demo.com/SKU000821.jpg,PRIMARY
dde37c73-1e24-401a-b937-792fbb2bd2e2,SKU000822,https://cdn.demo.com/SKU000822.jpg,PRIMARY
c24eb8ee-c491-4b77-8741-0bf04703e8db,SKU000823,https://cdn.demo.com/SKU000823.jpg,PRIMARY
d23110b9-8a36-4542-b653-96614f5cace7,SKU000824,https://cdn.demo.com/SKU000824.jpg,PRIMARY
7503c756-b242-4a90-9502-baffb4fe63c3,SKU000825,https://cdn.demo.com/SKU000825.jpg,PRIMARY
890799b3-872e-4f1b-b510-e67dbc20742c,SKU000826,https://cdn.demo.com/SKU000826.jpg,PRIMARY
678eb0f7-21ac-4d13-abe6-0a7023727a77,SKU000827,https://cdn.demo.com/SKU000827.jpg,PRIMARY
3be556ed-5dbf-4769-90c2-83d833b14659,SKU000828,https://cdn.demo.com/SKU000828.jpg,PRIMARY
f1cfdbd3-1f29-414f-bf06-15bd8d82c986,SKU000829,https://cdn.demo.com/SKU000829.jpg,PRIMARY
009080d5-7d5b-484d-a018-2c153acdaaf4,SKU000830,https://cdn.demo.com/SKU000830.jpg,PRIMARY
537c8ff8-d449-4134-979c-4e2823e682ae,SKU000831,https://cdn.demo.com/SKU000831.jpg,PRIMARY
44b4e827-b1ce-42a5-9d2d-f960291553cb,SKU000832,https://cdn.demo.com/SKU000832.jpg,PRIMARY
dde0d5b0-7a8b-46ff-9c94-d9e4b1882480,SKU000833,https://cdn.demo.com/SKU000833.jpg,PRIMARY
269e922d-d8fb-452a-a625-a164e4d0a1d3,SKU000834,https://cdn.demo.com/SKU000834.jpg,PRIMARY
b28db185-b995-4cc2-bc4d-752f13dcfac9,SKU000835,https://cdn.demo.com/SKU000835.jpg,PRIMARY
5db6aea1-aa3b-4cb5-a7e4-c627099fe96c,SKU000836,https://cdn.demo.com/SKU000836.jpg,PRIMARY
e135eaea-ed0b-4600-a62a-f0614db01ed7,SKU000837,https://cdn.demo.com/SKU000837.jpg,PRIMARY
5a5c263d-49d4-42ea-8ab8-1234c4c3c83d,SKU000838,https://cdn.demo.com/SKU000838.jpg,PRIMARY
0e9505f6-a2e6-4dbb-b3af-0c21998b6b4e,SKU000839,https://cdn.demo.com/SKU000839.jpg,PRIMARY
d1dc750b-3ef5-442d-8344-642fe5ec4e73,SKU000840,https://cdn.demo.com/SKU000840.jpg,PRIMARY
7e00135d-958a-4c52-95bb-c2dadda56b23,SKU000841,https://cdn.demo.com/SKU000841.jpg,PRIMARY
52cf36f2-07a6-4510-8f79-d5b196c800b2,SKU000842,https://cdn.demo.com/SKU000842.jpg,PRIMARY
17ccf50a-7109-43ad-a3a8-333e11b18073,SKU000843,https://cdn.demo.com/SKU000843.jpg,PRIMARY
b5b07698-145b-4ae0-9d62-9f35f8710611,SKU000844,https://cdn.demo.com/SKU000844.jpg,PRIMARY
efe076be-86cf-4dd7-bd92-3eba9d73c35a,SKU000845,https://cdn.demo.com/SKU000845.jpg,PRIMARY
80cdf15d-770b-4073-b3d1-5d542818357c,SKU000846,https://cdn.demo.com/SKU000846.jpg,PRIMARY
2a380e2b-92a2-4936-8ba6-01de2384554e,SKU000847,https://cdn.demo.com/SKU000847.jpg,PRIMARY
c7a1ef5f-5a84-4b88-8dd2-ad0427c75206,SKU000848,https://cdn.demo.com/SKU000848.jpg,PRIMARY
b0cfd207-3812-45f7-9e3b-d808bf0b37eb,SKU000849,https://cdn.demo.com/SKU000849.jpg,PRIMARY
2c3a6a11-28d2-4a32-986d-fa3c4e5221cc,SKU000850,https://cdn.demo.com/SKU000850.jpg,PRIMARY
9a268df1-a612-4589-ad6a-2f301cec7342,SKU000851,https://cdn.demo.com/SKU000851.jpg,PRIMARY
9e93b9f7-0986-463e-b721-9cb77d593b9b,SKU000852,https://cdn.demo.com/SKU000852.jpg,PRIMARY
c8381b5a-cf97-4f89-9f6a-6d4c74bb957f,SKU000853,https://cdn.demo.com/SKU000853.jpg,PRIMARY
9302cea3-40af-4f66-8bd7-ae2ec55ca4fa,SKU000854,https://cdn.demo.com/SKU000854.jpg,PRIMARY
e0c2e3e2-c23c-4615-8161-db53acd71575,SKU000855,https://cdn.demo.com/SKU000855.jpg,PRIMARY
a6ce661a-16e6-4a32-9daf-bcccc2ce49fa,SKU000856,https://cdn.demo.com/SKU000856.jpg,PRIMARY
5e7d3b84-b5a6-4fff-91f7-8f19988b3cf7,SKU000857,https://cdn.demo.com/SKU000857.jpg,PRIMARY
62500909-a491-45e3-a812-f739ad719301,SKU000858,https://cdn.demo.com/SKU000858.jpg,PRIMARY
32f1aceb-6b2b-484c-9698-0dee22823712,SKU000859,https://cdn.demo.com/SKU000859.jpg,PRIMARY
f9825d7f-0abc-48a6-b697-aa076b2032ec,SKU000860,https://cdn.demo.com/SKU000860.jpg,PRIMARY
afa96f1e-e577-45e0-ab42-0f2985f2efe0,SKU000861,https://cdn.demo.com/SKU000861.jpg,PRIMARY
d6fe5a50-b3ea-420e-aeff-cd503a5fe798,SKU000862,https://cdn.demo.com/SKU000862.jpg,PRIMARY
860898b8-aa59-4358-b8d0-09d85da93368,SKU000863,https://cdn.demo.com/SKU000863.jpg,PRIMARY
029b922c-feb8-4097-acc1-22d7f4a51a60,SKU000864,https://cdn.demo.com/SKU000864.jpg,PRIMARY
01f99b5a-1e10-48a1-89ae-b39642ca5ae7,SKU000865,https://cdn.demo.com/SKU000865.jpg,PRIMARY
6b29a024-a687-4368-8a23-c4d3b2409ce3,SKU000866,https://cdn.demo.com/SKU000866.jpg,PRIMARY
d91779bd-1ad7-45ed-8707-97a81f10d171,SKU000867,https://cdn.demo.com/SKU000867.jpg,PRIMARY
6a71b267-e816-4f11-ac39-84173bb0a467,SKU000868,https://cdn.demo.com/SKU000868.jpg,PRIMARY
ae6e74bd-6578-4256-91d7-99b19c4c298c,SKU000869,https://cdn.demo.com/SKU000869.jpg,PRIMARY
d3e01025-af14-4bee-adcc-1f3e57041698,SKU000870,https://cdn.demo.com/SKU000870.jpg,PRIMARY
b6eb684d-f84e-45fc-8737-10a1025dd17b,SKU000871,https://cdn.demo.com/SKU000871.jpg,PRIMARY
e0353281-13d5-4175-8e08-8d3d63f0593f,SKU000872,https://cdn.demo.com/SKU000872.jpg,PRIMARY
a9782977-6775-4dcb-b0b6-e488d221cf56,SKU000873,https://cdn.demo.com/SKU000873.jpg,PRIMARY
b46f9a3a-5be3-4520-90ae-78d243b2383a,SKU000874,https://cdn.demo.com/SKU000874.jpg,PRIMARY
7d12722a-7193-4632-9f95-06cc680feff7,SKU000875,https://cdn.demo.com/SKU000875.jpg,PRIMARY
53f46d68-0005-4a65-98d8-97be7d41798d,SKU000876,https://cdn.demo.com/SKU000876.jpg,PRIMARY
664fa102-cb59-4045-8ba8-957996ee1d9e,SKU000877,https://cdn.demo.com/SKU000877.jpg,PRIMARY
953db44d-0220-49ff-ad9a-0493e3648873,SKU000878,https://cdn.demo.com/SKU000878.jpg,PRIMARY
a803df08-64ce-4768-a7a4-b985e919b5fc,SKU000879,https://cdn.demo.com/SKU000879.jpg,PRIMARY
22b329a1-1591-4252-a68a-62cf3e16c37a,SKU000880,https://cdn.demo.com/SKU000880.jpg,PRIMARY
5ee0da65-0a12-42c9-84b4-5709e0d94f7a,SKU000881,https://cdn.demo.com/SKU000881.jpg,PRIMARY
f1b91a10-fa71-4047-af88-6a5eb88b9189,SKU000882,https://cdn.demo.com/SKU000882.jpg,PRIMARY
15b4cc57-8be6-492b-8ffd-d7aed013ba2f,SKU000883,https://cdn.demo.com/SKU000883.jpg,PRIMARY
05c1adde-0a04-40a2-8387-096afd0f3c7e,SKU000884,https://cdn.demo.com/SKU000884.jpg,PRIMARY
1bfc4f30-a782-4049-9bfd-ec5bf41ea96b,SKU000885,https://cdn.demo.com/SKU000885.jpg,PRIMARY
ab4588f3-3d92-4e8f-909d-5ca1b4374573,SKU000886,https://cdn.demo.com/SKU000886.jpg,PRIMARY
6308ed08-aded-41ab-ae0b-65f143b4c754,SKU000887,https://cdn.demo.com/SKU000887.jpg,PRIMARY
7704ac41-5331-44ab-90d7-c3b6345bcc83,SKU000888,https://cdn.demo.com/SKU000888.jpg,PRIMARY
b74296dc-25ff-4031-bc95-bc29eccbeca7,SKU000889,https://cdn.demo.com/SKU000889.jpg,PRIMARY
4a724ecd-5569-4815-8098-5d19e5fab701,SKU000890,https://cdn.demo.com/SKU000890.jpg,PRIMARY
75dddb62-026c-43b6-99c6-88e0b443980a,SKU000891,https://cdn.demo.com/SKU000891.jpg,PRIMARY
ca56af7e-873f-45f5-9333-0aad84ce7466,SKU000892,https://cdn.demo.com/SKU000892.jpg,PRIMARY
079c0407-8e12-49fc-8bb6-7b45c1f21f6f,SKU000893,https://cdn.demo.com/SKU000893.jpg,PRIMARY
f23df0cc-e94f-4892-a8fa-0d38debe3786,SKU000894,https://cdn.demo.com/SKU000894.jpg,PRIMARY
36ea5d8a-2adf-4192-b35a-570b3978431f,SKU000895,https://cdn.demo.com/SKU000895.jpg,PRIMARY
20560cd5-fffe-43f6-9503-bc55695d7069,SKU000896,https://cdn.demo.com/SKU000896.jpg,PRIMARY
022c5e9b-af95-40f2-9d41-f29940d86bab,SKU000897,https://cdn.demo.com/SKU000897.jpg,PRIMARY
93042ab1-40fc-445c-aa4b-19e555ff40d7,SKU000898,https://cdn.demo.com/SKU000898.jpg,PRIMARY
4d66b63b-2d17-4e54-8835-ff585f0a1cd5,SKU000899,https://cdn.demo.com/SKU000899.jpg,PRIMARY
41f91bc8-e9c1-4415-91a1-e56fb721bd85,SKU000900,https://cdn.demo.com/SKU000900.jpg,PRIMARY
5f97b97e-7dcc-447c-8cac-1e93cd473649,SKU000901,https://cdn.demo.com/SKU000901.jpg,PRIMARY
52b494e1-13b1-4178-af6f-2034a4815ad6,SKU000902,https://cdn.demo.com/SKU000902.jpg,PRIMARY
5d1caf57-1c79-4e4d-8d00-82802cdf17ac,SKU000903,https://cdn.demo.com/SKU000903.jpg,PRIMARY
99658561-1afb-45d9-b515-8e641947a3d6,SKU000904,https://cdn.demo.com/SKU000904.jpg,PRIMARY
5a5d98f7-1cdc-4573-ae99-1732eafd5349,SKU000905,https://cdn.demo.com/SKU000905.jpg,PRIMARY
26d35f11-ff37-4ef7-a562-451e5644dd31,SKU000906,https://cdn.demo.com/SKU000906.jpg,PRIMARY
2e02baee-0cf3-4e4e-9f58-e8dea108660f,SKU000907,https://cdn.demo.com/SKU000907.jpg,PRIMARY
a77eceb7-24ef-4b2b-8407-f44106a73d67,SKU000908,https://cdn.demo.com/SKU000908.jpg,PRIMARY
6ea04e93-d80f-4f2f-9978-fb9686b242c7,SKU000909,https://cdn.demo.com/SKU000909.jpg,PRIMARY
5d59f787-0c90-4198-92f4-7124a5fec9a2,SKU000910,https://cdn.demo.com/SKU000910.jpg,PRIMARY
9d91978d-a16e-4e9b-bc45-271ca946d589,SKU000911,https://cdn.demo.com/SKU000911.jpg,PRIMARY
2f8e75c8-c170-4c7b-bdad-313dbd904ac6,SKU000912,https://cdn.demo.com/SKU000912.jpg,PRIMARY
2b0852c0-68f5-492e-9111-65c67148877c,SKU000913,https://cdn.demo.com/SKU000913.jpg,PRIMARY
269d4168-7f78-49ba-80d7-2b35e0ba402c,SKU000914,https://cdn.demo.com/SKU000914.jpg,PRIMARY
27b3a599-2ca7-418a-a23c-2f1a931d1b4a,SKU000915,https://cdn.demo.com/SKU000915.jpg,PRIMARY
ade1208a-a6ff-4c99-83f8-c502cb885487,SKU000916,https://cdn.demo.com/SKU000916.jpg,PRIMARY
27cf8a58-8b59-4ab4-b6ef-047cb84bc946,SKU000917,https://cdn.demo.com/SKU000917.jpg,PRIMARY
0e3074d2-ca16-4706-a499-4104d44c83cb,SKU000918,https://cdn.demo.com/SKU000918.jpg,PRIMARY
b94f7d03-6fe8-40a9-9523-f5dc491f03f5,SKU000919,https://cdn.demo.com/SKU000919.jpg,PRIMARY
e6ff581a-67ee-4cab-a112-bf2d0119737c,SKU000920,https://cdn.demo.com/SKU000920.jpg,PRIMARY
c99f94b4-1393-4efa-9d57-ff3bad2dff6f,SKU000921,https://cdn.demo.com/SKU000921.jpg,PRIMARY
fd64ba8d-f50b-4fb4-b609-aa5f6049a0b9,SKU000922,https://cdn.demo.com/SKU000922.jpg,PRIMARY
6607c5bf-b7ec-4767-90b2-05550d794326,SKU000923,https://cdn.demo.com/SKU000923.jpg,PRIMARY
86354975-d203-4719-8934-0e8f96191fa4,SKU000924,https://cdn.demo.com/SKU000924.jpg,PRIMARY
67405df3-691a-4e33-9ab7-b2d04c4847fc,SKU000925,https://cdn.demo.com/SKU000925.jpg,PRIMARY
f1eb7c4e-fe58-482f-8f37-21710a07989b,SKU000926,https://cdn.demo.com/SKU000926.jpg,PRIMARY
4646d39a-1bac-44e5-a2b7-388b0317dba0,SKU000927,https://cdn.demo.com/SKU000927.jpg,PRIMARY
b8290a52-0d35-4184-965b-ded4b6b947cd,SKU000928,https://cdn.demo.com/SKU000928.jpg,PRIMARY
72613429-f986-4451-b5cd-7c5aebbb8ace,SKU000929,https://cdn.demo.com/SKU000929.jpg,PRIMARY
fd9df3e4-05e1-416b-afd0-14b0f972a8e0,SKU000930,https://cdn.demo.com/SKU000930.jpg,PRIMARY
ed8a288d-5e81-4eb3-89bf-a8745394acdd,SKU000931,https://cdn.demo.com/SKU000931.jpg,PRIMARY
3edca4dd-b522-49c8-8e3d-0d44a8731f99,SKU000932,https://cdn.demo.com/SKU000932.jpg,PRIMARY
58d5a7cd-fd13-495f-9430-e425d0ccae74,SKU000933,https://cdn.demo.com/SKU000933.jpg,PRIMARY
1142f85e-8e9c-4a05-84ce-b04164265297,SKU000934,https://cdn.demo.com/SKU000934.jpg,PRIMARY
b9f17e96-eaf4-4961-8b62-6a0d40959f44,SKU000935,https://cdn.demo.com/SKU000935.jpg,PRIMARY
fb8e73af-ae4b-4b1d-945c-eaf08aac00a7,SKU000936,https://cdn.demo.com/SKU000936.jpg,PRIMARY
5f0d9fc2-4d76-4186-953c-b51f57f4f4bb,SKU000937,https://cdn.demo.com/SKU000937.jpg,PRIMARY
f1507bb6-249b-4a63-8626-aa017f5bc542,SKU000938,https://cdn.demo.com/SKU000938.jpg,PRIMARY
64d95135-b053-4dbb-a9ef-e9d3094e86cd,SKU000939,https://cdn.demo.com/SKU000939.jpg,PRIMARY
b827df92-fb90-422d-bafa-cea500486aef,SKU000940,https://cdn.demo.com/SKU000940.jpg,PRIMARY
5cfabbf8-1ea8-4ec9-8281-e316c99aecbf,SKU000941,https://cdn.demo.com/SKU000941.jpg,PRIMARY
8f59801b-486a-453d-9eca-98028e1a4a16,SKU000942,https://cdn.demo.com/SKU000942.jpg,PRIMARY
8ca9b9a1-3381-4294-84f0-9790205924ae,SKU000943,https://cdn.demo.com/SKU000943.jpg,PRIMARY
f6269cbd-1549-4054-902a-da8efdd10402,SKU000944,https://cdn.demo.com/SKU000944.jpg,PRIMARY
a29faaf7-6e56-4c05-a42a-a9c28d0b21a2,SKU000945,https://cdn.demo.com/SKU000945.jpg,PRIMARY
2e25db2e-b612-47e3-aa47-8dae2c76dfdc,SKU000946,https://cdn.demo.com/SKU000946.jpg,PRIMARY
e6492c20-d951-463b-a8e9-57bfda468f0d,SKU000947,https://cdn.demo.com/SKU000947.jpg,PRIMARY
480a510d-cdcc-48a9-b142-9711dee48804,SKU000948,https://cdn.demo.com/SKU000948.jpg,PRIMARY
983f60d2-c05b-41d1-a0d4-1b023d1f7159,SKU000949,https://cdn.demo.com/SKU000949.jpg,PRIMARY
45f78c86-4537-4803-acc7-14a0c60c5b4c,SKU000950,https://cdn.demo.com/SKU000950.jpg,PRIMARY
a144d769-ee73-4751-8588-7c0c9ad23dbb,SKU000951,https://cdn.demo.com/SKU000951.jpg,PRIMARY
b4d6a232-b8bf-425f-9c7c-fcbce1b72a94,SKU000952,https://cdn.demo.com/SKU000952.jpg,PRIMARY
833a511a-c600-417b-b3ec-5b3d9a81bef1,SKU000953,https://cdn.demo.com/SKU000953.jpg,PRIMARY
3f82995b-cb77-4549-a925-c22236238f52,SKU000954,https://cdn.demo.com/SKU000954.jpg,PRIMARY
f94bd725-30d2-4f5c-b2d0-28d3017df986,SKU000955,https://cdn.demo.com/SKU000955.jpg,PRIMARY
cca1b4cd-a217-49f5-a763-359d9cea3d76,SKU000956,https://cdn.demo.com/SKU000956.jpg,PRIMARY
6ba769c9-1439-4048-926b-074fb9aaa5a2,SKU000957,https://cdn.demo.com/SKU000957.jpg,PRIMARY
5c0e7c6b-196d-4cc1-955e-7ff2774151ae,SKU000958,https://cdn.demo.com/SKU000958.jpg,PRIMARY
2ad438d5-2c27-433f-934c-5dd0dd199136,SKU000959,https://cdn.demo.com/SKU000959.jpg,PRIMARY
c4a69b91-32a1-40ec-bb98-58462d3d1de8,SKU000960,https://cdn.demo.com/SKU000960.jpg,PRIMARY
c17e9135-7876-446d-bbd1-62384fb91839,SKU000961,https://cdn.demo.com/SKU000961.jpg,PRIMARY
c6c60eeb-a4c1-4314-8cb0-8c42409bad12,SKU000962,https://cdn.demo.com/SKU000962.jpg,PRIMARY
de7f8f79-bef1-4a5f-9d77-3a59f18302c5,SKU000963,https://cdn.demo.com/SKU000963.jpg,PRIMARY
d2f41e30-be1d-4e09-9aef-aa41e3137bcb,SKU000964,https://cdn.demo.com/SKU000964.jpg,PRIMARY
79e03e58-272e-4e33-b779-9445901d005c,SKU000965,https://cdn.demo.com/SKU000965.jpg,PRIMARY
09f1ced3-c047-436c-91b0-b2b424ec60d5,SKU000966,https://cdn.demo.com/SKU000966.jpg,PRIMARY
a58b34d4-a1dc-478b-9fca-e0f905b2639b,SKU000967,https://cdn.demo.com/SKU000967.jpg,PRIMARY
deb8b932-a00d-49c3-85a6-c75f71057960,SKU000968,https://cdn.demo.com/SKU000968.jpg,PRIMARY
d70f8209-febd-466a-9ea6-fb51a4ac4c6f,SKU000969,https://cdn.demo.com/SKU000969.jpg,PRIMARY
e116983a-25fe-4104-b09e-334b83c545c1,SKU000970,https://cdn.demo.com/SKU000970.jpg,PRIMARY
136cb8f4-6eda-4789-a76b-86d0f8bcd4a2,SKU000971,https://cdn.demo.com/SKU000971.jpg,PRIMARY
2aeee77f-0d69-4375-81bb-7a7621bfa728,SKU000972,https://cdn.demo.com/SKU000972.jpg,PRIMARY
b7bd7338-26ac-4ee6-9999-342cdc83a562,SKU000973,https://cdn.demo.com/SKU000973.jpg,PRIMARY
afd5bc70-a0cd-43e9-b46e-f18d462a5723,SKU000974,https://cdn.demo.com/SKU000974.jpg,PRIMARY
e5dadf57-16e2-4a96-87da-94c114cc0d18,SKU000975,https://cdn.demo.com/SKU000975.jpg,PRIMARY
7c469e91-6e55-4d96-b4a7-11bca02250dc,SKU000976,https://cdn.demo.com/SKU000976.jpg,PRIMARY
0ec47f12-9b4b-4899-bb9b-b2db1911ccc8,SKU000977,https://cdn.demo.com/SKU000977.jpg,PRIMARY
23294310-4e3a-45b2-8a8b-7abfcb66882d,SKU000978,https://cdn.demo.com/SKU000978.jpg,PRIMARY
33ea7e7a-6f76-40e7-967b-4c05960f354d,SKU000979,https://cdn.demo.com/SKU000979.jpg,PRIMARY
983fbee9-d4a1-4179-9b97-886368bbfd81,SKU000980,https://cdn.demo.com/SKU000980.jpg,PRIMARY
89a9dbdd-2bc0-4bbd-9f6d-717cccc164aa,SKU000981,https://cdn.demo.com/SKU000981.jpg,PRIMARY
8c4f55e5-13fa-4dd4-95c6-12973a280b88,SKU000982,https://cdn.demo.com/SKU000982.jpg,PRIMARY
fcce1ed8-e6d3-400a-a5f3-0079a045cc66,SKU000983,https://cdn.demo.com/SKU000983.jpg,PRIMARY
7e179bbe-61e5-492a-8485-c00cb6a0817d,SKU000984,https://cdn.demo.com/SKU000984.jpg,PRIMARY
e7d99a3d-700e-4bf1-a244-cddbb88df4b4,SKU000985,https://cdn.demo.com/SKU000985.jpg,PRIMARY
30968a72-8fbd-4020-a058-33df5efdb7d6,SKU000986,https://cdn.demo.com/SKU000986.jpg,PRIMARY
1a2fb91a-b2b4-439d-b17d-a17d8091f325,SKU000987,https://cdn.demo.com/SKU000987.jpg,PRIMARY
ce89bfb2-061a-458f-bf46-b0d472e2b6b0,SKU000988,https://cdn.demo.com/SKU000988.jpg,PRIMARY
7d43f7a3-e739-4b52-9d1b-66f66335ef2c,SKU000989,https://cdn.demo.com/SKU000989.jpg,PRIMARY
a3551a72-5c1b-4133-9509-70b7d70d2801,SKU000990,https://cdn.demo.com/SKU000990.jpg,PRIMARY
0718edce-8f63-4561-bc4a-aaec08453a9a,SKU000991,https://cdn.demo.com/SKU000991.jpg,PRIMARY
e704218c-3fe7-4822-9adf-b802dc1af77b,SKU000992,https://cdn.demo.com/SKU000992.jpg,PRIMARY
5e0c5452-c309-408f-a349-5abb35fbb6f4,SKU000993,https://cdn.demo.com/SKU000993.jpg,PRIMARY
02a4a35c-d824-4402-8beb-2e1f7fc23d09,SKU000994,https://cdn.demo.com/SKU000994.jpg,PRIMARY
f872bb5c-2c84-47cd-972a-1ca3f1324e27,SKU000995,https://cdn.demo.com/SKU000995.jpg,PRIMARY
0399e615-f6c7-482b-9a0f-add94b457386,SKU000996,https://cdn.demo.com/SKU000996.jpg,PRIMARY
84455993-a696-4952-9bd7-028d5c38eca9,SKU000997,https://cdn.demo.com/SKU000997.jpg,PRIMARY
7bcbe7bc-2313-4452-82ba-afca092555ff,SKU000998,https://cdn.demo.com/SKU000998.jpg,PRIMARY
889df1eb-272c-4895-8adc-bda7f658eb72,SKU000999,https://cdn.demo.com/SKU000999.jpg,PRIMARY
796a2c75-9628-4648-aeac-d7d15cd6e770,SKU001000,https://cdn.demo.com/SKU001000.jpg,PRIMARY
6321e286-16cd-419d-8e20-1b1d290c0c45,SKU001001,https://cdn.demo.com/SKU001001.jpg,PRIMARY
e9e1a1e9-44a6-426d-aecd-95983bde5b13,SKU001002,https://cdn.demo.com/SKU001002.jpg,PRIMARY
872f772e-2ac4-4b38-9b1e-9741fd9f2dea,SKU001003,https://cdn.demo.com/SKU001003.jpg,PRIMARY
fc1bf068-ac4e-41b9-a8ce-7f4f10c37e1a,SKU001004,https://cdn.demo.com/SKU001004.jpg,PRIMARY
dcb68acc-d639-4528-808c-203cd43c9e49,SKU001005,https://cdn.demo.com/SKU001005.jpg,PRIMARY
251ebceb-aa4e-4061-b222-afc8c2b26de5,SKU001006,https://cdn.demo.com/SKU001006.jpg,PRIMARY
0f0cbbaa-4555-4849-abd7-2ba5e4b809d2,SKU001007,https://cdn.demo.com/SKU001007.jpg,PRIMARY
e1574581-1ce8-4b33-af40-5ae918a86700,SKU001008,https://cdn.demo.com/SKU001008.jpg,PRIMARY
b73b1328-fe8b-4f4d-9304-11aec9874dcd,SKU001009,https://cdn.demo.com/SKU001009.jpg,PRIMARY
bfb1ce48-0b10-4d9e-8e70-aa986e7f7f72,SKU001010,https://cdn.demo.com/SKU001010.jpg,PRIMARY
a2929969-75e0-4b0a-a486-97d28b1586ce,SKU001011,https://cdn.demo.com/SKU001011.jpg,PRIMARY
0235e560-2791-4785-b737-74125a6567d7,SKU001012,https://cdn.demo.com/SKU001012.jpg,PRIMARY
e71a656a-6c2d-4794-bb38-dcd197ed4985,SKU001013,https://cdn.demo.com/SKU001013.jpg,PRIMARY
d1d069df-4418-4b2b-9871-f6fafb42fa17,SKU001014,https://cdn.demo.com/SKU001014.jpg,PRIMARY
c69edc82-92c7-42b9-81b1-230fc4ff6672,SKU001015,https://cdn.demo.com/SKU001015.jpg,PRIMARY
aa7413c2-a45e-4293-8aa7-66249da2c400,SKU001016,https://cdn.demo.com/SKU001016.jpg,PRIMARY
9beab8f2-b714-4e63-8912-b2ce933bcd62,SKU001017,https://cdn.demo.com/SKU001017.jpg,PRIMARY
484d3e1d-09f7-4577-87d6-ee83e615bee3,SKU001018,https://cdn.demo.com/SKU001018.jpg,PRIMARY
0f05bc08-63af-4a7a-9b6f-b004337d1863,SKU001019,https://cdn.demo.com/SKU001019.jpg,PRIMARY
45856bbd-7c4a-4e84-9ebb-447b540dc048,SKU001020,https://cdn.demo.com/SKU001020.jpg,PRIMARY
eb531bd3-20ac-470c-a1e7-a6409b4891ee,SKU001021,https://cdn.demo.com/SKU001021.jpg,PRIMARY
5b039700-4b2a-44bf-a7a1-4a21ae4ba4e8,SKU001022,https://cdn.demo.com/SKU001022.jpg,PRIMARY
4ab7b9a6-85fa-48e5-ae79-8e87efcfe032,SKU001023,https://cdn.demo.com/SKU001023.jpg,PRIMARY
37530537-04ef-432e-a7f8-9dbb83fdfff9,SKU001024,https://cdn.demo.com/SKU001024.jpg,PRIMARY
b1c14272-f774-4e99-a034-a689d89249b1,SKU001025,https://cdn.demo.com/SKU001025.jpg,PRIMARY
9e4b7ea3-1029-4172-b8be-dbf33cebb85b,SKU001026,https://cdn.demo.com/SKU001026.jpg,PRIMARY
d89e982e-7141-466c-a90c-4a8bbed31bb7,SKU001027,https://cdn.demo.com/SKU001027.jpg,PRIMARY
8391b7af-6a3e-4322-840e-d9ca82e1a3eb,SKU001028,https://cdn.demo.com/SKU001028.jpg,PRIMARY
c062529a-e432-4839-91d9-9739f24b92c7,SKU001029,https://cdn.demo.com/SKU001029.jpg,PRIMARY
51a43324-2855-4f05-bc8e-bf4384315fc2,SKU001030,https://cdn.demo.com/SKU001030.jpg,PRIMARY
799eda30-91e5-43f1-8a17-b2dc45695dd9,SKU001031,https://cdn.demo.com/SKU001031.jpg,PRIMARY
34d928a5-7b4e-435b-8ca4-43defbad0c20,SKU001032,https://cdn.demo.com/SKU001032.jpg,PRIMARY
e5d3c3b0-0980-4b43-970f-a4ab0bbb3ba2,SKU001033,https://cdn.demo.com/SKU001033.jpg,PRIMARY
440d87a4-91a9-4760-8049-85b9d798d495,SKU001034,https://cdn.demo.com/SKU001034.jpg,PRIMARY
4f924083-f1b0-49ae-a749-578d6e18b0ba,SKU001035,https://cdn.demo.com/SKU001035.jpg,PRIMARY
ae08482b-4ce6-4a0f-b3f6-3e9dcd03bc11,SKU001036,https://cdn.demo.com/SKU001036.jpg,PRIMARY
faefa31c-5b2b-483f-8897-d978edb5d8f8,SKU001037,https://cdn.demo.com/SKU001037.jpg,PRIMARY
0e19a34b-587a-4cd0-abcf-099f1a3b12bc,SKU001038,https://cdn.demo.com/SKU001038.jpg,PRIMARY
12a12945-d328-4a60-8833-aaadfef92a33,SKU001039,https://cdn.demo.com/SKU001039.jpg,PRIMARY
8f499fcd-2b72-4916-93ea-ef88729c734b,SKU001040,https://cdn.demo.com/SKU001040.jpg,PRIMARY
0e99a55f-f7de-498d-b044-52d4e93bf06b,SKU001041,https://cdn.demo.com/SKU001041.jpg,PRIMARY
0bcfbb78-63f7-40a1-b94f-9d86f582c04a,SKU001042,https://cdn.demo.com/SKU001042.jpg,PRIMARY
ef78f2e6-dbf2-48f2-84e0-c09514597d53,SKU001043,https://cdn.demo.com/SKU001043.jpg,PRIMARY
3ef78894-5410-4eed-aaec-cd144d74c412,SKU001044,https://cdn.demo.com/SKU001044.jpg,PRIMARY
0531a12e-38c8-4ead-a0f6-b63805bc0147,SKU001045,https://cdn.demo.com/SKU001045.jpg,PRIMARY
dff9fe65-470a-429d-9586-3559b5650baa,SKU001046,https://cdn.demo.com/SKU001046.jpg,PRIMARY
2b9038e3-c917-41d1-982c-e16ad4181a6b,SKU001047,https://cdn.demo.com/SKU001047.jpg,PRIMARY
52c3f5ab-ea18-45fa-84c2-7ee4aab6c859,SKU001048,https://cdn.demo.com/SKU001048.jpg,PRIMARY
74a64cab-89d7-482f-8422-eda44cc98655,SKU001049,https://cdn.demo.com/SKU001049.jpg,PRIMARY
ab8083bd-d1ee-4244-bfe6-5116c6a232bb,SKU001050,https://cdn.demo.com/SKU001050.jpg,PRIMARY
86b077b8-fb50-4503-b334-cb131b903272,SKU001051,https://cdn.demo.com/SKU001051.jpg,PRIMARY
456b15d3-25bf-4eea-ab80-25804a146312,SKU001052,https://cdn.demo.com/SKU001052.jpg,PRIMARY
9944089e-e0de-401b-9e34-9b8c9feb86b0,SKU001053,https://cdn.demo.com/SKU001053.jpg,PRIMARY
9fef6b3f-78a3-486e-9664-44052f0524f1,SKU001054,https://cdn.demo.com/SKU001054.jpg,PRIMARY
7f558548-f046-482c-8dcc-f5505c5c2ded,SKU001055,https://cdn.demo.com/SKU001055.jpg,PRIMARY
3d4d19dc-7787-4fd1-bb78-1aac247a59fc,SKU001056,https://cdn.demo.com/SKU001056.jpg,PRIMARY
69a8b8ff-56b7-4183-a184-3afb8c9d0ddd,SKU001057,https://cdn.demo.com/SKU001057.jpg,PRIMARY
3fc33a2f-fde3-4fd0-8b8f-cc62a08b1164,SKU001058,https://cdn.demo.com/SKU001058.jpg,PRIMARY
3e5e83ab-1127-40d7-bb4f-a381a06e0fb8,SKU001059,https://cdn.demo.com/SKU001059.jpg,PRIMARY
3f0f52a7-57a5-4d5d-a80b-5ae1297905da,SKU001060,https://cdn.demo.com/SKU001060.jpg,PRIMARY
08cc9339-e9c1-41d3-9f4f-67a81370d903,SKU001061,https://cdn.demo.com/SKU001061.jpg,PRIMARY
68334113-b179-4859-ab18-98a6ddc89aa9,SKU001062,https://cdn.demo.com/SKU001062.jpg,PRIMARY
af36ce8b-96c3-4b6e-9b85-024e5de9cf01,SKU001063,https://cdn.demo.com/SKU001063.jpg,PRIMARY
b9c15c5e-e779-4444-b484-ecf1e8d5f177,SKU001064,https://cdn.demo.com/SKU001064.jpg,PRIMARY
a4bd056b-6cb2-4ff2-939e-832900a1dd00,SKU001065,https://cdn.demo.com/SKU001065.jpg,PRIMARY
eaf50bca-684f-40d5-99b2-d47319fc7a5c,SKU001066,https://cdn.demo.com/SKU001066.jpg,PRIMARY
3add4f1d-9355-4bec-8f0d-9df05ca84abb,SKU001067,https://cdn.demo.com/SKU001067.jpg,PRIMARY
f6032c2b-770a-4108-965c-ba46e2ce3702,SKU001068,https://cdn.demo.com/SKU001068.jpg,PRIMARY
bb2f9688-86bd-4eab-b7e8-9d3842342af5,SKU001069,https://cdn.demo.com/SKU001069.jpg,PRIMARY
0c48d21e-e2bf-4da9-a662-cc3491dd9a6a,SKU001070,https://cdn.demo.com/SKU001070.jpg,PRIMARY
4473102b-1535-4261-9def-e3dc047322b9,SKU001071,https://cdn.demo.com/SKU001071.jpg,PRIMARY
c295c9ec-0a92-4f25-a9c5-15c6cfe7087c,SKU001072,https://cdn.demo.com/SKU001072.jpg,PRIMARY
0b835cbe-350e-4a5b-8651-d7bf04904810,SKU001073,https://cdn.demo.com/SKU001073.jpg,PRIMARY
38a038d1-728f-4899-9a1b-9754b641c156,SKU001074,https://cdn.demo.com/SKU001074.jpg,PRIMARY
0b0ff4cf-2677-4523-ad53-4de4a1ea861a,SKU001075,https://cdn.demo.com/SKU001075.jpg,PRIMARY
9e18e403-9d58-479e-9b9c-db27b743cbc9,SKU001076,https://cdn.demo.com/SKU001076.jpg,PRIMARY
9b1db586-3ac6-4e91-b516-34c039c60278,SKU001077,https://cdn.demo.com/SKU001077.jpg,PRIMARY
cd900cc2-da74-4a32-87c6-4d651efa30e3,SKU001078,https://cdn.demo.com/SKU001078.jpg,PRIMARY
3230c0b9-5176-4f16-a7ed-620e6e6f88b0,SKU001079,https://cdn.demo.com/SKU001079.jpg,PRIMARY
4b455ca0-4305-4061-b2d6-8e9158428ccf,SKU001080,https://cdn.demo.com/SKU001080.jpg,PRIMARY
a11c509d-51dc-45f2-be43-6e618acf9730,SKU001081,https://cdn.demo.com/SKU001081.jpg,PRIMARY
75d3d410-dcbb-4156-8f23-e74e3f4c9adc,SKU001082,https://cdn.demo.com/SKU001082.jpg,PRIMARY
d9e7a0ae-91f7-45fa-bf26-7c603ba3a131,SKU001083,https://cdn.demo.com/SKU001083.jpg,PRIMARY
2ce71846-4241-45db-af9e-f41e01e54d99,SKU001084,https://cdn.demo.com/SKU001084.jpg,PRIMARY
39b70a28-dc0c-4333-9b99-cfe828e38e5f,SKU001085,https://cdn.demo.com/SKU001085.jpg,PRIMARY
dc9f4144-a1a6-4616-8801-7fbb56fb6bfe,SKU001086,https://cdn.demo.com/SKU001086.jpg,PRIMARY
ffb654d7-49c9-421f-8685-8ef8841b708f,SKU001087,https://cdn.demo.com/SKU001087.jpg,PRIMARY
f53c9e1a-eebd-485d-a66c-081fc023e4c3,SKU001088,https://cdn.demo.com/SKU001088.jpg,PRIMARY
7f58ba5a-51a5-45eb-94f8-17e1b2a3036e,SKU001089,https://cdn.demo.com/SKU001089.jpg,PRIMARY
997fc240-1454-408f-83ef-c61b2a687c1a,SKU001090,https://cdn.demo.com/SKU001090.jpg,PRIMARY
ce0c05e9-12d7-48a2-a048-ed60fe15bc55,SKU001091,https://cdn.demo.com/SKU001091.jpg,PRIMARY
1cef67ad-cdca-45c0-9dec-e70283e9c8f4,SKU001092,https://cdn.demo.com/SKU001092.jpg,PRIMARY
a06dcfce-1988-4095-abc5-412171efdcc5,SKU001093,https://cdn.demo.com/SKU001093.jpg,PRIMARY
e17b3140-8437-4f8b-8ba8-7779d888c425,SKU001094,https://cdn.demo.com/SKU001094.jpg,PRIMARY
68a6a071-a19c-4745-88b1-c7afccd0bc75,SKU001095,https://cdn.demo.com/SKU001095.jpg,PRIMARY
384b9c6e-6d64-4739-a861-a60838c78de0,SKU001096,https://cdn.demo.com/SKU001096.jpg,PRIMARY
f8e66731-2197-4e55-aec5-f7a2f2e71ee5,SKU001097,https://cdn.demo.com/SKU001097.jpg,PRIMARY
bd6d3d91-4630-4b23-80b1-5a50be5a48fc,SKU001098,https://cdn.demo.com/SKU001098.jpg,PRIMARY
04b4cb92-1349-4fc2-ab79-2e38c581d2a9,SKU001099,https://cdn.demo.com/SKU001099.jpg,PRIMARY
8656d5e3-1956-4977-99f2-cbbd73a8713d,SKU001100,https://cdn.demo.com/SKU001100.jpg,PRIMARY
b4fd1f91-b29f-47fd-93a8-f396a153a6c6,SKU001101,https://cdn.demo.com/SKU001101.jpg,PRIMARY
e6b4816d-b132-4e92-b032-5541d0028afe,SKU001102,https://cdn.demo.com/SKU001102.jpg,PRIMARY
aec5551d-fff4-45b1-9d4b-9ae8e14dcf93,SKU001103,https://cdn.demo.com/SKU001103.jpg,PRIMARY
3bcbb882-1d1b-4a8c-8377-a91d333b73d0,SKU001104,https://cdn.demo.com/SKU001104.jpg,PRIMARY
5e54870c-732d-46e1-b46c-3bcf85bc466e,SKU001105,https://cdn.demo.com/SKU001105.jpg,PRIMARY
2b74def5-5745-4cde-a411-92c78a12a884,SKU001106,https://cdn.demo.com/SKU001106.jpg,PRIMARY
5f493280-8dab-4762-8e0f-68014162eb0b,SKU001107,https://cdn.demo.com/SKU001107.jpg,PRIMARY
840cf428-1b7e-4c36-a23a-3b096f0b4766,SKU001108,https://cdn.demo.com/SKU001108.jpg,PRIMARY
963ba5a0-7396-4d8f-84f4-11ed8668db34,SKU001109,https://cdn.demo.com/SKU001109.jpg,PRIMARY
00d661db-ebeb-4c3f-aa1b-34895261d6e1,SKU001110,https://cdn.demo.com/SKU001110.jpg,PRIMARY
2480e27b-07ae-461e-9ad3-d023521aa0ab,SKU001111,https://cdn.demo.com/SKU001111.jpg,PRIMARY
1dc19d6b-430b-497c-8115-b5d08bbd9507,SKU001112,https://cdn.demo.com/SKU001112.jpg,PRIMARY
1ee28f02-e650-4353-8728-866f2e3dbdb9,SKU001113,https://cdn.demo.com/SKU001113.jpg,PRIMARY
ffe1b1e6-12f1-4a42-936a-8d5af8c6faea,SKU001114,https://cdn.demo.com/SKU001114.jpg,PRIMARY
6c0a354b-ce7b-44ea-9d62-03fbf56502b3,SKU001115,https://cdn.demo.com/SKU001115.jpg,PRIMARY
a641134f-61e8-4199-93db-ca07905bd8b0,SKU001116,https://cdn.demo.com/SKU001116.jpg,PRIMARY
31e47925-5b01-4831-b67d-1ce9a43cc8c2,SKU001117,https://cdn.demo.com/SKU001117.jpg,PRIMARY
4d1f1dc5-1083-4bd3-928c-fb589236503f,SKU001118,https://cdn.demo.com/SKU001118.jpg,PRIMARY
4a4fceea-06b5-4596-bf5f-e6c016aa87b5,SKU001119,https://cdn.demo.com/SKU001119.jpg,PRIMARY
7068b844-04f4-42c2-84b6-b761773a443e,SKU001120,https://cdn.demo.com/SKU001120.jpg,PRIMARY
f3334ade-761c-4dd0-8410-216c7955b3b2,SKU001121,https://cdn.demo.com/SKU001121.jpg,PRIMARY
c45bc560-8d2e-493b-8ba4-91e25a4dc496,SKU001122,https://cdn.demo.com/SKU001122.jpg,PRIMARY
1d1bb943-9717-4f41-90da-35310322e446,SKU001123,https://cdn.demo.com/SKU001123.jpg,PRIMARY
0c27f0f3-393c-44a3-9cc2-474ab9eeda93,SKU001124,https://cdn.demo.com/SKU001124.jpg,PRIMARY
079cf5a9-2200-4d2e-a47a-51910eb75222,SKU001125,https://cdn.demo.com/SKU001125.jpg,PRIMARY
301d140d-7658-41dc-9bb2-8dfe98ecfd75,SKU001126,https://cdn.demo.com/SKU001126.jpg,PRIMARY
819174bd-690c-4448-a299-bd488169fc0d,SKU001127,https://cdn.demo.com/SKU001127.jpg,PRIMARY
d8138b61-985f-45a3-9fbc-308a00f4d646,SKU001128,https://cdn.demo.com/SKU001128.jpg,PRIMARY
3d45daab-0ca0-420b-a82b-3bf2a3ff2598,SKU001129,https://cdn.demo.com/SKU001129.jpg,PRIMARY
bb28a02c-127a-4313-bb5c-c913cfd35e2d,SKU001130,https://cdn.demo.com/SKU001130.jpg,PRIMARY
917d1073-8c7e-47f8-93f7-20a02eb1c038,SKU001131,https://cdn.demo.com/SKU001131.jpg,PRIMARY
acd5020c-1df4-44af-8db7-a3eb662e0fcc,SKU001132,https://cdn.demo.com/SKU001132.jpg,PRIMARY
a8e932e5-0932-4b45-b1a3-608d2bc96a64,SKU001133,https://cdn.demo.com/SKU001133.jpg,PRIMARY
09aa9164-7498-4c12-99e2-c2eae5e391f7,SKU001134,https://cdn.demo.com/SKU001134.jpg,PRIMARY
3fa2de5b-676b-47a2-8db5-1a0555ddba1f,SKU001135,https://cdn.demo.com/SKU001135.jpg,PRIMARY
9945efa2-74c1-415d-b454-999ff39a5a00,SKU001136,https://cdn.demo.com/SKU001136.jpg,PRIMARY
bd56214f-748d-4bab-8731-ca06f44d3b1b,SKU001137,https://cdn.demo.com/SKU001137.jpg,PRIMARY
593226c6-452b-45ee-9d18-00ec9cf1f8f1,SKU001138,https://cdn.demo.com/SKU001138.jpg,PRIMARY
9a823492-ea0f-4fa6-8a20-d92eaf71d348,SKU001139,https://cdn.demo.com/SKU001139.jpg,PRIMARY
9b0d3627-847a-4da7-97d6-e64c36640d39,SKU001140,https://cdn.demo.com/SKU001140.jpg,PRIMARY
e1d134e8-b49e-44fd-91a1-d14dbc5c86ac,SKU001141,https://cdn.demo.com/SKU001141.jpg,PRIMARY
9e9d95b5-0127-466e-87b2-f497e44742a1,SKU001142,https://cdn.demo.com/SKU001142.jpg,PRIMARY
df400b82-9a40-4b67-8b3c-c035574e268c,SKU001143,https://cdn.demo.com/SKU001143.jpg,PRIMARY
1463ab56-f62b-4729-a260-1725ec209ccf,SKU001144,https://cdn.demo.com/SKU001144.jpg,PRIMARY
6a88dd6f-e5eb-49b0-84b5-cb5dcd5af05d,SKU001145,https://cdn.demo.com/SKU001145.jpg,PRIMARY
7e7a07ee-4df8-4f60-b092-702e2d8d1e7d,SKU001146,https://cdn.demo.com/SKU001146.jpg,PRIMARY
b0666da8-2617-4809-9346-0b17a83f780b,SKU001147,https://cdn.demo.com/SKU001147.jpg,PRIMARY
6336ec05-7fa2-4269-bdff-98d43887dc0b,SKU001148,https://cdn.demo.com/SKU001148.jpg,PRIMARY
83ee3ed9-c4bc-441e-8bb1-8eecb730a93c,SKU001149,https://cdn.demo.com/SKU001149.jpg,PRIMARY
8e8211d7-686b-4a5b-96ea-2558cb79db39,SKU001150,https://cdn.demo.com/SKU001150.jpg,PRIMARY
c400c5ae-bc26-467a-9a67-d99fcb570856,SKU001151,https://cdn.demo.com/SKU001151.jpg,PRIMARY
56c82b9f-72c2-43b7-a334-9f84c8833d2c,SKU001152,https://cdn.demo.com/SKU001152.jpg,PRIMARY
2d12ae7d-7483-41ec-bba2-79b79f0a73c6,SKU001153,https://cdn.demo.com/SKU001153.jpg,PRIMARY
710e7db6-c2be-4317-a62f-a99761a42d00,SKU001154,https://cdn.demo.com/SKU001154.jpg,PRIMARY
1f1ac730-aaf7-4923-8d59-399b0c37c046,SKU001155,https://cdn.demo.com/SKU001155.jpg,PRIMARY
1607dad8-d495-4370-91fb-bfafc7dcdcb3,SKU001156,https://cdn.demo.com/SKU001156.jpg,PRIMARY
29155988-2b28-40f7-9f73-0d715c24e8a6,SKU001157,https://cdn.demo.com/SKU001157.jpg,PRIMARY
eb108e7b-ad79-4069-a804-032dc8f9c296,SKU001158,https://cdn.demo.com/SKU001158.jpg,PRIMARY
9b1f9631-3c27-48d4-bb91-bc09add57cb9,SKU001159,https://cdn.demo.com/SKU001159.jpg,PRIMARY
079ed945-1fab-4788-b8a5-0fb00dc47352,SKU001160,https://cdn.demo.com/SKU001160.jpg,PRIMARY
913424f4-6fd1-4ee3-842b-74e6b734a51c,SKU001161,https://cdn.demo.com/SKU001161.jpg,PRIMARY
fd3ba7f6-03b3-48fe-9813-e7e03c216120,SKU001162,https://cdn.demo.com/SKU001162.jpg,PRIMARY
1f41d98f-8e07-4dcc-bda3-93df6cda6ce9,SKU001163,https://cdn.demo.com/SKU001163.jpg,PRIMARY
86f3ba38-b505-42f2-9649-90035c6cfa5a,SKU001164,https://cdn.demo.com/SKU001164.jpg,PRIMARY
d9cc1cf1-eda6-48ff-8644-f6b28d4888b5,SKU001165,https://cdn.demo.com/SKU001165.jpg,PRIMARY
a29895ec-406b-4ede-b366-6b1cfabb7b81,SKU001166,https://cdn.demo.com/SKU001166.jpg,PRIMARY
aaaba3cd-3024-451d-9e45-dbdce2a51e7b,SKU001167,https://cdn.demo.com/SKU001167.jpg,PRIMARY
1ee1346b-376c-40f3-8f63-dea54b75fc5c,SKU001168,https://cdn.demo.com/SKU001168.jpg,PRIMARY
c7997159-9ec8-4b22-b443-c4cae1a9ee85,SKU001169,https://cdn.demo.com/SKU001169.jpg,PRIMARY
21b8e359-c4dc-4e26-8553-616082e49a2f,SKU001170,https://cdn.demo.com/SKU001170.jpg,PRIMARY
a7779f1a-ecfa-4689-9ae5-1b168777c722,SKU001171,https://cdn.demo.com/SKU001171.jpg,PRIMARY
3a957436-cd97-4087-a8a7-68d03451a454,SKU001172,https://cdn.demo.com/SKU001172.jpg,PRIMARY
7f26204b-c05c-4474-bb44-5f4c00cbe1d1,SKU001173,https://cdn.demo.com/SKU001173.jpg,PRIMARY
2097b9c7-a0a3-48c7-9915-254f5e0c49c6,SKU001174,https://cdn.demo.com/SKU001174.jpg,PRIMARY
24e1842e-7521-4ab5-a58a-2d2b4f6a3296,SKU001175,https://cdn.demo.com/SKU001175.jpg,PRIMARY
886a631e-dfcd-44dc-855c-5b05c2747394,SKU001176,https://cdn.demo.com/SKU001176.jpg,PRIMARY
25b37fc1-6f28-4825-9ce2-d1e47fb869fc,SKU001177,https://cdn.demo.com/SKU001177.jpg,PRIMARY
0930ecba-112f-4365-8d7f-051a2a13e2cd,SKU001178,https://cdn.demo.com/SKU001178.jpg,PRIMARY
29829295-48c3-4f47-8e5b-e051ef87be72,SKU001179,https://cdn.demo.com/SKU001179.jpg,PRIMARY
1e9d480d-7243-420c-8344-8e40798b9087,SKU001180,https://cdn.demo.com/SKU001180.jpg,PRIMARY
3425d525-1dda-4629-a7e0-dfe11594fa6b,SKU001181,https://cdn.demo.com/SKU001181.jpg,PRIMARY
7f19aed3-17d7-4a2a-ab7f-025734a3a74f,SKU001182,https://cdn.demo.com/SKU001182.jpg,PRIMARY
170feb97-60e1-443f-aedf-2761030208a1,SKU001183,https://cdn.demo.com/SKU001183.jpg,PRIMARY
ad4a47d1-d403-454f-9875-f439ebcae0d6,SKU001184,https://cdn.demo.com/SKU001184.jpg,PRIMARY
a0c42431-3424-4b58-85ed-ff0f9ea9dd4c,SKU001185,https://cdn.demo.com/SKU001185.jpg,PRIMARY
d689df30-457b-4d21-94df-686d4f09acb1,SKU001186,https://cdn.demo.com/SKU001186.jpg,PRIMARY
0e997d34-bb9c-4d10-9305-be2c10a04dbc,SKU001187,https://cdn.demo.com/SKU001187.jpg,PRIMARY
101826c9-895c-4876-b49c-d7bbdac172e6,SKU001188,https://cdn.demo.com/SKU001188.jpg,PRIMARY
7d7d68f2-ee4d-40c9-bf34-ba511d9066da,SKU001189,https://cdn.demo.com/SKU001189.jpg,PRIMARY
0721ae39-741a-4cf1-91d9-6cc27aaf185b,SKU001190,https://cdn.demo.com/SKU001190.jpg,PRIMARY
458ca864-25cf-4fea-8527-bb57e5d85b9c,SKU001191,https://cdn.demo.com/SKU001191.jpg,PRIMARY
d8a0cbf1-edb6-4489-8aff-331db1944279,SKU001192,https://cdn.demo.com/SKU001192.jpg,PRIMARY
3bea118d-8014-4bab-9c46-fc7528562e99,SKU001193,https://cdn.demo.com/SKU001193.jpg,PRIMARY
90b22174-9008-4737-862f-62eddde49ece,SKU001194,https://cdn.demo.com/SKU001194.jpg,PRIMARY
a73303a7-fa7d-4726-b174-969c8168249b,SKU001195,https://cdn.demo.com/SKU001195.jpg,PRIMARY
532cfa3f-c39c-4c3e-af35-5ab9246e1f5c,SKU001196,https://cdn.demo.com/SKU001196.jpg,PRIMARY
2d5db943-50d4-49ab-80f7-d304277505a7,SKU001197,https://cdn.demo.com/SKU001197.jpg,PRIMARY
58498b0d-eb47-4fe5-a4f5-01167d371f41,SKU001198,https://cdn.demo.com/SKU001198.jpg,PRIMARY
f3c5cf6e-fe13-4f1d-af3d-3b5f34148498,SKU001199,https://cdn.demo.com/SKU001199.jpg,PRIMARY
6464526a-9d02-4a14-acc4-92daeb6ae775,SKU001200,https://cdn.demo.com/SKU001200.jpg,PRIMARY
a303146c-ef33-4587-9377-c6534d812e7a,SKU001201,https://cdn.demo.com/SKU001201.jpg,PRIMARY
98c51e4d-c5e6-4750-a149-1e2bf7327f89,SKU001202,https://cdn.demo.com/SKU001202.jpg,PRIMARY
be13b276-04b5-4ac0-b613-6b14665774c5,SKU001203,https://cdn.demo.com/SKU001203.jpg,PRIMARY
8cab5224-6d24-45a3-a2ea-97b8ce0ff64b,SKU001204,https://cdn.demo.com/SKU001204.jpg,PRIMARY
4c2203a4-e972-4b8c-afb6-2e7f6cfba260,SKU001205,https://cdn.demo.com/SKU001205.jpg,PRIMARY
c880b6da-7d53-4c80-9a04-0239dfbb97b9,SKU001206,https://cdn.demo.com/SKU001206.jpg,PRIMARY
60859ebf-e421-4c43-8b31-801706df7885,SKU001207,https://cdn.demo.com/SKU001207.jpg,PRIMARY
a4f2a9e7-9d76-4aa4-9170-51de8f8e3508,SKU001208,https://cdn.demo.com/SKU001208.jpg,PRIMARY
4dfa366f-5c47-4c94-b098-5cb3c234fb02,SKU001209,https://cdn.demo.com/SKU001209.jpg,PRIMARY
94646def-958f-4469-b6a0-e48990c4c17e,SKU001210,https://cdn.demo.com/SKU001210.jpg,PRIMARY
27d2c812-ca81-4578-ae41-616010b9f163,SKU001211,https://cdn.demo.com/SKU001211.jpg,PRIMARY
3bd5697c-bc3d-4af2-a814-a5458f40d2ab,SKU001212,https://cdn.demo.com/SKU001212.jpg,PRIMARY
8b0f3e57-7eb7-4ad4-bde1-e683af7d5832,SKU001213,https://cdn.demo.com/SKU001213.jpg,PRIMARY
9f0cdd1b-bb4b-4536-8df8-74c6021c4cd9,SKU001214,https://cdn.demo.com/SKU001214.jpg,PRIMARY
21c65fe7-7de2-419a-aa56-d28ee3265999,SKU001215,https://cdn.demo.com/SKU001215.jpg,PRIMARY
202be7d8-34af-456b-bf0c-edbbf7a41eb9,SKU001216,https://cdn.demo.com/SKU001216.jpg,PRIMARY
4659f916-cf61-4c51-a894-91b2889444d0,SKU001217,https://cdn.demo.com/SKU001217.jpg,PRIMARY
9f15776d-0fa0-46af-a224-b12f2f409fbb,SKU001218,https://cdn.demo.com/SKU001218.jpg,PRIMARY
d00c4182-f59c-468f-9e94-352aa5019195,SKU001219,https://cdn.demo.com/SKU001219.jpg,PRIMARY
4746fdc4-160c-4b19-856b-5b5366f11ed1,SKU001220,https://cdn.demo.com/SKU001220.jpg,PRIMARY
89e18fa3-8dba-40c2-8f17-238f432ad256,SKU001221,https://cdn.demo.com/SKU001221.jpg,PRIMARY
d5253e2e-32d2-4d1a-83b9-dd26dc07edbb,SKU001222,https://cdn.demo.com/SKU001222.jpg,PRIMARY
ad01b568-72d2-4f70-87e5-4cef62869508,SKU001223,https://cdn.demo.com/SKU001223.jpg,PRIMARY
651e8c96-4c4a-40d7-8b82-e3386b6a3e23,SKU001224,https://cdn.demo.com/SKU001224.jpg,PRIMARY
d1d929e1-1412-4e23-9596-7498995be493,SKU001225,https://cdn.demo.com/SKU001225.jpg,PRIMARY
018c062e-a622-494f-a196-ece1f78b46ff,SKU001226,https://cdn.demo.com/SKU001226.jpg,PRIMARY
342af87b-813c-4ed6-a90a-b15326cdc49b,SKU001227,https://cdn.demo.com/SKU001227.jpg,PRIMARY
4632daf2-3d68-40db-9700-f9f6efcb843b,SKU001228,https://cdn.demo.com/SKU001228.jpg,PRIMARY
a1d0d16d-77db-433d-b37a-136db1d5ae31,SKU001229,https://cdn.demo.com/SKU001229.jpg,PRIMARY
7ab09cb4-f6a8-48ef-b073-238e84daf4df,SKU001230,https://cdn.demo.com/SKU001230.jpg,PRIMARY
32e71ddd-a8fd-40df-ab3c-6a7642b737e1,SKU001231,https://cdn.demo.com/SKU001231.jpg,PRIMARY
38a3aff7-79f8-4a05-805a-31c780a3ef8d,SKU001232,https://cdn.demo.com/SKU001232.jpg,PRIMARY
8c2c71be-cffa-44cf-8833-ae63761a8234,SKU001233,https://cdn.demo.com/SKU001233.jpg,PRIMARY
f061b96f-156e-4579-bcd5-14f4c5caa26e,SKU001234,https://cdn.demo.com/SKU001234.jpg,PRIMARY
e0392f40-174f-4938-9040-b5d70ee09b03,SKU001235,https://cdn.demo.com/SKU001235.jpg,PRIMARY
2a7eb9c6-470b-419a-9677-30e11f7018af,SKU001236,https://cdn.demo.com/SKU001236.jpg,PRIMARY
f1999b22-02e6-41eb-b2ab-5c1566aa56e9,SKU001237,https://cdn.demo.com/SKU001237.jpg,PRIMARY
67e3cacb-245b-4a6f-807d-9a593c0acd11,SKU001238,https://cdn.demo.com/SKU001238.jpg,PRIMARY
de2cd34f-d688-4fea-b023-24c6076c2631,SKU001239,https://cdn.demo.com/SKU001239.jpg,PRIMARY
acb43a4c-2fa2-478f-95fb-f79dc29c0d32,SKU001240,https://cdn.demo.com/SKU001240.jpg,PRIMARY
761790ab-4953-4740-bea0-fe5b539f1b8e,SKU001241,https://cdn.demo.com/SKU001241.jpg,PRIMARY
3e948ae6-507d-4290-813b-e1aedc6e9c46,SKU001242,https://cdn.demo.com/SKU001242.jpg,PRIMARY
629e12bf-70d0-4ae0-b337-2c2d80e6115c,SKU001243,https://cdn.demo.com/SKU001243.jpg,PRIMARY
edb4948c-89ee-48cc-bd05-827d4992dfca,SKU001244,https://cdn.demo.com/SKU001244.jpg,PRIMARY
ec228a1d-142b-4aab-8400-31e2a540abd9,SKU001245,https://cdn.demo.com/SKU001245.jpg,PRIMARY
871f68c7-c09a-427f-9b6b-eea6cc6443b1,SKU001246,https://cdn.demo.com/SKU001246.jpg,PRIMARY
45f974fb-6be2-49a5-a967-014d65fcf5d2,SKU001247,https://cdn.demo.com/SKU001247.jpg,PRIMARY
c45af1f1-7c9c-4eba-ba85-d2cd1627b036,SKU001248,https://cdn.demo.com/SKU001248.jpg,PRIMARY
cba5a83c-671b-40b7-8a3f-9445f499c1ba,SKU001249,https://cdn.demo.com/SKU001249.jpg,PRIMARY
31d9e728-5dd7-4327-93e7-2d3a4131e513,SKU001250,https://cdn.demo.com/SKU001250.jpg,PRIMARY
2c83f6b0-fe7d-4061-82a2-23ea2089f113,SKU001251,https://cdn.demo.com/SKU001251.jpg,PRIMARY
2aa48aaf-69bc-476e-abdc-a9ff72ba8096,SKU001252,https://cdn.demo.com/SKU001252.jpg,PRIMARY
389a0936-e4d5-4f50-9d08-3e5d181605ac,SKU001253,https://cdn.demo.com/SKU001253.jpg,PRIMARY
36365313-c2d4-4af6-b121-f7a243adfd38,SKU001254,https://cdn.demo.com/SKU001254.jpg,PRIMARY
28e04a86-51b1-4ada-af9b-36e491cffbbe,SKU001255,https://cdn.demo.com/SKU001255.jpg,PRIMARY
999fbd3b-31f6-4722-8c1d-0ecc3cd4bbba,SKU001256,https://cdn.demo.com/SKU001256.jpg,PRIMARY
7ef1f8c5-0f12-44c6-bb55-8382daaa52b1,SKU001257,https://cdn.demo.com/SKU001257.jpg,PRIMARY
0d8f4886-1534-459f-b934-2359c0db58ab,SKU001258,https://cdn.demo.com/SKU001258.jpg,PRIMARY
c789a58d-f560-4c65-826e-0ba1b468fdd7,SKU001259,https://cdn.demo.com/SKU001259.jpg,PRIMARY
8af6ee2b-6640-4059-99eb-bae89095f5b0,SKU001260,https://cdn.demo.com/SKU001260.jpg,PRIMARY
eadb141a-d1f4-4070-9d51-4d6766e660f5,SKU001261,https://cdn.demo.com/SKU001261.jpg,PRIMARY
ea3b0bc3-4665-4744-9a97-52c938b5c615,SKU001262,https://cdn.demo.com/SKU001262.jpg,PRIMARY
8212329e-c93e-4c69-859d-e57cd342151d,SKU001263,https://cdn.demo.com/SKU001263.jpg,PRIMARY
193592f8-8d23-4b3c-b491-b4900ed25a8d,SKU001264,https://cdn.demo.com/SKU001264.jpg,PRIMARY
dba21aec-75b9-4d80-9d42-7107b7b6a226,SKU001265,https://cdn.demo.com/SKU001265.jpg,PRIMARY
2050d122-f57d-4992-9ef7-05d72549c261,SKU001266,https://cdn.demo.com/SKU001266.jpg,PRIMARY
5f5a6059-83b7-413e-a3ed-031daac75437,SKU001267,https://cdn.demo.com/SKU001267.jpg,PRIMARY
05859ea4-0446-4138-bfab-91885fd8dad8,SKU001268,https://cdn.demo.com/SKU001268.jpg,PRIMARY
d6de73c3-b9df-4c4a-8f1c-53fef2e6414b,SKU001269,https://cdn.demo.com/SKU001269.jpg,PRIMARY
faa228f0-ec1d-4e3e-bf91-2ff32947c5ac,SKU001270,https://cdn.demo.com/SKU001270.jpg,PRIMARY
793c04d6-6597-4158-8379-994f885e69d0,SKU001271,https://cdn.demo.com/SKU001271.jpg,PRIMARY
a9192b42-ca83-44f5-8d5a-82145bbff5c6,SKU001272,https://cdn.demo.com/SKU001272.jpg,PRIMARY
6eb507e3-0be8-4d3c-bb8f-2b3ba40871cb,SKU001273,https://cdn.demo.com/SKU001273.jpg,PRIMARY
4bf5df65-735d-4d02-83f0-c71f2cb2dbc1,SKU001274,https://cdn.demo.com/SKU001274.jpg,PRIMARY
4d2aaf4b-3f52-4ebc-aa55-90fe75ce6e02,SKU001275,https://cdn.demo.com/SKU001275.jpg,PRIMARY
5ea6734a-225f-4667-9774-ffe14aa18b7d,SKU001276,https://cdn.demo.com/SKU001276.jpg,PRIMARY
bc3ba197-4679-4562-9a12-731d15701c09,SKU001277,https://cdn.demo.com/SKU001277.jpg,PRIMARY
3b094693-92b1-41f7-b071-df4e54d8f4bc,SKU001278,https://cdn.demo.com/SKU001278.jpg,PRIMARY
bbc3f77a-d3fe-48f9-ad7d-6181887ce36a,SKU001279,https://cdn.demo.com/SKU001279.jpg,PRIMARY
f54fd129-4210-4a42-8854-e1eefef7f58b,SKU001280,https://cdn.demo.com/SKU001280.jpg,PRIMARY
bbe44ca6-5ead-41ca-8c9e-532efc2f808d,SKU001281,https://cdn.demo.com/SKU001281.jpg,PRIMARY
d4439604-b4b0-4b52-8934-6ed52d03c79f,SKU001282,https://cdn.demo.com/SKU001282.jpg,PRIMARY
25986cea-1651-4e88-baf0-47487233c7b1,SKU001283,https://cdn.demo.com/SKU001283.jpg,PRIMARY
8710ee76-d423-4907-a202-596fe1a182d5,SKU001284,https://cdn.demo.com/SKU001284.jpg,PRIMARY
5e0d3aad-66f0-433d-aec2-c30a3e2d4471,SKU001285,https://cdn.demo.com/SKU001285.jpg,PRIMARY
a24d7656-ef2e-400f-b55d-6a29044af4a7,SKU001286,https://cdn.demo.com/SKU001286.jpg,PRIMARY
a7d3098a-b35e-47a8-b3ac-c55117d2ddfa,SKU001287,https://cdn.demo.com/SKU001287.jpg,PRIMARY
ca6dc6ba-2de8-4675-90ae-b29f6f7990c3,SKU001288,https://cdn.demo.com/SKU001288.jpg,PRIMARY
6313a888-115f-475f-832e-659a561f9f3c,SKU001289,https://cdn.demo.com/SKU001289.jpg,PRIMARY
1512858f-93d9-4019-98ec-77968fafd109,SKU001290,https://cdn.demo.com/SKU001290.jpg,PRIMARY
2bdfe0a6-caf5-4041-8613-0aac66da4bfe,SKU001291,https://cdn.demo.com/SKU001291.jpg,PRIMARY
7b51efdc-3eeb-4577-86c8-41cc0579c749,SKU001292,https://cdn.demo.com/SKU001292.jpg,PRIMARY
799fa40f-d31d-4501-8e00-e28229a00c33,SKU001293,https://cdn.demo.com/SKU001293.jpg,PRIMARY
94adf407-0526-4078-b515-60660080bb52,SKU001294,https://cdn.demo.com/SKU001294.jpg,PRIMARY
33b120ee-7bd3-42c1-b48e-c36546d9e309,SKU001295,https://cdn.demo.com/SKU001295.jpg,PRIMARY
faf34a55-d830-49fd-8f05-629a830ce6c8,SKU001296,https://cdn.demo.com/SKU001296.jpg,PRIMARY
e8f5b35a-6843-4c15-92c1-ec579dd54527,SKU001297,https://cdn.demo.com/SKU001297.jpg,PRIMARY
ced08fa2-fc43-40ed-8335-2546d02780c4,SKU001298,https://cdn.demo.com/SKU001298.jpg,PRIMARY
3c6a01e5-843b-44ff-b948-36b76386b77f,SKU001299,https://cdn.demo.com/SKU001299.jpg,PRIMARY
86208b4d-d1fd-4754-a287-ff60a0584e35,SKU001300,https://cdn.demo.com/SKU001300.jpg,PRIMARY
1408b139-a4b4-4da2-a420-98abde71908c,SKU001301,https://cdn.demo.com/SKU001301.jpg,PRIMARY
c8dc66d8-0849-4d0f-83d9-cffd650009e0,SKU001302,https://cdn.demo.com/SKU001302.jpg,PRIMARY
8d4603a7-91d0-4379-904c-e0f7eeb43c99,SKU001303,https://cdn.demo.com/SKU001303.jpg,PRIMARY
48e328e9-8b0f-4918-b3bd-964c2c3997d8,SKU001304,https://cdn.demo.com/SKU001304.jpg,PRIMARY
f26f6765-e3ab-447e-9cc6-d9b33ddb116d,SKU001305,https://cdn.demo.com/SKU001305.jpg,PRIMARY
0e1f76bf-e003-4e92-82ba-5aebec7538f6,SKU001306,https://cdn.demo.com/SKU001306.jpg,PRIMARY
3c6fa034-7b6c-40f0-a200-79edd709f0eb,SKU001307,https://cdn.demo.com/SKU001307.jpg,PRIMARY
2ab3bd71-4b03-4ea0-803d-62828bfa2525,SKU001308,https://cdn.demo.com/SKU001308.jpg,PRIMARY
b41e093f-3f77-4aab-bbee-520db2e23fac,SKU001309,https://cdn.demo.com/SKU001309.jpg,PRIMARY
ab692c72-8193-4359-93b2-c9c2a89fd910,SKU001310,https://cdn.demo.com/SKU001310.jpg,PRIMARY
bb7e405c-c947-496d-9359-6504b1d789c6,SKU001311,https://cdn.demo.com/SKU001311.jpg,PRIMARY
b1dc1295-2ca8-4cd4-ad05-1b6077201b3d,SKU001312,https://cdn.demo.com/SKU001312.jpg,PRIMARY
27460c51-30ca-41a7-b2dc-dc222233faa6,SKU001313,https://cdn.demo.com/SKU001313.jpg,PRIMARY
bd641017-60da-4127-9b7c-c92a603f9bac,SKU001314,https://cdn.demo.com/SKU001314.jpg,PRIMARY
4f9a2829-3eb8-40cb-8df1-b67e6c3c3a15,SKU001315,https://cdn.demo.com/SKU001315.jpg,PRIMARY
dcd788ca-fa43-4d9c-85bd-80af4232d35d,SKU001316,https://cdn.demo.com/SKU001316.jpg,PRIMARY
e60849aa-e3f2-4289-a74b-be359f387367,SKU001317,https://cdn.demo.com/SKU001317.jpg,PRIMARY
89d27d4b-6c4b-422c-947f-1711a3b41c30,SKU001318,https://cdn.demo.com/SKU001318.jpg,PRIMARY
d94a4952-ca08-4aa4-8716-c9e6a58064ae,SKU001319,https://cdn.demo.com/SKU001319.jpg,PRIMARY
c676d52c-8012-477d-a87a-46a19c048a9a,SKU001320,https://cdn.demo.com/SKU001320.jpg,PRIMARY
b3c15d6a-d95f-4f8e-9fd4-a69f217fe3a7,SKU001321,https://cdn.demo.com/SKU001321.jpg,PRIMARY
085bc3af-d536-4fcc-86ee-4e6dbe21bc16,SKU001322,https://cdn.demo.com/SKU001322.jpg,PRIMARY
7e484ac2-44ae-4aeb-9460-8d6e45c40a0d,SKU001323,https://cdn.demo.com/SKU001323.jpg,PRIMARY
98cefe47-1213-451b-90eb-4a6c7cf54bd7,SKU001324,https://cdn.demo.com/SKU001324.jpg,PRIMARY
2aa9171f-a7be-423d-9084-1643dada91b5,SKU001325,https://cdn.demo.com/SKU001325.jpg,PRIMARY
3ecf5eb8-5797-425f-88c4-b900c0b39275,SKU001326,https://cdn.demo.com/SKU001326.jpg,PRIMARY
ed502fa1-b8e8-4eb1-ace0-de3f1ebb84db,SKU001327,https://cdn.demo.com/SKU001327.jpg,PRIMARY
dd1ec152-f0fd-4485-8e45-e8da44ea226a,SKU001328,https://cdn.demo.com/SKU001328.jpg,PRIMARY
c12c6229-d71d-4780-920d-333c6f329b16,SKU001329,https://cdn.demo.com/SKU001329.jpg,PRIMARY
f3e46f40-fdba-4822-af91-a809c81878d0,SKU001330,https://cdn.demo.com/SKU001330.jpg,PRIMARY
3c14e1b6-c69f-45b4-842f-b7b4c1c5c00c,SKU001331,https://cdn.demo.com/SKU001331.jpg,PRIMARY
b32d7817-3d54-4095-ac04-660fd3124603,SKU001332,https://cdn.demo.com/SKU001332.jpg,PRIMARY
f27634d6-4228-4ffb-9132-55ed4eceeea3,SKU001333,https://cdn.demo.com/SKU001333.jpg,PRIMARY
5cfc003d-7c35-48b8-b6d0-dbab2ca3599d,SKU001334,https://cdn.demo.com/SKU001334.jpg,PRIMARY
684d6929-5f89-4f08-a69f-d83b06f11cdc,SKU001335,https://cdn.demo.com/SKU001335.jpg,PRIMARY
66adc65f-b0a2-4838-9d26-c533ca2c5612,SKU001336,https://cdn.demo.com/SKU001336.jpg,PRIMARY
6ebdb818-29f1-4fb6-bc18-284f49cb9ab9,SKU001337,https://cdn.demo.com/SKU001337.jpg,PRIMARY
17c794c1-cb7f-4d05-a7e9-e1509971ca26,SKU001338,https://cdn.demo.com/SKU001338.jpg,PRIMARY
ac891f79-553f-40d4-9097-920d3eee2737,SKU001339,https://cdn.demo.com/SKU001339.jpg,PRIMARY
a5d7238e-85c4-4c60-b3e8-36ed2b7e2674,SKU001340,https://cdn.demo.com/SKU001340.jpg,PRIMARY
cc48d540-cb30-445f-9792-3bb854d22c1e,SKU001341,https://cdn.demo.com/SKU001341.jpg,PRIMARY
8cc25dba-e771-4017-a968-8d910e0b8da8,SKU001342,https://cdn.demo.com/SKU001342.jpg,PRIMARY
63015178-e878-4506-b472-5b339b25a975,SKU001343,https://cdn.demo.com/SKU001343.jpg,PRIMARY
4dae0d4f-73cb-431c-a5f5-82e34412bcef,SKU001344,https://cdn.demo.com/SKU001344.jpg,PRIMARY
2b65d2f4-2fae-43df-960c-7614478d50b9,SKU001345,https://cdn.demo.com/SKU001345.jpg,PRIMARY
34e26286-9f04-42a6-a3ac-e5a893e63420,SKU001346,https://cdn.demo.com/SKU001346.jpg,PRIMARY
9bb9a846-10db-46bb-99f7-b8b0e034dbf3,SKU001347,https://cdn.demo.com/SKU001347.jpg,PRIMARY
dae84f11-e91c-4ffa-9c8d-acab01b6fbb4,SKU001348,https://cdn.demo.com/SKU001348.jpg,PRIMARY
aecce01d-0b72-49f7-807e-3fda348b56cf,SKU001349,https://cdn.demo.com/SKU001349.jpg,PRIMARY
73366c20-dc56-4556-8db0-94e8fd53425c,SKU001350,https://cdn.demo.com/SKU001350.jpg,PRIMARY
6e045c63-9323-4a8a-896b-b82d27e061b4,SKU001351,https://cdn.demo.com/SKU001351.jpg,PRIMARY
a13e16a0-d237-476c-bcde-dde3da29454c,SKU001352,https://cdn.demo.com/SKU001352.jpg,PRIMARY
2b5ed385-180b-4fea-b847-d040657f3715,SKU001353,https://cdn.demo.com/SKU001353.jpg,PRIMARY
b7848e98-00da-4b47-9ad1-7f2f0e31d039,SKU001354,https://cdn.demo.com/SKU001354.jpg,PRIMARY
6534664e-9534-4072-bee3-f3d4c94f6cbc,SKU001355,https://cdn.demo.com/SKU001355.jpg,PRIMARY
5a62cd1c-e135-4cfe-a546-2fbe51492b50,SKU001356,https://cdn.demo.com/SKU001356.jpg,PRIMARY
26a28e42-8b03-49a1-b009-f1282d05e394,SKU001357,https://cdn.demo.com/SKU001357.jpg,PRIMARY
4a43168b-eaad-4212-9b4d-b18810593326,SKU001358,https://cdn.demo.com/SKU001358.jpg,PRIMARY
6b10dc8d-18f9-4f0d-a115-5abad9566cd4,SKU001359,https://cdn.demo.com/SKU001359.jpg,PRIMARY
5fa64ece-9286-4102-9daa-573812ebf160,SKU001360,https://cdn.demo.com/SKU001360.jpg,PRIMARY
e0f29d96-b8ce-41c6-b071-c951f8affe4b,SKU001361,https://cdn.demo.com/SKU001361.jpg,PRIMARY
7e3fe067-938b-4e5a-9b31-ed2b24cb0e27,SKU001362,https://cdn.demo.com/SKU001362.jpg,PRIMARY
a4aa34df-153c-4673-af95-f5682febac12,SKU001363,https://cdn.demo.com/SKU001363.jpg,PRIMARY
bb612b5b-4ad0-4a1c-a422-746307acb063,SKU001364,https://cdn.demo.com/SKU001364.jpg,PRIMARY
e4f5174f-e4a4-41c6-85d0-843d03a36ec9,SKU001365,https://cdn.demo.com/SKU001365.jpg,PRIMARY
007fa867-2c83-4b53-a405-b95c1b562227,SKU001366,https://cdn.demo.com/SKU001366.jpg,PRIMARY
c3b9f240-d2f3-4bc8-845d-57cb182b73d4,SKU001367,https://cdn.demo.com/SKU001367.jpg,PRIMARY
2c465bd3-f4b4-44c9-b83c-b903e14c001a,SKU001368,https://cdn.demo.com/SKU001368.jpg,PRIMARY
0d420b13-d296-4afd-9511-40cc6a1a9dec,SKU001369,https://cdn.demo.com/SKU001369.jpg,PRIMARY
dc73ec6f-2bad-4db1-a2db-5fd659b35360,SKU001370,https://cdn.demo.com/SKU001370.jpg,PRIMARY
6718abf3-a44a-4262-b728-09e38f394677,SKU001371,https://cdn.demo.com/SKU001371.jpg,PRIMARY
f3754779-8b0a-4228-b75d-1f5d5bff9560,SKU001372,https://cdn.demo.com/SKU001372.jpg,PRIMARY
63104860-43d4-4186-a746-61f9f9dcd00d,SKU001373,https://cdn.demo.com/SKU001373.jpg,PRIMARY
30f6477c-80b4-4467-bb2a-87054339f508,SKU001374,https://cdn.demo.com/SKU001374.jpg,PRIMARY
3e698da7-26ae-4315-a874-0410b43ce4dd,SKU001375,https://cdn.demo.com/SKU001375.jpg,PRIMARY
b91ff251-f603-41cc-81a3-ea887fa85ddd,SKU001376,https://cdn.demo.com/SKU001376.jpg,PRIMARY
cd2bd6bf-a72a-4964-ad26-662ceacaf2c6,SKU001377,https://cdn.demo.com/SKU001377.jpg,PRIMARY
38593515-b3ec-426d-a078-75aa7934aedc,SKU001378,https://cdn.demo.com/SKU001378.jpg,PRIMARY
a6e027d4-daa0-42e1-9c5c-955919d6d2a3,SKU001379,https://cdn.demo.com/SKU001379.jpg,PRIMARY
4cc54dff-341d-41c0-9415-a20dcc33db87,SKU001380,https://cdn.demo.com/SKU001380.jpg,PRIMARY
27fe3823-4c56-4d61-972e-98e37c22e8c4,SKU001381,https://cdn.demo.com/SKU001381.jpg,PRIMARY
8cfe8f41-de0c-4d1f-99bc-c36a89cab63f,SKU001382,https://cdn.demo.com/SKU001382.jpg,PRIMARY
71603643-e215-475b-a828-24590c49523e,SKU001383,https://cdn.demo.com/SKU001383.jpg,PRIMARY
c7072b47-60c0-4425-9a2b-ceb89c90ff41,SKU001384,https://cdn.demo.com/SKU001384.jpg,PRIMARY
c0565f58-7899-40f7-9f30-779ee327784c,SKU001385,https://cdn.demo.com/SKU001385.jpg,PRIMARY
d0d9e0da-01f0-40ce-a495-e2ba0df7871a,SKU001386,https://cdn.demo.com/SKU001386.jpg,PRIMARY
3b4b324f-e94d-44aa-84ab-28d8157b1ea3,SKU001387,https://cdn.demo.com/SKU001387.jpg,PRIMARY
0fdb7d29-68a4-45a3-b760-3251bcfad25d,SKU001388,https://cdn.demo.com/SKU001388.jpg,PRIMARY
9b818296-ac1f-4193-afd1-29220aeee22a,SKU001389,https://cdn.demo.com/SKU001389.jpg,PRIMARY
2c0dc64b-152d-48e9-be31-303d595a3c17,SKU001390,https://cdn.demo.com/SKU001390.jpg,PRIMARY
f9d9210d-0fa9-488e-9839-1ecc3714b0fa,SKU001391,https://cdn.demo.com/SKU001391.jpg,PRIMARY
a5c91afb-1498-4866-8956-2291d1ca7639,SKU001392,https://cdn.demo.com/SKU001392.jpg,PRIMARY
2950827a-f1f3-4e12-b3b0-1c5199104044,SKU001393,https://cdn.demo.com/SKU001393.jpg,PRIMARY
b9f49cd6-dd07-4d1f-a7a1-2a9cdca2d0d0,SKU001394,https://cdn.demo.com/SKU001394.jpg,PRIMARY
7a15fc7b-cfe1-4d0a-9191-76173815fb78,SKU001395,https://cdn.demo.com/SKU001395.jpg,PRIMARY
887ee1a9-fc58-4448-b7d8-e60f528e7008,SKU001396,https://cdn.demo.com/SKU001396.jpg,PRIMARY
ad8f0bfb-f95b-48a7-8925-f47e05878f9e,SKU001397,https://cdn.demo.com/SKU001397.jpg,PRIMARY
b5c920f4-ea0e-4817-960e-2188cfcfa0f1,SKU001398,https://cdn.demo.com/SKU001398.jpg,PRIMARY
b3b803f1-1128-453a-93ec-9475b8d6ac2a,SKU001399,https://cdn.demo.com/SKU001399.jpg,PRIMARY
331d8976-10ee-4e4e-93ba-2c226cfb04a9,SKU001400,https://cdn.demo.com/SKU001400.jpg,PRIMARY
992097b0-cc33-4afe-adb5-23fed5c1e6df,SKU001401,https://cdn.demo.com/SKU001401.jpg,PRIMARY
73c555e8-cf77-412b-9d1c-1e1789023d86,SKU001402,https://cdn.demo.com/SKU001402.jpg,PRIMARY
f41903be-d248-4a21-a2b5-7add6ed3cc50,SKU001403,https://cdn.demo.com/SKU001403.jpg,PRIMARY
62e677bc-c426-4d24-b3ee-edf4b1c392ad,SKU001404,https://cdn.demo.com/SKU001404.jpg,PRIMARY
480049b1-33ab-4540-b1f6-fa0f827e02cb,SKU001405,https://cdn.demo.com/SKU001405.jpg,PRIMARY
98370376-e2a9-4d72-a697-2c2ad9351dda,SKU001406,https://cdn.demo.com/SKU001406.jpg,PRIMARY
cea5c0f4-e50a-4dd2-8e68-44c2ae673e2f,SKU001407,https://cdn.demo.com/SKU001407.jpg,PRIMARY
f2ca05bd-7a37-49ed-9531-9cddc319c01b,SKU001408,https://cdn.demo.com/SKU001408.jpg,PRIMARY
b01eed14-da12-4a59-9f3f-3a05ddcec6c0,SKU001409,https://cdn.demo.com/SKU001409.jpg,PRIMARY
3916dcc3-c8b5-4edd-bfc2-6a8badb590f6,SKU001410,https://cdn.demo.com/SKU001410.jpg,PRIMARY
d6670335-ea01-4555-971d-74348a32c5f4,SKU001411,https://cdn.demo.com/SKU001411.jpg,PRIMARY
41cc5912-5ec3-4837-ad8d-3a5c30dbfc64,SKU001412,https://cdn.demo.com/SKU001412.jpg,PRIMARY
e5e4dae1-4d3d-4cec-af4f-ed28ac998d00,SKU001413,https://cdn.demo.com/SKU001413.jpg,PRIMARY
cbf0baa4-d92a-489c-9eb0-3c79f861fc77,SKU001414,https://cdn.demo.com/SKU001414.jpg,PRIMARY
4953fc0a-2906-4e13-a3dc-e278911bd60a,SKU001415,https://cdn.demo.com/SKU001415.jpg,PRIMARY
d9af0005-95d5-4cc1-ae4c-d0bf7c13c96f,SKU001416,https://cdn.demo.com/SKU001416.jpg,PRIMARY
b83d1ea5-5b68-49e9-a729-18590c2d7b02,SKU001417,https://cdn.demo.com/SKU001417.jpg,PRIMARY
1a75a4fc-3437-47e6-8655-1aeebfe2c580,SKU001418,https://cdn.demo.com/SKU001418.jpg,PRIMARY
f37cb0d0-a366-450e-aabc-f5a3396604f4,SKU001419,https://cdn.demo.com/SKU001419.jpg,PRIMARY
25260fd8-688c-489e-8acd-44b8cd8e9614,SKU001420,https://cdn.demo.com/SKU001420.jpg,PRIMARY
83637e32-cc86-441f-9caf-ddb49a662369,SKU001421,https://cdn.demo.com/SKU001421.jpg,PRIMARY
09562c0e-fa2a-4a2b-b6ac-09947629dee9,SKU001422,https://cdn.demo.com/SKU001422.jpg,PRIMARY
a1294bf3-7906-4a8a-b7aa-d1be28c649e2,SKU001423,https://cdn.demo.com/SKU001423.jpg,PRIMARY
c9937a13-c74e-462e-8988-2ab5aabb921a,SKU001424,https://cdn.demo.com/SKU001424.jpg,PRIMARY
dca0eaab-60b8-4b9e-9a1d-f867b83f26ba,SKU001425,https://cdn.demo.com/SKU001425.jpg,PRIMARY
e5c58820-b803-4e42-9d62-e0c531ffce41,SKU001426,https://cdn.demo.com/SKU001426.jpg,PRIMARY
2b550b2b-de40-49ea-b7ba-8974c8f4a3f3,SKU001427,https://cdn.demo.com/SKU001427.jpg,PRIMARY
900ce1d2-d38f-4227-99b9-96f1fb7d311e,SKU001428,https://cdn.demo.com/SKU001428.jpg,PRIMARY
5a68cc69-9c4e-4f83-b127-bcc8a324b895,SKU001429,https://cdn.demo.com/SKU001429.jpg,PRIMARY
3a1a6dc6-223e-4f62-b77a-fd10ad6253d8,SKU001430,https://cdn.demo.com/SKU001430.jpg,PRIMARY
65240d6d-d687-40ec-9c64-9f073dd974ca,SKU001431,https://cdn.demo.com/SKU001431.jpg,PRIMARY
7bb230bf-63b8-4965-b5e1-b725bbb37588,SKU001432,https://cdn.demo.com/SKU001432.jpg,PRIMARY
9183ed34-bd46-46bc-901e-d0e04cbe87f6,SKU001433,https://cdn.demo.com/SKU001433.jpg,PRIMARY
840e852d-e096-4c9c-b166-ea34a0b604d7,SKU001434,https://cdn.demo.com/SKU001434.jpg,PRIMARY
411280db-7c49-4270-9113-791f3512ba08,SKU001435,https://cdn.demo.com/SKU001435.jpg,PRIMARY
cf55b84f-eb40-4516-b5ba-c457bd07a459,SKU001436,https://cdn.demo.com/SKU001436.jpg,PRIMARY
2b4dd57a-f850-47db-9852-6ce984d88868,SKU001437,https://cdn.demo.com/SKU001437.jpg,PRIMARY
afcae6ac-b4b8-4c15-b647-8767f2129ecf,SKU001438,https://cdn.demo.com/SKU001438.jpg,PRIMARY
1be5197a-ebb5-467e-b376-73e32870b9b8,SKU001439,https://cdn.demo.com/SKU001439.jpg,PRIMARY
8463e954-a346-45d7-9a52-9e6d43cdc517,SKU001440,https://cdn.demo.com/SKU001440.jpg,PRIMARY
59ecf788-f18b-4900-b270-590c9cac12af,SKU001441,https://cdn.demo.com/SKU001441.jpg,PRIMARY
ab705764-c9eb-4ad5-9f4f-5a5622648836,SKU001442,https://cdn.demo.com/SKU001442.jpg,PRIMARY
d1c4d0a6-f76a-4d54-a6ce-c7865d59df77,SKU001443,https://cdn.demo.com/SKU001443.jpg,PRIMARY
83eb22b3-9a63-475a-af3e-bb6a143371f1,SKU001444,https://cdn.demo.com/SKU001444.jpg,PRIMARY
7c9d718f-dff9-43eb-be4e-2ca85d78b717,SKU001445,https://cdn.demo.com/SKU001445.jpg,PRIMARY
936b3901-b26e-4364-81f4-89a47fa1ec7b,SKU001446,https://cdn.demo.com/SKU001446.jpg,PRIMARY
aaecbf13-45d2-422c-b757-637d6a0381a3,SKU001447,https://cdn.demo.com/SKU001447.jpg,PRIMARY
4626b0e3-f5bd-4787-b371-c30de3ae271f,SKU001448,https://cdn.demo.com/SKU001448.jpg,PRIMARY
16e680cd-132d-4983-b2eb-4b1c60a18dd1,SKU001449,https://cdn.demo.com/SKU001449.jpg,PRIMARY
18b83db4-32be-45a3-adc7-ade251720cf3,SKU001450,https://cdn.demo.com/SKU001450.jpg,PRIMARY
4efc89bb-9c98-4ff2-bd2d-11e085752005,SKU001451,https://cdn.demo.com/SKU001451.jpg,PRIMARY
3df10a2d-4588-4bc5-889b-37e854801f3e,SKU001452,https://cdn.demo.com/SKU001452.jpg,PRIMARY
288dc74b-bb84-4a88-9164-3d1133257052,SKU001453,https://cdn.demo.com/SKU001453.jpg,PRIMARY
cec5122e-46ba-4fde-ab62-6c03b1252b8b,SKU001454,https://cdn.demo.com/SKU001454.jpg,PRIMARY
6a1f28cd-560b-45ca-a922-713af728e32c,SKU001455,https://cdn.demo.com/SKU001455.jpg,PRIMARY
e66f83e6-0c32-451b-94e3-314c83d01aef,SKU001456,https://cdn.demo.com/SKU001456.jpg,PRIMARY
11aa72b5-972f-4685-bf8d-b663d361cf49,SKU001457,https://cdn.demo.com/SKU001457.jpg,PRIMARY
dcf2b6c4-729b-4230-8b78-a7db6161be7a,SKU001458,https://cdn.demo.com/SKU001458.jpg,PRIMARY
6d2d2e99-1d83-4534-998d-7672ed6e2e9c,SKU001459,https://cdn.demo.com/SKU001459.jpg,PRIMARY
16501aff-3bd2-4773-a5bd-50ca81affce2,SKU001460,https://cdn.demo.com/SKU001460.jpg,PRIMARY
0e0d6be2-4cc5-4037-af60-7a9082e1e6fa,SKU001461,https://cdn.demo.com/SKU001461.jpg,PRIMARY
033aeea6-73ba-4695-9b72-d73c5b2a8439,SKU001462,https://cdn.demo.com/SKU001462.jpg,PRIMARY
7f4886dd-c89d-41de-9efc-48c7825d41f1,SKU001463,https://cdn.demo.com/SKU001463.jpg,PRIMARY
ad77f15e-7990-481e-8abc-a497aa810f37,SKU001464,https://cdn.demo.com/SKU001464.jpg,PRIMARY
e84e115e-5994-4e1f-a6e2-8208e0b442d4,SKU001465,https://cdn.demo.com/SKU001465.jpg,PRIMARY
cf57f085-9d1e-4377-bf94-2d4ec8aad864,SKU001466,https://cdn.demo.com/SKU001466.jpg,PRIMARY
cb1c8288-3d2a-4f45-bde6-83e950346bfd,SKU001467,https://cdn.demo.com/SKU001467.jpg,PRIMARY
23b79e3b-6c65-45a9-906e-6db90e5e2ad8,SKU001468,https://cdn.demo.com/SKU001468.jpg,PRIMARY
2630e287-3d97-43a2-8f79-9ab901d7223e,SKU001469,https://cdn.demo.com/SKU001469.jpg,PRIMARY
1d3168b8-16ba-4a29-b5b1-70dfce23164a,SKU001470,https://cdn.demo.com/SKU001470.jpg,PRIMARY
ec5b6792-7033-43e3-99bd-0343e0551456,SKU001471,https://cdn.demo.com/SKU001471.jpg,PRIMARY
941fabd5-f252-4c1c-bf1b-0f09f0885713,SKU001472,https://cdn.demo.com/SKU001472.jpg,PRIMARY
40353993-4361-4dc9-9cad-1b16651d6e14,SKU001473,https://cdn.demo.com/SKU001473.jpg,PRIMARY
eccf5b6c-5d4a-4587-b4b3-c850d1319a2e,SKU001474,https://cdn.demo.com/SKU001474.jpg,PRIMARY
64f6561a-b60a-471a-895b-390ae540c120,SKU001475,https://cdn.demo.com/SKU001475.jpg,PRIMARY
14c223a4-695d-40ba-a179-45b81ac33cb1,SKU001476,https://cdn.demo.com/SKU001476.jpg,PRIMARY
a598dc23-b501-41aa-a5c7-ea92094539aa,SKU001477,https://cdn.demo.com/SKU001477.jpg,PRIMARY
499b919d-36fe-4b4c-85df-9baa9ec0c553,SKU001478,https://cdn.demo.com/SKU001478.jpg,PRIMARY
88e3cd7d-d928-4093-8a99-94fd5677fc34,SKU001479,https://cdn.demo.com/SKU001479.jpg,PRIMARY
ba1a5a67-c539-4d82-a3ee-d32440dac2c1,SKU001480,https://cdn.demo.com/SKU001480.jpg,PRIMARY
51bfab80-dddb-4e0e-8073-7202d5af3912,SKU001481,https://cdn.demo.com/SKU001481.jpg,PRIMARY
2940fc64-0a8a-4e19-980d-d19e15147cee,SKU001482,https://cdn.demo.com/SKU001482.jpg,PRIMARY
5315d8f9-11cd-4fc3-b990-f4b7e7287eba,SKU001483,https://cdn.demo.com/SKU001483.jpg,PRIMARY
f3d3f85f-0c25-448f-b3d8-80efb942a8fb,SKU001484,https://cdn.demo.com/SKU001484.jpg,PRIMARY
2c7d6127-2b0a-487e-ae55-a71a65d9cb1a,SKU001485,https://cdn.demo.com/SKU001485.jpg,PRIMARY
9c8db539-d947-403b-bbb4-f4a3e8fecd84,SKU001486,https://cdn.demo.com/SKU001486.jpg,PRIMARY
7a9b67b7-c368-4dea-9c94-dc44f0ec9850,SKU001487,https://cdn.demo.com/SKU001487.jpg,PRIMARY
b8fa67f9-6b6d-4814-8eee-5f0edbfd0ac8,SKU001488,https://cdn.demo.com/SKU001488.jpg,PRIMARY
01109f58-8e2c-4864-ac25-34ac8e232281,SKU001489,https://cdn.demo.com/SKU001489.jpg,PRIMARY
021399a8-5137-434d-bfdb-64b9285011b3,SKU001490,https://cdn.demo.com/SKU001490.jpg,PRIMARY
1d0681e8-ce12-4fd7-a646-ad2a94119f2e,SKU001491,https://cdn.demo.com/SKU001491.jpg,PRIMARY
3a9027bb-f47e-42da-a3d8-560766dc4cb8,SKU001492,https://cdn.demo.com/SKU001492.jpg,PRIMARY
2b5140aa-d8c8-4fd7-bfb3-b6449c2b9ddc,SKU001493,https://cdn.demo.com/SKU001493.jpg,PRIMARY
997cf43b-1ead-43b6-9b33-c62e095be720,SKU001494,https://cdn.demo.com/SKU001494.jpg,PRIMARY
9c45db7d-e708-4862-9ddc-84e9337ba1c7,SKU001495,https://cdn.demo.com/SKU001495.jpg,PRIMARY
53423f1c-f459-4054-8741-cd1f90f93203,SKU001496,https://cdn.demo.com/SKU001496.jpg,PRIMARY
553d9db3-6a38-45e1-8f4c-212cc61f0449,SKU001497,https://cdn.demo.com/SKU001497.jpg,PRIMARY
47480f1a-2cee-41de-bf38-cdf84caac0c7,SKU001498,https://cdn.demo.com/SKU001498.jpg,PRIMARY
ed9df052-ad7a-49f5-a89d-5d0030575bd6,SKU001499,https://cdn.demo.com/SKU001499.jpg,PRIMARY
f8e7c90d-a080-497b-89d0-36589f16f341,SKU001500,https://cdn.demo.com/SKU001500.jpg,PRIMARY
db5ab0f0-425c-4eb2-bea8-29e5579f24f3,SKU001501,https://cdn.demo.com/SKU001501.jpg,PRIMARY
f78b7ead-16d7-4cd2-93ad-7137cf6caa75,SKU001502,https://cdn.demo.com/SKU001502.jpg,PRIMARY
38079e0e-8a8a-4c5c-89a3-ffeb48e380e5,SKU001503,https://cdn.demo.com/SKU001503.jpg,PRIMARY
5f26d679-66e5-44af-97b6-b17cdd2e4785,SKU001504,https://cdn.demo.com/SKU001504.jpg,PRIMARY
c5410ae9-949e-495b-9432-6ffc80d2e19a,SKU001505,https://cdn.demo.com/SKU001505.jpg,PRIMARY
5feb9523-7c24-4963-8e76-2adf07a34aee,SKU001506,https://cdn.demo.com/SKU001506.jpg,PRIMARY
8022dba5-99e8-4f12-b081-75d2d1c7308c,SKU001507,https://cdn.demo.com/SKU001507.jpg,PRIMARY
d866ae57-d953-43ca-8d9e-b7887bdf60ca,SKU001508,https://cdn.demo.com/SKU001508.jpg,PRIMARY
eb7096fd-2fdf-48eb-8e77-e6f46c58db8c,SKU001509,https://cdn.demo.com/SKU001509.jpg,PRIMARY
19acf9c5-e681-490e-96d0-32db974734f9,SKU001510,https://cdn.demo.com/SKU001510.jpg,PRIMARY
094810a4-f3dd-497e-8d35-ebafd3efb8d6,SKU001511,https://cdn.demo.com/SKU001511.jpg,PRIMARY
9e49fd13-8c7d-4b53-a721-32349d36aef8,SKU001512,https://cdn.demo.com/SKU001512.jpg,PRIMARY
2ac02d2a-8d68-469a-932f-5ebfefefe156,SKU001513,https://cdn.demo.com/SKU001513.jpg,PRIMARY
d515f411-9706-4bfd-ae78-a546e2247de8,SKU001514,https://cdn.demo.com/SKU001514.jpg,PRIMARY
aa026a19-a893-42da-bdc9-ed67d3ff21e0,SKU001515,https://cdn.demo.com/SKU001515.jpg,PRIMARY
0f9ee09e-0490-467f-9b16-dcba4a7d475b,SKU001516,https://cdn.demo.com/SKU001516.jpg,PRIMARY
09b57288-672c-454f-a3fc-20a4de3d6b05,SKU001517,https://cdn.demo.com/SKU001517.jpg,PRIMARY
9f945073-ceb6-41fb-9435-4e5b62dc4ec6,SKU001518,https://cdn.demo.com/SKU001518.jpg,PRIMARY
255065c6-8c05-499e-a4c3-37fe68e99bd3,SKU001519,https://cdn.demo.com/SKU001519.jpg,PRIMARY
e637e181-9293-4287-959b-1627c40ecec6,SKU001520,https://cdn.demo.com/SKU001520.jpg,PRIMARY
0c3a020f-34d7-4a87-9ba3-8163ebefe846,SKU001521,https://cdn.demo.com/SKU001521.jpg,PRIMARY
36c9fd5c-7c1a-4ac6-9e68-e8261b162f80,SKU001522,https://cdn.demo.com/SKU001522.jpg,PRIMARY
e10118e4-7366-4429-9c87-5be166d1969e,SKU001523,https://cdn.demo.com/SKU001523.jpg,PRIMARY
66ca5696-3a9c-429d-96c1-23cd2231f27e,SKU001524,https://cdn.demo.com/SKU001524.jpg,PRIMARY
2a58359c-0935-4206-932d-27f269f0f440,SKU001525,https://cdn.demo.com/SKU001525.jpg,PRIMARY
860a9b21-11f9-43bb-b1f4-6e2e9eadd9b0,SKU001526,https://cdn.demo.com/SKU001526.jpg,PRIMARY
804010b0-c950-4e70-826b-c771c54d2996,SKU001527,https://cdn.demo.com/SKU001527.jpg,PRIMARY
120e1625-1f61-4740-92f9-0bb9bb40d0e7,SKU001528,https://cdn.demo.com/SKU001528.jpg,PRIMARY
03e7a285-379c-4407-b9b2-8ab9e9266b0e,SKU001529,https://cdn.demo.com/SKU001529.jpg,PRIMARY
fe1cba50-17b7-4e93-a9f5-6ac978e15549,SKU001530,https://cdn.demo.com/SKU001530.jpg,PRIMARY
0b53d177-0ce6-4d69-82a4-766fc090bb58,SKU001531,https://cdn.demo.com/SKU001531.jpg,PRIMARY
1edc5efd-d668-484a-9543-d788a353f79f,SKU001532,https://cdn.demo.com/SKU001532.jpg,PRIMARY
5ca20ab4-50aa-40bc-ba51-1a6e97f3ea40,SKU001533,https://cdn.demo.com/SKU001533.jpg,PRIMARY
c04bc0d2-33ad-4699-8133-9b5539fb484e,SKU001534,https://cdn.demo.com/SKU001534.jpg,PRIMARY
cb7bb108-8830-43d2-bb34-d83108767cb5,SKU001535,https://cdn.demo.com/SKU001535.jpg,PRIMARY
d5610c63-721c-4a4d-b800-eab7e6351530,SKU001536,https://cdn.demo.com/SKU001536.jpg,PRIMARY
80ead03f-c4be-442d-89c5-ecb8a23cfc96,SKU001537,https://cdn.demo.com/SKU001537.jpg,PRIMARY
2ee4459c-cde7-4c76-9590-c39868f52445,SKU001538,https://cdn.demo.com/SKU001538.jpg,PRIMARY
6f86a801-3641-481f-8371-83ceb5102ca3,SKU001539,https://cdn.demo.com/SKU001539.jpg,PRIMARY
fa67eb95-7a1f-4d4d-b0fe-41d6012b83c3,SKU001540,https://cdn.demo.com/SKU001540.jpg,PRIMARY
749b55c1-66c3-4e03-911b-a1132b274d12,SKU001541,https://cdn.demo.com/SKU001541.jpg,PRIMARY
d559b6b3-15b1-4c46-acbf-0154aa288ea8,SKU001542,https://cdn.demo.com/SKU001542.jpg,PRIMARY
ac85162a-3374-4243-b40d-3267b967e57f,SKU001543,https://cdn.demo.com/SKU001543.jpg,PRIMARY
eb84809a-52d7-44f9-a12b-4ebab90b208e,SKU001544,https://cdn.demo.com/SKU001544.jpg,PRIMARY
7f53c714-7c67-4958-a25f-9e16dbfccc9c,SKU001545,https://cdn.demo.com/SKU001545.jpg,PRIMARY
5b6ff6b6-7bee-47f2-8ab4-56d1015d3506,SKU001546,https://cdn.demo.com/SKU001546.jpg,PRIMARY
994a29fd-d44c-4cb5-8770-edf79680af3f,SKU001547,https://cdn.demo.com/SKU001547.jpg,PRIMARY
af9a91ea-377b-4680-a629-08fdf5bf0564,SKU001548,https://cdn.demo.com/SKU001548.jpg,PRIMARY
74541c9d-6f10-4a49-8dfd-40b6c07b887f,SKU001549,https://cdn.demo.com/SKU001549.jpg,PRIMARY
e908060f-76f3-4c65-b209-49d959da6cc8,SKU001550,https://cdn.demo.com/SKU001550.jpg,PRIMARY
42357b87-2fe7-439b-aa01-d17072bbc909,SKU001551,https://cdn.demo.com/SKU001551.jpg,PRIMARY
752ea83d-d05a-4b89-ae2f-c9e3c3ecd485,SKU001552,https://cdn.demo.com/SKU001552.jpg,PRIMARY
b2b70fb3-1047-4006-a38f-583f26de69f7,SKU001553,https://cdn.demo.com/SKU001553.jpg,PRIMARY
d5d412ca-7c23-4eec-b3b2-e708d4e1b899,SKU001554,https://cdn.demo.com/SKU001554.jpg,PRIMARY
a1fd4033-0f12-47bc-beb4-2122968095b7,SKU001555,https://cdn.demo.com/SKU001555.jpg,PRIMARY
d206708f-36e5-4d20-8850-d0e1ee911cbc,SKU001556,https://cdn.demo.com/SKU001556.jpg,PRIMARY
6df7f7d0-7883-4d0e-80b3-45cb2184d55e,SKU001557,https://cdn.demo.com/SKU001557.jpg,PRIMARY
cbe705b6-a63c-4f02-b0f9-495bbde6bb80,SKU001558,https://cdn.demo.com/SKU001558.jpg,PRIMARY
fe123f40-f237-4223-b31e-e64df038ca0e,SKU001559,https://cdn.demo.com/SKU001559.jpg,PRIMARY
e49936ce-da23-48bd-a625-b049872f45c1,SKU001560,https://cdn.demo.com/SKU001560.jpg,PRIMARY
407f9df7-6475-492c-b88d-4152ccc86630,SKU001561,https://cdn.demo.com/SKU001561.jpg,PRIMARY
2f55a548-70d9-40f3-a039-a853664c3be4,SKU001562,https://cdn.demo.com/SKU001562.jpg,PRIMARY
b0e9f86f-84ad-42d7-b47c-525965740417,SKU001563,https://cdn.demo.com/SKU001563.jpg,PRIMARY
c5cdd838-e348-4f79-afec-7b0c88b08bc8,SKU001564,https://cdn.demo.com/SKU001564.jpg,PRIMARY
bb5aeecd-86e3-4526-a82b-de62c04eaa89,SKU001565,https://cdn.demo.com/SKU001565.jpg,PRIMARY
6b83e6e4-e0ce-49a7-a674-4d30cf6e9358,SKU001566,https://cdn.demo.com/SKU001566.jpg,PRIMARY
50c392c5-7546-4acc-acd6-d0abd0c056d4,SKU001567,https://cdn.demo.com/SKU001567.jpg,PRIMARY
afd8feee-e98d-40fb-af36-0691020ff138,SKU001568,https://cdn.demo.com/SKU001568.jpg,PRIMARY
9c2038e4-40b8-49b7-9e33-dafa927094aa,SKU001569,https://cdn.demo.com/SKU001569.jpg,PRIMARY
46b2abc1-d265-42cd-a902-7afa04297500,SKU001570,https://cdn.demo.com/SKU001570.jpg,PRIMARY
39b6d517-4652-4c04-bf1a-ce4718b53eb9,SKU001571,https://cdn.demo.com/SKU001571.jpg,PRIMARY
a0b069da-738b-4b2c-bfba-898ef7fa0925,SKU001572,https://cdn.demo.com/SKU001572.jpg,PRIMARY
bb1bb650-295e-4d1b-90e4-2a13e905bd85,SKU001573,https://cdn.demo.com/SKU001573.jpg,PRIMARY
1a5b850b-5273-4ade-ae16-5e2abd2b1fc8,SKU001574,https://cdn.demo.com/SKU001574.jpg,PRIMARY
9028d37a-569b-450f-b3bc-44d19a7d2b97,SKU001575,https://cdn.demo.com/SKU001575.jpg,PRIMARY
40e4db85-24c9-4c36-9a58-609b2e99309c,SKU001576,https://cdn.demo.com/SKU001576.jpg,PRIMARY
010eac66-ec48-46bc-8917-31b6dd3a6f77,SKU001577,https://cdn.demo.com/SKU001577.jpg,PRIMARY
7d47021c-bf44-42d0-b1cb-ff0884517fe2,SKU001578,https://cdn.demo.com/SKU001578.jpg,PRIMARY
b7ba1ef4-99ba-40c3-8f2d-c4c86f8d39f1,SKU001579,https://cdn.demo.com/SKU001579.jpg,PRIMARY
045c7800-376b-4526-ab09-07f99e50aaf0,SKU001580,https://cdn.demo.com/SKU001580.jpg,PRIMARY
71b6a8bc-6853-4a9b-9f4a-ee0cfc9f5ace,SKU001581,https://cdn.demo.com/SKU001581.jpg,PRIMARY
7e96f20d-6cea-448f-a484-bbf859e47977,SKU001582,https://cdn.demo.com/SKU001582.jpg,PRIMARY
ae9b9e1f-1773-415e-98b1-a539b8c0671c,SKU001583,https://cdn.demo.com/SKU001583.jpg,PRIMARY
7c31ae6b-21c1-4e8e-97f3-743b0d14cb4d,SKU001584,https://cdn.demo.com/SKU001584.jpg,PRIMARY
fc91dafd-40e5-4954-a4b2-9c90b6245266,SKU001585,https://cdn.demo.com/SKU001585.jpg,PRIMARY
d06ad1a8-72de-4b07-b8d5-7fcf027ed015,SKU001586,https://cdn.demo.com/SKU001586.jpg,PRIMARY
09071250-bada-4e46-8f04-5ae286a71c5e,SKU001587,https://cdn.demo.com/SKU001587.jpg,PRIMARY
86a21d62-43ed-4926-8c2f-eda44fd24af5,SKU001588,https://cdn.demo.com/SKU001588.jpg,PRIMARY
996ee0b4-328d-4796-9ee8-77477defa3ba,SKU001589,https://cdn.demo.com/SKU001589.jpg,PRIMARY
d7b8cb04-7de7-4557-a721-d444fe7eef96,SKU001590,https://cdn.demo.com/SKU001590.jpg,PRIMARY
f6736e14-b1e8-4a67-bc67-a8f78d6b9e08,SKU001591,https://cdn.demo.com/SKU001591.jpg,PRIMARY
10bdc7d9-9f1b-407c-a15f-a9a574ebf3ea,SKU001592,https://cdn.demo.com/SKU001592.jpg,PRIMARY
cf316d4d-901d-43fb-838d-8678cfb75747,SKU001593,https://cdn.demo.com/SKU001593.jpg,PRIMARY
35ed73d9-35f6-4b1c-8d97-37ff8d019bc8,SKU001594,https://cdn.demo.com/SKU001594.jpg,PRIMARY
7f0d07d9-fe0b-4e99-80f4-a105e019b2da,SKU001595,https://cdn.demo.com/SKU001595.jpg,PRIMARY
d8ebad91-1af5-4a6a-90e9-f35285faa8c5,SKU001596,https://cdn.demo.com/SKU001596.jpg,PRIMARY
d42f347d-c6bf-48a5-8bae-2bc9844577c5,SKU001597,https://cdn.demo.com/SKU001597.jpg,PRIMARY
eca88dc5-6686-4e64-a0ac-1b95507ab8c4,SKU001598,https://cdn.demo.com/SKU001598.jpg,PRIMARY
203e509a-d619-4100-8f60-8a66fab72c94,SKU001599,https://cdn.demo.com/SKU001599.jpg,PRIMARY
d39477bb-2b83-48aa-aedd-e303d082835b,SKU001600,https://cdn.demo.com/SKU001600.jpg,PRIMARY
adc9d68f-d390-46d9-8aab-9b176376e10e,SKU001601,https://cdn.demo.com/SKU001601.jpg,PRIMARY
4eba9e6d-cf6a-4fa8-8e4b-5b4650fe8b60,SKU001602,https://cdn.demo.com/SKU001602.jpg,PRIMARY
39cb6ec9-afa0-4683-bd8a-920dee8d4ebb,SKU001603,https://cdn.demo.com/SKU001603.jpg,PRIMARY
23cebb58-8283-4de2-8e2e-0b8adbe620b0,SKU001604,https://cdn.demo.com/SKU001604.jpg,PRIMARY
15d5751d-1dfd-4fe0-a2d7-2c7f1bd488f3,SKU001605,https://cdn.demo.com/SKU001605.jpg,PRIMARY
59244888-27e3-46fa-a18c-3cc13815e6f0,SKU001606,https://cdn.demo.com/SKU001606.jpg,PRIMARY
314ffceb-cc34-47a5-9ae8-d13e6f7dc677,SKU001607,https://cdn.demo.com/SKU001607.jpg,PRIMARY
3ea0547a-4ef7-4b0e-ad40-a28507f8dd37,SKU001608,https://cdn.demo.com/SKU001608.jpg,PRIMARY
a86b3f4c-3e90-4e2e-b767-378664d114ba,SKU001609,https://cdn.demo.com/SKU001609.jpg,PRIMARY
4da8e7f8-f1c7-4e35-9177-fa7b0debc219,SKU001610,https://cdn.demo.com/SKU001610.jpg,PRIMARY
7a3ef5b8-00bf-409e-9ab6-db45d32ecc05,SKU001611,https://cdn.demo.com/SKU001611.jpg,PRIMARY
b0071220-af15-4ea3-bb6c-ad43bdd557c8,SKU001612,https://cdn.demo.com/SKU001612.jpg,PRIMARY
4b5ea114-c31f-478c-84d6-9637631459c8,SKU001613,https://cdn.demo.com/SKU001613.jpg,PRIMARY
25f15a6e-4bef-4e37-b6a5-ec2beda22946,SKU001614,https://cdn.demo.com/SKU001614.jpg,PRIMARY
9f769a3b-5e1e-4b4f-972b-81253238be57,SKU001615,https://cdn.demo.com/SKU001615.jpg,PRIMARY
d4dd2f06-c0c1-40c4-a499-75159c8f61ac,SKU001616,https://cdn.demo.com/SKU001616.jpg,PRIMARY
d65ccbd8-80d3-4c46-8d93-c9d00ec755b8,SKU001617,https://cdn.demo.com/SKU001617.jpg,PRIMARY
ce57addd-e8f0-4a69-afc5-ecac52526ba9,SKU001618,https://cdn.demo.com/SKU001618.jpg,PRIMARY
b9a11465-07a7-4f3f-bace-8434fcbc8aba,SKU001619,https://cdn.demo.com/SKU001619.jpg,PRIMARY
27aa3182-30df-4eb1-9144-a8d550c46e04,SKU001620,https://cdn.demo.com/SKU001620.jpg,PRIMARY
4330ea4a-679a-461a-a609-75297caed963,SKU001621,https://cdn.demo.com/SKU001621.jpg,PRIMARY
6e199dec-59a0-46e5-bce1-22d243f31c38,SKU001622,https://cdn.demo.com/SKU001622.jpg,PRIMARY
5db537f1-9fef-456a-92ca-cf8b68da9ac1,SKU001623,https://cdn.demo.com/SKU001623.jpg,PRIMARY
8ef5d4db-2d77-4c95-8d7c-9d20271eb1ff,SKU001624,https://cdn.demo.com/SKU001624.jpg,PRIMARY
ea240052-5afc-428c-93c5-56ff427a5f7a,SKU001625,https://cdn.demo.com/SKU001625.jpg,PRIMARY
4d61a997-5d4e-4531-bc7d-4434711f6260,SKU001626,https://cdn.demo.com/SKU001626.jpg,PRIMARY
45ecc872-6cf7-4bd9-bebb-fc2e42e823e2,SKU001627,https://cdn.demo.com/SKU001627.jpg,PRIMARY
e9bf08ee-8b9e-41d2-90a1-c2ebeeb8f2dd,SKU001628,https://cdn.demo.com/SKU001628.jpg,PRIMARY
bb263557-0213-4933-8495-bffa82888950,SKU001629,https://cdn.demo.com/SKU001629.jpg,PRIMARY
d1d09d11-6630-4989-b7fa-35d0404e49cf,SKU001630,https://cdn.demo.com/SKU001630.jpg,PRIMARY
c1bc6269-d679-467c-8e29-f540d2e20f6a,SKU001631,https://cdn.demo.com/SKU001631.jpg,PRIMARY
5bbcb26c-fbd2-465f-91c7-d5c31b43aa51,SKU001632,https://cdn.demo.com/SKU001632.jpg,PRIMARY
81b66480-02e2-4d1d-b94d-9723c03eab58,SKU001633,https://cdn.demo.com/SKU001633.jpg,PRIMARY
e7d447dd-5aef-43e8-a3c1-966080d39031,SKU001634,https://cdn.demo.com/SKU001634.jpg,PRIMARY
2d376f58-c300-49f6-a3c4-521060cefe92,SKU001635,https://cdn.demo.com/SKU001635.jpg,PRIMARY
b4f5d99f-cc81-4e30-a1c6-a53b36dbe6ec,SKU001636,https://cdn.demo.com/SKU001636.jpg,PRIMARY
9a034551-f623-4ea5-a5c3-b6196ad7d921,SKU001637,https://cdn.demo.com/SKU001637.jpg,PRIMARY
b2053387-c852-423d-945e-210fdaaf9010,SKU001638,https://cdn.demo.com/SKU001638.jpg,PRIMARY
3a9cf04f-9308-4ef8-9505-2e6baa715d45,SKU001639,https://cdn.demo.com/SKU001639.jpg,PRIMARY
8b30e4ac-d984-4fae-85a6-0701a2cf41f0,SKU001640,https://cdn.demo.com/SKU001640.jpg,PRIMARY
6080c3db-9692-4fa1-a9b8-a2780cb7578d,SKU001641,https://cdn.demo.com/SKU001641.jpg,PRIMARY
c272066e-07f3-4755-aaba-a19886130cc2,SKU001642,https://cdn.demo.com/SKU001642.jpg,PRIMARY
a719496f-aec8-4c4f-b167-9d0cfc1600ce,SKU001643,https://cdn.demo.com/SKU001643.jpg,PRIMARY
26ea176a-f916-40ee-844a-d43023d38919,SKU001644,https://cdn.demo.com/SKU001644.jpg,PRIMARY
2c15cc65-82d9-4dc3-8980-604a5cba1037,SKU001645,https://cdn.demo.com/SKU001645.jpg,PRIMARY
b3f03922-f521-493d-a3a8-73d7b2862233,SKU001646,https://cdn.demo.com/SKU001646.jpg,PRIMARY
adcec271-37be-4c51-9b9e-dfec023bc004,SKU001647,https://cdn.demo.com/SKU001647.jpg,PRIMARY
be85812f-3fc7-42f0-af38-5899eb6d486c,SKU001648,https://cdn.demo.com/SKU001648.jpg,PRIMARY
738ddbf0-5d13-4119-b9b6-4899146455b6,SKU001649,https://cdn.demo.com/SKU001649.jpg,PRIMARY
763b28c6-ca7c-43f2-8bc3-1048105cb7e8,SKU001650,https://cdn.demo.com/SKU001650.jpg,PRIMARY
69b4cf2f-c37c-4442-898a-1941d426b898,SKU001651,https://cdn.demo.com/SKU001651.jpg,PRIMARY
133e61d4-4493-4b74-b705-a8c1286710a1,SKU001652,https://cdn.demo.com/SKU001652.jpg,PRIMARY
d331693a-b116-4461-a1db-48889edc9020,SKU001653,https://cdn.demo.com/SKU001653.jpg,PRIMARY
de8b1ca6-30c5-494d-b616-83508b9ed154,SKU001654,https://cdn.demo.com/SKU001654.jpg,PRIMARY
6729190b-d9a2-467c-9c87-274c8b9f6bab,SKU001655,https://cdn.demo.com/SKU001655.jpg,PRIMARY
9dba7ffd-8061-4a73-b683-d46442cd6756,SKU001656,https://cdn.demo.com/SKU001656.jpg,PRIMARY
fb3db4eb-6ffb-426b-b75e-b80195fc6caa,SKU001657,https://cdn.demo.com/SKU001657.jpg,PRIMARY
2532e610-e1b1-4f25-b3d1-1afeac068f39,SKU001658,https://cdn.demo.com/SKU001658.jpg,PRIMARY
1e0fe658-c0dc-46d8-887f-b2fabcb887bf,SKU001659,https://cdn.demo.com/SKU001659.jpg,PRIMARY
39a5d93e-ca52-4e01-bf1b-f6e1206fb43b,SKU001660,https://cdn.demo.com/SKU001660.jpg,PRIMARY
fdcb5544-99e8-417a-a0a6-7de7239a78cb,SKU001661,https://cdn.demo.com/SKU001661.jpg,PRIMARY
e9bf34f0-c504-4ac0-9c25-ede76902e396,SKU001662,https://cdn.demo.com/SKU001662.jpg,PRIMARY
aaa8ddd7-4662-44b4-803f-e6a18d598baa,SKU001663,https://cdn.demo.com/SKU001663.jpg,PRIMARY
75ecee32-6da4-4c8e-b8d8-051c6985db84,SKU001664,https://cdn.demo.com/SKU001664.jpg,PRIMARY
0741ab36-2bd5-4c92-9ebd-a79462a2f47c,SKU001665,https://cdn.demo.com/SKU001665.jpg,PRIMARY
399ad4be-4161-44de-b4c8-5fba005f1576,SKU001666,https://cdn.demo.com/SKU001666.jpg,PRIMARY
bac55273-0f98-4bc0-94b9-b4835b872926,SKU001667,https://cdn.demo.com/SKU001667.jpg,PRIMARY
654406a0-94c0-4803-bbe2-f85addc31964,SKU001668,https://cdn.demo.com/SKU001668.jpg,PRIMARY
bcd25df4-a82d-4dd6-982a-0d2959557e34,SKU001669,https://cdn.demo.com/SKU001669.jpg,PRIMARY
0adefeb2-41f6-43c6-a381-6af79afbe39e,SKU001670,https://cdn.demo.com/SKU001670.jpg,PRIMARY
edea10d8-f66b-48e6-bbe6-afa21441c31a,SKU001671,https://cdn.demo.com/SKU001671.jpg,PRIMARY
839256a6-3a69-47e2-93bd-abec41ac5988,SKU001672,https://cdn.demo.com/SKU001672.jpg,PRIMARY
18b86ec6-5c17-4036-8a47-34830217729b,SKU001673,https://cdn.demo.com/SKU001673.jpg,PRIMARY
fa55c5a8-fb77-47d2-ac16-ab652b4ffe2a,SKU001674,https://cdn.demo.com/SKU001674.jpg,PRIMARY
d5141e83-bfee-466f-af57-5b4033a271d9,SKU001675,https://cdn.demo.com/SKU001675.jpg,PRIMARY
8d722600-01ff-4538-b6a0-6e05fe842acb,SKU001676,https://cdn.demo.com/SKU001676.jpg,PRIMARY
08e0e040-84a0-44f1-959a-8e352b0eecbc,SKU001677,https://cdn.demo.com/SKU001677.jpg,PRIMARY
898df421-24f8-490f-8075-e6619ed639ec,SKU001678,https://cdn.demo.com/SKU001678.jpg,PRIMARY
e45d71fb-c39e-40d3-9a24-31a1853d94c3,SKU001679,https://cdn.demo.com/SKU001679.jpg,PRIMARY
f15ca7e9-a8c2-4f62-aa95-aa0c1cf16ffd,SKU001680,https://cdn.demo.com/SKU001680.jpg,PRIMARY
3acb5c13-a3f0-4047-b647-d1357f5b5521,SKU001681,https://cdn.demo.com/SKU001681.jpg,PRIMARY
a54123fb-1bef-47b3-9490-be6b708cdcce,SKU001682,https://cdn.demo.com/SKU001682.jpg,PRIMARY
3c4f5bd8-0553-4569-8cf6-1aad1c048db7,SKU001683,https://cdn.demo.com/SKU001683.jpg,PRIMARY
ed213912-b411-4ea1-94d4-0b5256487b56,SKU001684,https://cdn.demo.com/SKU001684.jpg,PRIMARY
c8d146cf-d7b8-4b37-8a53-f2f2d9fdad84,SKU001685,https://cdn.demo.com/SKU001685.jpg,PRIMARY
68d34294-d371-4f03-9a4a-a8139d35dfd7,SKU001686,https://cdn.demo.com/SKU001686.jpg,PRIMARY
aab357b4-5052-4ea6-80b5-2bed52c539df,SKU001687,https://cdn.demo.com/SKU001687.jpg,PRIMARY
94310c71-6fce-4467-8777-2b7016b63838,SKU001688,https://cdn.demo.com/SKU001688.jpg,PRIMARY
029f9b59-9f64-416b-9982-d384eff57178,SKU001689,https://cdn.demo.com/SKU001689.jpg,PRIMARY
a6ae1f59-7c86-42f4-ba68-76e04a31c942,SKU001690,https://cdn.demo.com/SKU001690.jpg,PRIMARY
94e8f268-970c-4602-9348-ef238e9490af,SKU001691,https://cdn.demo.com/SKU001691.jpg,PRIMARY
ccb5a071-63b6-4412-b926-2319c95737e6,SKU001692,https://cdn.demo.com/SKU001692.jpg,PRIMARY
307b9958-6860-4fdf-bc70-4fbcff9dfc41,SKU001693,https://cdn.demo.com/SKU001693.jpg,PRIMARY
d5a934d1-d8ac-4f95-8ec0-19ed685fa351,SKU001694,https://cdn.demo.com/SKU001694.jpg,PRIMARY
2f7fb192-42f5-4186-9dc6-f65617409723,SKU001695,https://cdn.demo.com/SKU001695.jpg,PRIMARY
90fb74ab-aa0f-46bb-b0ae-7e28b3ad1510,SKU001696,https://cdn.demo.com/SKU001696.jpg,PRIMARY
9b705406-d7cd-4f11-ab6f-d63625372a6a,SKU001697,https://cdn.demo.com/SKU001697.jpg,PRIMARY
bbe156d6-4c75-4018-aa45-9b0014325dbb,SKU001698,https://cdn.demo.com/SKU001698.jpg,PRIMARY
ae6e2736-f31d-4af9-8140-2a44726623d8,SKU001699,https://cdn.demo.com/SKU001699.jpg,PRIMARY
0da7af58-6fc0-4685-9340-759073c534b1,SKU001700,https://cdn.demo.com/SKU001700.jpg,PRIMARY
ffc3cd16-3273-4963-a443-642b6cf5375e,SKU001701,https://cdn.demo.com/SKU001701.jpg,PRIMARY
fe89b496-6e3f-41f5-ba0b-664822ece088,SKU001702,https://cdn.demo.com/SKU001702.jpg,PRIMARY
929d0b04-76b9-4ae4-9f99-48dc683421ae,SKU001703,https://cdn.demo.com/SKU001703.jpg,PRIMARY
99597c95-eca6-4e71-8237-d5110a0a9121,SKU001704,https://cdn.demo.com/SKU001704.jpg,PRIMARY
a19b44a0-381c-4193-b7a1-53dcb32446f3,SKU001705,https://cdn.demo.com/SKU001705.jpg,PRIMARY
ece6c635-b026-4329-aabc-ae3bda951ede,SKU001706,https://cdn.demo.com/SKU001706.jpg,PRIMARY
e0a4d7fe-8698-4867-8a2e-1162cdc89cb2,SKU001707,https://cdn.demo.com/SKU001707.jpg,PRIMARY
b7f49d19-be80-4304-af9b-c0fbd3cb48c7,SKU001708,https://cdn.demo.com/SKU001708.jpg,PRIMARY
33bfc76d-2db4-4c6f-934c-689aede12812,SKU001709,https://cdn.demo.com/SKU001709.jpg,PRIMARY
4c30c50e-56af-489c-a8cc-8cf5938ff05b,SKU001710,https://cdn.demo.com/SKU001710.jpg,PRIMARY
111412ad-76fc-4d75-b2b7-2db0466995bc,SKU001711,https://cdn.demo.com/SKU001711.jpg,PRIMARY
71d30aec-55f8-4c30-b9de-eeae498b516e,SKU001712,https://cdn.demo.com/SKU001712.jpg,PRIMARY
aee4d447-a4a3-4583-bdd4-0e2e19a91e5d,SKU001713,https://cdn.demo.com/SKU001713.jpg,PRIMARY
d47e64a3-bd66-40fb-b2b6-742e708a21a4,SKU001714,https://cdn.demo.com/SKU001714.jpg,PRIMARY
447c4382-aec3-4069-88e6-8d89b1ebe79e,SKU001715,https://cdn.demo.com/SKU001715.jpg,PRIMARY
f3c4da05-92ae-45cb-8495-b638121c5c12,SKU001716,https://cdn.demo.com/SKU001716.jpg,PRIMARY
bea3244a-52b8-4c73-9cf1-1268fa580e7e,SKU001717,https://cdn.demo.com/SKU001717.jpg,PRIMARY
54a62260-2f91-4de0-8737-0bf27280109b,SKU001718,https://cdn.demo.com/SKU001718.jpg,PRIMARY
71e25e90-ba4e-4e4f-a7af-244e14bb1939,SKU001719,https://cdn.demo.com/SKU001719.jpg,PRIMARY
2dfbe2cb-af8d-4a14-b372-5c185285be60,SKU001720,https://cdn.demo.com/SKU001720.jpg,PRIMARY
ce11293b-54e8-4b4b-af1e-7f6c1360fba2,SKU001721,https://cdn.demo.com/SKU001721.jpg,PRIMARY
b569a425-4014-4eaf-a7c9-ca6fd208f369,SKU001722,https://cdn.demo.com/SKU001722.jpg,PRIMARY
cb94cee0-b637-406f-a87a-dc22784904d4,SKU001723,https://cdn.demo.com/SKU001723.jpg,PRIMARY
116ca780-82ba-4cca-acf5-9dc4a2f75be0,SKU001724,https://cdn.demo.com/SKU001724.jpg,PRIMARY
e586f474-3280-45fa-b2d1-dbdf85d2cc4e,SKU001725,https://cdn.demo.com/SKU001725.jpg,PRIMARY
75b45056-eb66-4589-8bc4-b8c08fe8a80b,SKU001726,https://cdn.demo.com/SKU001726.jpg,PRIMARY
0d2e7ffe-2eee-4c7f-8471-bf327364bddc,SKU001727,https://cdn.demo.com/SKU001727.jpg,PRIMARY
4f50d0cd-5674-497f-b8c0-092dea7219ef,SKU001728,https://cdn.demo.com/SKU001728.jpg,PRIMARY
41b71d0d-f8be-42c4-a29f-784751be6590,SKU001729,https://cdn.demo.com/SKU001729.jpg,PRIMARY
d7861478-cb97-4aad-8b8b-9b765af431ee,SKU001730,https://cdn.demo.com/SKU001730.jpg,PRIMARY
577a0331-76d1-4fb6-a751-d8f80af5b215,SKU001731,https://cdn.demo.com/SKU001731.jpg,PRIMARY
9e2de510-cdf8-494e-b8d8-06512ffff1ba,SKU001732,https://cdn.demo.com/SKU001732.jpg,PRIMARY
b326f363-4b92-49f5-abb7-d8f73de740f5,SKU001733,https://cdn.demo.com/SKU001733.jpg,PRIMARY
1ebd28a1-8b84-48e8-a87a-3f4933e87867,SKU001734,https://cdn.demo.com/SKU001734.jpg,PRIMARY
965b7e66-7660-4dc8-91f6-df1ec82dc61a,SKU001735,https://cdn.demo.com/SKU001735.jpg,PRIMARY
b8dbf63b-0e31-4059-b307-68fb252d9a2a,SKU001736,https://cdn.demo.com/SKU001736.jpg,PRIMARY
6d755aa2-1417-4d74-a380-1ee3cc7d61c0,SKU001737,https://cdn.demo.com/SKU001737.jpg,PRIMARY
01c39ccf-97c3-49cd-a63b-bf4dee5957f6,SKU001738,https://cdn.demo.com/SKU001738.jpg,PRIMARY
e9bca7e8-4a7b-46a2-92f5-d2d07c96eb48,SKU001739,https://cdn.demo.com/SKU001739.jpg,PRIMARY
15397006-facb-4ce1-9e91-f93bcfb83d26,SKU001740,https://cdn.demo.com/SKU001740.jpg,PRIMARY
2cd5c7f0-81c2-4c3f-90a4-e5bcbd475a02,SKU001741,https://cdn.demo.com/SKU001741.jpg,PRIMARY
8eaeb4ca-a508-4e2f-a020-adff9d5e2870,SKU001742,https://cdn.demo.com/SKU001742.jpg,PRIMARY
62c9e933-36f7-427c-a4db-fea6d12214f8,SKU001743,https://cdn.demo.com/SKU001743.jpg,PRIMARY
28901f74-5207-4a24-97d5-28d6ee448532,SKU001744,https://cdn.demo.com/SKU001744.jpg,PRIMARY
5b2ff7e5-8577-4367-b6d1-a1502d56a745,SKU001745,https://cdn.demo.com/SKU001745.jpg,PRIMARY
948dc29a-38e2-497e-8fc5-ccd8fe2fcbe6,SKU001746,https://cdn.demo.com/SKU001746.jpg,PRIMARY
7c62b327-fab1-4e40-b3b6-589700156a38,SKU001747,https://cdn.demo.com/SKU001747.jpg,PRIMARY
96a96021-0289-403d-8669-971c7d86b019,SKU001748,https://cdn.demo.com/SKU001748.jpg,PRIMARY
6c750234-1b24-44e2-8fa7-f5bfba13bf89,SKU001749,https://cdn.demo.com/SKU001749.jpg,PRIMARY
c80542b5-ae98-440d-8482-89f7cee3d236,SKU001750,https://cdn.demo.com/SKU001750.jpg,PRIMARY
1a691539-fc6a-41cb-82d3-540b8ed4de7d,SKU001751,https://cdn.demo.com/SKU001751.jpg,PRIMARY
53cff78c-c3c6-4bb5-bceb-3489ca02d502,SKU001752,https://cdn.demo.com/SKU001752.jpg,PRIMARY
338c5c55-f64f-42f3-a0db-59259d5929fb,SKU001753,https://cdn.demo.com/SKU001753.jpg,PRIMARY
7b44a158-050d-42df-84dd-1e2b59f94dc0,SKU001754,https://cdn.demo.com/SKU001754.jpg,PRIMARY
86212327-b168-4d41-8519-f900e6148632,SKU001755,https://cdn.demo.com/SKU001755.jpg,PRIMARY
52117ab9-f496-4f86-ac60-dcfabb0b7e2f,SKU001756,https://cdn.demo.com/SKU001756.jpg,PRIMARY
c7862c43-6c0a-4e55-877f-ddc55fa0a3c7,SKU001757,https://cdn.demo.com/SKU001757.jpg,PRIMARY
49fd90a2-1698-48a6-8984-9d996db33f8a,SKU001758,https://cdn.demo.com/SKU001758.jpg,PRIMARY
ee600b59-7c5e-4fa4-88aa-a8cd86d60bf8,SKU001759,https://cdn.demo.com/SKU001759.jpg,PRIMARY
3254efcc-6309-4f0f-8d2b-3dd2e3d24c6b,SKU001760,https://cdn.demo.com/SKU001760.jpg,PRIMARY
0adca3a5-04cc-4d8f-ab2c-f879075e78bb,SKU001761,https://cdn.demo.com/SKU001761.jpg,PRIMARY
74e1c7f4-ed52-426b-9a56-eb05a525914d,SKU001762,https://cdn.demo.com/SKU001762.jpg,PRIMARY
c876d4ff-941b-47d4-8fbb-a019e50dd123,SKU001763,https://cdn.demo.com/SKU001763.jpg,PRIMARY
40565d93-4ad5-4504-afd1-1c87b1a82a4e,SKU001764,https://cdn.demo.com/SKU001764.jpg,PRIMARY
8ce12f78-7a1c-46bc-9ceb-137f834e42e7,SKU001765,https://cdn.demo.com/SKU001765.jpg,PRIMARY
49ba5838-ae4b-41ac-a627-1da352200d8e,SKU001766,https://cdn.demo.com/SKU001766.jpg,PRIMARY
ec952a6e-a11a-4cd4-a102-29f4410a0fde,SKU001767,https://cdn.demo.com/SKU001767.jpg,PRIMARY
c64cd830-bbce-4bcb-8a54-d2bede7b8ad4,SKU001768,https://cdn.demo.com/SKU001768.jpg,PRIMARY
fa1cc122-72e1-411d-a75d-9adacb30e8fb,SKU001769,https://cdn.demo.com/SKU001769.jpg,PRIMARY
36cf8d41-7d19-4e88-a897-0af94aba180d,SKU001770,https://cdn.demo.com/SKU001770.jpg,PRIMARY
c0b1f508-aeb0-4bc7-9c9a-a25c697f5433,SKU001771,https://cdn.demo.com/SKU001771.jpg,PRIMARY
c465dce9-9f52-42d2-8189-4a31a60b874a,SKU001772,https://cdn.demo.com/SKU001772.jpg,PRIMARY
86de62b2-8538-4205-83c1-f82b21373576,SKU001773,https://cdn.demo.com/SKU001773.jpg,PRIMARY
3eaa164e-1889-4732-a85f-d5f5cb2f1833,SKU001774,https://cdn.demo.com/SKU001774.jpg,PRIMARY
219991ab-a90c-4114-9700-0af72a46a879,SKU001775,https://cdn.demo.com/SKU001775.jpg,PRIMARY
034ac8df-1746-4d4d-95d8-53180e32035e,SKU001776,https://cdn.demo.com/SKU001776.jpg,PRIMARY
57cccdc1-48e1-4eab-9215-3386239c3fc6,SKU001777,https://cdn.demo.com/SKU001777.jpg,PRIMARY
3bc8db75-01a9-4120-8955-29e21d7bb065,SKU001778,https://cdn.demo.com/SKU001778.jpg,PRIMARY
85879526-6fc6-4bea-9801-9bf1b5b8dfb6,SKU001779,https://cdn.demo.com/SKU001779.jpg,PRIMARY
e2fd4173-d6bd-4940-ba37-6ce4cd333a29,SKU001780,https://cdn.demo.com/SKU001780.jpg,PRIMARY
07cc3113-3aad-4f21-952b-16d10aa3066c,SKU001781,https://cdn.demo.com/SKU001781.jpg,PRIMARY
c54c68dc-c9fb-4308-b471-011b28468b5d,SKU001782,https://cdn.demo.com/SKU001782.jpg,PRIMARY
e5b7f97e-fd19-408c-95ff-cc839b6827c2,SKU001783,https://cdn.demo.com/SKU001783.jpg,PRIMARY
ed26fe60-a037-4ac4-b7a5-7cabc51b5525,SKU001784,https://cdn.demo.com/SKU001784.jpg,PRIMARY
521b619a-46a9-4573-a6ce-f4af46d94cd2,SKU001785,https://cdn.demo.com/SKU001785.jpg,PRIMARY
588f1b89-b418-4589-899b-1881f7fc6945,SKU001786,https://cdn.demo.com/SKU001786.jpg,PRIMARY
831a6894-7aad-47a3-9a75-ab1efa771d0b,SKU001787,https://cdn.demo.com/SKU001787.jpg,PRIMARY
0687a9ba-98b0-4d11-bf41-85e7cb36e0e0,SKU001788,https://cdn.demo.com/SKU001788.jpg,PRIMARY
81abd2f6-9ed8-4327-8296-50aec96dc864,SKU001789,https://cdn.demo.com/SKU001789.jpg,PRIMARY
b15139f1-3a0d-4c4c-85f5-d3b3b00ca4a7,SKU001790,https://cdn.demo.com/SKU001790.jpg,PRIMARY
4afda7da-6221-4e48-b116-abe630035cb0,SKU001791,https://cdn.demo.com/SKU001791.jpg,PRIMARY
985de926-3399-4f36-8d1e-afdf58d33072,SKU001792,https://cdn.demo.com/SKU001792.jpg,PRIMARY
d316cfb6-9206-44fd-a98e-c2384046c0c4,SKU001793,https://cdn.demo.com/SKU001793.jpg,PRIMARY
a35caac1-e7a3-47bd-9e91-a547f3311243,SKU001794,https://cdn.demo.com/SKU001794.jpg,PRIMARY
179b12ba-9218-45ab-a01f-c7bad1bca2e2,SKU001795,https://cdn.demo.com/SKU001795.jpg,PRIMARY
eeac1f94-b002-439b-9107-0c41eee745d5,SKU001796,https://cdn.demo.com/SKU001796.jpg,PRIMARY
728dd8a8-bbb4-44d7-ab1c-b8da0f84d8ba,SKU001797,https://cdn.demo.com/SKU001797.jpg,PRIMARY
37e90d42-ed59-4f5d-9cf9-2ab85c143906,SKU001798,https://cdn.demo.com/SKU001798.jpg,PRIMARY
123c14ea-62dc-45cd-8c18-1f1ca0cc3437,SKU001799,https://cdn.demo.com/SKU001799.jpg,PRIMARY
2bcd2312-78cb-4159-b129-23562aebb441,SKU001800,https://cdn.demo.com/SKU001800.jpg,PRIMARY
e7f7d93f-1b55-4a98-98a4-38b1377f059e,SKU001801,https://cdn.demo.com/SKU001801.jpg,PRIMARY
213b8e47-bd23-4821-8a01-e96d8562c7f3,SKU001802,https://cdn.demo.com/SKU001802.jpg,PRIMARY
af93c862-8e64-4af8-ad4d-0661d4093e93,SKU001803,https://cdn.demo.com/SKU001803.jpg,PRIMARY
0daec34c-4a15-438a-85de-879b4fda5a1d,SKU001804,https://cdn.demo.com/SKU001804.jpg,PRIMARY
515dd192-680b-49f7-a016-9e129b2fb213,SKU001805,https://cdn.demo.com/SKU001805.jpg,PRIMARY
baa805c1-3123-4989-9cc8-bd598259ae5d,SKU001806,https://cdn.demo.com/SKU001806.jpg,PRIMARY
b3e78ab5-1eaf-4c42-98ec-128955c95b29,SKU001807,https://cdn.demo.com/SKU001807.jpg,PRIMARY
a64c0ded-4063-4d80-ac05-aeccd52f75d9,SKU001808,https://cdn.demo.com/SKU001808.jpg,PRIMARY
3891187c-e6db-49bd-993d-6cac02ee55bb,SKU001809,https://cdn.demo.com/SKU001809.jpg,PRIMARY
922e5455-c665-463b-942e-efb6481f8491,SKU001810,https://cdn.demo.com/SKU001810.jpg,PRIMARY
9823ee7a-8ff4-49a3-84ef-065ab66a50eb,SKU001811,https://cdn.demo.com/SKU001811.jpg,PRIMARY
27add3cc-f1ae-40c7-b1fd-074efb9a4a44,SKU001812,https://cdn.demo.com/SKU001812.jpg,PRIMARY
8614e128-000c-4db6-a5a0-ff10bb211dde,SKU001813,https://cdn.demo.com/SKU001813.jpg,PRIMARY
8a2a24d7-3fa7-4ad9-9585-e845df4418c9,SKU001814,https://cdn.demo.com/SKU001814.jpg,PRIMARY
6a1de926-1cd3-4413-af01-9a4973cb6edb,SKU001815,https://cdn.demo.com/SKU001815.jpg,PRIMARY
be007f53-c9cb-49ed-949a-dccc763ca495,SKU001816,https://cdn.demo.com/SKU001816.jpg,PRIMARY
b82554ce-de4a-489e-9ea7-f09dda2e3d9d,SKU001817,https://cdn.demo.com/SKU001817.jpg,PRIMARY
36bfd554-5003-4ca9-9907-876fd08e39d0,SKU001818,https://cdn.demo.com/SKU001818.jpg,PRIMARY
2889cdcc-c0d5-423c-a88d-d5b07f158aa0,SKU001819,https://cdn.demo.com/SKU001819.jpg,PRIMARY
9aa8d435-6a51-43bc-b555-aff419be5eb0,SKU001820,https://cdn.demo.com/SKU001820.jpg,PRIMARY
ed3c5a9a-c8a8-412c-bf7d-cba097aae54c,SKU001821,https://cdn.demo.com/SKU001821.jpg,PRIMARY
76f0e656-68ab-409c-8042-52c1950ef246,SKU001822,https://cdn.demo.com/SKU001822.jpg,PRIMARY
b9b76ce3-e174-4b0a-b698-8b6b06a45a5b,SKU001823,https://cdn.demo.com/SKU001823.jpg,PRIMARY
e39fc8d5-b52b-46de-b854-00021bc5e594,SKU001824,https://cdn.demo.com/SKU001824.jpg,PRIMARY
69823319-9878-4391-bcec-c0a3b47c9580,SKU001825,https://cdn.demo.com/SKU001825.jpg,PRIMARY
76b12076-225b-4e36-9d3c-de4b37ce8d44,SKU001826,https://cdn.demo.com/SKU001826.jpg,PRIMARY
acafbf07-17dd-4bca-abe3-1283023075a2,SKU001827,https://cdn.demo.com/SKU001827.jpg,PRIMARY
a738d8d7-5bf2-4c76-a572-03d88a1ce72a,SKU001828,https://cdn.demo.com/SKU001828.jpg,PRIMARY
cf3e0704-d493-4fb4-a50e-5b615a99462e,SKU001829,https://cdn.demo.com/SKU001829.jpg,PRIMARY
7cbb3773-49fc-4666-87a3-02ce82981269,SKU001830,https://cdn.demo.com/SKU001830.jpg,PRIMARY
24087807-eda9-40e3-94cd-0cb447713040,SKU001831,https://cdn.demo.com/SKU001831.jpg,PRIMARY
7437ab61-0a24-4c02-9d82-2fc0fee96a80,SKU001832,https://cdn.demo.com/SKU001832.jpg,PRIMARY
edc068be-3491-49af-b0bd-7e70c4d0dd1c,SKU001833,https://cdn.demo.com/SKU001833.jpg,PRIMARY
de36e805-b47a-4361-bb18-a3049a6d4c08,SKU001834,https://cdn.demo.com/SKU001834.jpg,PRIMARY
3326c596-f488-4f79-9d3a-80726c03dbbf,SKU001835,https://cdn.demo.com/SKU001835.jpg,PRIMARY
d5dfad35-9831-4e1f-bdef-7bfc48a4e15a,SKU001836,https://cdn.demo.com/SKU001836.jpg,PRIMARY
bb692892-3c1a-440a-8c12-4af82461d31f,SKU001837,https://cdn.demo.com/SKU001837.jpg,PRIMARY
87dc676c-66ba-4f03-9430-a5ce63656fc5,SKU001838,https://cdn.demo.com/SKU001838.jpg,PRIMARY
a60e7c07-ea33-401f-91c7-f681d38625b9,SKU001839,https://cdn.demo.com/SKU001839.jpg,PRIMARY
99762300-a93a-4d0e-a7c9-4c7e3a1c0fef,SKU001840,https://cdn.demo.com/SKU001840.jpg,PRIMARY
5f37d7ef-9c7b-41ca-b27e-bec667ce1ee0,SKU001841,https://cdn.demo.com/SKU001841.jpg,PRIMARY
f436736c-37d0-451c-a870-731ebe5e825b,SKU001842,https://cdn.demo.com/SKU001842.jpg,PRIMARY
ed2042e9-8f67-4e7f-a257-b0dcd726c078,SKU001843,https://cdn.demo.com/SKU001843.jpg,PRIMARY
17095869-82c0-4a2a-948c-8c2a664285e1,SKU001844,https://cdn.demo.com/SKU001844.jpg,PRIMARY
543e7e5c-0823-4985-abf8-b452d66f0e6f,SKU001845,https://cdn.demo.com/SKU001845.jpg,PRIMARY
d6bd3b31-c7fa-4472-967d-574768cefbce,SKU001846,https://cdn.demo.com/SKU001846.jpg,PRIMARY
2f900b24-5627-4525-8892-626048574b17,SKU001847,https://cdn.demo.com/SKU001847.jpg,PRIMARY
614011fa-53d1-4300-8a20-1a1dbf9d51b3,SKU001848,https://cdn.demo.com/SKU001848.jpg,PRIMARY
a8753901-3672-409c-89e9-0fd81ec8c8db,SKU001849,https://cdn.demo.com/SKU001849.jpg,PRIMARY
a4c556e7-4558-4dea-93c5-916ab3a0bb9a,SKU001850,https://cdn.demo.com/SKU001850.jpg,PRIMARY
05229fa2-282c-4779-bb1f-ef7803720d77,SKU001851,https://cdn.demo.com/SKU001851.jpg,PRIMARY
fe2b6155-52a8-48be-bd10-f69da42d4dad,SKU001852,https://cdn.demo.com/SKU001852.jpg,PRIMARY
c42179bb-6274-412e-a2b9-977b07656426,SKU001853,https://cdn.demo.com/SKU001853.jpg,PRIMARY
6df55a0b-72a0-47bd-aa8a-6fd9d99fd60c,SKU001854,https://cdn.demo.com/SKU001854.jpg,PRIMARY
4d826afe-1619-4e41-99f7-df7a7d0faadf,SKU001855,https://cdn.demo.com/SKU001855.jpg,PRIMARY
0ac4eff6-66ea-4001-853a-a847f6ade48e,SKU001856,https://cdn.demo.com/SKU001856.jpg,PRIMARY
b0184e59-fcfa-445a-b91e-e250700b5572,SKU001857,https://cdn.demo.com/SKU001857.jpg,PRIMARY
ec5c05bc-99df-4b1e-be69-2b76565652d5,SKU001858,https://cdn.demo.com/SKU001858.jpg,PRIMARY
733c47f8-bb91-46d3-bcf4-f616db98a7e3,SKU001859,https://cdn.demo.com/SKU001859.jpg,PRIMARY
f4b45f32-5fba-40b0-b901-f4e3b07d0f6d,SKU001860,https://cdn.demo.com/SKU001860.jpg,PRIMARY
bb7b65e9-9daa-421a-a747-5d18fb62e432,SKU001861,https://cdn.demo.com/SKU001861.jpg,PRIMARY
f829308d-399d-488d-b44f-f493e813c5aa,SKU001862,https://cdn.demo.com/SKU001862.jpg,PRIMARY
88d64bb2-b746-40d7-a1c4-3d097c4e69e3,SKU001863,https://cdn.demo.com/SKU001863.jpg,PRIMARY
660e1f18-5cad-4208-b017-1a75a01961b7,SKU001864,https://cdn.demo.com/SKU001864.jpg,PRIMARY
0c2a2e69-0d75-4cc1-b9c8-6398bd57681b,SKU001865,https://cdn.demo.com/SKU001865.jpg,PRIMARY
7225b624-542b-47f1-a903-6dcd79d42c51,SKU001866,https://cdn.demo.com/SKU001866.jpg,PRIMARY
9e6bb817-b818-42ec-affd-7820f15e90df,SKU001867,https://cdn.demo.com/SKU001867.jpg,PRIMARY
acfd0a0b-1bf0-4468-8f86-b5645e0ffc3d,SKU001868,https://cdn.demo.com/SKU001868.jpg,PRIMARY
37f783ae-291c-41eb-8256-a3cf8c005401,SKU001869,https://cdn.demo.com/SKU001869.jpg,PRIMARY
d8c27541-2512-45e4-a03d-347dbb25ab58,SKU001870,https://cdn.demo.com/SKU001870.jpg,PRIMARY
0c75d2b4-f56a-4c5d-bf0b-62f5a0971719,SKU001871,https://cdn.demo.com/SKU001871.jpg,PRIMARY
d71b237c-3d50-475f-a49f-10b9b661ee3f,SKU001872,https://cdn.demo.com/SKU001872.jpg,PRIMARY
a67b6e78-e740-444e-871b-63f7675e13b8,SKU001873,https://cdn.demo.com/SKU001873.jpg,PRIMARY
3ab22cbe-65fb-4bd8-accb-51488b40b122,SKU001874,https://cdn.demo.com/SKU001874.jpg,PRIMARY
1c8c49bf-bcc3-4634-8ff0-7ddc0f1d2113,SKU001875,https://cdn.demo.com/SKU001875.jpg,PRIMARY
b5404845-ff80-4721-9a0f-2950d47d52cc,SKU001876,https://cdn.demo.com/SKU001876.jpg,PRIMARY
14721e26-da11-481a-bee7-ad8ca61be0e1,SKU001877,https://cdn.demo.com/SKU001877.jpg,PRIMARY
6beae33e-bff6-4ee4-be0d-c866a44c9e4f,SKU001878,https://cdn.demo.com/SKU001878.jpg,PRIMARY
a9d00f7f-fa0b-44f0-882d-059d61e97888,SKU001879,https://cdn.demo.com/SKU001879.jpg,PRIMARY
e213e29c-4801-4ea2-9465-7c0be095e4a0,SKU001880,https://cdn.demo.com/SKU001880.jpg,PRIMARY
9b718f06-7e6d-4b53-8506-c14a671be547,SKU001881,https://cdn.demo.com/SKU001881.jpg,PRIMARY
a8395f88-af05-4d65-bc2f-285750cdc41c,SKU001882,https://cdn.demo.com/SKU001882.jpg,PRIMARY
351b5fb3-1560-4471-b87d-e93deb79554e,SKU001883,https://cdn.demo.com/SKU001883.jpg,PRIMARY
92eaea13-3df6-4916-851b-801cc46d547a,SKU001884,https://cdn.demo.com/SKU001884.jpg,PRIMARY
de0d5a5b-74d8-4cee-809f-5c85def3b755,SKU001885,https://cdn.demo.com/SKU001885.jpg,PRIMARY
005e8352-d78e-4f1a-9c32-25e660c7cff6,SKU001886,https://cdn.demo.com/SKU001886.jpg,PRIMARY
db1312f2-1acb-4dce-9a9c-643c11a4d01e,SKU001887,https://cdn.demo.com/SKU001887.jpg,PRIMARY
49d20d7d-019d-42b6-854d-b31bdf93999d,SKU001888,https://cdn.demo.com/SKU001888.jpg,PRIMARY
dfa2e54a-187b-4a66-9ae7-6110c5dc14c6,SKU001889,https://cdn.demo.com/SKU001889.jpg,PRIMARY
51a7d23e-8789-4e4b-ae58-43a41796c6f5,SKU001890,https://cdn.demo.com/SKU001890.jpg,PRIMARY
75e7fc92-9d90-4e6f-a3cb-d386a7999939,SKU001891,https://cdn.demo.com/SKU001891.jpg,PRIMARY
a314ce6d-a99e-487b-8625-36915c366490,SKU001892,https://cdn.demo.com/SKU001892.jpg,PRIMARY
ba85a7c4-9a58-4ff1-b962-e825f863c556,SKU001893,https://cdn.demo.com/SKU001893.jpg,PRIMARY
176b3bcf-730c-4b0f-ab69-9475f5fa1a36,SKU001894,https://cdn.demo.com/SKU001894.jpg,PRIMARY
827f1970-6551-4abb-aafb-7d335eb29862,SKU001895,https://cdn.demo.com/SKU001895.jpg,PRIMARY
f9ed0c78-1cd1-4a50-8426-61be5b3bb6c4,SKU001896,https://cdn.demo.com/SKU001896.jpg,PRIMARY
cd16587e-1198-4811-96f0-4f99ed4d584b,SKU001897,https://cdn.demo.com/SKU001897.jpg,PRIMARY
06da44c8-7503-4a81-b903-c6a3c09f72a4,SKU001898,https://cdn.demo.com/SKU001898.jpg,PRIMARY
82b306d0-73c0-44c9-b703-5a7c5e1bf282,SKU001899,https://cdn.demo.com/SKU001899.jpg,PRIMARY
39f3fd71-d4fd-4b7b-8505-62a791511532,SKU001900,https://cdn.demo.com/SKU001900.jpg,PRIMARY
bf3700a3-13e6-41d2-935f-72c7a1519b2b,SKU001901,https://cdn.demo.com/SKU001901.jpg,PRIMARY
a6f9b566-65ec-4eb3-97bc-4b1a81528e64,SKU001902,https://cdn.demo.com/SKU001902.jpg,PRIMARY
0485fda3-197c-45b9-a239-e9208623ac9e,SKU001903,https://cdn.demo.com/SKU001903.jpg,PRIMARY
bfea19ff-d6c4-4228-8f53-effd25d8d8fc,SKU001904,https://cdn.demo.com/SKU001904.jpg,PRIMARY
dfea47d5-bb79-4de4-8295-24c39b5c4787,SKU001905,https://cdn.demo.com/SKU001905.jpg,PRIMARY
2279a3ef-dff9-4677-9d38-c077a2d6310c,SKU001906,https://cdn.demo.com/SKU001906.jpg,PRIMARY
109f723f-c62d-4894-a95a-01e906f3810f,SKU001907,https://cdn.demo.com/SKU001907.jpg,PRIMARY
62c4c119-a717-41de-848b-7e26053f3d91,SKU001908,https://cdn.demo.com/SKU001908.jpg,PRIMARY
7a820857-01a9-4025-bfce-029d433a9dd1,SKU001909,https://cdn.demo.com/SKU001909.jpg,PRIMARY
9dc02f2f-b660-41de-932a-cd165cb5a2b4,SKU001910,https://cdn.demo.com/SKU001910.jpg,PRIMARY
8db40923-92da-4315-8c99-392cdcdd9481,SKU001911,https://cdn.demo.com/SKU001911.jpg,PRIMARY
82215c3f-4b6d-44f7-b1a6-fe2bc90e31a6,SKU001912,https://cdn.demo.com/SKU001912.jpg,PRIMARY
1378f50a-3b01-439b-b5da-a256805bebff,SKU001913,https://cdn.demo.com/SKU001913.jpg,PRIMARY
0e5f6d7e-0d53-4c5c-8949-74d352176d72,SKU001914,https://cdn.demo.com/SKU001914.jpg,PRIMARY
ffd6d799-bbf8-48b3-9213-b5056e39b682,SKU001915,https://cdn.demo.com/SKU001915.jpg,PRIMARY
30b6fc21-9f96-47f5-a449-384a9011f08a,SKU001916,https://cdn.demo.com/SKU001916.jpg,PRIMARY
7a8da39c-242c-4138-9690-ba7e339f1d95,SKU001917,https://cdn.demo.com/SKU001917.jpg,PRIMARY
5ebe7248-3211-42ca-ac55-e0dfe0f8008a,SKU001918,https://cdn.demo.com/SKU001918.jpg,PRIMARY
b4389eab-19bf-4d87-ad89-818c8a1eb9de,SKU001919,https://cdn.demo.com/SKU001919.jpg,PRIMARY
ba873b95-ed0d-497b-9f7d-8902c349735c,SKU001920,https://cdn.demo.com/SKU001920.jpg,PRIMARY
82ae79ba-6570-459e-9fa8-5943694ea6f1,SKU001921,https://cdn.demo.com/SKU001921.jpg,PRIMARY
b0157800-05bd-4358-8cbc-67a457b74978,SKU001922,https://cdn.demo.com/SKU001922.jpg,PRIMARY
f5a5dafd-6752-4402-ab65-2bb993fc8873,SKU001923,https://cdn.demo.com/SKU001923.jpg,PRIMARY
98967135-edaf-4a1b-8477-ddd5de517633,SKU001924,https://cdn.demo.com/SKU001924.jpg,PRIMARY
3b923f23-feca-4035-bb29-955ffbd7cc3e,SKU001925,https://cdn.demo.com/SKU001925.jpg,PRIMARY
e2ff4149-89e5-4066-bc62-d79ca8063652,SKU001926,https://cdn.demo.com/SKU001926.jpg,PRIMARY
bab78345-0e64-4fe3-a091-f29961d4e908,SKU001927,https://cdn.demo.com/SKU001927.jpg,PRIMARY
09dcb1f8-8975-494e-b325-f8447d842a53,SKU001928,https://cdn.demo.com/SKU001928.jpg,PRIMARY
9439d577-53ec-4020-b62c-a01dd10ac16c,SKU001929,https://cdn.demo.com/SKU001929.jpg,PRIMARY
f0d14445-6941-43c4-8590-91096a985bb1,SKU001930,https://cdn.demo.com/SKU001930.jpg,PRIMARY
fc5f3c20-ceb4-42aa-90b9-b98c848d6c75,SKU001931,https://cdn.demo.com/SKU001931.jpg,PRIMARY
d73b53e6-d18b-4e62-a1c8-6035e442f2de,SKU001932,https://cdn.demo.com/SKU001932.jpg,PRIMARY
c590f963-b3c1-43d7-bbbc-5af974cc2061,SKU001933,https://cdn.demo.com/SKU001933.jpg,PRIMARY
4443916a-8631-41a6-819d-d2c415c2111e,SKU001934,https://cdn.demo.com/SKU001934.jpg,PRIMARY
5943171a-3a60-42c5-b3ce-d2b841c34f29,SKU001935,https://cdn.demo.com/SKU001935.jpg,PRIMARY
b814a415-5b66-4939-987d-20ac79dfc40e,SKU001936,https://cdn.demo.com/SKU001936.jpg,PRIMARY
135b6e1e-b243-45de-bb8e-2a1e91b0a6ff,SKU001937,https://cdn.demo.com/SKU001937.jpg,PRIMARY
9ebc1db9-d999-47ef-b2da-225da08ebdba,SKU001938,https://cdn.demo.com/SKU001938.jpg,PRIMARY
3d0f4fb6-55cb-4c8c-9266-513ca8db4765,SKU001939,https://cdn.demo.com/SKU001939.jpg,PRIMARY
bf9fe357-6579-4ddb-9d83-992955c17526,SKU001940,https://cdn.demo.com/SKU001940.jpg,PRIMARY
1080ec6f-f1c5-45d3-90f3-edd8e577efa3,SKU001941,https://cdn.demo.com/SKU001941.jpg,PRIMARY
54648aa6-b28c-4723-a2a8-0cf991253ae9,SKU001942,https://cdn.demo.com/SKU001942.jpg,PRIMARY
24e2df4e-5694-4828-a411-a0f2213b014b,SKU001943,https://cdn.demo.com/SKU001943.jpg,PRIMARY
75f460f6-ae6d-4fae-bf01-cd65a7f5b624,SKU001944,https://cdn.demo.com/SKU001944.jpg,PRIMARY
edf139ed-b6d9-4be0-a481-83143933cd7c,SKU001945,https://cdn.demo.com/SKU001945.jpg,PRIMARY
51176e07-420a-4d9f-a1f0-fe3d9ad59f38,SKU001946,https://cdn.demo.com/SKU001946.jpg,PRIMARY
c5ed8dca-ed8c-4aea-ae03-a2d8f1df92ce,SKU001947,https://cdn.demo.com/SKU001947.jpg,PRIMARY
cd65a671-2eee-4f41-93c7-1c7a69377550,SKU001948,https://cdn.demo.com/SKU001948.jpg,PRIMARY
f8d8309f-8aac-4e8c-b991-ec30f0ed47c3,SKU001949,https://cdn.demo.com/SKU001949.jpg,PRIMARY
f85aa1f6-4e60-41ec-b707-55b11956b3c0,SKU001950,https://cdn.demo.com/SKU001950.jpg,PRIMARY
3d87dc9e-f861-4750-8f19-67bd859307e2,SKU001951,https://cdn.demo.com/SKU001951.jpg,PRIMARY
b74a4759-c407-450c-8bef-5c2a1a781771,SKU001952,https://cdn.demo.com/SKU001952.jpg,PRIMARY
db325c77-cc9d-46b7-8ae2-48880f70f88b,SKU001953,https://cdn.demo.com/SKU001953.jpg,PRIMARY
4c693eaf-068b-449c-b0e5-21b978704de0,SKU001954,https://cdn.demo.com/SKU001954.jpg,PRIMARY
72921447-66fc-4026-befb-3633fa9b0edc,SKU001955,https://cdn.demo.com/SKU001955.jpg,PRIMARY
b4ac27fd-6dd7-4322-9744-435931f1a5a6,SKU001956,https://cdn.demo.com/SKU001956.jpg,PRIMARY
8a33d42d-175d-4997-8096-d572f23bc2f3,SKU001957,https://cdn.demo.com/SKU001957.jpg,PRIMARY
d66d7f7b-6864-456f-a50e-b59615741061,SKU001958,https://cdn.demo.com/SKU001958.jpg,PRIMARY
61fb95a5-92cc-4834-b1f8-2877f9ea56fd,SKU001959,https://cdn.demo.com/SKU001959.jpg,PRIMARY
3545a28b-f78a-4520-ab63-df0834ac0658,SKU001960,https://cdn.demo.com/SKU001960.jpg,PRIMARY
dede83d1-041a-435d-8f5d-a5af128619ec,SKU001961,https://cdn.demo.com/SKU001961.jpg,PRIMARY
4491fb2a-317e-45e4-9fdf-7bca86613e95,SKU001962,https://cdn.demo.com/SKU001962.jpg,PRIMARY
0b97d474-bc6c-4b78-8855-06345c5927ff,SKU001963,https://cdn.demo.com/SKU001963.jpg,PRIMARY
5a5d08d9-c8ba-40bf-a534-0404fe169ff5,SKU001964,https://cdn.demo.com/SKU001964.jpg,PRIMARY
72020aa3-998e-4b9c-a58d-8e92ba9b84dd,SKU001965,https://cdn.demo.com/SKU001965.jpg,PRIMARY
f045bebd-eb31-4b44-a15e-65557a2a592e,SKU001966,https://cdn.demo.com/SKU001966.jpg,PRIMARY
2904eb02-d9f1-44c5-9162-3819be2deccc,SKU001967,https://cdn.demo.com/SKU001967.jpg,PRIMARY
80696c4d-2efb-4cd4-81be-51de3f379b1a,SKU001968,https://cdn.demo.com/SKU001968.jpg,PRIMARY
475e24c5-b5e2-4f0e-bdeb-663bde5841e3,SKU001969,https://cdn.demo.com/SKU001969.jpg,PRIMARY
03600d76-aa6b-4e7c-a65a-6ecf8f197837,SKU001970,https://cdn.demo.com/SKU001970.jpg,PRIMARY
8be9a0b7-8461-4c01-8bc0-ac1cc29d1a5b,SKU001971,https://cdn.demo.com/SKU001971.jpg,PRIMARY
4445561d-b9f9-4bd0-b6bd-238eaaa2b0ed,SKU001972,https://cdn.demo.com/SKU001972.jpg,PRIMARY
f2ade835-6096-4ca2-9e13-e79be575ce9d,SKU001973,https://cdn.demo.com/SKU001973.jpg,PRIMARY
8b834b10-e8f7-4c6b-9a63-b7ab3f5f3db7,SKU001974,https://cdn.demo.com/SKU001974.jpg,PRIMARY
8a14300f-8e2c-4c79-b68f-9b352d4d89a1,SKU001975,https://cdn.demo.com/SKU001975.jpg,PRIMARY
dbae4254-7ba6-4088-b5bd-3cd909584953,SKU001976,https://cdn.demo.com/SKU001976.jpg,PRIMARY
b186e77c-2bba-4a33-8e15-6e3ee7d9bb98,SKU001977,https://cdn.demo.com/SKU001977.jpg,PRIMARY
5f781344-c72c-4546-9a2f-d2469900fb85,SKU001978,https://cdn.demo.com/SKU001978.jpg,PRIMARY
1f9fb497-1ab1-4d23-8c81-ccead4b4723c,SKU001979,https://cdn.demo.com/SKU001979.jpg,PRIMARY
e2d29908-19ba-4244-8f9c-592d6577d262,SKU001980,https://cdn.demo.com/SKU001980.jpg,PRIMARY
b8ef841c-027c-4a2e-ba6c-104521de0c5b,SKU001981,https://cdn.demo.com/SKU001981.jpg,PRIMARY
37b0eadb-2c74-4287-8353-70ca7cc54a7d,SKU001982,https://cdn.demo.com/SKU001982.jpg,PRIMARY
b3089c51-093f-409c-8bb8-16605a6f93e7,SKU001983,https://cdn.demo.com/SKU001983.jpg,PRIMARY
c7e61298-b8b7-4c1a-a2ef-cfd1b7d404c6,SKU001984,https://cdn.demo.com/SKU001984.jpg,PRIMARY
76c5dc58-257e-4d83-97ee-ce6f808a40bf,SKU001985,https://cdn.demo.com/SKU001985.jpg,PRIMARY
272f5d42-a7a6-413e-8279-c6714a533591,SKU001986,https://cdn.demo.com/SKU001986.jpg,PRIMARY
c9b82d46-07f3-48ba-b1c6-05dee97a9469,SKU001987,https://cdn.demo.com/SKU001987.jpg,PRIMARY
8e3ac400-a63b-46ae-af59-829352e5ae9a,SKU001988,https://cdn.demo.com/SKU001988.jpg,PRIMARY
379ca8c4-b823-43e8-ab7e-895caba67ec7,SKU001989,https://cdn.demo.com/SKU001989.jpg,PRIMARY
94d89928-f47d-4cb5-b99b-dad43f4bf876,SKU001990,https://cdn.demo.com/SKU001990.jpg,PRIMARY
69d46b2f-874b-40cd-a77c-b2533ae8f3d8,SKU001991,https://cdn.demo.com/SKU001991.jpg,PRIMARY
c8fa34ae-6c7b-428b-8c91-746e1f3b6b7a,SKU001992,https://cdn.demo.com/SKU001992.jpg,PRIMARY
644309ab-44b5-4cc0-8fa4-456946225255,SKU001993,https://cdn.demo.com/SKU001993.jpg,PRIMARY
d92439d7-8ab7-4508-a8e2-80cee4e9c4ab,SKU001994,https://cdn.demo.com/SKU001994.jpg,PRIMARY
948e4456-bc4a-477c-b102-6d29f58db23a,SKU001995,https://cdn.demo.com/SKU001995.jpg,PRIMARY
72d5d152-e842-460b-bfae-c5a007ea4883,SKU001996,https://cdn.demo.com/SKU001996.jpg,PRIMARY
434849bd-a8ae-453e-b6d5-448e4765a21e,SKU001997,https://cdn.demo.com/SKU001997.jpg,PRIMARY
21840e79-e756-42bf-953a-2af5c92c1fb4,SKU001998,https://cdn.demo.com/SKU001998.jpg,PRIMARY
3d22cea6-963b-43e6-a5d4-c30b3886f69a,SKU001999,https://cdn.demo.com/SKU001999.jpg,PRIMARY
d72c1d04-9837-4bea-9430-8833a9d75683,SKU002000,https://cdn.demo.com/SKU002000.jpg,PRIMARY
553806fb-34b3-4530-9fc5-db2d73cd9d0d,SKU002001,https://cdn.demo.com/SKU002001.jpg,PRIMARY
6048dea0-c23d-41e7-85db-7b3548fd3010,SKU002002,https://cdn.demo.com/SKU002002.jpg,PRIMARY
c2c23b28-eb44-46b4-8e19-5e0af2093504,SKU002003,https://cdn.demo.com/SKU002003.jpg,PRIMARY
1e86edda-4c80-4fdd-bc8c-1c794beccc97,SKU002004,https://cdn.demo.com/SKU002004.jpg,PRIMARY
55a85de8-9b6a-4f58-a3a5-54394f743e1d,SKU002005,https://cdn.demo.com/SKU002005.jpg,PRIMARY
384d348b-a6e2-4bdf-aeab-11b9269dc8db,SKU002006,https://cdn.demo.com/SKU002006.jpg,PRIMARY
e5309f3b-46ac-40dc-8c7b-090b02abeb8b,SKU002007,https://cdn.demo.com/SKU002007.jpg,PRIMARY
5fcb4be8-0405-410c-b54a-c3cf2ccaf930,SKU002008,https://cdn.demo.com/SKU002008.jpg,PRIMARY
3d5949fe-abfb-4753-95fe-6ee3c39407a7,SKU002009,https://cdn.demo.com/SKU002009.jpg,PRIMARY
191cab76-d23b-43ca-98e5-0a2a6a97d367,SKU002010,https://cdn.demo.com/SKU002010.jpg,PRIMARY
89511a81-a203-490d-98ee-ce3ea93d88c3,SKU002011,https://cdn.demo.com/SKU002011.jpg,PRIMARY
4406ee60-839a-4159-9a67-77ebc1b714a5,SKU002012,https://cdn.demo.com/SKU002012.jpg,PRIMARY
14e7fff4-73d1-4b5e-b53f-b2e20aeb6c12,SKU002013,https://cdn.demo.com/SKU002013.jpg,PRIMARY
55ceedb1-c531-4df4-b015-aca72672ee13,SKU002014,https://cdn.demo.com/SKU002014.jpg,PRIMARY
56921465-555d-448d-8e39-e82278fd6d9e,SKU002015,https://cdn.demo.com/SKU002015.jpg,PRIMARY
0ae4118d-8961-4bf2-90b1-23eb06485a02,SKU002016,https://cdn.demo.com/SKU002016.jpg,PRIMARY
af6f2b08-66de-4555-9f06-071c4282de71,SKU002017,https://cdn.demo.com/SKU002017.jpg,PRIMARY
c6a141ed-d015-468c-9274-4662d1aad1bf,SKU002018,https://cdn.demo.com/SKU002018.jpg,PRIMARY
e504195d-84f3-44b3-b819-6f1b0ef71ff0,SKU002019,https://cdn.demo.com/SKU002019.jpg,PRIMARY
7258b954-228a-4f21-ab25-e2f82fd46497,SKU002020,https://cdn.demo.com/SKU002020.jpg,PRIMARY
cd670a33-f19d-4fd3-88b8-179eecf785fe,SKU002021,https://cdn.demo.com/SKU002021.jpg,PRIMARY
e3637f34-6a88-41f3-8ce2-45b39daa2a62,SKU002022,https://cdn.demo.com/SKU002022.jpg,PRIMARY
4a5de1c4-d413-4dc3-9054-31b8619b4e78,SKU002023,https://cdn.demo.com/SKU002023.jpg,PRIMARY
b6e3bc62-ccd9-491f-94ee-0c142a28c6be,SKU002024,https://cdn.demo.com/SKU002024.jpg,PRIMARY
08fa85f5-454b-484f-a3b2-2c1dc65fb1b6,SKU002025,https://cdn.demo.com/SKU002025.jpg,PRIMARY
7914331b-4046-4cae-a399-95479761eaf2,SKU002026,https://cdn.demo.com/SKU002026.jpg,PRIMARY
f198573d-aebf-48d7-8fb9-06d86fc3cc4b,SKU002027,https://cdn.demo.com/SKU002027.jpg,PRIMARY
7cf5220a-382c-4248-bd58-7f7065b469af,SKU002028,https://cdn.demo.com/SKU002028.jpg,PRIMARY
94361f48-06af-4904-b8d5-63a0c4cde08a,SKU002029,https://cdn.demo.com/SKU002029.jpg,PRIMARY
5fb2d891-0fbc-4144-aeab-dbb739069c94,SKU002030,https://cdn.demo.com/SKU002030.jpg,PRIMARY
1f4c839c-3f16-48ab-854c-37c1ea9217cc,SKU002031,https://cdn.demo.com/SKU002031.jpg,PRIMARY
9beff513-6d18-40a1-a31a-83ff1fc2fc75,SKU002032,https://cdn.demo.com/SKU002032.jpg,PRIMARY
70546902-3c71-4aef-aefa-0de6cc90ad77,SKU002033,https://cdn.demo.com/SKU002033.jpg,PRIMARY
b3e625d5-1482-4f21-aee2-8060c659c433,SKU002034,https://cdn.demo.com/SKU002034.jpg,PRIMARY
93d8054b-4763-4067-b76c-0eddae3f6200,SKU002035,https://cdn.demo.com/SKU002035.jpg,PRIMARY
05a26859-ce50-4f3f-85fa-35570d185edb,SKU002036,https://cdn.demo.com/SKU002036.jpg,PRIMARY
ecab2ada-25b8-49d0-9df7-73aee4ea8d43,SKU002037,https://cdn.demo.com/SKU002037.jpg,PRIMARY
258d4f42-039c-4dd6-9aea-c20be4cc6106,SKU002038,https://cdn.demo.com/SKU002038.jpg,PRIMARY
ac6f3ade-daf2-48c6-afc3-c0ed3245c9b0,SKU002039,https://cdn.demo.com/SKU002039.jpg,PRIMARY
d38754a7-2667-4865-b690-a0ce464cf376,SKU002040,https://cdn.demo.com/SKU002040.jpg,PRIMARY
767891c2-97ae-4ebf-8ada-5ae0140b186a,SKU002041,https://cdn.demo.com/SKU002041.jpg,PRIMARY
7f3a1290-716b-4b08-8e60-cb44304b595d,SKU002042,https://cdn.demo.com/SKU002042.jpg,PRIMARY
f66fb6c3-2b62-4762-a6b8-24b74bfae1ea,SKU002043,https://cdn.demo.com/SKU002043.jpg,PRIMARY
29db4239-6306-450a-9f5b-68120193b2e5,SKU002044,https://cdn.demo.com/SKU002044.jpg,PRIMARY
ae7d8561-7ff6-4ac7-a7e0-ee16e6331e5c,SKU002045,https://cdn.demo.com/SKU002045.jpg,PRIMARY
5f333744-d41d-49dd-8583-9cf48da288ff,SKU002046,https://cdn.demo.com/SKU002046.jpg,PRIMARY
75e0e62f-4a16-4f20-8577-77a3b6f848d5,SKU002047,https://cdn.demo.com/SKU002047.jpg,PRIMARY
c05a1d43-9a6f-422e-a61c-2467e04444bb,SKU002048,https://cdn.demo.com/SKU002048.jpg,PRIMARY
93cfa162-6d5b-48d2-8a5e-a0ef2e7dffda,SKU002049,https://cdn.demo.com/SKU002049.jpg,PRIMARY
3a2b79aa-4eeb-47aa-bce7-6e73c8bd7a9c,SKU002050,https://cdn.demo.com/SKU002050.jpg,PRIMARY
51ff4a18-1b85-4cf1-8657-dc4124389863,SKU002051,https://cdn.demo.com/SKU002051.jpg,PRIMARY
b7d218ac-0d1c-4644-8463-ac455e772249,SKU002052,https://cdn.demo.com/SKU002052.jpg,PRIMARY
b3abff08-2735-4297-8958-41f822906d75,SKU002053,https://cdn.demo.com/SKU002053.jpg,PRIMARY
62af3b02-04a0-4f1c-8f41-bf6619360f25,SKU002054,https://cdn.demo.com/SKU002054.jpg,PRIMARY
50891ccb-ba5d-46ab-8ff1-e0fad6b91610,SKU002055,https://cdn.demo.com/SKU002055.jpg,PRIMARY
9735d4b0-603e-4ed7-a2e6-6cb7a796563c,SKU002056,https://cdn.demo.com/SKU002056.jpg,PRIMARY
6958ff31-5c21-4544-909c-e12e02fc68fd,SKU002057,https://cdn.demo.com/SKU002057.jpg,PRIMARY
a19673a6-ccf4-48db-8c0a-dfb9d72d8bde,SKU002058,https://cdn.demo.com/SKU002058.jpg,PRIMARY
caaf5bde-5f17-4659-b8af-324f9c804704,SKU002059,https://cdn.demo.com/SKU002059.jpg,PRIMARY
69732eca-7a4a-4430-a810-cb85e6dd2313,SKU002060,https://cdn.demo.com/SKU002060.jpg,PRIMARY
ef177a11-311a-41db-ab46-67e5445586cc,SKU002061,https://cdn.demo.com/SKU002061.jpg,PRIMARY
607a00ad-e26a-4fda-85e1-6ff7dfde661b,SKU002062,https://cdn.demo.com/SKU002062.jpg,PRIMARY
72cddfa0-c380-4e34-92b4-8a73616bbd05,SKU002063,https://cdn.demo.com/SKU002063.jpg,PRIMARY
55b3f4b3-e6cc-4bed-a560-6e11cfb5ba75,SKU002064,https://cdn.demo.com/SKU002064.jpg,PRIMARY
189b2d66-0fc9-4277-9f9f-7f9a6fd58626,SKU002065,https://cdn.demo.com/SKU002065.jpg,PRIMARY
8d5f9f96-c93f-42af-bf53-baf7f416e2e2,SKU002066,https://cdn.demo.com/SKU002066.jpg,PRIMARY
2f4b59eb-2241-49dd-8509-9e306f0de404,SKU002067,https://cdn.demo.com/SKU002067.jpg,PRIMARY
46f767c3-7495-4450-b139-a4917b2ca3f0,SKU002068,https://cdn.demo.com/SKU002068.jpg,PRIMARY
ba9f9c47-4751-4414-8845-65dc4388e840,SKU002069,https://cdn.demo.com/SKU002069.jpg,PRIMARY
cfde6cc9-f984-4c4c-9afd-e8e7f2e7a019,SKU002070,https://cdn.demo.com/SKU002070.jpg,PRIMARY
9679d2dd-d4c1-4c6a-ab09-182d39a94104,SKU002071,https://cdn.demo.com/SKU002071.jpg,PRIMARY
2d5affa4-709f-4906-9f0a-f853e2be1bb9,SKU002072,https://cdn.demo.com/SKU002072.jpg,PRIMARY
6b6582f1-7bc0-4b4d-815b-2c0b6dbcab61,SKU002073,https://cdn.demo.com/SKU002073.jpg,PRIMARY
638b83ee-dd11-4a02-a6d2-899b1870dec5,SKU002074,https://cdn.demo.com/SKU002074.jpg,PRIMARY
65369aca-530a-434f-8ba3-7a209027d03c,SKU002075,https://cdn.demo.com/SKU002075.jpg,PRIMARY
b070bf82-360e-4554-9824-5c3a42c15403,SKU002076,https://cdn.demo.com/SKU002076.jpg,PRIMARY
1ad9aef9-5ae4-46a8-ae46-0340938ba26d,SKU002077,https://cdn.demo.com/SKU002077.jpg,PRIMARY
ae68874c-15f6-475b-8d4b-debac8c76202,SKU002078,https://cdn.demo.com/SKU002078.jpg,PRIMARY
0fe7f59a-1297-47b7-9cd8-ace7c3882d40,SKU002079,https://cdn.demo.com/SKU002079.jpg,PRIMARY
855c6e3b-45da-41b8-851a-a0bc9532847b,SKU002080,https://cdn.demo.com/SKU002080.jpg,PRIMARY
27adb4eb-c1b6-4dea-8ba3-c66ddf8f2024,SKU002081,https://cdn.demo.com/SKU002081.jpg,PRIMARY
aba7e075-2844-4bfc-8a88-46544cd5625f,SKU002082,https://cdn.demo.com/SKU002082.jpg,PRIMARY
bbfb53f6-3f8a-44cf-860f-d897eba78608,SKU002083,https://cdn.demo.com/SKU002083.jpg,PRIMARY
b2d2119e-f047-4c8e-a9db-e243df0fb9f8,SKU002084,https://cdn.demo.com/SKU002084.jpg,PRIMARY
867d6a07-6478-4f18-bb4f-1efcafdd06b9,SKU002085,https://cdn.demo.com/SKU002085.jpg,PRIMARY
5bf50f48-67e5-4549-9ad2-edb66eaf1b7f,SKU002086,https://cdn.demo.com/SKU002086.jpg,PRIMARY
33708257-21fb-4197-a4d2-f9df8ed456aa,SKU002087,https://cdn.demo.com/SKU002087.jpg,PRIMARY
bcf8c7b4-0e12-4fdd-9409-6e0b86e37349,SKU002088,https://cdn.demo.com/SKU002088.jpg,PRIMARY
4fead3fe-0241-4433-b1fe-1cd2ddae7ce7,SKU002089,https://cdn.demo.com/SKU002089.jpg,PRIMARY
85e61eab-e746-4677-ad01-0bd6bbfe7a65,SKU002090,https://cdn.demo.com/SKU002090.jpg,PRIMARY
872a93b7-2602-43cb-9917-589b66590cb0,SKU002091,https://cdn.demo.com/SKU002091.jpg,PRIMARY
e25ee809-ccde-467b-ae4c-1b35de62a83f,SKU002092,https://cdn.demo.com/SKU002092.jpg,PRIMARY
4e5e65a9-c325-48c9-8a52-d37dccaa0ccc,SKU002093,https://cdn.demo.com/SKU002093.jpg,PRIMARY
cef50737-a829-4162-8268-6d288f569e7f,SKU002094,https://cdn.demo.com/SKU002094.jpg,PRIMARY
fd162f0c-6c9a-4660-9a6f-c7e30e1d781b,SKU002095,https://cdn.demo.com/SKU002095.jpg,PRIMARY
ae42776d-6964-4b39-8ed3-a3d8375d5c28,SKU002096,https://cdn.demo.com/SKU002096.jpg,PRIMARY
832de1ab-c36e-4fc7-be8a-7dc45b920662,SKU002097,https://cdn.demo.com/SKU002097.jpg,PRIMARY
9b85b8ff-becb-4861-ba86-3ffa56cee436,SKU002098,https://cdn.demo.com/SKU002098.jpg,PRIMARY
bf50a81b-b750-48c0-a29b-2d3e00af8ebe,SKU002099,https://cdn.demo.com/SKU002099.jpg,PRIMARY
c5463f10-d0b5-40a9-8a66-ab14b8dfcd0d,SKU002100,https://cdn.demo.com/SKU002100.jpg,PRIMARY
73501164-e2fa-4138-a594-0fdf1b8411ea,SKU002101,https://cdn.demo.com/SKU002101.jpg,PRIMARY
5204a9f3-3a81-4eb8-b9bb-2d7fa7469536,SKU002102,https://cdn.demo.com/SKU002102.jpg,PRIMARY
b22b7a73-6d89-4760-937e-3f1c25e4fbef,SKU002103,https://cdn.demo.com/SKU002103.jpg,PRIMARY
053db5dd-081d-47a2-bddc-f2b7f470a511,SKU002104,https://cdn.demo.com/SKU002104.jpg,PRIMARY
b3a069b5-ee25-480a-a78d-94fa3f468b4e,SKU002105,https://cdn.demo.com/SKU002105.jpg,PRIMARY
98367875-ee55-4323-8289-3ccc2137c9d0,SKU002106,https://cdn.demo.com/SKU002106.jpg,PRIMARY
40ad8dfc-ab2a-4038-8fd7-3c55e2275557,SKU002107,https://cdn.demo.com/SKU002107.jpg,PRIMARY
7b4c16f1-10e9-4f60-ae9b-41970f29916c,SKU002108,https://cdn.demo.com/SKU002108.jpg,PRIMARY
48a19880-45b7-45b6-9304-22db789ea5d0,SKU002109,https://cdn.demo.com/SKU002109.jpg,PRIMARY
672d4c51-8cbc-42f2-826a-11352746e3db,SKU002110,https://cdn.demo.com/SKU002110.jpg,PRIMARY
c3814a8f-7c24-46a7-8398-b20fc77c4e1f,SKU002111,https://cdn.demo.com/SKU002111.jpg,PRIMARY
ac6ffbd8-e63e-4637-a83c-ccebb827ff64,SKU002112,https://cdn.demo.com/SKU002112.jpg,PRIMARY
e2ac7fc1-b984-4954-a2c1-ae1d500f5031,SKU002113,https://cdn.demo.com/SKU002113.jpg,PRIMARY
7f5186d6-d987-405b-a9e0-cc0523b80f91,SKU002114,https://cdn.demo.com/SKU002114.jpg,PRIMARY
d81a80ae-90d5-4da6-8819-747204c3c813,SKU002115,https://cdn.demo.com/SKU002115.jpg,PRIMARY
28b31b02-bf30-4781-b17e-4617151b2ee0,SKU002116,https://cdn.demo.com/SKU002116.jpg,PRIMARY
5716e71a-ba73-4fe6-9cdf-b3c09aa5aad1,SKU002117,https://cdn.demo.com/SKU002117.jpg,PRIMARY
57e18a2d-4f43-410d-9ada-c8020ae909cb,SKU002118,https://cdn.demo.com/SKU002118.jpg,PRIMARY
493751a8-71a0-49fa-adb1-0201e5d53bba,SKU002119,https://cdn.demo.com/SKU002119.jpg,PRIMARY
88772c74-6af1-4ede-837f-3961f4ae582b,SKU002120,https://cdn.demo.com/SKU002120.jpg,PRIMARY
9db6afe7-0831-4f3d-8455-a80958b28cbf,SKU002121,https://cdn.demo.com/SKU002121.jpg,PRIMARY
322d52da-92a5-43db-ad4c-6a30ac6bcb13,SKU002122,https://cdn.demo.com/SKU002122.jpg,PRIMARY
f554413a-4345-46c8-a644-21c7369e5ba7,SKU002123,https://cdn.demo.com/SKU002123.jpg,PRIMARY
7443390a-e3ce-411b-806a-168db32271a7,SKU002124,https://cdn.demo.com/SKU002124.jpg,PRIMARY
3bbd54b7-cc91-4562-aa96-98ee8d3c11f7,SKU002125,https://cdn.demo.com/SKU002125.jpg,PRIMARY
be4ea9e2-e550-435f-9d9c-b7a30991cef6,SKU002126,https://cdn.demo.com/SKU002126.jpg,PRIMARY
49bf321a-2ed9-4a69-acb6-5da46c59822c,SKU002127,https://cdn.demo.com/SKU002127.jpg,PRIMARY
e91e9134-40ae-4085-bc33-ba7ff5623bb5,SKU002128,https://cdn.demo.com/SKU002128.jpg,PRIMARY
a72d3dce-e5d3-4c61-aba9-58d372c86ce2,SKU002129,https://cdn.demo.com/SKU002129.jpg,PRIMARY
61222209-070c-4c80-a239-4d305f8e1094,SKU002130,https://cdn.demo.com/SKU002130.jpg,PRIMARY
39cbf64b-f136-4148-87d3-6555ce53f273,SKU002131,https://cdn.demo.com/SKU002131.jpg,PRIMARY
6632d884-297c-4abf-93c8-de9b42d43b4f,SKU002132,https://cdn.demo.com/SKU002132.jpg,PRIMARY
7afa07a1-ea3a-42a4-b58c-a35b82987f1c,SKU002133,https://cdn.demo.com/SKU002133.jpg,PRIMARY
562f933f-78f5-4e15-a35c-039133c74a62,SKU002134,https://cdn.demo.com/SKU002134.jpg,PRIMARY
c79e8716-6156-430a-84d3-b0c55d2719d3,SKU002135,https://cdn.demo.com/SKU002135.jpg,PRIMARY
18dcde82-d115-4e71-ab66-0565517185cd,SKU002136,https://cdn.demo.com/SKU002136.jpg,PRIMARY
13ec43e7-421d-4623-9756-14b236515e45,SKU002137,https://cdn.demo.com/SKU002137.jpg,PRIMARY
20a7e49a-b88f-4d42-9050-b18a762c8111,SKU002138,https://cdn.demo.com/SKU002138.jpg,PRIMARY
486ec4f7-48ab-4f86-acf1-ad39a8a77862,SKU002139,https://cdn.demo.com/SKU002139.jpg,PRIMARY
107571c1-4def-4263-9a70-82e227417e95,SKU002140,https://cdn.demo.com/SKU002140.jpg,PRIMARY
05896b06-4ad7-407e-966f-99da98fe42b1,SKU002141,https://cdn.demo.com/SKU002141.jpg,PRIMARY
e346d0eb-2ebb-4452-98b1-6dcd4e7ea5d4,SKU002142,https://cdn.demo.com/SKU002142.jpg,PRIMARY
a8df2c4b-cabe-4275-af66-499fbb9f5885,SKU002143,https://cdn.demo.com/SKU002143.jpg,PRIMARY
7d28b46f-a25c-446c-891c-8a09a0c979bf,SKU002144,https://cdn.demo.com/SKU002144.jpg,PRIMARY
962e2b12-317e-43d3-851e-29a1ce80cb3b,SKU002145,https://cdn.demo.com/SKU002145.jpg,PRIMARY
856a835e-d1b3-406a-bdd5-679f55818ea0,SKU002146,https://cdn.demo.com/SKU002146.jpg,PRIMARY
041dbdbc-a8e6-48b2-9cdf-0cbc0e3e4349,SKU002147,https://cdn.demo.com/SKU002147.jpg,PRIMARY
06b0b644-7909-431b-9a88-62baca19eb78,SKU002148,https://cdn.demo.com/SKU002148.jpg,PRIMARY
113eade3-f4c0-4053-95f4-bf2f2be7be37,SKU002149,https://cdn.demo.com/SKU002149.jpg,PRIMARY
6fa858c9-573e-4672-98fc-bd3ee3714e12,SKU002150,https://cdn.demo.com/SKU002150.jpg,PRIMARY
268ac967-6653-4f1e-8057-7f93e55372f7,SKU002151,https://cdn.demo.com/SKU002151.jpg,PRIMARY
4e4482e4-139f-4f9c-a738-bcd2e1984032,SKU002152,https://cdn.demo.com/SKU002152.jpg,PRIMARY
10c52793-e504-46a8-9a26-9f6b0a1c499b,SKU002153,https://cdn.demo.com/SKU002153.jpg,PRIMARY
68d09a0c-9c47-433e-8413-45c8643f89ec,SKU002154,https://cdn.demo.com/SKU002154.jpg,PRIMARY
2e0d0124-c53b-47f9-b716-179c701d086b,SKU002155,https://cdn.demo.com/SKU002155.jpg,PRIMARY
47bf384a-010b-431d-bcda-d8bfb855aef5,SKU002156,https://cdn.demo.com/SKU002156.jpg,PRIMARY
fb3069bb-01ac-445d-850f-d9ba36c81e57,SKU002157,https://cdn.demo.com/SKU002157.jpg,PRIMARY
6869bd63-1c7a-452f-88eb-15e7a5d59d81,SKU002158,https://cdn.demo.com/SKU002158.jpg,PRIMARY
8da6ddfb-dc7f-411c-8920-76b45a64189a,SKU002159,https://cdn.demo.com/SKU002159.jpg,PRIMARY
57e76b1b-8639-498b-bc3e-fcf165d5db44,SKU002160,https://cdn.demo.com/SKU002160.jpg,PRIMARY
7264b4d5-af6c-4460-914c-c37a29c522d9,SKU002161,https://cdn.demo.com/SKU002161.jpg,PRIMARY
3b0eab66-710a-4d04-b37d-d1efe3944202,SKU002162,https://cdn.demo.com/SKU002162.jpg,PRIMARY
0110fc7b-c52e-4a27-a54b-e114b130ef43,SKU002163,https://cdn.demo.com/SKU002163.jpg,PRIMARY
7d68aa61-a3a4-471d-ad4f-778cf1482578,SKU002164,https://cdn.demo.com/SKU002164.jpg,PRIMARY
742d34d6-1261-4773-acb7-3184fb1bf7aa,SKU002165,https://cdn.demo.com/SKU002165.jpg,PRIMARY
44ab56b4-06ae-40d5-a471-b0aefe03ae13,SKU002166,https://cdn.demo.com/SKU002166.jpg,PRIMARY
bb894b7c-4e7a-41c6-b465-8d28159551f5,SKU002167,https://cdn.demo.com/SKU002167.jpg,PRIMARY
3d093ddf-9e17-4cb3-a573-f4ba569d4618,SKU002168,https://cdn.demo.com/SKU002168.jpg,PRIMARY
28282fd3-dad8-4512-912d-4a215f6d4205,SKU002169,https://cdn.demo.com/SKU002169.jpg,PRIMARY
bef38047-1bee-4351-a153-6ad2c6a45ea5,SKU002170,https://cdn.demo.com/SKU002170.jpg,PRIMARY
b3c14776-64e5-4094-bd4d-b628192f8d26,SKU002171,https://cdn.demo.com/SKU002171.jpg,PRIMARY
758b1684-b73c-4883-a6e6-4a15542178ab,SKU002172,https://cdn.demo.com/SKU002172.jpg,PRIMARY
c023c7d5-7626-4054-a424-f0b5b856cddc,SKU002173,https://cdn.demo.com/SKU002173.jpg,PRIMARY
467916b5-0ca6-44c6-95ea-c2e2cec396a8,SKU002174,https://cdn.demo.com/SKU002174.jpg,PRIMARY
ba2dcfc6-7563-483b-9b12-294471062927,SKU002175,https://cdn.demo.com/SKU002175.jpg,PRIMARY
fe486688-22eb-4bab-a4de-d903101cb1fc,SKU002176,https://cdn.demo.com/SKU002176.jpg,PRIMARY
ca172de3-a40e-4845-bef5-b5b6f11ac716,SKU002177,https://cdn.demo.com/SKU002177.jpg,PRIMARY
f5e0f3c6-324e-4028-be75-cf142bc00682,SKU002178,https://cdn.demo.com/SKU002178.jpg,PRIMARY
3ddd3f13-cb9b-49ee-9013-2b9de158df68,SKU002179,https://cdn.demo.com/SKU002179.jpg,PRIMARY
76734dcb-f29c-49c2-909c-a022e49106f5,SKU002180,https://cdn.demo.com/SKU002180.jpg,PRIMARY
0692c29c-41ff-46de-8087-b629a42e4b95,SKU002181,https://cdn.demo.com/SKU002181.jpg,PRIMARY
25bbe538-7bd4-4ac2-b4bd-87b302e02ebd,SKU002182,https://cdn.demo.com/SKU002182.jpg,PRIMARY
5b0177ef-e15a-44ed-b7a6-48c5777c3e2a,SKU002183,https://cdn.demo.com/SKU002183.jpg,PRIMARY
87d76d18-97e8-464f-af30-f07b3045ee2f,SKU002184,https://cdn.demo.com/SKU002184.jpg,PRIMARY
e686d061-2702-49af-8460-b9ef5d29103f,SKU002185,https://cdn.demo.com/SKU002185.jpg,PRIMARY
9ede9253-5ba1-4c48-bd77-dbd58a6cd59b,SKU002186,https://cdn.demo.com/SKU002186.jpg,PRIMARY
5fe50b4e-69e0-4960-a77a-050c2e3a5c2e,SKU002187,https://cdn.demo.com/SKU002187.jpg,PRIMARY
19e0b2f1-63b1-4177-854e-e19bcc21ba9f,SKU002188,https://cdn.demo.com/SKU002188.jpg,PRIMARY
7ff95110-1ea3-47e9-9f74-e66901566062,SKU002189,https://cdn.demo.com/SKU002189.jpg,PRIMARY
8f6aa6a3-0792-471e-9e80-db25c5069f47,SKU002190,https://cdn.demo.com/SKU002190.jpg,PRIMARY
3b357989-786a-49cc-b759-bff2b7ebe2f7,SKU002191,https://cdn.demo.com/SKU002191.jpg,PRIMARY
bb91eb72-d264-48db-9fa1-e81b174dbeda,SKU002192,https://cdn.demo.com/SKU002192.jpg,PRIMARY
45145978-ba5f-4671-b47b-0229a91c9797,SKU002193,https://cdn.demo.com/SKU002193.jpg,PRIMARY
018a79ef-f53b-46a5-84dd-a73f5db2ed9e,SKU002194,https://cdn.demo.com/SKU002194.jpg,PRIMARY
010bb4d9-c946-4629-a4d6-021fcdeb226c,SKU002195,https://cdn.demo.com/SKU002195.jpg,PRIMARY
fd1f1353-edc6-4db3-87ce-b12ae0c938e1,SKU002196,https://cdn.demo.com/SKU002196.jpg,PRIMARY
ebad4664-8bdc-4476-86a2-376f4c3a698a,SKU002197,https://cdn.demo.com/SKU002197.jpg,PRIMARY
9166daae-61a2-4a4d-aa2f-6733bcb3cef0,SKU002198,https://cdn.demo.com/SKU002198.jpg,PRIMARY
8645bbf6-f66a-47ff-bf41-e795581750c1,SKU002199,https://cdn.demo.com/SKU002199.jpg,PRIMARY
6e4d6fd7-2bed-4906-97ad-4984746b75af,SKU002200,https://cdn.demo.com/SKU002200.jpg,PRIMARY
25530df7-1c18-4f82-95dc-aedbcbd69911,SKU002201,https://cdn.demo.com/SKU002201.jpg,PRIMARY
6910de36-36aa-4ac8-9419-dab599c70516,SKU002202,https://cdn.demo.com/SKU002202.jpg,PRIMARY
460cdbe0-733e-4842-bb1b-ea253b3ba57f,SKU002203,https://cdn.demo.com/SKU002203.jpg,PRIMARY
cc948268-522b-4e7a-8531-c6b532aa2c0a,SKU002204,https://cdn.demo.com/SKU002204.jpg,PRIMARY
7adde7dc-8eb2-468c-9500-0ef7c5a8288b,SKU002205,https://cdn.demo.com/SKU002205.jpg,PRIMARY
ea2b2416-df73-41bc-9346-ba3142548ccb,SKU002206,https://cdn.demo.com/SKU002206.jpg,PRIMARY
8100c661-44d9-4825-ae93-04a41719cf3b,SKU002207,https://cdn.demo.com/SKU002207.jpg,PRIMARY
a8a9e411-0012-40d7-9d6b-f86fd8142fba,SKU002208,https://cdn.demo.com/SKU002208.jpg,PRIMARY
26c27a68-512e-49bf-8636-72b3239e2287,SKU002209,https://cdn.demo.com/SKU002209.jpg,PRIMARY
fae86ea7-b2fa-4b5e-92c1-1cc998f7262a,SKU002210,https://cdn.demo.com/SKU002210.jpg,PRIMARY
c744bb97-37d0-4a30-aa2a-0761f1d67dfa,SKU002211,https://cdn.demo.com/SKU002211.jpg,PRIMARY
3871aae4-5d4e-4e9c-8111-48e238461cc1,SKU002212,https://cdn.demo.com/SKU002212.jpg,PRIMARY
dad6c8d2-2ade-4bc6-ad48-22b0f652c043,SKU002213,https://cdn.demo.com/SKU002213.jpg,PRIMARY
2eb8d8c2-f3fb-487b-b4a3-2001faada478,SKU002214,https://cdn.demo.com/SKU002214.jpg,PRIMARY
0cb96b75-8c60-4ca1-a01f-6e7efb9e4c7a,SKU002215,https://cdn.demo.com/SKU002215.jpg,PRIMARY
ba6c1ac5-614b-49cd-b481-3a2511f94fa7,SKU002216,https://cdn.demo.com/SKU002216.jpg,PRIMARY
f05b1110-63cb-4b32-99c4-520a6524ec27,SKU002217,https://cdn.demo.com/SKU002217.jpg,PRIMARY
9aed248c-0efc-4ef5-96b1-b19077745366,SKU002218,https://cdn.demo.com/SKU002218.jpg,PRIMARY
0fcc9e9c-8b68-4430-ba50-d891bacfa32f,SKU002219,https://cdn.demo.com/SKU002219.jpg,PRIMARY
8765b77b-a2b5-41a9-8313-2acbbd470f5f,SKU002220,https://cdn.demo.com/SKU002220.jpg,PRIMARY
854f70a1-3b8a-4327-bb44-2e5a8a9b869c,SKU002221,https://cdn.demo.com/SKU002221.jpg,PRIMARY
e48ef6ff-78d1-4111-8f92-ee3f9bba223b,SKU002222,https://cdn.demo.com/SKU002222.jpg,PRIMARY
b598940c-5e48-454c-88e6-cbf74c7ebf0f,SKU002223,https://cdn.demo.com/SKU002223.jpg,PRIMARY
91719393-fae9-4a7c-bf80-f3a80b644ed0,SKU002224,https://cdn.demo.com/SKU002224.jpg,PRIMARY
91d5500b-900c-4807-86d0-ea8f5914f4dc,SKU002225,https://cdn.demo.com/SKU002225.jpg,PRIMARY
5a3ef363-2434-4b8d-b4b5-431ef584611d,SKU002226,https://cdn.demo.com/SKU002226.jpg,PRIMARY
7956762c-53c7-451a-8c86-fb50bd71e623,SKU002227,https://cdn.demo.com/SKU002227.jpg,PRIMARY
9ee1e8bf-97e7-4251-9089-e5bd7753176e,SKU002228,https://cdn.demo.com/SKU002228.jpg,PRIMARY
f54563de-5d78-4500-b42f-c01f4c01ecdb,SKU002229,https://cdn.demo.com/SKU002229.jpg,PRIMARY
0739de87-110f-4aff-a3c8-06bd41d0522d,SKU002230,https://cdn.demo.com/SKU002230.jpg,PRIMARY
68e45b6a-e7a3-45a8-af8d-d6f298431ea4,SKU002231,https://cdn.demo.com/SKU002231.jpg,PRIMARY
b538f145-24f3-4a8e-9f05-5a123ab58380,SKU002232,https://cdn.demo.com/SKU002232.jpg,PRIMARY
4a2fa37e-9353-4e73-a314-6ed0da049290,SKU002233,https://cdn.demo.com/SKU002233.jpg,PRIMARY
880ce417-3b01-49b5-967e-047681cf2a76,SKU002234,https://cdn.demo.com/SKU002234.jpg,PRIMARY
78a7f4a4-5b54-452e-a02b-a120d553c681,SKU002235,https://cdn.demo.com/SKU002235.jpg,PRIMARY
8bfffde5-f33f-4fa7-a612-ed499d8a3517,SKU002236,https://cdn.demo.com/SKU002236.jpg,PRIMARY
e5257dc6-4f32-471c-8cf3-b779e8eccbf7,SKU002237,https://cdn.demo.com/SKU002237.jpg,PRIMARY
654db0d0-376e-4054-a66c-12baaf9d28e3,SKU002238,https://cdn.demo.com/SKU002238.jpg,PRIMARY
cdbde722-dd71-46d0-a1f9-54866f2a0b99,SKU002239,https://cdn.demo.com/SKU002239.jpg,PRIMARY
7c1e7af2-941f-4b4b-a81f-11bbe6ac43b3,SKU002240,https://cdn.demo.com/SKU002240.jpg,PRIMARY
c5189bd9-f5eb-476d-b7c5-7659f8af33e4,SKU002241,https://cdn.demo.com/SKU002241.jpg,PRIMARY
360a7b0c-35a5-4b2c-bc3b-42b5c812ba56,SKU002242,https://cdn.demo.com/SKU002242.jpg,PRIMARY
d1493086-0246-4bca-8c62-4fe6dc94d832,SKU002243,https://cdn.demo.com/SKU002243.jpg,PRIMARY
ff93411f-cee5-4563-9acb-648f74f6e7e8,SKU002244,https://cdn.demo.com/SKU002244.jpg,PRIMARY
d1b2bac2-1eba-4c7e-b0fb-9124c12074bc,SKU002245,https://cdn.demo.com/SKU002245.jpg,PRIMARY
72209077-95f3-434b-8820-9acabfaff8b7,SKU002246,https://cdn.demo.com/SKU002246.jpg,PRIMARY
3273a707-3c64-4f79-9064-070b79370657,SKU002247,https://cdn.demo.com/SKU002247.jpg,PRIMARY
1d359205-9d0f-4bdb-baba-51cde015f9a5,SKU002248,https://cdn.demo.com/SKU002248.jpg,PRIMARY
49714707-c592-4379-857f-8c73a0244173,SKU002249,https://cdn.demo.com/SKU002249.jpg,PRIMARY
79aeb4c0-0334-47d5-b754-3c34678263d1,SKU002250,https://cdn.demo.com/SKU002250.jpg,PRIMARY
c1be0cf6-9fb0-4543-a211-7358f14d876c,SKU002251,https://cdn.demo.com/SKU002251.jpg,PRIMARY
05d59ff0-80ea-4a45-9f48-9f107e1f6c82,SKU002252,https://cdn.demo.com/SKU002252.jpg,PRIMARY
7b5ae605-d582-4f91-acf4-27199e7e00c0,SKU002253,https://cdn.demo.com/SKU002253.jpg,PRIMARY
8f556601-25f7-4162-bb03-272aee391944,SKU002254,https://cdn.demo.com/SKU002254.jpg,PRIMARY
4833c4b9-0e38-42da-bb4d-f1faa0651c2b,SKU002255,https://cdn.demo.com/SKU002255.jpg,PRIMARY
06fcca0e-67c4-4ca3-b633-d4a0fd39dafa,SKU002256,https://cdn.demo.com/SKU002256.jpg,PRIMARY
7debfd8f-8239-4034-86e4-be89d1ef3f30,SKU002257,https://cdn.demo.com/SKU002257.jpg,PRIMARY
f1247cc1-2fec-422f-beef-9449a07dc802,SKU002258,https://cdn.demo.com/SKU002258.jpg,PRIMARY
8b7da361-47d5-44ae-aa1b-e1c63743b469,SKU002259,https://cdn.demo.com/SKU002259.jpg,PRIMARY
4bc933d6-8ac1-4fc3-8b14-0437e881ef35,SKU002260,https://cdn.demo.com/SKU002260.jpg,PRIMARY
da20f82e-d678-4e00-9d0f-e0dcdacbd1e8,SKU002261,https://cdn.demo.com/SKU002261.jpg,PRIMARY
cbc909da-2b5f-4739-9d84-012061ca3ab0,SKU002262,https://cdn.demo.com/SKU002262.jpg,PRIMARY
7cef9705-9c92-4e3c-ac76-a8961a5abfd2,SKU002263,https://cdn.demo.com/SKU002263.jpg,PRIMARY
fb1ad699-7a64-45ec-95d4-99db6bb16f70,SKU002264,https://cdn.demo.com/SKU002264.jpg,PRIMARY
b1db7a99-c449-41ff-aa15-dbdea4885e50,SKU002265,https://cdn.demo.com/SKU002265.jpg,PRIMARY
12cd8d8c-131d-49bd-b35a-a8895adb869a,SKU002266,https://cdn.demo.com/SKU002266.jpg,PRIMARY
cbffb6e8-4ffd-42a5-adb7-ca0b273f6ced,SKU002267,https://cdn.demo.com/SKU002267.jpg,PRIMARY
085bfbfe-a478-43e7-b505-a90118dce3af,SKU002268,https://cdn.demo.com/SKU002268.jpg,PRIMARY
f4922c09-9312-41c5-9aa3-490f282eb401,SKU002269,https://cdn.demo.com/SKU002269.jpg,PRIMARY
565c709a-b2cb-4d9f-a458-826b9a3d3bb3,SKU002270,https://cdn.demo.com/SKU002270.jpg,PRIMARY
f6a10b40-92ce-41a6-852a-7ee6de5a3b7f,SKU002271,https://cdn.demo.com/SKU002271.jpg,PRIMARY
9648af9f-1fa9-4ae6-8fac-bf77a9fbf54a,SKU002272,https://cdn.demo.com/SKU002272.jpg,PRIMARY
58d82757-4aba-464c-93a6-96c387bbb2fa,SKU002273,https://cdn.demo.com/SKU002273.jpg,PRIMARY
28fe668b-ac62-4c0e-9e2a-eca9229135e8,SKU002274,https://cdn.demo.com/SKU002274.jpg,PRIMARY
67437b0d-998b-401a-a306-11e52ab7f5cf,SKU002275,https://cdn.demo.com/SKU002275.jpg,PRIMARY
9ea3ebba-85ac-442f-ad82-78ea2de55a9a,SKU002276,https://cdn.demo.com/SKU002276.jpg,PRIMARY
5a49c6b6-b29d-4cb1-becc-9b49ca6f7110,SKU002277,https://cdn.demo.com/SKU002277.jpg,PRIMARY
7e7c9606-19b4-4fa6-8db2-71b1a01ceb19,SKU002278,https://cdn.demo.com/SKU002278.jpg,PRIMARY
86c94eaa-569c-4cb4-8ce9-92aa735bb508,SKU002279,https://cdn.demo.com/SKU002279.jpg,PRIMARY
68e1d9a4-23ae-4fbe-b27a-591e80f753cd,SKU002280,https://cdn.demo.com/SKU002280.jpg,PRIMARY
a9126836-1d0d-4f47-9014-46833dcd4e32,SKU002281,https://cdn.demo.com/SKU002281.jpg,PRIMARY
c1d9dd77-5f99-401b-9510-653c6280e879,SKU002282,https://cdn.demo.com/SKU002282.jpg,PRIMARY
a2b56736-7145-4aaf-baf2-4ff7bda5fa44,SKU002283,https://cdn.demo.com/SKU002283.jpg,PRIMARY
cdcb240e-b6d0-4fcc-adf0-89bb442ce950,SKU002284,https://cdn.demo.com/SKU002284.jpg,PRIMARY
b1e054f4-465e-4876-801a-43e6872de65e,SKU002285,https://cdn.demo.com/SKU002285.jpg,PRIMARY
6c1131b0-9124-4658-a569-fbd917d834cc,SKU002286,https://cdn.demo.com/SKU002286.jpg,PRIMARY
3456d5e7-bb55-4262-a969-9b7cfda59ba7,SKU002287,https://cdn.demo.com/SKU002287.jpg,PRIMARY
6c5113f4-fc26-4e73-85f5-f12bcb52f4be,SKU002288,https://cdn.demo.com/SKU002288.jpg,PRIMARY
cd0a56c5-8d1d-44b1-a254-dcc5d7151317,SKU002289,https://cdn.demo.com/SKU002289.jpg,PRIMARY
8adf00a3-5a50-4866-bc7f-69e0b5362d6c,SKU002290,https://cdn.demo.com/SKU002290.jpg,PRIMARY
3e1aa69c-1f11-481f-8e53-43ff6edba47a,SKU002291,https://cdn.demo.com/SKU002291.jpg,PRIMARY
0aa19067-d19f-4c43-aaa4-b5fd465f2603,SKU002292,https://cdn.demo.com/SKU002292.jpg,PRIMARY
beb313bc-23cf-46ca-b08a-7042a821c488,SKU002293,https://cdn.demo.com/SKU002293.jpg,PRIMARY
e530c1e4-f49c-4cd8-ae76-7a9ebb52845f,SKU002294,https://cdn.demo.com/SKU002294.jpg,PRIMARY
d3920ef2-82f5-4872-a5ed-aa442bc10098,SKU002295,https://cdn.demo.com/SKU002295.jpg,PRIMARY
2283f8e4-8f8d-46cc-87e6-c4af16425c7c,SKU002296,https://cdn.demo.com/SKU002296.jpg,PRIMARY
4345184f-2352-48df-b4a1-c755c5edf8bb,SKU002297,https://cdn.demo.com/SKU002297.jpg,PRIMARY
aa36de70-bec6-40a9-9a3a-4ff5b3dfd592,SKU002298,https://cdn.demo.com/SKU002298.jpg,PRIMARY
aeb9a763-4be0-4b52-b6dd-924616901aa3,SKU002299,https://cdn.demo.com/SKU002299.jpg,PRIMARY
a1a80a55-aa93-475a-a732-f7937e1987ec,SKU002300,https://cdn.demo.com/SKU002300.jpg,PRIMARY
118f874c-b838-4eb6-99e6-06d216546b0a,SKU002301,https://cdn.demo.com/SKU002301.jpg,PRIMARY
86956cdc-f334-411e-bc53-61d697aad139,SKU002302,https://cdn.demo.com/SKU002302.jpg,PRIMARY
86985412-92f6-41b1-a968-85e4056817ce,SKU002303,https://cdn.demo.com/SKU002303.jpg,PRIMARY
513c05f9-2247-4f15-b6c0-356a665bbf92,SKU002304,https://cdn.demo.com/SKU002304.jpg,PRIMARY
80226c0a-f71f-4d5c-a249-e98f67ac4312,SKU002305,https://cdn.demo.com/SKU002305.jpg,PRIMARY
0d3e91a3-17d2-43a1-86d1-7301c90cc58d,SKU002306,https://cdn.demo.com/SKU002306.jpg,PRIMARY
11cb8ea8-0f9a-4972-8b94-2cf5e5586f36,SKU002307,https://cdn.demo.com/SKU002307.jpg,PRIMARY
86df35be-f18f-41e4-8fd3-615d561de2f7,SKU002308,https://cdn.demo.com/SKU002308.jpg,PRIMARY
43943cdb-cfd8-48e2-98c5-2ed9a8e43178,SKU002309,https://cdn.demo.com/SKU002309.jpg,PRIMARY
d62d4c29-d2a2-4397-a608-a662e75c54f5,SKU002310,https://cdn.demo.com/SKU002310.jpg,PRIMARY
850db598-518f-4a37-a3e9-2f68d46e5606,SKU002311,https://cdn.demo.com/SKU002311.jpg,PRIMARY
3fc27506-0152-4929-be0b-0555bf304f2f,SKU002312,https://cdn.demo.com/SKU002312.jpg,PRIMARY
8ee07cd7-2998-4e0c-9b3d-0e85f91531d2,SKU002313,https://cdn.demo.com/SKU002313.jpg,PRIMARY
efa9d45d-a802-4f64-96d7-7d05d5b29d7a,SKU002314,https://cdn.demo.com/SKU002314.jpg,PRIMARY
21372776-61d9-43e1-92c7-b9f95f1f1881,SKU002315,https://cdn.demo.com/SKU002315.jpg,PRIMARY
e078c9e3-aa99-428b-a157-9b679d7ecaf1,SKU002316,https://cdn.demo.com/SKU002316.jpg,PRIMARY
3eff4178-d51e-4eab-9696-aca7eef1e224,SKU002317,https://cdn.demo.com/SKU002317.jpg,PRIMARY
d932ca3c-02ef-4228-8751-8fe468dfcadd,SKU002318,https://cdn.demo.com/SKU002318.jpg,PRIMARY
b1e71195-754f-489c-aa77-321dee92df16,SKU002319,https://cdn.demo.com/SKU002319.jpg,PRIMARY
fe51a67c-6eb5-462a-bf8e-7a302c76845e,SKU002320,https://cdn.demo.com/SKU002320.jpg,PRIMARY
01d97d3c-f105-4e39-96ce-bc1f83ce4454,SKU002321,https://cdn.demo.com/SKU002321.jpg,PRIMARY
94f209e9-058e-426d-81f9-4e90c0ef8c62,SKU002322,https://cdn.demo.com/SKU002322.jpg,PRIMARY
906c7e42-8024-41dc-948a-c380519c342e,SKU002323,https://cdn.demo.com/SKU002323.jpg,PRIMARY
af9c68aa-1d7f-42c6-889e-c2a18198e46d,SKU002324,https://cdn.demo.com/SKU002324.jpg,PRIMARY
b2dfaa64-569c-4747-99ad-e9ba3c8535be,SKU002325,https://cdn.demo.com/SKU002325.jpg,PRIMARY
2d37556e-b51a-4f01-b71b-b303e09628e3,SKU002326,https://cdn.demo.com/SKU002326.jpg,PRIMARY
7f4ab6c3-8b9d-4c49-b8a5-65e81a7d5f1a,SKU002327,https://cdn.demo.com/SKU002327.jpg,PRIMARY
6232ace1-3ad7-436e-a8a5-a79bd9be4f32,SKU002328,https://cdn.demo.com/SKU002328.jpg,PRIMARY
0f109975-87e1-4a41-b5a3-75d88bfb0bb4,SKU002329,https://cdn.demo.com/SKU002329.jpg,PRIMARY
0f4ee6ad-65a2-4db5-8d31-cd085227457e,SKU002330,https://cdn.demo.com/SKU002330.jpg,PRIMARY
72fdf74f-ff14-465d-9bd4-b88e029425c7,SKU002331,https://cdn.demo.com/SKU002331.jpg,PRIMARY
5f155eb7-9d39-4bdf-b287-e7190d342991,SKU002332,https://cdn.demo.com/SKU002332.jpg,PRIMARY
f187d7e7-247f-4a6f-b96e-bcc44a2641a2,SKU002333,https://cdn.demo.com/SKU002333.jpg,PRIMARY
9bd8e671-a7ee-45ee-91ab-81c748c1e5c8,SKU002334,https://cdn.demo.com/SKU002334.jpg,PRIMARY
e64b2e07-0035-45e7-a703-d74b7654f0db,SKU002335,https://cdn.demo.com/SKU002335.jpg,PRIMARY
7ced8000-228f-42dd-843d-a6e3378bb5f3,SKU002336,https://cdn.demo.com/SKU002336.jpg,PRIMARY
35079be8-1d0e-4a5f-a734-b1479e10d11e,SKU002337,https://cdn.demo.com/SKU002337.jpg,PRIMARY
f3ec37b9-da74-4e26-83ba-ad5400c4d802,SKU002338,https://cdn.demo.com/SKU002338.jpg,PRIMARY
b1df6466-c23e-4a73-90b7-6ebb1dea0157,SKU002339,https://cdn.demo.com/SKU002339.jpg,PRIMARY
62ca4807-7f6d-4b9d-ae4a-462771a5e013,SKU002340,https://cdn.demo.com/SKU002340.jpg,PRIMARY
9c0854e8-db5a-4d62-a3d6-11531be5b4c2,SKU002341,https://cdn.demo.com/SKU002341.jpg,PRIMARY
7b22d294-0a88-48db-b260-7ce608ec3c13,SKU002342,https://cdn.demo.com/SKU002342.jpg,PRIMARY
0f08ce6b-e712-4fe6-9767-5d4112777c23,SKU002343,https://cdn.demo.com/SKU002343.jpg,PRIMARY
d7c05896-80f4-4def-b060-0f73e311d16b,SKU002344,https://cdn.demo.com/SKU002344.jpg,PRIMARY
664bdbdd-d376-4312-9ba9-ea38ae446e0b,SKU002345,https://cdn.demo.com/SKU002345.jpg,PRIMARY
c5479413-3bce-4f0e-9560-98b9f0356d1e,SKU002346,https://cdn.demo.com/SKU002346.jpg,PRIMARY
a6000ea6-cf72-43e9-a1fa-011f7c5ce588,SKU002347,https://cdn.demo.com/SKU002347.jpg,PRIMARY
fcb09c1f-3e6c-4915-9c9e-536d78b845f0,SKU002348,https://cdn.demo.com/SKU002348.jpg,PRIMARY
6f83b037-e4d5-4271-9d86-da11432d0b53,SKU002349,https://cdn.demo.com/SKU002349.jpg,PRIMARY
22dd7431-1267-4ec4-adcb-ef58bf49330c,SKU002350,https://cdn.demo.com/SKU002350.jpg,PRIMARY
47f13828-32b2-4499-b5ba-21a2fbec58f1,SKU002351,https://cdn.demo.com/SKU002351.jpg,PRIMARY
7963a81a-319e-4b92-adf1-d6ab9ed56674,SKU002352,https://cdn.demo.com/SKU002352.jpg,PRIMARY
fe94dbf3-e1f9-46f7-a443-b826968d9c6a,SKU002353,https://cdn.demo.com/SKU002353.jpg,PRIMARY
cc5b047c-a5c2-4ef4-88f0-107dcde36953,SKU002354,https://cdn.demo.com/SKU002354.jpg,PRIMARY
af1139bb-8e88-461f-823a-232ebf2a97c8,SKU002355,https://cdn.demo.com/SKU002355.jpg,PRIMARY
9ee7360c-1b89-4428-a3a4-a3c5794cb60e,SKU002356,https://cdn.demo.com/SKU002356.jpg,PRIMARY
93e56c02-b037-4b5f-b515-2f0667baa21b,SKU002357,https://cdn.demo.com/SKU002357.jpg,PRIMARY
f450dd55-244a-4314-8c77-abbbe0463dcc,SKU002358,https://cdn.demo.com/SKU002358.jpg,PRIMARY
3ca2f4ea-034b-4523-942a-fa2d8d995dd8,SKU002359,https://cdn.demo.com/SKU002359.jpg,PRIMARY
b9ed40c0-a9ad-4ba9-95ce-10508a88cd0c,SKU002360,https://cdn.demo.com/SKU002360.jpg,PRIMARY
b45ddc07-474e-4485-a750-7e12687412ad,SKU002361,https://cdn.demo.com/SKU002361.jpg,PRIMARY
3fd9202f-2e28-4e0a-9261-ff9c22d8bfed,SKU002362,https://cdn.demo.com/SKU002362.jpg,PRIMARY
642bd890-6dfd-455a-9b78-7ee7a093a254,SKU002363,https://cdn.demo.com/SKU002363.jpg,PRIMARY
ea01f05e-9819-4a38-87af-b4d5103a6ea5,SKU002364,https://cdn.demo.com/SKU002364.jpg,PRIMARY
1363d840-58c9-4f59-8720-adb1d33cd55f,SKU002365,https://cdn.demo.com/SKU002365.jpg,PRIMARY
b81e9b3b-7841-440b-9968-a02aa5407218,SKU002366,https://cdn.demo.com/SKU002366.jpg,PRIMARY
b5d3322d-d9fe-4bda-a066-2ca9efda21d5,SKU002367,https://cdn.demo.com/SKU002367.jpg,PRIMARY
6aeae5b2-9d46-47da-8343-2e573d4ddaf5,SKU002368,https://cdn.demo.com/SKU002368.jpg,PRIMARY
b08a8cb1-634d-42e0-9415-a44bdc1d0261,SKU002369,https://cdn.demo.com/SKU002369.jpg,PRIMARY
0b7e6ad7-7e1a-4447-9aba-f4f5db93beed,SKU002370,https://cdn.demo.com/SKU002370.jpg,PRIMARY
e5fd32a2-38a9-443f-8b3d-e7177bf10187,SKU002371,https://cdn.demo.com/SKU002371.jpg,PRIMARY
2201d71f-a084-4078-a3e4-fe2fbb46fbe5,SKU002372,https://cdn.demo.com/SKU002372.jpg,PRIMARY
6cedd24d-d50a-4a8b-af6a-ae80ecbee3a3,SKU002373,https://cdn.demo.com/SKU002373.jpg,PRIMARY
f2179552-ad72-4f98-b5c8-fc106f7f43be,SKU002374,https://cdn.demo.com/SKU002374.jpg,PRIMARY
d8dc6303-542e-48e0-8db2-38e7d53bbf8c,SKU002375,https://cdn.demo.com/SKU002375.jpg,PRIMARY
d4c8008a-1fbd-4e39-ba8a-1f03454dfba6,SKU002376,https://cdn.demo.com/SKU002376.jpg,PRIMARY
a470092a-337d-4c1b-a865-df608ec0b431,SKU002377,https://cdn.demo.com/SKU002377.jpg,PRIMARY
6312e762-8c0d-410b-a269-ec3d6fc8171d,SKU002378,https://cdn.demo.com/SKU002378.jpg,PRIMARY
f45bc0a2-b150-45e7-b82d-ca18397b39b8,SKU002379,https://cdn.demo.com/SKU002379.jpg,PRIMARY
94215870-1733-4376-92ad-7074a3b1af2e,SKU002380,https://cdn.demo.com/SKU002380.jpg,PRIMARY
01681a4e-5080-4dad-be05-dfacc2a59de0,SKU002381,https://cdn.demo.com/SKU002381.jpg,PRIMARY
01f65ea1-0e99-4f87-b074-5a515f01f008,SKU002382,https://cdn.demo.com/SKU002382.jpg,PRIMARY
ad4b690d-5044-4470-bf9b-85b4b7a17b78,SKU002383,https://cdn.demo.com/SKU002383.jpg,PRIMARY
5a23c665-3806-42f7-9241-9cd09f60d5a0,SKU002384,https://cdn.demo.com/SKU002384.jpg,PRIMARY
cef9a6ca-4ae2-4a90-ad64-e1f4eb29306d,SKU002385,https://cdn.demo.com/SKU002385.jpg,PRIMARY
6befc027-3264-40cf-86ec-88b58a0eca83,SKU002386,https://cdn.demo.com/SKU002386.jpg,PRIMARY
266386d4-5f5f-4ebd-9710-443d8435e2c8,SKU002387,https://cdn.demo.com/SKU002387.jpg,PRIMARY
deee0822-1f6f-45df-a556-33f3c2a607d6,SKU002388,https://cdn.demo.com/SKU002388.jpg,PRIMARY
1cdc3d78-72ef-4377-a79b-4fb6863c1f07,SKU002389,https://cdn.demo.com/SKU002389.jpg,PRIMARY
eb74eaba-b1b7-4258-9b69-c8bcb8e293db,SKU002390,https://cdn.demo.com/SKU002390.jpg,PRIMARY
aa8aec61-dd40-4620-9b89-f0d35831213e,SKU002391,https://cdn.demo.com/SKU002391.jpg,PRIMARY
8fa10b3a-06d3-4d8e-be18-57e1a3ae0643,SKU002392,https://cdn.demo.com/SKU002392.jpg,PRIMARY
f64d63b2-8079-43ed-867c-3b198d18ccce,SKU002393,https://cdn.demo.com/SKU002393.jpg,PRIMARY
c4f83f6c-9f3a-4f7e-808f-d098ed61b5c3,SKU002394,https://cdn.demo.com/SKU002394.jpg,PRIMARY
07370810-fa28-4261-9db2-6dabafee44ce,SKU002395,https://cdn.demo.com/SKU002395.jpg,PRIMARY
4a665fc2-0288-43ce-8e99-e33c0e2a0539,SKU002396,https://cdn.demo.com/SKU002396.jpg,PRIMARY
46a6597e-93f2-43d3-b093-0c3fbfc36f8f,SKU002397,https://cdn.demo.com/SKU002397.jpg,PRIMARY
c3960a69-a94e-4bf7-a2a1-ef63648d77b6,SKU002398,https://cdn.demo.com/SKU002398.jpg,PRIMARY
f5ae4131-321a-4ffa-b06a-15b50c57ec89,SKU002399,https://cdn.demo.com/SKU002399.jpg,PRIMARY
2c5c0cc4-0fd5-454a-9fa8-4b1e9a61e8e0,SKU002400,https://cdn.demo.com/SKU002400.jpg,PRIMARY
924ab656-95e2-4904-8f31-67a9f5d1c68a,SKU002401,https://cdn.demo.com/SKU002401.jpg,PRIMARY
9865a776-e723-4df4-8707-8ec2ce561415,SKU002402,https://cdn.demo.com/SKU002402.jpg,PRIMARY
8b7d51f1-d41d-4ea9-9d72-dbe7993ef08f,SKU002403,https://cdn.demo.com/SKU002403.jpg,PRIMARY
bbc3eeaa-36f8-4f51-9e1f-93c1c5ac1b3b,SKU002404,https://cdn.demo.com/SKU002404.jpg,PRIMARY
601901d5-01fb-437e-98f6-c06fafb719c7,SKU002405,https://cdn.demo.com/SKU002405.jpg,PRIMARY
7b7db918-34fe-4be4-9697-30dadc9f0a84,SKU002406,https://cdn.demo.com/SKU002406.jpg,PRIMARY
04baedbb-f93a-41bc-95cb-9c251e7aab99,SKU002407,https://cdn.demo.com/SKU002407.jpg,PRIMARY
727e6242-2f0c-4943-8f45-c76fd275c904,SKU002408,https://cdn.demo.com/SKU002408.jpg,PRIMARY
e578f6af-be81-4b57-a384-974e59d67268,SKU002409,https://cdn.demo.com/SKU002409.jpg,PRIMARY
c5ee73b8-dec5-4ac6-b84c-c1a2211233ee,SKU002410,https://cdn.demo.com/SKU002410.jpg,PRIMARY
b3ddb10f-e506-4f7a-83ed-63320cc69233,SKU002411,https://cdn.demo.com/SKU002411.jpg,PRIMARY
1a0bbd86-1dce-4b9c-ad64-4c9633d14123,SKU002412,https://cdn.demo.com/SKU002412.jpg,PRIMARY
433302c9-6706-47a8-8217-e16882d4d47d,SKU002413,https://cdn.demo.com/SKU002413.jpg,PRIMARY
88242c49-6338-4756-9e23-61a3d2a3f266,SKU002414,https://cdn.demo.com/SKU002414.jpg,PRIMARY
284e8646-7357-4c37-8dab-2628a0956a0c,SKU002415,https://cdn.demo.com/SKU002415.jpg,PRIMARY
4a3300ed-2905-4175-b838-7f2d879578bf,SKU002416,https://cdn.demo.com/SKU002416.jpg,PRIMARY
814c644a-4362-422e-8867-a35d3253cb2f,SKU002417,https://cdn.demo.com/SKU002417.jpg,PRIMARY
e04794b5-0fc1-4dec-9bbe-0f24d918156e,SKU002418,https://cdn.demo.com/SKU002418.jpg,PRIMARY
10ed4af7-a9b7-4f8b-bfb6-bfef3aba8bb4,SKU002419,https://cdn.demo.com/SKU002419.jpg,PRIMARY
2fcd15e4-0083-4230-a48d-9d6acbc845e2,SKU002420,https://cdn.demo.com/SKU002420.jpg,PRIMARY
10099654-0199-445a-afdb-6444b549dc14,SKU002421,https://cdn.demo.com/SKU002421.jpg,PRIMARY
2516640d-b654-4c24-b20d-811f8283d0c5,SKU002422,https://cdn.demo.com/SKU002422.jpg,PRIMARY
45964b5a-25d7-4bdd-9691-ff75992895df,SKU002423,https://cdn.demo.com/SKU002423.jpg,PRIMARY
8ff488c0-254a-4cf4-8cba-c59e79ab3eb2,SKU002424,https://cdn.demo.com/SKU002424.jpg,PRIMARY
d766a713-e4d9-43b1-9b32-accccc7d57fb,SKU002425,https://cdn.demo.com/SKU002425.jpg,PRIMARY
0145e10e-511d-483b-b7d7-7e267b7c41ef,SKU002426,https://cdn.demo.com/SKU002426.jpg,PRIMARY
ba3c3677-f6bb-4895-98b2-b23a6b5dc87e,SKU002427,https://cdn.demo.com/SKU002427.jpg,PRIMARY
9ffba791-13bc-4cf8-b0f2-5e0f7dd1d57b,SKU002428,https://cdn.demo.com/SKU002428.jpg,PRIMARY
fe44fe29-7b48-4793-8699-e1920d27ad94,SKU002429,https://cdn.demo.com/SKU002429.jpg,PRIMARY
c36f0a6f-ac97-4d5d-996a-90dfe120ad89,SKU002430,https://cdn.demo.com/SKU002430.jpg,PRIMARY
72a8725d-626f-4481-bcfa-3fbf667db621,SKU002431,https://cdn.demo.com/SKU002431.jpg,PRIMARY
f749f9d1-397f-4883-a74c-0c53814460b1,SKU002432,https://cdn.demo.com/SKU002432.jpg,PRIMARY
c38b821d-7fe4-43fa-a3e4-a897f35e7b80,SKU002433,https://cdn.demo.com/SKU002433.jpg,PRIMARY
816993a3-01f9-45a0-afab-8b4ef7f98c84,SKU002434,https://cdn.demo.com/SKU002434.jpg,PRIMARY
38e457d1-d731-4ae3-a8df-1ecc674f9bfb,SKU002435,https://cdn.demo.com/SKU002435.jpg,PRIMARY
c7c2f344-50d1-4334-8bcb-32031c7c66da,SKU002436,https://cdn.demo.com/SKU002436.jpg,PRIMARY
815a02ed-d907-4ec1-8da3-e49ddb312c31,SKU002437,https://cdn.demo.com/SKU002437.jpg,PRIMARY
f4d28896-7d92-4001-b3cd-297cd2f41842,SKU002438,https://cdn.demo.com/SKU002438.jpg,PRIMARY
e6e255de-d1c6-4610-95db-8e7ab4b98ebf,SKU002439,https://cdn.demo.com/SKU002439.jpg,PRIMARY
c08cb071-fbac-4d6e-90db-067e845ab60e,SKU002440,https://cdn.demo.com/SKU002440.jpg,PRIMARY
3f2288f4-0921-4624-ab57-8abb6825bfc2,SKU002441,https://cdn.demo.com/SKU002441.jpg,PRIMARY
89ae5ebb-81a9-4020-8538-dd5937a56276,SKU002442,https://cdn.demo.com/SKU002442.jpg,PRIMARY
f5171976-542d-44dd-8d1a-ef279ebec7df,SKU002443,https://cdn.demo.com/SKU002443.jpg,PRIMARY
bf1a5819-2780-4613-b5d5-32564f8d2c89,SKU002444,https://cdn.demo.com/SKU002444.jpg,PRIMARY
b210c7d5-c272-4dc3-8961-6ebd599abe8a,SKU002445,https://cdn.demo.com/SKU002445.jpg,PRIMARY
737a72f4-543d-4f36-bf86-f3cac421df1c,SKU002446,https://cdn.demo.com/SKU002446.jpg,PRIMARY
a3f8cc73-5675-4493-832f-5dd331a76cc9,SKU002447,https://cdn.demo.com/SKU002447.jpg,PRIMARY
756fe8b0-090f-4388-9692-1bf98115cba0,SKU002448,https://cdn.demo.com/SKU002448.jpg,PRIMARY
5b289605-c4fb-474f-9f4d-2cc4aa295fcf,SKU002449,https://cdn.demo.com/SKU002449.jpg,PRIMARY
ddc8701c-aa4a-40a1-9e3e-b859edf8b711,SKU002450,https://cdn.demo.com/SKU002450.jpg,PRIMARY
97c5771f-ba7a-4f31-bccd-e28818130bab,SKU002451,https://cdn.demo.com/SKU002451.jpg,PRIMARY
02069795-ef51-44e1-b061-a9f679868935,SKU002452,https://cdn.demo.com/SKU002452.jpg,PRIMARY
2951c91d-0cc5-4ae7-b350-5d7fe121de07,SKU002453,https://cdn.demo.com/SKU002453.jpg,PRIMARY
de51196b-3435-4388-878d-08e97029ff7c,SKU002454,https://cdn.demo.com/SKU002454.jpg,PRIMARY
a6e94732-4aa9-4415-af4e-a557a8dd35f1,SKU002455,https://cdn.demo.com/SKU002455.jpg,PRIMARY
52adec73-85b6-4fdd-8e6a-dd2a59bda9ef,SKU002456,https://cdn.demo.com/SKU002456.jpg,PRIMARY
acb33ac7-2c79-4abb-ac2b-281fc4a435f0,SKU002457,https://cdn.demo.com/SKU002457.jpg,PRIMARY
ab23189a-a3af-484e-aa18-5861873804e2,SKU002458,https://cdn.demo.com/SKU002458.jpg,PRIMARY
60a280b6-4611-4244-ae15-9e98e1f5cc56,SKU002459,https://cdn.demo.com/SKU002459.jpg,PRIMARY
12bfb8c3-368a-43e5-9a4b-81dcc3b63593,SKU002460,https://cdn.demo.com/SKU002460.jpg,PRIMARY
9f87ef02-32d3-4e2d-ab2d-3c26db3af44a,SKU002461,https://cdn.demo.com/SKU002461.jpg,PRIMARY
4d0132e5-b3e0-431a-b2af-2a9fe2715ba4,SKU002462,https://cdn.demo.com/SKU002462.jpg,PRIMARY
9e9b431a-c657-42f3-ab2c-e5662f369027,SKU002463,https://cdn.demo.com/SKU002463.jpg,PRIMARY
4564c1d7-958f-4f75-9eee-b78a1925aa3c,SKU002464,https://cdn.demo.com/SKU002464.jpg,PRIMARY
0c06a5bd-450a-49c0-9e26-c45d58a4df54,SKU002465,https://cdn.demo.com/SKU002465.jpg,PRIMARY
4391073a-c781-4599-b129-4b3e5a1d008f,SKU002466,https://cdn.demo.com/SKU002466.jpg,PRIMARY
c871b33f-6850-46f7-8600-42d9349cd012,SKU002467,https://cdn.demo.com/SKU002467.jpg,PRIMARY
735463b4-f201-47dd-94b3-ff9ac00399b4,SKU002468,https://cdn.demo.com/SKU002468.jpg,PRIMARY
e221fe6c-711f-4fe5-9d1b-92610f465790,SKU002469,https://cdn.demo.com/SKU002469.jpg,PRIMARY
be0dee94-71c8-418c-8c80-06d85881826a,SKU002470,https://cdn.demo.com/SKU002470.jpg,PRIMARY
513e2946-dd9e-45c1-aa4d-f210efafad7f,SKU002471,https://cdn.demo.com/SKU002471.jpg,PRIMARY
a21f4a1c-7c4a-4c52-ae59-3a6753eb253f,SKU002472,https://cdn.demo.com/SKU002472.jpg,PRIMARY
0699b90c-c235-4766-9348-1bb87df96091,SKU002473,https://cdn.demo.com/SKU002473.jpg,PRIMARY
aa054d22-67e9-4c1d-9b61-171679c157f0,SKU002474,https://cdn.demo.com/SKU002474.jpg,PRIMARY
8943b4f2-1f8b-4530-bee5-780e4e9c448e,SKU002475,https://cdn.demo.com/SKU002475.jpg,PRIMARY
82b527dc-6a11-45ce-9542-1929bdd9464e,SKU002476,https://cdn.demo.com/SKU002476.jpg,PRIMARY
f65472bf-fa4f-4199-b6ef-b945c06ff9a2,SKU002477,https://cdn.demo.com/SKU002477.jpg,PRIMARY
ad07ff39-ff39-49f3-88c7-20a20e810b5f,SKU002478,https://cdn.demo.com/SKU002478.jpg,PRIMARY
28308b68-bc01-4fa8-99bd-1bfba8cfd07e,SKU002479,https://cdn.demo.com/SKU002479.jpg,PRIMARY
c8ba1d06-0056-4577-94b9-44d35bedbd3e,SKU002480,https://cdn.demo.com/SKU002480.jpg,PRIMARY
8a801ab9-f084-4e43-a6c3-62e0c0b9a991,SKU002481,https://cdn.demo.com/SKU002481.jpg,PRIMARY
70f3675f-f2be-43c2-8ce3-7a9462c68b8e,SKU002482,https://cdn.demo.com/SKU002482.jpg,PRIMARY
4e844442-83d7-4962-8c5c-b3248add5f45,SKU002483,https://cdn.demo.com/SKU002483.jpg,PRIMARY
e58ac26a-b455-4b7e-b858-0331fb0f5a46,SKU002484,https://cdn.demo.com/SKU002484.jpg,PRIMARY
10d15f7e-0428-4a7b-8a78-643741cc8a19,SKU002485,https://cdn.demo.com/SKU002485.jpg,PRIMARY
6b38c30e-3764-49d5-abb7-8ca0ccced3a0,SKU002486,https://cdn.demo.com/SKU002486.jpg,PRIMARY
5cb0a848-b355-4e70-961d-b19e2afb7dbd,SKU002487,https://cdn.demo.com/SKU002487.jpg,PRIMARY
fdbdc954-9de4-4f47-94d1-059c848a3dcd,SKU002488,https://cdn.demo.com/SKU002488.jpg,PRIMARY
d4173e8b-b2d9-4f98-b262-81ac80b96831,SKU002489,https://cdn.demo.com/SKU002489.jpg,PRIMARY
82c30e8d-76d8-4872-be95-39c949e7a035,SKU002490,https://cdn.demo.com/SKU002490.jpg,PRIMARY
9381b723-650f-4018-8091-8646819a54a9,SKU002491,https://cdn.demo.com/SKU002491.jpg,PRIMARY
05298a69-a41c-4afe-858a-e049f6bb4dcf,SKU002492,https://cdn.demo.com/SKU002492.jpg,PRIMARY
4dc32ad3-b6d7-46fb-8369-af6e4bff7778,SKU002493,https://cdn.demo.com/SKU002493.jpg,PRIMARY
067ef506-44f9-4c82-8117-f8e859fca256,SKU002494,https://cdn.demo.com/SKU002494.jpg,PRIMARY
2560e3b8-9912-4fb0-884b-09136e3626d2,SKU002495,https://cdn.demo.com/SKU002495.jpg,PRIMARY
f1b07549-0fe5-458d-8766-6527e7be3373,SKU002496,https://cdn.demo.com/SKU002496.jpg,PRIMARY
1f566004-2c3b-4b8f-a2a6-b96b38ee6af6,SKU002497,https://cdn.demo.com/SKU002497.jpg,PRIMARY
2db047e9-4a27-4ea8-aeef-d391cb634a6c,SKU002498,https://cdn.demo.com/SKU002498.jpg,PRIMARY
9ed201ec-d024-4ae1-965d-f1c4b270db4d,SKU002499,https://cdn.demo.com/SKU002499.jpg,PRIMARY
ee1bdf70-93db-4b41-b551-82d22eb66633,SKU002500,https://cdn.demo.com/SKU002500.jpg,PRIMARY
69e751f4-c0f1-487e-a332-bfef2b9a44de,SKU002501,https://cdn.demo.com/SKU002501.jpg,PRIMARY
39f0b08f-7b01-4bbd-b8fb-1afcd52b1b56,SKU002502,https://cdn.demo.com/SKU002502.jpg,PRIMARY
cbb53016-726f-48ff-b6eb-1813d74cf11b,SKU002503,https://cdn.demo.com/SKU002503.jpg,PRIMARY
e04c6c1f-d87e-4463-a7c4-a49bb2d4c29b,SKU002504,https://cdn.demo.com/SKU002504.jpg,PRIMARY
aedc5e6b-e6d7-4f23-813a-49dbe9ee8548,SKU002505,https://cdn.demo.com/SKU002505.jpg,PRIMARY
4fb68f1c-4c82-4458-897f-c6c7ac0d49bf,SKU002506,https://cdn.demo.com/SKU002506.jpg,PRIMARY
6d475946-0f08-47d1-b9e0-b61f539b35fa,SKU002507,https://cdn.demo.com/SKU002507.jpg,PRIMARY
461ffbca-c351-4221-a937-3b9fb3f7b5f3,SKU002508,https://cdn.demo.com/SKU002508.jpg,PRIMARY
7bf18ccd-d7cc-4a6d-81f5-b0f01719dce3,SKU002509,https://cdn.demo.com/SKU002509.jpg,PRIMARY
b662f096-6560-47a2-b4d5-059f6055d341,SKU002510,https://cdn.demo.com/SKU002510.jpg,PRIMARY
0273e301-2d6c-4434-b183-f3aa39b04cef,SKU002511,https://cdn.demo.com/SKU002511.jpg,PRIMARY
45b11983-7aba-44ab-84af-c796de065b0e,SKU002512,https://cdn.demo.com/SKU002512.jpg,PRIMARY
58b4c810-290e-4767-ab54-d4bb89841401,SKU002513,https://cdn.demo.com/SKU002513.jpg,PRIMARY
97841e76-dd21-4e8d-9d57-f24dc3abe0ef,SKU002514,https://cdn.demo.com/SKU002514.jpg,PRIMARY
29affc1d-2680-4bb6-85eb-5b24329c0306,SKU002515,https://cdn.demo.com/SKU002515.jpg,PRIMARY
beaccc36-83e2-440c-9457-cb7c9628542f,SKU002516,https://cdn.demo.com/SKU002516.jpg,PRIMARY
d299eff3-9a7d-4f5d-a705-19ca45258326,SKU002517,https://cdn.demo.com/SKU002517.jpg,PRIMARY
cea56708-de9d-471b-b4fc-69c8f5fedf76,SKU002518,https://cdn.demo.com/SKU002518.jpg,PRIMARY
c7ad7713-b642-4079-a3ea-2a92b8300c49,SKU002519,https://cdn.demo.com/SKU002519.jpg,PRIMARY
7bd23bea-5ffc-430f-b1a5-94836921d2cd,SKU002520,https://cdn.demo.com/SKU002520.jpg,PRIMARY
fb49645c-ac88-4ed2-9932-40ca1df4f45a,SKU002521,https://cdn.demo.com/SKU002521.jpg,PRIMARY
2a517a55-afed-4131-a296-b7d78c48ba7a,SKU002522,https://cdn.demo.com/SKU002522.jpg,PRIMARY
ce1c9c18-6e03-47ff-9902-7e7467c9b63a,SKU002523,https://cdn.demo.com/SKU002523.jpg,PRIMARY
66c2de55-50b8-4bdb-85ec-36764b9f3256,SKU002524,https://cdn.demo.com/SKU002524.jpg,PRIMARY
6e672c34-6858-46c9-8b24-6a0b9909a5e4,SKU002525,https://cdn.demo.com/SKU002525.jpg,PRIMARY
a415b76b-2dae-4730-bc5a-73fbd936df98,SKU002526,https://cdn.demo.com/SKU002526.jpg,PRIMARY
afb9509e-99c7-4968-b7fb-9c1dbae2ccbc,SKU002527,https://cdn.demo.com/SKU002527.jpg,PRIMARY
28875ead-52cd-48dd-abff-accf5fcdd865,SKU002528,https://cdn.demo.com/SKU002528.jpg,PRIMARY
52c87c2d-d18f-4b43-92c4-5c15fe889bec,SKU002529,https://cdn.demo.com/SKU002529.jpg,PRIMARY
bba973f7-b46c-47c6-94c0-b4260b304741,SKU002530,https://cdn.demo.com/SKU002530.jpg,PRIMARY
c55eb638-fbe4-4e7c-9caf-fcfe6db0afe2,SKU002531,https://cdn.demo.com/SKU002531.jpg,PRIMARY
bd79fd3e-220b-416a-90ee-033b464e1cae,SKU002532,https://cdn.demo.com/SKU002532.jpg,PRIMARY
70abbf00-fa90-4212-9cce-39b3b9c694c6,SKU002533,https://cdn.demo.com/SKU002533.jpg,PRIMARY
f508af5b-7cc5-4a8f-bfb2-52ba391e689e,SKU002534,https://cdn.demo.com/SKU002534.jpg,PRIMARY
96cfb13f-2ae9-44cd-9ad3-6d964ca904fe,SKU002535,https://cdn.demo.com/SKU002535.jpg,PRIMARY
dfc44a77-b33c-44cf-beb3-db26f5540a11,SKU002536,https://cdn.demo.com/SKU002536.jpg,PRIMARY
20c50d6e-3624-47f3-a635-98f5b6acf866,SKU002537,https://cdn.demo.com/SKU002537.jpg,PRIMARY
c156f2fc-7640-46bb-9265-b5ded0c8b1bc,SKU002538,https://cdn.demo.com/SKU002538.jpg,PRIMARY
44cdbfa1-9ad3-45a4-9a97-8ced82d9686d,SKU002539,https://cdn.demo.com/SKU002539.jpg,PRIMARY
0b98c199-529e-4834-b241-e0738ba81c4a,SKU002540,https://cdn.demo.com/SKU002540.jpg,PRIMARY
84a50150-5650-4f98-9df8-050e18cd3f71,SKU002541,https://cdn.demo.com/SKU002541.jpg,PRIMARY
dfd5d0d1-9067-4641-b74c-a678c8730d90,SKU002542,https://cdn.demo.com/SKU002542.jpg,PRIMARY
f4ecdeff-100d-42c1-b24b-ff944b985f3d,SKU002543,https://cdn.demo.com/SKU002543.jpg,PRIMARY
a49d153e-779d-4860-850c-f5dcae3c22ec,SKU002544,https://cdn.demo.com/SKU002544.jpg,PRIMARY
19c3532c-f826-4397-8a79-d8545e644751,SKU002545,https://cdn.demo.com/SKU002545.jpg,PRIMARY
9de357ea-950e-489b-bb42-8d8529e77d2b,SKU002546,https://cdn.demo.com/SKU002546.jpg,PRIMARY
e6ef5cf7-01c9-485b-a668-316c9f61f700,SKU002547,https://cdn.demo.com/SKU002547.jpg,PRIMARY
ee055ad9-480b-42d0-8620-3c1845385289,SKU002548,https://cdn.demo.com/SKU002548.jpg,PRIMARY
8ff140b6-eb51-42b6-a1bb-2ac9c33c18fb,SKU002549,https://cdn.demo.com/SKU002549.jpg,PRIMARY
fb408763-fea1-4d45-bdd3-9844aadc4ebd,SKU002550,https://cdn.demo.com/SKU002550.jpg,PRIMARY
e9d69eea-94bc-488e-9375-fa14191d0a76,SKU002551,https://cdn.demo.com/SKU002551.jpg,PRIMARY
3864ed3d-fe37-4a33-b08e-c88ffe6b2096,SKU002552,https://cdn.demo.com/SKU002552.jpg,PRIMARY
1479afec-04bd-4b5d-b423-d27373fb431e,SKU002553,https://cdn.demo.com/SKU002553.jpg,PRIMARY
eaf1fe8b-71a4-4e8b-b2be-d32bb0b3ebc3,SKU002554,https://cdn.demo.com/SKU002554.jpg,PRIMARY
8227d96d-7bce-43e1-b7b5-c46fd8c6ef98,SKU002555,https://cdn.demo.com/SKU002555.jpg,PRIMARY
586417c9-22b5-4b1f-894c-026cd2149a51,SKU002556,https://cdn.demo.com/SKU002556.jpg,PRIMARY
2d9940ee-de68-4cde-b068-a4854078c229,SKU002557,https://cdn.demo.com/SKU002557.jpg,PRIMARY
5cdacf49-83cb-4612-a977-0684b9a67ef1,SKU002558,https://cdn.demo.com/SKU002558.jpg,PRIMARY
0bcf458e-2b78-4846-8407-140c5fae9c00,SKU002559,https://cdn.demo.com/SKU002559.jpg,PRIMARY
2eda6d9c-23b7-44d1-8b32-233ae418505a,SKU002560,https://cdn.demo.com/SKU002560.jpg,PRIMARY
aee8e82d-bf94-42f2-bcd6-d46338c9bf49,SKU002561,https://cdn.demo.com/SKU002561.jpg,PRIMARY
cf28ac72-263f-4856-863d-31e56e2e1ac8,SKU002562,https://cdn.demo.com/SKU002562.jpg,PRIMARY
ab265f88-87fe-47e8-98ad-0aa399060e55,SKU002563,https://cdn.demo.com/SKU002563.jpg,PRIMARY
83ac6fd5-90d9-4632-be4d-4f002ad916bf,SKU002564,https://cdn.demo.com/SKU002564.jpg,PRIMARY
e3477fae-9354-45e8-ac77-9b28033419aa,SKU002565,https://cdn.demo.com/SKU002565.jpg,PRIMARY
aa68ed1e-850c-4305-bab2-17631614138e,SKU002566,https://cdn.demo.com/SKU002566.jpg,PRIMARY
51c6f786-7db2-4bd3-a0e9-1a0ca61b3db4,SKU002567,https://cdn.demo.com/SKU002567.jpg,PRIMARY
23e4bddd-c4a6-4e9c-87af-238b8d733dee,SKU002568,https://cdn.demo.com/SKU002568.jpg,PRIMARY
2a6d72cf-3136-4a7b-9e79-cc0ff2a95f78,SKU002569,https://cdn.demo.com/SKU002569.jpg,PRIMARY
0a9c3506-bc58-497f-90ef-6310ce826136,SKU002570,https://cdn.demo.com/SKU002570.jpg,PRIMARY
af1f4a0e-e430-413b-b322-5e8f247db3cc,SKU002571,https://cdn.demo.com/SKU002571.jpg,PRIMARY
0bfe9a66-50fe-416f-ae74-68def618cc1b,SKU002572,https://cdn.demo.com/SKU002572.jpg,PRIMARY
67f7eb70-8c54-41c3-87d4-0f3ccfbc7143,SKU002573,https://cdn.demo.com/SKU002573.jpg,PRIMARY
68c45f94-5f5f-4b1d-9a7e-ca6209038e23,SKU002574,https://cdn.demo.com/SKU002574.jpg,PRIMARY
c48c5daf-d0c0-4c69-9a4e-7ec1dc29f8fd,SKU002575,https://cdn.demo.com/SKU002575.jpg,PRIMARY
d62a1edd-b642-471d-8c33-ea97436ef555,SKU002576,https://cdn.demo.com/SKU002576.jpg,PRIMARY
912b7a66-9dda-4f94-b3d0-110c853c15ff,SKU002577,https://cdn.demo.com/SKU002577.jpg,PRIMARY
fea7d8bb-3142-4235-84ec-cb6bd6a0e774,SKU002578,https://cdn.demo.com/SKU002578.jpg,PRIMARY
36ab7fd0-38b5-4904-9d9d-a31e8e381624,SKU002579,https://cdn.demo.com/SKU002579.jpg,PRIMARY
19514567-edfa-46cc-bc21-a9d62b1fa5bd,SKU002580,https://cdn.demo.com/SKU002580.jpg,PRIMARY
61798a02-d951-4ff0-b6a6-a13dc6f4d770,SKU002581,https://cdn.demo.com/SKU002581.jpg,PRIMARY
ed88b593-d3cd-4ca1-b49d-e829fafcaaf1,SKU002582,https://cdn.demo.com/SKU002582.jpg,PRIMARY
fbf6d184-76c0-48ae-86db-b9384a37941f,SKU002583,https://cdn.demo.com/SKU002583.jpg,PRIMARY
722d08ac-a614-4b2a-add9-a6e4f43fdf16,SKU002584,https://cdn.demo.com/SKU002584.jpg,PRIMARY
35a5c89c-b576-4009-9e3f-f18b15f975f7,SKU002585,https://cdn.demo.com/SKU002585.jpg,PRIMARY
5587b8ee-b6e6-4711-b7b5-d29792554fc7,SKU002586,https://cdn.demo.com/SKU002586.jpg,PRIMARY
e7923a04-f214-4fae-955b-3db44ebb2123,SKU002587,https://cdn.demo.com/SKU002587.jpg,PRIMARY
fc45d295-f86c-4a18-a139-ee69f7588d37,SKU002588,https://cdn.demo.com/SKU002588.jpg,PRIMARY
35370e7e-0df7-47f2-ae6e-411c7f221821,SKU002589,https://cdn.demo.com/SKU002589.jpg,PRIMARY
62bd84fc-62ef-4fc7-8d6f-5de1d0078de4,SKU002590,https://cdn.demo.com/SKU002590.jpg,PRIMARY
72e77f53-e77f-495e-ba61-3da9d26fc8ac,SKU002591,https://cdn.demo.com/SKU002591.jpg,PRIMARY
8ae056f3-9777-459d-87b5-06d6e222ebef,SKU002592,https://cdn.demo.com/SKU002592.jpg,PRIMARY
d512dba3-72f7-4228-9ab9-1fe4bb8e0eed,SKU002593,https://cdn.demo.com/SKU002593.jpg,PRIMARY
920aebfe-546e-4163-bb49-583b32dc5b5d,SKU002594,https://cdn.demo.com/SKU002594.jpg,PRIMARY
d8d65cbc-6137-4115-9a9e-c48b03682322,SKU002595,https://cdn.demo.com/SKU002595.jpg,PRIMARY
b164efef-f2e2-40c7-b36a-f77652da1202,SKU002596,https://cdn.demo.com/SKU002596.jpg,PRIMARY
97677961-dc50-48b0-a133-e34d0e7b741e,SKU002597,https://cdn.demo.com/SKU002597.jpg,PRIMARY
3fd057da-361e-47fc-b2a1-be556ce45fc0,SKU002598,https://cdn.demo.com/SKU002598.jpg,PRIMARY
f03a829e-a72e-4c5a-ace6-0636c66148b6,SKU002599,https://cdn.demo.com/SKU002599.jpg,PRIMARY
a34d4f64-1212-40ce-93e3-8f61360a5fef,SKU002600,https://cdn.demo.com/SKU002600.jpg,PRIMARY
5cdfb0a1-1c44-47aa-9141-f71de18ef874,SKU002601,https://cdn.demo.com/SKU002601.jpg,PRIMARY
92f3b720-6d9c-4bf1-b0d7-de56e8414988,SKU002602,https://cdn.demo.com/SKU002602.jpg,PRIMARY
264e4c0f-e596-4d6f-8ee5-6eb79717f2cc,SKU002603,https://cdn.demo.com/SKU002603.jpg,PRIMARY
b4b7db3a-f38e-4b4f-89bc-c12ff6bea027,SKU002604,https://cdn.demo.com/SKU002604.jpg,PRIMARY
67896e68-10e0-4e5b-9921-75d8704aee63,SKU002605,https://cdn.demo.com/SKU002605.jpg,PRIMARY
e3067bd0-99a3-4b5c-a20d-dd096bbda6d8,SKU002606,https://cdn.demo.com/SKU002606.jpg,PRIMARY
7af65346-ac4b-42cb-ac9e-194f0d2cbae7,SKU002607,https://cdn.demo.com/SKU002607.jpg,PRIMARY
edc96586-5e26-4bb6-82da-c85f54a03122,SKU002608,https://cdn.demo.com/SKU002608.jpg,PRIMARY
aa1b2b2e-60ad-49f3-be40-fcdc94c8eaac,SKU002609,https://cdn.demo.com/SKU002609.jpg,PRIMARY
d12544b2-7706-462e-ac27-0367cd442ac0,SKU002610,https://cdn.demo.com/SKU002610.jpg,PRIMARY
f5c443ee-76be-4866-aa07-214cf6d6e08b,SKU002611,https://cdn.demo.com/SKU002611.jpg,PRIMARY
73d42fd6-7df6-48cd-9134-2d23ce8f87b4,SKU002612,https://cdn.demo.com/SKU002612.jpg,PRIMARY
378e75fe-1fc5-4c62-9968-70771c4a3311,SKU002613,https://cdn.demo.com/SKU002613.jpg,PRIMARY
575b5608-1480-4981-9aaa-904b65624957,SKU002614,https://cdn.demo.com/SKU002614.jpg,PRIMARY
418609d9-e84d-4bd3-aa76-af820ed64c86,SKU002615,https://cdn.demo.com/SKU002615.jpg,PRIMARY
22d174dc-c262-43ac-a105-3b31403723b0,SKU002616,https://cdn.demo.com/SKU002616.jpg,PRIMARY
b978f9ce-8b7e-4235-97b8-fa3c8a564988,SKU002617,https://cdn.demo.com/SKU002617.jpg,PRIMARY
a3e5a72d-1409-4083-9dec-e0f877433aa9,SKU002618,https://cdn.demo.com/SKU002618.jpg,PRIMARY
e9756df0-f952-4f13-b440-fa1e37840ea5,SKU002619,https://cdn.demo.com/SKU002619.jpg,PRIMARY
584adab6-26a9-4994-b2ee-ba37d966dcd1,SKU002620,https://cdn.demo.com/SKU002620.jpg,PRIMARY
c960c69f-4cc5-487c-9533-af1a537f0b58,SKU002621,https://cdn.demo.com/SKU002621.jpg,PRIMARY
9ae947c7-c42a-46b0-b495-ccc9566f4317,SKU002622,https://cdn.demo.com/SKU002622.jpg,PRIMARY
df89c47e-88b2-4e01-bd46-f7fe2b0992e0,SKU002623,https://cdn.demo.com/SKU002623.jpg,PRIMARY
a5ae1009-5d13-43d6-a325-7bf8274a08c9,SKU002624,https://cdn.demo.com/SKU002624.jpg,PRIMARY
9dcf59b0-0e62-4baa-afff-afccf59eafd9,SKU002625,https://cdn.demo.com/SKU002625.jpg,PRIMARY
6da0fa71-d462-4b0a-8cb5-92c09033e645,SKU002626,https://cdn.demo.com/SKU002626.jpg,PRIMARY
ab75f797-e523-4de3-874e-c85a70af226b,SKU002627,https://cdn.demo.com/SKU002627.jpg,PRIMARY
7af13c41-9f82-49ad-91ef-11836f85808e,SKU002628,https://cdn.demo.com/SKU002628.jpg,PRIMARY
c5e6fb4d-0628-4983-93e4-cc760058d0b0,SKU002629,https://cdn.demo.com/SKU002629.jpg,PRIMARY
49fb5d59-329e-48ac-bbe2-b338e879bbfc,SKU002630,https://cdn.demo.com/SKU002630.jpg,PRIMARY
ecc26739-a687-4032-85ef-8b0bad3f355c,SKU002631,https://cdn.demo.com/SKU002631.jpg,PRIMARY
f0facc93-8af9-439b-8ffb-cbcee5c8735e,SKU002632,https://cdn.demo.com/SKU002632.jpg,PRIMARY
2f0ac8d4-57b5-45ea-a262-9926320124f0,SKU002633,https://cdn.demo.com/SKU002633.jpg,PRIMARY
41224f37-9a92-4cb9-bc58-441aee929201,SKU002634,https://cdn.demo.com/SKU002634.jpg,PRIMARY
141d107a-fb23-47b3-bb45-a015caf2832f,SKU002635,https://cdn.demo.com/SKU002635.jpg,PRIMARY
361a39e5-c737-4494-862b-d7f6edb8707d,SKU002636,https://cdn.demo.com/SKU002636.jpg,PRIMARY
76ee35ae-80bf-4e49-af66-3437ca422974,SKU002637,https://cdn.demo.com/SKU002637.jpg,PRIMARY
05c0016f-3095-4cbe-9b37-d340a494cda3,SKU002638,https://cdn.demo.com/SKU002638.jpg,PRIMARY
43ce3ceb-8621-445c-81b8-f3114e81c516,SKU002639,https://cdn.demo.com/SKU002639.jpg,PRIMARY
3b0d5848-6d92-4a41-8679-1f458bc3d784,SKU002640,https://cdn.demo.com/SKU002640.jpg,PRIMARY
34447093-a662-407c-8caa-4c24d2207cc0,SKU002641,https://cdn.demo.com/SKU002641.jpg,PRIMARY
2de910a1-64a8-4ecb-80f6-df647a3971b2,SKU002642,https://cdn.demo.com/SKU002642.jpg,PRIMARY
4cdaa8ab-76ff-42a5-ba59-2a8e46b44edc,SKU002643,https://cdn.demo.com/SKU002643.jpg,PRIMARY
ed9da2ed-bf03-4be4-9786-339fb9a2a05d,SKU002644,https://cdn.demo.com/SKU002644.jpg,PRIMARY
75dc0cbb-1097-4336-8f4c-580a7383fd05,SKU002645,https://cdn.demo.com/SKU002645.jpg,PRIMARY
9ded798a-9a92-4b78-81b2-4f1e71790d67,SKU002646,https://cdn.demo.com/SKU002646.jpg,PRIMARY
70ab8467-f197-4f68-b6e1-71e3db2e1029,SKU002647,https://cdn.demo.com/SKU002647.jpg,PRIMARY
18d87383-4abc-434c-999c-87909c264a55,SKU002648,https://cdn.demo.com/SKU002648.jpg,PRIMARY
162f583e-8df3-4f95-88ca-17e672a13a4b,SKU002649,https://cdn.demo.com/SKU002649.jpg,PRIMARY
9063048a-b5a4-4456-b9e1-c8eec00ac689,SKU002650,https://cdn.demo.com/SKU002650.jpg,PRIMARY
7010cef2-4d21-49e2-87a6-7512c68e3e4c,SKU002651,https://cdn.demo.com/SKU002651.jpg,PRIMARY
2d3df745-fe84-4fe3-8e86-98a7e642db6d,SKU002652,https://cdn.demo.com/SKU002652.jpg,PRIMARY
943ab906-86c6-4fff-997b-9a57e2e713e6,SKU002653,https://cdn.demo.com/SKU002653.jpg,PRIMARY
26a31bf6-6a45-4f61-91bb-cb3a7507d880,SKU002654,https://cdn.demo.com/SKU002654.jpg,PRIMARY
b735036a-30a8-48c5-a9bc-f6108f8777b2,SKU002655,https://cdn.demo.com/SKU002655.jpg,PRIMARY
864f312c-8e58-44c2-b7ef-321953997033,SKU002656,https://cdn.demo.com/SKU002656.jpg,PRIMARY
8ea8b45a-07e6-4ea6-b548-b11986b28e1a,SKU002657,https://cdn.demo.com/SKU002657.jpg,PRIMARY
a96702fc-18de-4509-aca5-0281a6c38811,SKU002658,https://cdn.demo.com/SKU002658.jpg,PRIMARY
10b3967c-d162-4c9b-9187-889a818b2dbb,SKU002659,https://cdn.demo.com/SKU002659.jpg,PRIMARY
1e96ae8b-28ba-4853-a2b8-86a690d8c0ec,SKU002660,https://cdn.demo.com/SKU002660.jpg,PRIMARY
015a58ff-3955-4eaa-b6a0-888c1019d99c,SKU002661,https://cdn.demo.com/SKU002661.jpg,PRIMARY
a03ed19d-5b15-4d7c-b04f-bdeeed2a4577,SKU002662,https://cdn.demo.com/SKU002662.jpg,PRIMARY
5762ee0f-3dee-4b62-ab23-485bd312a75d,SKU002663,https://cdn.demo.com/SKU002663.jpg,PRIMARY
8003988b-0d95-44ff-bcca-fa84516ff7be,SKU002664,https://cdn.demo.com/SKU002664.jpg,PRIMARY
89184966-47a8-4cc0-b5a6-7fddd54b6393,SKU002665,https://cdn.demo.com/SKU002665.jpg,PRIMARY
d0020259-df41-4541-93bf-c974c6e5a5e9,SKU002666,https://cdn.demo.com/SKU002666.jpg,PRIMARY
e28d2f56-a4cb-469d-9611-08d6b1764d0a,SKU002667,https://cdn.demo.com/SKU002667.jpg,PRIMARY
be300343-e34c-4c65-a917-491a3204c2bd,SKU002668,https://cdn.demo.com/SKU002668.jpg,PRIMARY
81cdf52e-8b04-43d5-aab1-6aa6c8f2be92,SKU002669,https://cdn.demo.com/SKU002669.jpg,PRIMARY
80c776cd-093e-446f-b6a5-fd74b3ba70e0,SKU002670,https://cdn.demo.com/SKU002670.jpg,PRIMARY
f3c4488a-b2f3-4946-8a2f-f97b404899ad,SKU002671,https://cdn.demo.com/SKU002671.jpg,PRIMARY
59f42759-41b2-42f1-b59f-42e412e0ac1b,SKU002672,https://cdn.demo.com/SKU002672.jpg,PRIMARY
9cb4e842-e85c-4f1f-9b75-a1b4a7b27af1,SKU002673,https://cdn.demo.com/SKU002673.jpg,PRIMARY
3784469d-4475-439a-bf53-df208788b4d8,SKU002674,https://cdn.demo.com/SKU002674.jpg,PRIMARY
356af003-a36e-4145-b2f2-8d811dec3f80,SKU002675,https://cdn.demo.com/SKU002675.jpg,PRIMARY
414aa572-ce87-43e8-baae-a0dfe085eaa3,SKU002676,https://cdn.demo.com/SKU002676.jpg,PRIMARY
99a2a8e0-88f9-4f98-af3e-6977584ad242,SKU002677,https://cdn.demo.com/SKU002677.jpg,PRIMARY
2ca09173-73e1-46a2-beda-a5f16453df07,SKU002678,https://cdn.demo.com/SKU002678.jpg,PRIMARY
9defba36-d286-4af7-a12a-85bdbb366211,SKU002679,https://cdn.demo.com/SKU002679.jpg,PRIMARY
659eb68e-dab2-4003-833d-2f0579a83bf4,SKU002680,https://cdn.demo.com/SKU002680.jpg,PRIMARY
7a94784a-02e1-4a53-a942-0c0a91ccccea,SKU002681,https://cdn.demo.com/SKU002681.jpg,PRIMARY
6ca2032d-0433-4bd1-bd44-739531320f43,SKU002682,https://cdn.demo.com/SKU002682.jpg,PRIMARY
bf0d9364-0e18-48d6-ba00-96bc80555286,SKU002683,https://cdn.demo.com/SKU002683.jpg,PRIMARY
bd27aa06-3d34-4e38-aad4-044c19acca98,SKU002684,https://cdn.demo.com/SKU002684.jpg,PRIMARY
9a9d3a41-ef0d-49b2-b613-67abbc23b443,SKU002685,https://cdn.demo.com/SKU002685.jpg,PRIMARY
42e6d684-ea41-4a5c-ad10-13388c965e73,SKU002686,https://cdn.demo.com/SKU002686.jpg,PRIMARY
aa253fec-d58f-4fb3-9052-32e0254a6707,SKU002687,https://cdn.demo.com/SKU002687.jpg,PRIMARY
01ae09c7-6e9d-4196-b711-cb7da45a0e45,SKU002688,https://cdn.demo.com/SKU002688.jpg,PRIMARY
3318a381-44ad-4683-b25a-1679ab1f3ab1,SKU002689,https://cdn.demo.com/SKU002689.jpg,PRIMARY
f1b8b7fc-c268-4612-b67b-7d464647b515,SKU002690,https://cdn.demo.com/SKU002690.jpg,PRIMARY
39af468d-b488-45a4-9956-dcecdd0e6bce,SKU002691,https://cdn.demo.com/SKU002691.jpg,PRIMARY
8c0e2239-201f-4832-a29e-106cfa5edd1d,SKU002692,https://cdn.demo.com/SKU002692.jpg,PRIMARY
2bf6c7dd-dc2e-451d-b130-732ba7cdbbbd,SKU002693,https://cdn.demo.com/SKU002693.jpg,PRIMARY
3c88e190-8f16-48ed-b9ed-c9610fa91ffb,SKU002694,https://cdn.demo.com/SKU002694.jpg,PRIMARY
0ac810c9-24f3-47c5-9815-e0eb59aac624,SKU002695,https://cdn.demo.com/SKU002695.jpg,PRIMARY
3f54c0d5-4a2a-4fae-af71-5eca2bc06975,SKU002696,https://cdn.demo.com/SKU002696.jpg,PRIMARY
c3556b51-0f72-47c7-b797-a9e382537df5,SKU002697,https://cdn.demo.com/SKU002697.jpg,PRIMARY
b4f12d9b-13b7-44f2-beeb-5bc8ae51faec,SKU002698,https://cdn.demo.com/SKU002698.jpg,PRIMARY
35049ecd-4ffb-4af0-97fb-00ae44709f55,SKU002699,https://cdn.demo.com/SKU002699.jpg,PRIMARY
678ffa34-65a9-4eb1-b37e-4b16e5d7e243,SKU002700,https://cdn.demo.com/SKU002700.jpg,PRIMARY
45dd2a36-d823-48f1-84dc-add5f09ffc3c,SKU002701,https://cdn.demo.com/SKU002701.jpg,PRIMARY
8ec76d6e-9eec-4db5-9161-4e6ad844a9ea,SKU002702,https://cdn.demo.com/SKU002702.jpg,PRIMARY
a8fea9ef-cec8-4286-99b0-2f0a34fc8932,SKU002703,https://cdn.demo.com/SKU002703.jpg,PRIMARY
2c42de3c-fc89-4c3b-9e3b-1f84267df178,SKU002704,https://cdn.demo.com/SKU002704.jpg,PRIMARY
f9397d86-51c8-4e4d-b5e7-56bb04051e31,SKU002705,https://cdn.demo.com/SKU002705.jpg,PRIMARY
e65486b0-e711-4141-9c85-3c115482da4c,SKU002706,https://cdn.demo.com/SKU002706.jpg,PRIMARY
5368d401-88d4-40c2-8976-2ec12c89fd6b,SKU002707,https://cdn.demo.com/SKU002707.jpg,PRIMARY
8247b8d2-0d77-4414-8c4a-861d2a6de6e4,SKU002708,https://cdn.demo.com/SKU002708.jpg,PRIMARY
2c47b1f1-1620-47db-a198-d8c1216d807a,SKU002709,https://cdn.demo.com/SKU002709.jpg,PRIMARY
99a3cc8b-1c05-4731-b5a0-2c529f32d147,SKU002710,https://cdn.demo.com/SKU002710.jpg,PRIMARY
de910626-fb09-4473-ba61-b553cdace4ef,SKU002711,https://cdn.demo.com/SKU002711.jpg,PRIMARY
d988ca73-7c21-472c-ab51-34320cfbb103,SKU002712,https://cdn.demo.com/SKU002712.jpg,PRIMARY
5aa627c9-99ec-4e3a-9155-f8f2bb1df936,SKU002713,https://cdn.demo.com/SKU002713.jpg,PRIMARY
3f36ab52-ee96-4ce1-b965-1e2b6e590b07,SKU002714,https://cdn.demo.com/SKU002714.jpg,PRIMARY
f198ed29-0ab0-4dba-bf2f-0310a31ae2f5,SKU002715,https://cdn.demo.com/SKU002715.jpg,PRIMARY
5988a7c0-8df5-4dc9-bcbd-b92072bf53fd,SKU002716,https://cdn.demo.com/SKU002716.jpg,PRIMARY
aaa21963-4910-4ac3-92ea-88056f49e27c,SKU002717,https://cdn.demo.com/SKU002717.jpg,PRIMARY
a93c6ad7-ffd9-4566-a67b-72b9aae25c19,SKU002718,https://cdn.demo.com/SKU002718.jpg,PRIMARY
b3d5e4e0-de6e-4851-b125-a21a0d85ba98,SKU002719,https://cdn.demo.com/SKU002719.jpg,PRIMARY
790cc0f1-660d-4433-b7f5-b29f23dac704,SKU002720,https://cdn.demo.com/SKU002720.jpg,PRIMARY
f0e83ca1-a51c-4959-806f-aa9d562a4a3c,SKU002721,https://cdn.demo.com/SKU002721.jpg,PRIMARY
8d0fe93e-2f40-4d78-aca4-be352ff9649b,SKU002722,https://cdn.demo.com/SKU002722.jpg,PRIMARY
3b81d5ad-7739-43b5-9a03-2c1d74916256,SKU002723,https://cdn.demo.com/SKU002723.jpg,PRIMARY
49a148f0-9c08-4f11-a714-943cfef95d66,SKU002724,https://cdn.demo.com/SKU002724.jpg,PRIMARY
ad1089a5-998b-4d7b-a3cd-5e0e8f89b15b,SKU002725,https://cdn.demo.com/SKU002725.jpg,PRIMARY
1d19bd2b-1d62-48cf-b0d6-d6df1ce0bc0a,SKU002726,https://cdn.demo.com/SKU002726.jpg,PRIMARY
f3f07045-39d0-4965-9101-e24cd9308b9c,SKU002727,https://cdn.demo.com/SKU002727.jpg,PRIMARY
9eab52a3-25df-422e-bd4a-534b9152f5bf,SKU002728,https://cdn.demo.com/SKU002728.jpg,PRIMARY
12e8e99f-e650-4e1d-b8c3-136b92ded7fd,SKU002729,https://cdn.demo.com/SKU002729.jpg,PRIMARY
b04e8931-1521-4a84-805e-c80059b2fbd3,SKU002730,https://cdn.demo.com/SKU002730.jpg,PRIMARY
c9f736e1-08ad-48c0-8cf0-f85b39bc5cdf,SKU002731,https://cdn.demo.com/SKU002731.jpg,PRIMARY
0b77e70d-0821-4c39-a647-170a370ce785,SKU002732,https://cdn.demo.com/SKU002732.jpg,PRIMARY
05623fa2-74b3-4448-8d3b-7e2c90a48277,SKU002733,https://cdn.demo.com/SKU002733.jpg,PRIMARY
4eef4529-fcb1-4f7c-9865-b39f02c225b3,SKU002734,https://cdn.demo.com/SKU002734.jpg,PRIMARY
b91b266f-22a3-4ae2-8c7c-3ba2c3ff0e0e,SKU002735,https://cdn.demo.com/SKU002735.jpg,PRIMARY
a7ebf26d-863d-43fd-9f9b-170e3ae56090,SKU002736,https://cdn.demo.com/SKU002736.jpg,PRIMARY
310b1c67-677a-4be2-8d53-0968834a91b2,SKU002737,https://cdn.demo.com/SKU002737.jpg,PRIMARY
f5c1129c-5960-411d-a402-a2503198f2e3,SKU002738,https://cdn.demo.com/SKU002738.jpg,PRIMARY
bc229074-99fc-436a-b4e0-135cf7bbfd0d,SKU002739,https://cdn.demo.com/SKU002739.jpg,PRIMARY
9799ec33-e681-4851-9897-29f75cad5326,SKU002740,https://cdn.demo.com/SKU002740.jpg,PRIMARY
6c2e2be9-c7fe-4a9c-af94-4a52b9dcd4ac,SKU002741,https://cdn.demo.com/SKU002741.jpg,PRIMARY
43dc7167-41b5-4d72-bae2-42b11844f75e,SKU002742,https://cdn.demo.com/SKU002742.jpg,PRIMARY
102c9afe-653d-46b7-a85f-3d653110de4c,SKU002743,https://cdn.demo.com/SKU002743.jpg,PRIMARY
fdf70692-e8c1-4672-b157-2fd8f515fb34,SKU002744,https://cdn.demo.com/SKU002744.jpg,PRIMARY
6a7f0be2-a8ec-4d49-80cf-f7bf3b8b770b,SKU002745,https://cdn.demo.com/SKU002745.jpg,PRIMARY
bf1ad2be-b835-45d5-8b81-2b5beaa7c8d1,SKU002746,https://cdn.demo.com/SKU002746.jpg,PRIMARY
baf9cd64-72b7-4d7c-93ef-151e08e204c6,SKU002747,https://cdn.demo.com/SKU002747.jpg,PRIMARY
6a893c61-7cab-4fa4-a4fd-53f856eefab0,SKU002748,https://cdn.demo.com/SKU002748.jpg,PRIMARY
567e7e4c-47ac-4b90-89c4-aa9a56c417e5,SKU002749,https://cdn.demo.com/SKU002749.jpg,PRIMARY
1a403ef4-9e94-4435-93a0-784203fafec9,SKU002750,https://cdn.demo.com/SKU002750.jpg,PRIMARY
c9de0fc7-8268-404b-8e15-4d111e90b974,SKU002751,https://cdn.demo.com/SKU002751.jpg,PRIMARY
445db289-fa2e-45de-8028-fa26aa02f9b7,SKU002752,https://cdn.demo.com/SKU002752.jpg,PRIMARY
1c82ccfe-447f-4663-a3b7-494d3f0dcfb1,SKU002753,https://cdn.demo.com/SKU002753.jpg,PRIMARY
699cf125-79c6-4055-bc74-5bfd470574e2,SKU002754,https://cdn.demo.com/SKU002754.jpg,PRIMARY
5cef31c5-8a5d-4d6d-a983-7590e5293512,SKU002755,https://cdn.demo.com/SKU002755.jpg,PRIMARY
8e85f76d-32cf-44cc-a554-1f95634e0d88,SKU002756,https://cdn.demo.com/SKU002756.jpg,PRIMARY
6691f418-115b-4c72-b528-c026b2ef1a4c,SKU002757,https://cdn.demo.com/SKU002757.jpg,PRIMARY
31bed202-f111-484a-b88c-ddd05005a56e,SKU002758,https://cdn.demo.com/SKU002758.jpg,PRIMARY
ccf292c3-27ad-4870-a91c-cfd6f0d4c072,SKU002759,https://cdn.demo.com/SKU002759.jpg,PRIMARY
77183639-e3fd-4024-913a-f85d935a75e4,SKU002760,https://cdn.demo.com/SKU002760.jpg,PRIMARY
a3601682-20e8-4c81-9677-a49c473889a5,SKU002761,https://cdn.demo.com/SKU002761.jpg,PRIMARY
41e454da-53a6-48a1-926d-a4efcfdbb12d,SKU002762,https://cdn.demo.com/SKU002762.jpg,PRIMARY
c8bc11c8-8a55-464e-b0fa-f0b20f12412c,SKU002763,https://cdn.demo.com/SKU002763.jpg,PRIMARY
e77f91cd-4ef1-486a-81e8-fb79e9990251,SKU002764,https://cdn.demo.com/SKU002764.jpg,PRIMARY
73267744-625d-4a1f-a157-2348b684c5fb,SKU002765,https://cdn.demo.com/SKU002765.jpg,PRIMARY
c912ab4c-b94c-4074-a684-73c81b2445f0,SKU002766,https://cdn.demo.com/SKU002766.jpg,PRIMARY
6401cfa4-45c9-415b-8189-04cf1ee76515,SKU002767,https://cdn.demo.com/SKU002767.jpg,PRIMARY
1aa64b56-9f88-47ac-bdf2-d3bb8a0277d8,SKU002768,https://cdn.demo.com/SKU002768.jpg,PRIMARY
3fdcbc44-219c-40dd-a1e6-058623fcca65,SKU002769,https://cdn.demo.com/SKU002769.jpg,PRIMARY
5fa4b678-efeb-41fa-bc57-61337d71e3ef,SKU002770,https://cdn.demo.com/SKU002770.jpg,PRIMARY
d5e4f929-5442-47fc-9378-3fda12033e1e,SKU002771,https://cdn.demo.com/SKU002771.jpg,PRIMARY
42b96a91-efe1-4946-8fbb-c01fdde886d9,SKU002772,https://cdn.demo.com/SKU002772.jpg,PRIMARY
ab9dc17b-a8ca-475a-9532-ce7cb255106e,SKU002773,https://cdn.demo.com/SKU002773.jpg,PRIMARY
f399af75-d125-44e9-806a-a4b54fbd395d,SKU002774,https://cdn.demo.com/SKU002774.jpg,PRIMARY
a6bbe195-d18a-4ba9-ad1f-2622af8d13e3,SKU002775,https://cdn.demo.com/SKU002775.jpg,PRIMARY
6265535f-fb28-47f3-9494-c4b5a67a9fc7,SKU002776,https://cdn.demo.com/SKU002776.jpg,PRIMARY
438f78cf-e29f-4ae6-8289-5c7c31653fb1,SKU002777,https://cdn.demo.com/SKU002777.jpg,PRIMARY
8b1cb1c3-1990-4465-8965-de0dd4da8ea0,SKU002778,https://cdn.demo.com/SKU002778.jpg,PRIMARY
c5bd9fe2-74e5-4337-8d15-054de39f4c98,SKU002779,https://cdn.demo.com/SKU002779.jpg,PRIMARY
b028e092-28aa-4d1d-88ea-8647a09ccaf8,SKU002780,https://cdn.demo.com/SKU002780.jpg,PRIMARY
49eb7a84-82f1-4f97-aea8-c808449056d6,SKU002781,https://cdn.demo.com/SKU002781.jpg,PRIMARY
bc7768e1-b01e-4747-91c9-9609d8f7bd3e,SKU002782,https://cdn.demo.com/SKU002782.jpg,PRIMARY
a5ebf5dd-0b98-4d60-af53-8c741af8a447,SKU002783,https://cdn.demo.com/SKU002783.jpg,PRIMARY
af63e187-1ca7-46f5-8699-ace1254dcd46,SKU002784,https://cdn.demo.com/SKU002784.jpg,PRIMARY
f1cb7e52-7358-4117-aa82-05c52723b6e4,SKU002785,https://cdn.demo.com/SKU002785.jpg,PRIMARY
4b4f36c6-377f-43bd-b940-fcd88f190e23,SKU002786,https://cdn.demo.com/SKU002786.jpg,PRIMARY
3e6575d8-e2e5-419b-925b-7e70b9253a2a,SKU002787,https://cdn.demo.com/SKU002787.jpg,PRIMARY
9bf97046-d718-4f14-a42e-0ae847f4e0d5,SKU002788,https://cdn.demo.com/SKU002788.jpg,PRIMARY
18195d71-17b0-4b71-82d8-a4d911d9ca91,SKU002789,https://cdn.demo.com/SKU002789.jpg,PRIMARY
b814be37-1fe6-4a8f-bc46-2491ec7be972,SKU002790,https://cdn.demo.com/SKU002790.jpg,PRIMARY
97dac310-c905-44c0-bde1-64dd016fb58a,SKU002791,https://cdn.demo.com/SKU002791.jpg,PRIMARY
cc62e33e-3ea9-4252-a0b1-6b316c2054e0,SKU002792,https://cdn.demo.com/SKU002792.jpg,PRIMARY
46380222-5dd4-411f-a640-8d4d652998eb,SKU002793,https://cdn.demo.com/SKU002793.jpg,PRIMARY
c2b57560-26aa-4736-8d01-814ed1b6b512,SKU002794,https://cdn.demo.com/SKU002794.jpg,PRIMARY
27bd918c-8ed2-4ae3-a6a0-f635dc13c9b8,SKU002795,https://cdn.demo.com/SKU002795.jpg,PRIMARY
d31dfbff-285b-4e85-b5d4-828ff94892f4,SKU002796,https://cdn.demo.com/SKU002796.jpg,PRIMARY
0e0f9ff2-cf5f-4116-8b36-5ed80e1409f5,SKU002797,https://cdn.demo.com/SKU002797.jpg,PRIMARY
47874a92-f60c-45e9-9e81-79913a5e4804,SKU002798,https://cdn.demo.com/SKU002798.jpg,PRIMARY
db1eefff-4c51-4fce-a942-5bba4113a65c,SKU002799,https://cdn.demo.com/SKU002799.jpg,PRIMARY
239269e0-68e4-463b-9982-108a4b96026c,SKU002800,https://cdn.demo.com/SKU002800.jpg,PRIMARY
2e265b91-a26f-461a-b9b1-fe840030d0cd,SKU002801,https://cdn.demo.com/SKU002801.jpg,PRIMARY
5ffbd2af-d633-4cd9-a8f4-f528e051484f,SKU002802,https://cdn.demo.com/SKU002802.jpg,PRIMARY
258a267c-da96-4236-b15b-bb078e09687f,SKU002803,https://cdn.demo.com/SKU002803.jpg,PRIMARY
89bd30b6-ed9e-4cbc-92bb-f47fdc9db33b,SKU002804,https://cdn.demo.com/SKU002804.jpg,PRIMARY
6dcfa8a5-f2c6-4ee0-a500-80d535340f39,SKU002805,https://cdn.demo.com/SKU002805.jpg,PRIMARY
3a497e8c-b2fd-4628-a2a0-1ef2493c3594,SKU002806,https://cdn.demo.com/SKU002806.jpg,PRIMARY
897a5856-b438-43c2-acb0-661b821712e3,SKU002807,https://cdn.demo.com/SKU002807.jpg,PRIMARY
d3471d63-3551-4aea-9380-c3acb9e8e330,SKU002808,https://cdn.demo.com/SKU002808.jpg,PRIMARY
4b514083-37d7-4d6f-bfba-354eaf4d76ee,SKU002809,https://cdn.demo.com/SKU002809.jpg,PRIMARY
21f2a464-a9e8-4326-af9e-9e1fcbdccfe5,SKU002810,https://cdn.demo.com/SKU002810.jpg,PRIMARY
a4c0c009-9fa6-48a0-9284-45037bece08e,SKU002811,https://cdn.demo.com/SKU002811.jpg,PRIMARY
9787da24-0ad4-4c0d-97f0-fadb4ac20055,SKU002812,https://cdn.demo.com/SKU002812.jpg,PRIMARY
2837109b-24dc-46ce-a5d6-aa57fbcd250c,SKU002813,https://cdn.demo.com/SKU002813.jpg,PRIMARY
f28b40ad-9e42-45e3-9de3-e7f8933cf959,SKU002814,https://cdn.demo.com/SKU002814.jpg,PRIMARY
e907ca7f-e819-4b1e-9388-36093b7b5ab4,SKU002815,https://cdn.demo.com/SKU002815.jpg,PRIMARY
187a1f1c-f9f2-4771-ab3f-fdb9f9c53c13,SKU002816,https://cdn.demo.com/SKU002816.jpg,PRIMARY
bee1d261-e4ba-4bc1-aa9c-27d9e6939394,SKU002817,https://cdn.demo.com/SKU002817.jpg,PRIMARY
f593078f-bc6f-48f0-b01d-e5b17479a509,SKU002818,https://cdn.demo.com/SKU002818.jpg,PRIMARY
d6d48de9-237d-45cc-8e5d-93197e676648,SKU002819,https://cdn.demo.com/SKU002819.jpg,PRIMARY
f7a92c19-eb93-43e1-9f65-a7c1bba32835,SKU002820,https://cdn.demo.com/SKU002820.jpg,PRIMARY
e2043b8e-59d3-4d51-866c-5cf9868b9729,SKU002821,https://cdn.demo.com/SKU002821.jpg,PRIMARY
6d3b23c1-e86b-4a58-bdc9-27304c1bc815,SKU002822,https://cdn.demo.com/SKU002822.jpg,PRIMARY
c9dc31a9-1596-4ed6-ae52-71fa5430a380,SKU002823,https://cdn.demo.com/SKU002823.jpg,PRIMARY
ee67b9c1-4c7c-4118-9b2d-21190bc9350e,SKU002824,https://cdn.demo.com/SKU002824.jpg,PRIMARY
71473b53-c539-45d8-9e6a-891a729a1afe,SKU002825,https://cdn.demo.com/SKU002825.jpg,PRIMARY
a013f136-1a23-4177-bcf4-e354c1148846,SKU002826,https://cdn.demo.com/SKU002826.jpg,PRIMARY
4e5e38d8-d20e-40c7-8aa0-8411c728abde,SKU002827,https://cdn.demo.com/SKU002827.jpg,PRIMARY
9ea808cb-33f0-4b00-b4db-b5051ff8aab9,SKU002828,https://cdn.demo.com/SKU002828.jpg,PRIMARY
a37fa641-35fc-4acb-b9cc-6d218965a6eb,SKU002829,https://cdn.demo.com/SKU002829.jpg,PRIMARY
5c27063a-ca80-4688-b393-7223bc4c8b85,SKU002830,https://cdn.demo.com/SKU002830.jpg,PRIMARY
d31a8267-5cc1-42c6-8dea-af962cc409b4,SKU002831,https://cdn.demo.com/SKU002831.jpg,PRIMARY
e81a291a-9442-494f-abcb-9fbfd0c770ef,SKU002832,https://cdn.demo.com/SKU002832.jpg,PRIMARY
7ca0391a-55b1-4ec8-abfb-ac40a692e418,SKU002833,https://cdn.demo.com/SKU002833.jpg,PRIMARY
4242dd6d-15db-4cea-a0d0-d89ed6c41800,SKU002834,https://cdn.demo.com/SKU002834.jpg,PRIMARY
72af7172-15e0-48b9-85f2-ab68f01a7a5b,SKU002835,https://cdn.demo.com/SKU002835.jpg,PRIMARY
e2552445-bf12-4576-874a-4ecbfb6895eb,SKU002836,https://cdn.demo.com/SKU002836.jpg,PRIMARY
fd6e1671-06e1-4358-bcf0-e6ce1f005a2f,SKU002837,https://cdn.demo.com/SKU002837.jpg,PRIMARY
1761fd1a-ad83-4511-9075-f50fbc50c657,SKU002838,https://cdn.demo.com/SKU002838.jpg,PRIMARY
efa3fe50-f67b-463a-9085-9747bf079bdd,SKU002839,https://cdn.demo.com/SKU002839.jpg,PRIMARY
948a9cac-f63c-4515-a81e-837aed640f8a,SKU002840,https://cdn.demo.com/SKU002840.jpg,PRIMARY
57ae0eec-5d9d-4c9b-a0de-a9a1c53a3cf3,SKU002841,https://cdn.demo.com/SKU002841.jpg,PRIMARY
4eb22330-84ca-4f12-bd2f-38814328f5f5,SKU002842,https://cdn.demo.com/SKU002842.jpg,PRIMARY
551563c4-921f-46b5-a6a8-336dc70b7ca5,SKU002843,https://cdn.demo.com/SKU002843.jpg,PRIMARY
a33c7911-ef32-4fa1-a862-59aba5a4039b,SKU002844,https://cdn.demo.com/SKU002844.jpg,PRIMARY
2ed9dd3b-3228-4634-b198-6a0fca10803c,SKU002845,https://cdn.demo.com/SKU002845.jpg,PRIMARY
a9d95cff-a4a4-4379-a35a-8fd49fa16fda,SKU002846,https://cdn.demo.com/SKU002846.jpg,PRIMARY
d782896a-5a00-4f25-984f-0233107250b4,SKU002847,https://cdn.demo.com/SKU002847.jpg,PRIMARY
a3f11d48-fce6-4369-b538-00667246d683,SKU002848,https://cdn.demo.com/SKU002848.jpg,PRIMARY
4f9949ac-543f-46bd-ac57-20982aedc310,SKU002849,https://cdn.demo.com/SKU002849.jpg,PRIMARY
db0f7ee8-8b0b-4c4c-a629-26a7a4c6dff9,SKU002850,https://cdn.demo.com/SKU002850.jpg,PRIMARY
cf605ea7-e3d8-46c2-bdb6-9ca68ac41db4,SKU002851,https://cdn.demo.com/SKU002851.jpg,PRIMARY
8d3be8b5-9bf5-41df-8597-655ea390749c,SKU002852,https://cdn.demo.com/SKU002852.jpg,PRIMARY
faf7bab5-2317-4943-875a-b83b551bdb8b,SKU002853,https://cdn.demo.com/SKU002853.jpg,PRIMARY
0f6fb60a-5540-4c1d-acfe-04387f72c960,SKU002854,https://cdn.demo.com/SKU002854.jpg,PRIMARY
cb650fb2-4983-413a-8c94-d3fe69fbfbc8,SKU002855,https://cdn.demo.com/SKU002855.jpg,PRIMARY
f62c3949-8aa6-4ecf-a26a-21d1e6a8c3a5,SKU002856,https://cdn.demo.com/SKU002856.jpg,PRIMARY
b80862d6-c7a4-489e-86e7-299e610cf1de,SKU002857,https://cdn.demo.com/SKU002857.jpg,PRIMARY
ffc25b9b-1e55-428f-b976-5a48c3b5a3e7,SKU002858,https://cdn.demo.com/SKU002858.jpg,PRIMARY
772927a0-e07f-4e72-b600-9a594c557c6e,SKU002859,https://cdn.demo.com/SKU002859.jpg,PRIMARY
21723eb8-b58c-4f44-abfb-763f410a63fa,SKU002860,https://cdn.demo.com/SKU002860.jpg,PRIMARY
2b1b084a-253c-4f74-9e5f-978f015dffa5,SKU002861,https://cdn.demo.com/SKU002861.jpg,PRIMARY
ea86209a-2626-4955-aee3-1d63c20533cd,SKU002862,https://cdn.demo.com/SKU002862.jpg,PRIMARY
32c07e59-ba8a-4c96-807d-528b8b46a612,SKU002863,https://cdn.demo.com/SKU002863.jpg,PRIMARY
9a747efe-4bea-49ba-ac1b-d6803390957c,SKU002864,https://cdn.demo.com/SKU002864.jpg,PRIMARY
36e1f909-7aca-4121-a0ec-1a735f523577,SKU002865,https://cdn.demo.com/SKU002865.jpg,PRIMARY
144c7ac5-09b7-4e12-a5e7-6118557711c0,SKU002866,https://cdn.demo.com/SKU002866.jpg,PRIMARY
2897226f-75ad-49e9-860e-ea4a7e68cfd4,SKU002867,https://cdn.demo.com/SKU002867.jpg,PRIMARY
de18bca7-73f8-4006-a853-69cca6760079,SKU002868,https://cdn.demo.com/SKU002868.jpg,PRIMARY
3acd611c-391c-48f4-8c0b-feee0a079980,SKU002869,https://cdn.demo.com/SKU002869.jpg,PRIMARY
1d698515-bb32-4eb5-9647-18f44908bde4,SKU002870,https://cdn.demo.com/SKU002870.jpg,PRIMARY
31a46efa-9439-4169-b354-4508fc02a260,SKU002871,https://cdn.demo.com/SKU002871.jpg,PRIMARY
64f2f4fc-6358-47cc-9df0-2b5cb8a0a239,SKU002872,https://cdn.demo.com/SKU002872.jpg,PRIMARY
1876d1ff-2e91-454d-84e1-52f151710e9f,SKU002873,https://cdn.demo.com/SKU002873.jpg,PRIMARY
f312d32f-86b0-4807-b788-bfa920d3bde7,SKU002874,https://cdn.demo.com/SKU002874.jpg,PRIMARY
7328c4e4-792b-4ca9-bc83-3592655cd1f8,SKU002875,https://cdn.demo.com/SKU002875.jpg,PRIMARY
aebf97e5-a518-4275-9fa8-db44db90ab23,SKU002876,https://cdn.demo.com/SKU002876.jpg,PRIMARY
0606f718-8e5b-44c0-ac29-48d01675210f,SKU002877,https://cdn.demo.com/SKU002877.jpg,PRIMARY
0e482449-b94f-4460-8493-ebbfe77a95ae,SKU002878,https://cdn.demo.com/SKU002878.jpg,PRIMARY
d5b7846c-10bc-4e9f-9226-5319ec031036,SKU002879,https://cdn.demo.com/SKU002879.jpg,PRIMARY
8d6778ba-2a75-4b80-be0f-ca90a10967be,SKU002880,https://cdn.demo.com/SKU002880.jpg,PRIMARY
7ed447b9-b959-496e-8b74-989cbcfbe77d,SKU002881,https://cdn.demo.com/SKU002881.jpg,PRIMARY
bd4d727e-e152-4cf6-b0c8-a699d0001915,SKU002882,https://cdn.demo.com/SKU002882.jpg,PRIMARY
2182083a-bbdf-413b-9fd3-3bbf41ebaa2f,SKU002883,https://cdn.demo.com/SKU002883.jpg,PRIMARY
aa136d8c-b927-4d14-99df-04d8911bbd5b,SKU002884,https://cdn.demo.com/SKU002884.jpg,PRIMARY
a26ac70c-8a3c-4349-9154-ed17c91bd3d8,SKU002885,https://cdn.demo.com/SKU002885.jpg,PRIMARY
2ccfc69c-a560-46d9-be3a-b90b05b7debc,SKU002886,https://cdn.demo.com/SKU002886.jpg,PRIMARY
c1808e87-632d-49f9-b9b0-5164265f7efd,SKU002887,https://cdn.demo.com/SKU002887.jpg,PRIMARY
3a638f24-1a2d-4d2d-b247-881160a14d7f,SKU002888,https://cdn.demo.com/SKU002888.jpg,PRIMARY
cf3417f2-55a1-4da9-aa27-35630f646cd5,SKU002889,https://cdn.demo.com/SKU002889.jpg,PRIMARY
2596797c-ecd4-45d3-9ae3-bbff382fe76b,SKU002890,https://cdn.demo.com/SKU002890.jpg,PRIMARY
3a8cd122-5bbf-41a1-8c50-bdf86dff98a7,SKU002891,https://cdn.demo.com/SKU002891.jpg,PRIMARY
526319a3-1935-4996-b248-0366a9450a65,SKU002892,https://cdn.demo.com/SKU002892.jpg,PRIMARY
f1eae3bf-4696-44d5-832b-1f257c4b9f96,SKU002893,https://cdn.demo.com/SKU002893.jpg,PRIMARY
2eecda1d-1fd6-47db-a71e-9c25c1b10200,SKU002894,https://cdn.demo.com/SKU002894.jpg,PRIMARY
9e560027-7bc4-4872-9e35-bbcbaa884c9f,SKU002895,https://cdn.demo.com/SKU002895.jpg,PRIMARY
74290715-c3d2-4946-8684-d3c497be37fb,SKU002896,https://cdn.demo.com/SKU002896.jpg,PRIMARY
30e979d6-915a-446c-87ec-d5e099c480d7,SKU002897,https://cdn.demo.com/SKU002897.jpg,PRIMARY
57297d40-8290-43fe-b75e-06d46b913813,SKU002898,https://cdn.demo.com/SKU002898.jpg,PRIMARY
6c84273f-de72-454a-9eaf-dbe53bbfd280,SKU002899,https://cdn.demo.com/SKU002899.jpg,PRIMARY
3ac2d674-56e0-4929-b772-cfdba8ccdeaf,SKU002900,https://cdn.demo.com/SKU002900.jpg,PRIMARY
542bedea-430f-47f2-9143-1cc3450e551a,SKU002901,https://cdn.demo.com/SKU002901.jpg,PRIMARY
91ff1099-43c3-45db-85ce-d8a5725a3711,SKU002902,https://cdn.demo.com/SKU002902.jpg,PRIMARY
efb37408-fbdd-4435-baf4-254ccc0138c4,SKU002903,https://cdn.demo.com/SKU002903.jpg,PRIMARY
4a9d7866-4701-44f3-9378-b9ef5fccaf09,SKU002904,https://cdn.demo.com/SKU002904.jpg,PRIMARY
8e2144b4-9ae4-4d54-b181-e1e69816a7dd,SKU002905,https://cdn.demo.com/SKU002905.jpg,PRIMARY
2bd06121-76a9-4080-ac25-066d02d9a88b,SKU002906,https://cdn.demo.com/SKU002906.jpg,PRIMARY
77195909-3bb4-4159-b92f-a1f0368b626c,SKU002907,https://cdn.demo.com/SKU002907.jpg,PRIMARY
9b3bd1de-273f-4654-906b-43b2a7ae0f7a,SKU002908,https://cdn.demo.com/SKU002908.jpg,PRIMARY
00120e06-40c4-43d6-a0f5-38d1159ba066,SKU002909,https://cdn.demo.com/SKU002909.jpg,PRIMARY
0b7b85b4-c691-49c4-bfae-c4889a14c821,SKU002910,https://cdn.demo.com/SKU002910.jpg,PRIMARY
471203e6-6634-4f49-9174-8cf43402f982,SKU002911,https://cdn.demo.com/SKU002911.jpg,PRIMARY
ba6887e4-3601-4958-80c3-c84683288054,SKU002912,https://cdn.demo.com/SKU002912.jpg,PRIMARY
ba8c5cae-2dcb-4ded-9cca-ded16d69783c,SKU002913,https://cdn.demo.com/SKU002913.jpg,PRIMARY
d1d76c91-b592-4f56-951b-963a5cb2cd80,SKU002914,https://cdn.demo.com/SKU002914.jpg,PRIMARY
d7562eb2-8d63-4e0b-ac2d-446543e565f0,SKU002915,https://cdn.demo.com/SKU002915.jpg,PRIMARY
c86d0b3c-d3f1-4bda-a198-d6d6fcd12c9e,SKU002916,https://cdn.demo.com/SKU002916.jpg,PRIMARY
2f97b779-4c81-454d-8b7b-61ccbcec4c9e,SKU002917,https://cdn.demo.com/SKU002917.jpg,PRIMARY
a883fa71-c966-4323-a024-92b144393eff,SKU002918,https://cdn.demo.com/SKU002918.jpg,PRIMARY
422fa839-babd-4d51-b8c4-aa51eed42636,SKU002919,https://cdn.demo.com/SKU002919.jpg,PRIMARY
396be3ed-edf6-404d-82ba-92a8bba8f5fd,SKU002920,https://cdn.demo.com/SKU002920.jpg,PRIMARY
698ed4ea-399b-43fe-bc06-b65d606889ae,SKU002921,https://cdn.demo.com/SKU002921.jpg,PRIMARY
e2ab8d3c-d0ef-4ea5-92e3-6452474bee08,SKU002922,https://cdn.demo.com/SKU002922.jpg,PRIMARY
d4f05d78-5dae-4f49-a395-b03e7dcb3c5e,SKU002923,https://cdn.demo.com/SKU002923.jpg,PRIMARY
50fc5988-5bb2-4ed5-8b87-4c7dfe390e83,SKU002924,https://cdn.demo.com/SKU002924.jpg,PRIMARY
133ebd14-095b-4cd9-a705-cfaf1897ed33,SKU002925,https://cdn.demo.com/SKU002925.jpg,PRIMARY
d05a26e7-2594-4ba7-abaf-d34f9e0bcda0,SKU002926,https://cdn.demo.com/SKU002926.jpg,PRIMARY
172627d8-4846-4f90-8b24-e7f4762dfefc,SKU002927,https://cdn.demo.com/SKU002927.jpg,PRIMARY
47262c68-cd92-4fe3-b5af-f47742d9f934,SKU002928,https://cdn.demo.com/SKU002928.jpg,PRIMARY
08d0a847-d359-4eb6-ae1d-6f7d4884ba78,SKU002929,https://cdn.demo.com/SKU002929.jpg,PRIMARY
1badce3b-387e-46b0-97e7-f93e06ebd661,SKU002930,https://cdn.demo.com/SKU002930.jpg,PRIMARY
fae90937-4f7e-4adc-ac0f-f4c248009838,SKU002931,https://cdn.demo.com/SKU002931.jpg,PRIMARY
26f76a93-a7d9-4500-a398-a5558e07d520,SKU002932,https://cdn.demo.com/SKU002932.jpg,PRIMARY
18a6ae3d-8464-4150-85bd-deae57618b33,SKU002933,https://cdn.demo.com/SKU002933.jpg,PRIMARY
2e66767e-085b-4af9-84ab-14b1d2802f3b,SKU002934,https://cdn.demo.com/SKU002934.jpg,PRIMARY
c3f19c80-c203-4a66-832a-efbf9fcdb6bd,SKU002935,https://cdn.demo.com/SKU002935.jpg,PRIMARY
79cb7495-ebce-46a5-aff1-3375710b47f1,SKU002936,https://cdn.demo.com/SKU002936.jpg,PRIMARY
3f2093f9-b3e1-4441-873c-033b3808b77d,SKU002937,https://cdn.demo.com/SKU002937.jpg,PRIMARY
c1135e72-f259-4238-81d4-9b2e51867b77,SKU002938,https://cdn.demo.com/SKU002938.jpg,PRIMARY
8848210b-20b4-468e-aadc-8adc1e719c02,SKU002939,https://cdn.demo.com/SKU002939.jpg,PRIMARY
e9e1bec4-eec3-4c56-91c5-932660ba59ba,SKU002940,https://cdn.demo.com/SKU002940.jpg,PRIMARY
065a75b8-5504-400b-95fb-a348a77cfb38,SKU002941,https://cdn.demo.com/SKU002941.jpg,PRIMARY
dfaafc32-a814-4300-ab53-7f8a3c3a6c8e,SKU002942,https://cdn.demo.com/SKU002942.jpg,PRIMARY
fbaee732-53fd-4973-8694-b88bd498ef96,SKU002943,https://cdn.demo.com/SKU002943.jpg,PRIMARY
9c6487fc-f3df-4479-a462-4da32c59b8e9,SKU002944,https://cdn.demo.com/SKU002944.jpg,PRIMARY
a27bcad5-2c2e-44f0-8043-265f3079aaf5,SKU002945,https://cdn.demo.com/SKU002945.jpg,PRIMARY
47b324d8-cfb2-4224-bd37-098118dc2deb,SKU002946,https://cdn.demo.com/SKU002946.jpg,PRIMARY
e3963ac8-0c4a-4808-a02d-e7f18ea605be,SKU002947,https://cdn.demo.com/SKU002947.jpg,PRIMARY
856c7b39-39e7-444a-b421-1864682750f8,SKU002948,https://cdn.demo.com/SKU002948.jpg,PRIMARY
c84dcbff-83d6-46ca-9fdd-a000d2e65bdd,SKU002949,https://cdn.demo.com/SKU002949.jpg,PRIMARY
a2fbcb9c-ce87-406b-b552-29555fc6ff77,SKU002950,https://cdn.demo.com/SKU002950.jpg,PRIMARY
f9cdde34-e888-4ae2-9193-fc3edc53f933,SKU002951,https://cdn.demo.com/SKU002951.jpg,PRIMARY
89802a61-db58-4ce5-ab6b-64e6c29e6ceb,SKU002952,https://cdn.demo.com/SKU002952.jpg,PRIMARY
2b09ba3c-0fbe-4b29-b7c2-83462669b2ef,SKU002953,https://cdn.demo.com/SKU002953.jpg,PRIMARY
b3e82eb4-0fbf-4d89-9464-f85620945bcb,SKU002954,https://cdn.demo.com/SKU002954.jpg,PRIMARY
0a4a64e8-421a-4eeb-b60d-c5edbd41ab40,SKU002955,https://cdn.demo.com/SKU002955.jpg,PRIMARY
9e07e50f-7228-422c-b45b-79dfe28352bd,SKU002956,https://cdn.demo.com/SKU002956.jpg,PRIMARY
9c95c91c-3f5d-48d4-8384-0bce6b0b65c1,SKU002957,https://cdn.demo.com/SKU002957.jpg,PRIMARY
4fcc24a9-bdd2-49c0-bea7-d3d9a50fcf3b,SKU002958,https://cdn.demo.com/SKU002958.jpg,PRIMARY
b3e9cb9d-5c55-4b8f-b501-967291a68cf8,SKU002959,https://cdn.demo.com/SKU002959.jpg,PRIMARY
934553cb-375a-493f-95f7-a9c837486909,SKU002960,https://cdn.demo.com/SKU002960.jpg,PRIMARY
11b8b75f-cfbe-4df6-8646-b4f9bbba42cc,SKU002961,https://cdn.demo.com/SKU002961.jpg,PRIMARY
580a768d-6e05-4bde-a6d9-ee1fc4ef0a56,SKU002962,https://cdn.demo.com/SKU002962.jpg,PRIMARY
cab74196-97da-40f5-a4c1-95dea0320c0c,SKU002963,https://cdn.demo.com/SKU002963.jpg,PRIMARY
d8238278-9d41-42aa-9a38-4c0bf29c2224,SKU002964,https://cdn.demo.com/SKU002964.jpg,PRIMARY
c282b5f1-8940-44d2-be84-c223f959f793,SKU002965,https://cdn.demo.com/SKU002965.jpg,PRIMARY
02bb3c2a-93b5-4aa1-9059-9c07eec3b9ed,SKU002966,https://cdn.demo.com/SKU002966.jpg,PRIMARY
5b19426b-c102-4b5d-8cc1-ca9b83e6c201,SKU002967,https://cdn.demo.com/SKU002967.jpg,PRIMARY
d0efe87e-5beb-4809-b7e0-5163d45dd71e,SKU002968,https://cdn.demo.com/SKU002968.jpg,PRIMARY
439f3c93-64ca-4883-b31a-e43357981e48,SKU002969,https://cdn.demo.com/SKU002969.jpg,PRIMARY
f2e2a19c-9df1-4208-ae8d-a4d86cf1f715,SKU002970,https://cdn.demo.com/SKU002970.jpg,PRIMARY
95eb1c33-b45b-4fb7-ad2e-1aeb7dfc47f0,SKU002971,https://cdn.demo.com/SKU002971.jpg,PRIMARY
c01252d7-12f0-40c1-96e3-f4c1ddf61309,SKU002972,https://cdn.demo.com/SKU002972.jpg,PRIMARY
2d83a8ed-d0d3-4a33-ae91-0f0bd561c958,SKU002973,https://cdn.demo.com/SKU002973.jpg,PRIMARY
2d90321e-c0a0-4323-8de6-1479f35866eb,SKU002974,https://cdn.demo.com/SKU002974.jpg,PRIMARY
8d9ccada-3314-463b-8450-f4a48c4fa861,SKU002975,https://cdn.demo.com/SKU002975.jpg,PRIMARY
e32ec632-31cf-4b54-a40c-630e882d55cf,SKU002976,https://cdn.demo.com/SKU002976.jpg,PRIMARY
b15e7156-5384-44fd-8256-292a0a87698f,SKU002977,https://cdn.demo.com/SKU002977.jpg,PRIMARY
76195c55-ce4b-4ffa-be8c-acfd2a822c81,SKU002978,https://cdn.demo.com/SKU002978.jpg,PRIMARY
2c886950-cecd-4072-aea5-bef00111e493,SKU002979,https://cdn.demo.com/SKU002979.jpg,PRIMARY
054a259a-5a13-414a-b49a-0842ded18400,SKU002980,https://cdn.demo.com/SKU002980.jpg,PRIMARY
2dd0164e-9b4e-4724-9d56-fd197368dcdb,SKU002981,https://cdn.demo.com/SKU002981.jpg,PRIMARY
3b57cf02-6272-44ec-a2eb-46a46aea992b,SKU002982,https://cdn.demo.com/SKU002982.jpg,PRIMARY
3508a685-bf89-4a9d-94dd-40a39078fe99,SKU002983,https://cdn.demo.com/SKU002983.jpg,PRIMARY
6d1c929a-2f16-4ea8-9a88-22e8db1a0d3d,SKU002984,https://cdn.demo.com/SKU002984.jpg,PRIMARY
e920900a-1834-477f-a275-ce8a838aabbf,SKU002985,https://cdn.demo.com/SKU002985.jpg,PRIMARY
bfc77cb1-b5ff-435f-96bc-2d65cb450126,SKU002986,https://cdn.demo.com/SKU002986.jpg,PRIMARY
e01ccc73-1d9d-4e3d-895d-b13989d5ec69,SKU002987,https://cdn.demo.com/SKU002987.jpg,PRIMARY
ca292f55-69c0-40f3-bfb6-b7942b497c19,SKU002988,https://cdn.demo.com/SKU002988.jpg,PRIMARY
78c6ee14-70bc-4653-a3c5-685703404217,SKU002989,https://cdn.demo.com/SKU002989.jpg,PRIMARY
8918a864-715c-461c-9dcb-c577cd460ecf,SKU002990,https://cdn.demo.com/SKU002990.jpg,PRIMARY
a74fcd38-f299-429f-aa96-55b88cf306cd,SKU002991,https://cdn.demo.com/SKU002991.jpg,PRIMARY
a8e7b550-828f-468c-99f1-ab22577c2731,SKU002992,https://cdn.demo.com/SKU002992.jpg,PRIMARY
98375fbc-e1a9-4115-85c1-90c04078afdb,SKU002993,https://cdn.demo.com/SKU002993.jpg,PRIMARY
b188f758-7fca-4200-8cb3-8f9abdd6a87a,SKU002994,https://cdn.demo.com/SKU002994.jpg,PRIMARY
a3c4069c-d571-4207-9a43-11a468326d99,SKU002995,https://cdn.demo.com/SKU002995.jpg,PRIMARY
3fd96199-558c-4503-b381-cb656a6be79c,SKU002996,https://cdn.demo.com/SKU002996.jpg,PRIMARY
88386260-3ebd-4f3a-a481-35ce74b391a9,SKU002997,https://cdn.demo.com/SKU002997.jpg,PRIMARY
882b3c0e-43f3-462f-9e5b-5769133d511e,SKU002998,https://cdn.demo.com/SKU002998.jpg,PRIMARY
c0d6ca6c-611f-40eb-aef4-3848a5ee15da,SKU002999,https://cdn.demo.com/SKU002999.jpg,PRIMARY
9cd1cad4-e39d-41b2-9c4c-4f87d054906b,SKU003000,https://cdn.demo.com/SKU003000.jpg,PRIMARY
d1e5c9cf-44db-4017-bbe7-d779a33805fc,SKU003001,https://cdn.demo.com/SKU003001.jpg,PRIMARY
7fe91963-05c9-4676-9413-cf587ead3acb,SKU003002,https://cdn.demo.com/SKU003002.jpg,PRIMARY
1b252d87-76db-4e62-8906-ec85bab8e46f,SKU003003,https://cdn.demo.com/SKU003003.jpg,PRIMARY
9ecc519a-3083-4abc-ae49-37ba2fb87446,SKU003004,https://cdn.demo.com/SKU003004.jpg,PRIMARY
7c3fd080-5ba3-41ff-a011-7ebeb8cbf0dd,SKU003005,https://cdn.demo.com/SKU003005.jpg,PRIMARY
7f78b8ee-825f-4c19-97e6-07b9402eb286,SKU003006,https://cdn.demo.com/SKU003006.jpg,PRIMARY
3bd63b01-14c4-4206-b21e-567d17845d0f,SKU003007,https://cdn.demo.com/SKU003007.jpg,PRIMARY
142e5c28-5bf0-40a9-94ce-4701516f332a,SKU003008,https://cdn.demo.com/SKU003008.jpg,PRIMARY
fc662390-42c2-40e3-8438-6cee740471ea,SKU003009,https://cdn.demo.com/SKU003009.jpg,PRIMARY
4cef6c18-d074-4ab4-b183-3d5fa682f32b,SKU003010,https://cdn.demo.com/SKU003010.jpg,PRIMARY
cb20a4db-2d28-4ac8-9468-3c2239153e34,SKU003011,https://cdn.demo.com/SKU003011.jpg,PRIMARY
c4864e46-3f2f-40c1-97da-c0c3c83c6bb7,SKU003012,https://cdn.demo.com/SKU003012.jpg,PRIMARY
4b9d4a1f-f6bb-4343-9834-94a198907635,SKU003013,https://cdn.demo.com/SKU003013.jpg,PRIMARY
88f0587a-8768-44bd-829d-fc98b8804af6,SKU003014,https://cdn.demo.com/SKU003014.jpg,PRIMARY
e82342d1-c59b-4d3a-9305-b8c1ef9be560,SKU003015,https://cdn.demo.com/SKU003015.jpg,PRIMARY
81c4f1f3-20eb-4f45-a74b-df87e2f4aafb,SKU003016,https://cdn.demo.com/SKU003016.jpg,PRIMARY
2a957a14-85e7-489b-b646-60de1c411ad2,SKU003017,https://cdn.demo.com/SKU003017.jpg,PRIMARY
d8d4df4c-2cbe-4920-b384-6e35394e8853,SKU003018,https://cdn.demo.com/SKU003018.jpg,PRIMARY
cedf9b38-8742-4fa8-a093-048c50c622c8,SKU003019,https://cdn.demo.com/SKU003019.jpg,PRIMARY
c1ccb6e1-d948-4c04-8459-51a7c9c9eb88,SKU003020,https://cdn.demo.com/SKU003020.jpg,PRIMARY
65353cd1-f9fc-4a0f-b7bf-09b01043721e,SKU003021,https://cdn.demo.com/SKU003021.jpg,PRIMARY
0009f4fc-2e5d-45f9-ab62-4ea6254b48ee,SKU003022,https://cdn.demo.com/SKU003022.jpg,PRIMARY
364d9a63-d7af-40c4-ba2b-9216b2091931,SKU003023,https://cdn.demo.com/SKU003023.jpg,PRIMARY
b66f1e83-fcdf-42f0-90f9-db1c5f77e12c,SKU003024,https://cdn.demo.com/SKU003024.jpg,PRIMARY
29679290-96cb-4ce7-8fc1-312eaee29cd4,SKU003025,https://cdn.demo.com/SKU003025.jpg,PRIMARY
c627097e-37df-4c83-ab44-992f0c3f7500,SKU003026,https://cdn.demo.com/SKU003026.jpg,PRIMARY
b70e60eb-7913-4cc0-8d13-026723ef5fa5,SKU003027,https://cdn.demo.com/SKU003027.jpg,PRIMARY
0131a7ad-79ec-4172-bac3-05a12998be17,SKU003028,https://cdn.demo.com/SKU003028.jpg,PRIMARY
9da19d42-2cf5-4bdb-8acf-f14fe9c26e68,SKU003029,https://cdn.demo.com/SKU003029.jpg,PRIMARY
22fc0b7a-f32d-49ac-b097-2c1089ba1e79,SKU003030,https://cdn.demo.com/SKU003030.jpg,PRIMARY
bd859b36-7741-4f29-b40c-f23a1f748bfb,SKU003031,https://cdn.demo.com/SKU003031.jpg,PRIMARY
06cceaac-9915-4077-be36-884f4c18569b,SKU003032,https://cdn.demo.com/SKU003032.jpg,PRIMARY
4698a605-3534-408d-b694-648c471215ec,SKU003033,https://cdn.demo.com/SKU003033.jpg,PRIMARY
265f2f3d-ef64-4cec-a7cb-0b11c5859459,SKU003034,https://cdn.demo.com/SKU003034.jpg,PRIMARY
eda3e36f-af0a-4500-8029-1df424e6e44c,SKU003035,https://cdn.demo.com/SKU003035.jpg,PRIMARY
ec91188e-7580-4204-8273-2fc4a61c84cf,SKU003036,https://cdn.demo.com/SKU003036.jpg,PRIMARY
fd240f06-daa6-4463-8990-b084bb1b16d6,SKU003037,https://cdn.demo.com/SKU003037.jpg,PRIMARY
cd177b83-b48e-470b-a463-b1b6a83d375c,SKU003038,https://cdn.demo.com/SKU003038.jpg,PRIMARY
150be9d7-9152-402a-84df-017ecde2a7fb,SKU003039,https://cdn.demo.com/SKU003039.jpg,PRIMARY
c863163f-0546-4214-9757-8069d0e0e3f6,SKU003040,https://cdn.demo.com/SKU003040.jpg,PRIMARY
3c9cd75b-0ced-438d-8025-e17a13e2a555,SKU003041,https://cdn.demo.com/SKU003041.jpg,PRIMARY
cc6177c3-3029-47aa-8c32-e2416135dd36,SKU003042,https://cdn.demo.com/SKU003042.jpg,PRIMARY
dff24d1f-d2ad-4c92-9783-02be4d7893c7,SKU003043,https://cdn.demo.com/SKU003043.jpg,PRIMARY
bd3665a1-626f-4e5b-980b-b05a44500a14,SKU003044,https://cdn.demo.com/SKU003044.jpg,PRIMARY
ffbfdb11-9dc8-4a94-98f1-c0d4d8a85581,SKU003045,https://cdn.demo.com/SKU003045.jpg,PRIMARY
6fad491e-c31b-4e8b-9e8b-f16fbe49f4ab,SKU003046,https://cdn.demo.com/SKU003046.jpg,PRIMARY
6098db30-d56f-4c21-84e6-1a58164a811b,SKU003047,https://cdn.demo.com/SKU003047.jpg,PRIMARY
eab3d87a-c4a4-4993-b896-284984521e56,SKU003048,https://cdn.demo.com/SKU003048.jpg,PRIMARY
558e8fc0-5cdc-4691-b434-f788310f0588,SKU003049,https://cdn.demo.com/SKU003049.jpg,PRIMARY
2c6b5329-1c98-438f-9bf3-055ea2a4c973,SKU003050,https://cdn.demo.com/SKU003050.jpg,PRIMARY
91bd7589-c336-4243-aa47-a87d04ac6d49,SKU003051,https://cdn.demo.com/SKU003051.jpg,PRIMARY
a43a609a-7575-405e-81fa-c069c0b256b2,SKU003052,https://cdn.demo.com/SKU003052.jpg,PRIMARY
6bf8cf40-130e-4b79-84cc-cd5497671ffd,SKU003053,https://cdn.demo.com/SKU003053.jpg,PRIMARY
66f7548f-1ee5-45cf-b24c-dea0650e2639,SKU003054,https://cdn.demo.com/SKU003054.jpg,PRIMARY
c282b6df-6781-470a-8e99-0364605f24a9,SKU003055,https://cdn.demo.com/SKU003055.jpg,PRIMARY
776fbd07-7b2b-4432-b2c7-6cfa3faac593,SKU003056,https://cdn.demo.com/SKU003056.jpg,PRIMARY
684e6045-e523-4de2-a6c3-bdcedc1ee609,SKU003057,https://cdn.demo.com/SKU003057.jpg,PRIMARY
79b82dfa-93aa-40d7-b699-9ba534018d13,SKU003058,https://cdn.demo.com/SKU003058.jpg,PRIMARY
d185af70-e1e9-41b1-ac6f-70529167a7a5,SKU003059,https://cdn.demo.com/SKU003059.jpg,PRIMARY
86190d14-3584-47ce-ae93-e41867493491,SKU003060,https://cdn.demo.com/SKU003060.jpg,PRIMARY
f03efce1-ca65-45fd-8849-6142f05f0d81,SKU003061,https://cdn.demo.com/SKU003061.jpg,PRIMARY
bacbb3f5-2dfb-4dce-b90b-3e84a9d92bca,SKU003062,https://cdn.demo.com/SKU003062.jpg,PRIMARY
bc6ece4c-5a7c-47e6-b578-19c4d0d385c2,SKU003063,https://cdn.demo.com/SKU003063.jpg,PRIMARY
339b465a-72b2-46d0-8bb5-3b980ac138fc,SKU003064,https://cdn.demo.com/SKU003064.jpg,PRIMARY
5109a256-4af0-47fa-adfa-e7d2489dad64,SKU003065,https://cdn.demo.com/SKU003065.jpg,PRIMARY
8e2f5a30-b3fc-4bf6-89cf-755730c1cd70,SKU003066,https://cdn.demo.com/SKU003066.jpg,PRIMARY
f70cc111-7d0f-48c6-86fc-cb274616c0d0,SKU003067,https://cdn.demo.com/SKU003067.jpg,PRIMARY
0d9044bb-5c13-44ce-bd52-ffdfdb4189d6,SKU003068,https://cdn.demo.com/SKU003068.jpg,PRIMARY
1b7d9b40-14cd-4eb7-9aea-ce0d60f148ab,SKU003069,https://cdn.demo.com/SKU003069.jpg,PRIMARY
f472e9fc-ef0a-4899-9b5d-7ca7cf51e5f7,SKU003070,https://cdn.demo.com/SKU003070.jpg,PRIMARY
ce767699-9d2f-4aa1-8a5c-e28683c79e59,SKU003071,https://cdn.demo.com/SKU003071.jpg,PRIMARY
8b382d21-2a7f-4cd1-9289-63957ba4b969,SKU003072,https://cdn.demo.com/SKU003072.jpg,PRIMARY
4fed9533-bdf9-4b74-afec-64a3fab264d1,SKU003073,https://cdn.demo.com/SKU003073.jpg,PRIMARY
47d33d6d-0ff5-4896-8cbb-e4f013240580,SKU003074,https://cdn.demo.com/SKU003074.jpg,PRIMARY
14ba23ec-beb2-4014-950a-91e7f111ea24,SKU003075,https://cdn.demo.com/SKU003075.jpg,PRIMARY
ea261b77-0158-48d8-ac56-aaa4e6f8b262,SKU003076,https://cdn.demo.com/SKU003076.jpg,PRIMARY
e8974b5f-aebb-41c3-9118-daace57c08c9,SKU003077,https://cdn.demo.com/SKU003077.jpg,PRIMARY
9e8883bd-3946-440d-92bb-94ce0761621d,SKU003078,https://cdn.demo.com/SKU003078.jpg,PRIMARY
62be7ea2-4711-4701-ba42-3781974e3011,SKU003079,https://cdn.demo.com/SKU003079.jpg,PRIMARY
404876f8-fe0f-47bd-aaa7-43471d51f6a3,SKU003080,https://cdn.demo.com/SKU003080.jpg,PRIMARY
dd515915-1011-43e6-a60a-53b59efa3c7c,SKU003081,https://cdn.demo.com/SKU003081.jpg,PRIMARY
06483f0c-ec11-4971-8c27-30a0ccaee2ca,SKU003082,https://cdn.demo.com/SKU003082.jpg,PRIMARY
3704defb-a604-4ab9-8c5b-44830236e9f5,SKU003083,https://cdn.demo.com/SKU003083.jpg,PRIMARY
58b2226d-92fc-4164-acde-033ca97f8a63,SKU003084,https://cdn.demo.com/SKU003084.jpg,PRIMARY
43c0dcdb-fb74-4217-a675-d3579ecb5d39,SKU003085,https://cdn.demo.com/SKU003085.jpg,PRIMARY
fed84e5e-47fd-4b56-af89-440f2e288f78,SKU003086,https://cdn.demo.com/SKU003086.jpg,PRIMARY
97b166bd-ade0-46ec-b689-1f7e88d8ffbb,SKU003087,https://cdn.demo.com/SKU003087.jpg,PRIMARY
747bc1f1-144d-4821-9433-3e1cad2771fb,SKU003088,https://cdn.demo.com/SKU003088.jpg,PRIMARY
036a2cf1-8611-4741-96c9-5a6abe94fd41,SKU003089,https://cdn.demo.com/SKU003089.jpg,PRIMARY
881554bb-d0cb-46cb-ab3f-a26e3a99b960,SKU003090,https://cdn.demo.com/SKU003090.jpg,PRIMARY
6217e888-9865-481f-af88-a79178f4fc33,SKU003091,https://cdn.demo.com/SKU003091.jpg,PRIMARY
f8d55441-ffde-4af4-854a-b83733d156af,SKU003092,https://cdn.demo.com/SKU003092.jpg,PRIMARY
5cb37350-ea0a-42e4-ae49-1e8192699f52,SKU003093,https://cdn.demo.com/SKU003093.jpg,PRIMARY
98c71a68-bc1c-49b3-a199-c396f6661ebd,SKU003094,https://cdn.demo.com/SKU003094.jpg,PRIMARY
6912a717-2f80-4b87-95a5-2295d16ac217,SKU003095,https://cdn.demo.com/SKU003095.jpg,PRIMARY
1034bd3a-d074-4b1d-a6e6-bdf0b3a97274,SKU003096,https://cdn.demo.com/SKU003096.jpg,PRIMARY
e61a52bc-2fae-4c9d-854c-85caef26eb2a,SKU003097,https://cdn.demo.com/SKU003097.jpg,PRIMARY
068cd42b-0e5a-492e-856f-b140295ee46e,SKU003098,https://cdn.demo.com/SKU003098.jpg,PRIMARY
fba1fbbc-32a0-45d0-9cf1-bb0465dc84af,SKU003099,https://cdn.demo.com/SKU003099.jpg,PRIMARY
f0edf7a8-99b6-427d-9476-1d4543ad8f70,SKU003100,https://cdn.demo.com/SKU003100.jpg,PRIMARY
2abdfd78-9c73-4f74-b4be-62fde233fce0,SKU003101,https://cdn.demo.com/SKU003101.jpg,PRIMARY
84a30144-ec4a-4302-9265-44c78c16dfc7,SKU003102,https://cdn.demo.com/SKU003102.jpg,PRIMARY
019e0742-87ba-462d-a706-2e44daef7d70,SKU003103,https://cdn.demo.com/SKU003103.jpg,PRIMARY
145e733b-fc18-4e58-a65a-a39f9d235a29,SKU003104,https://cdn.demo.com/SKU003104.jpg,PRIMARY
df41dfa1-ddfc-4d55-834a-406bc4515585,SKU003105,https://cdn.demo.com/SKU003105.jpg,PRIMARY
b33b4ebf-9e0f-416e-bc99-fb06679947d5,SKU003106,https://cdn.demo.com/SKU003106.jpg,PRIMARY
6e9dd362-9a20-4723-accd-bb5871d2b6c6,SKU003107,https://cdn.demo.com/SKU003107.jpg,PRIMARY
7328af50-844d-44f1-8373-612641bb609e,SKU003108,https://cdn.demo.com/SKU003108.jpg,PRIMARY
884d34a9-4b0e-4562-aff6-ad2c0735150f,SKU003109,https://cdn.demo.com/SKU003109.jpg,PRIMARY
b828ab83-7876-401e-bc19-ef00b59e6f64,SKU003110,https://cdn.demo.com/SKU003110.jpg,PRIMARY
62e092af-8bde-46a2-b36a-17c1c5854a03,SKU003111,https://cdn.demo.com/SKU003111.jpg,PRIMARY
5e9cd072-43cf-492f-8871-959f5bc2e189,SKU003112,https://cdn.demo.com/SKU003112.jpg,PRIMARY
3414a8ba-a7f2-4fad-bc56-93e095768bbb,SKU003113,https://cdn.demo.com/SKU003113.jpg,PRIMARY
67b1f8e7-a81b-4ed2-ac1e-8eaea779cd99,SKU003114,https://cdn.demo.com/SKU003114.jpg,PRIMARY
d5772cb3-ae05-4868-86b7-402c90daea3b,SKU003115,https://cdn.demo.com/SKU003115.jpg,PRIMARY
95ce5bb9-f0de-46c2-acc2-344dc0f5b0bd,SKU003116,https://cdn.demo.com/SKU003116.jpg,PRIMARY
e4c55deb-d8f7-4e4b-9459-0684b22094d1,SKU003117,https://cdn.demo.com/SKU003117.jpg,PRIMARY
67d0463c-226f-43f7-a85b-27f67acc832f,SKU003118,https://cdn.demo.com/SKU003118.jpg,PRIMARY
a840a110-e811-4b51-b9d7-7d72295cca2a,SKU003119,https://cdn.demo.com/SKU003119.jpg,PRIMARY
06218bbf-2ec8-45fa-b14b-d3612d4da124,SKU003120,https://cdn.demo.com/SKU003120.jpg,PRIMARY
a2f3bb3d-f668-402f-aed5-44edb47e512a,SKU003121,https://cdn.demo.com/SKU003121.jpg,PRIMARY
77584b5d-089f-40fb-9027-34bfa4985637,SKU003122,https://cdn.demo.com/SKU003122.jpg,PRIMARY
ea31cfe4-574f-4c73-a786-53c52998eb3f,SKU003123,https://cdn.demo.com/SKU003123.jpg,PRIMARY
8dd46b63-cbbc-462d-847b-9e7655c768cb,SKU003124,https://cdn.demo.com/SKU003124.jpg,PRIMARY
676ea157-3917-468c-aa76-7b8e8b141756,SKU003125,https://cdn.demo.com/SKU003125.jpg,PRIMARY
e92252f4-570c-4485-8c98-dfa20b86b656,SKU003126,https://cdn.demo.com/SKU003126.jpg,PRIMARY
059db49a-cdf9-4322-9e9b-55ea50f8fb86,SKU003127,https://cdn.demo.com/SKU003127.jpg,PRIMARY
7734273e-159b-4b0a-9a83-ff699b19855a,SKU003128,https://cdn.demo.com/SKU003128.jpg,PRIMARY
c2f696f2-c2ed-41cb-89ed-bf40baf4c051,SKU003129,https://cdn.demo.com/SKU003129.jpg,PRIMARY
a322cc8f-22a8-4beb-ae74-c593ea1fba65,SKU003130,https://cdn.demo.com/SKU003130.jpg,PRIMARY
e578b5bc-074e-4412-98e3-4ded1defd1d9,SKU003131,https://cdn.demo.com/SKU003131.jpg,PRIMARY
815d751e-6abb-47ee-9bea-9219fed24826,SKU003132,https://cdn.demo.com/SKU003132.jpg,PRIMARY
1a163295-921e-4d3d-836a-a7e34d7a3bec,SKU003133,https://cdn.demo.com/SKU003133.jpg,PRIMARY
46c9032c-c002-4dc1-8a45-a63913a16807,SKU003134,https://cdn.demo.com/SKU003134.jpg,PRIMARY
e0711600-0e45-4053-844b-9fba516e2efd,SKU003135,https://cdn.demo.com/SKU003135.jpg,PRIMARY
2c448e63-2784-422f-9078-964753971a1b,SKU003136,https://cdn.demo.com/SKU003136.jpg,PRIMARY
2303e173-2897-475f-afb8-87a58a117537,SKU003137,https://cdn.demo.com/SKU003137.jpg,PRIMARY
270e36b1-1fea-4257-875d-cedbf3879071,SKU003138,https://cdn.demo.com/SKU003138.jpg,PRIMARY
db4e55d8-96b1-4673-a8e7-d70b6989532b,SKU003139,https://cdn.demo.com/SKU003139.jpg,PRIMARY
8f8ac4bc-ec44-432c-b40f-4e9fb9fb899f,SKU003140,https://cdn.demo.com/SKU003140.jpg,PRIMARY
3151a28f-0d2c-4e32-8c38-2d31a9731151,SKU003141,https://cdn.demo.com/SKU003141.jpg,PRIMARY
2790c7da-045b-4a6d-9828-66dc4386e814,SKU003142,https://cdn.demo.com/SKU003142.jpg,PRIMARY
cc94f53f-b80a-463b-8b9f-a782f84536fc,SKU003143,https://cdn.demo.com/SKU003143.jpg,PRIMARY
c00ff39b-c7e8-45a7-bfe8-25fa4767a791,SKU003144,https://cdn.demo.com/SKU003144.jpg,PRIMARY
37d9f6cc-518d-4bcb-a2ae-7c6a956e3a4f,SKU003145,https://cdn.demo.com/SKU003145.jpg,PRIMARY
e9531577-88d2-4681-a4d5-a74416a8ca16,SKU003146,https://cdn.demo.com/SKU003146.jpg,PRIMARY
87ac4b53-f0a5-4dd0-ac47-4b3585e5f54f,SKU003147,https://cdn.demo.com/SKU003147.jpg,PRIMARY
fca4319c-262a-4943-bf69-8252a2b0e1d2,SKU003148,https://cdn.demo.com/SKU003148.jpg,PRIMARY
e8710e4f-1b38-44f7-99e4-94a33e8e19a5,SKU003149,https://cdn.demo.com/SKU003149.jpg,PRIMARY
cc1d3891-b57d-4209-b5ea-e26890aacb15,SKU003150,https://cdn.demo.com/SKU003150.jpg,PRIMARY
183c881f-391c-4f76-9a55-fa265a56c4b6,SKU003151,https://cdn.demo.com/SKU003151.jpg,PRIMARY
d261e62a-9fa9-4083-b87e-5c2f14a2abc3,SKU003152,https://cdn.demo.com/SKU003152.jpg,PRIMARY
fab0150d-9273-482c-87af-8618b3a905d2,SKU003153,https://cdn.demo.com/SKU003153.jpg,PRIMARY
7aa53398-e265-436d-b114-24bb13578c3d,SKU003154,https://cdn.demo.com/SKU003154.jpg,PRIMARY
41a83abc-299c-43e5-bd2b-9f6f07e64da0,SKU003155,https://cdn.demo.com/SKU003155.jpg,PRIMARY
ce01b321-21fe-4f8c-8d6b-17a902931141,SKU003156,https://cdn.demo.com/SKU003156.jpg,PRIMARY
c327b64f-eb40-4a59-b0a7-093733f4056b,SKU003157,https://cdn.demo.com/SKU003157.jpg,PRIMARY
bbcce598-fbf4-4c58-be03-6e96495f20e2,SKU003158,https://cdn.demo.com/SKU003158.jpg,PRIMARY
6ed48622-4c0b-4ec4-8d3c-5acbf78e18b0,SKU003159,https://cdn.demo.com/SKU003159.jpg,PRIMARY
2b37125e-c753-4add-9cf5-9dd267fb5d48,SKU003160,https://cdn.demo.com/SKU003160.jpg,PRIMARY
0174496e-d7ce-421c-9806-d519bb412c8a,SKU003161,https://cdn.demo.com/SKU003161.jpg,PRIMARY
fad90acd-aab8-4727-9f7e-8635b018d61c,SKU003162,https://cdn.demo.com/SKU003162.jpg,PRIMARY
81dc1cc5-2a9c-4ce8-b4e1-6863ada7b2ab,SKU003163,https://cdn.demo.com/SKU003163.jpg,PRIMARY
698635d9-a216-4431-974c-909d88ae2022,SKU003164,https://cdn.demo.com/SKU003164.jpg,PRIMARY
e95ccb75-2816-418b-943c-48c61758a33e,SKU003165,https://cdn.demo.com/SKU003165.jpg,PRIMARY
4bfeaced-313d-4eb4-8045-5bb622b49d43,SKU003166,https://cdn.demo.com/SKU003166.jpg,PRIMARY
d0c298e6-df27-4a5a-bfeb-973bc55a246b,SKU003167,https://cdn.demo.com/SKU003167.jpg,PRIMARY
1cd7cc32-4991-4056-aa91-27a63b165705,SKU003168,https://cdn.demo.com/SKU003168.jpg,PRIMARY
3955e5f8-d962-4c21-819b-0f8508eb8658,SKU003169,https://cdn.demo.com/SKU003169.jpg,PRIMARY
d3883199-f2e9-4ba9-986a-32cf8c2ddb57,SKU003170,https://cdn.demo.com/SKU003170.jpg,PRIMARY
cb80f1d4-f8fb-4660-9e0d-6b60bcf7a5a4,SKU003171,https://cdn.demo.com/SKU003171.jpg,PRIMARY
3d55f7b2-8b4f-4f6b-8230-8bcaa1c44680,SKU003172,https://cdn.demo.com/SKU003172.jpg,PRIMARY
f105a319-e2d2-43af-9795-27a0aeb1c23d,SKU003173,https://cdn.demo.com/SKU003173.jpg,PRIMARY
9cf04391-0835-40eb-a3c1-3028f2598aa5,SKU003174,https://cdn.demo.com/SKU003174.jpg,PRIMARY
c4d9f680-9d5b-4570-a7a6-3e8a894416fa,SKU003175,https://cdn.demo.com/SKU003175.jpg,PRIMARY
3503c21f-299f-49b5-9834-5a4d0dddab22,SKU003176,https://cdn.demo.com/SKU003176.jpg,PRIMARY
675e9a9d-d762-4187-b4e7-86483f59ab6f,SKU003177,https://cdn.demo.com/SKU003177.jpg,PRIMARY
1403a93d-1d0f-4437-8d78-985a571d5635,SKU003178,https://cdn.demo.com/SKU003178.jpg,PRIMARY
3517a2a2-1686-4d30-8ae8-9ac6deb06dcb,SKU003179,https://cdn.demo.com/SKU003179.jpg,PRIMARY
de272b35-b896-4030-ac62-14b3f98dc7d2,SKU003180,https://cdn.demo.com/SKU003180.jpg,PRIMARY
6a793b19-ada9-4d22-808e-873f93fac148,SKU003181,https://cdn.demo.com/SKU003181.jpg,PRIMARY
5bbce8cd-5d6b-4148-949b-8398d84034b7,SKU003182,https://cdn.demo.com/SKU003182.jpg,PRIMARY
dff73571-8504-41c6-ba86-f789af39dfdf,SKU003183,https://cdn.demo.com/SKU003183.jpg,PRIMARY
518da4e4-efc3-4f48-ac28-ff99cdf1e753,SKU003184,https://cdn.demo.com/SKU003184.jpg,PRIMARY
2bf41657-045a-4fc3-ad6e-5bfdc7905299,SKU003185,https://cdn.demo.com/SKU003185.jpg,PRIMARY
6b59cd69-b91e-49c5-9426-17bed832c39b,SKU003186,https://cdn.demo.com/SKU003186.jpg,PRIMARY
a15940ca-2635-472d-aab8-9c7c1d3650ce,SKU003187,https://cdn.demo.com/SKU003187.jpg,PRIMARY
9dd743f0-cbf7-4b5a-8bf8-a9e58fc713b9,SKU003188,https://cdn.demo.com/SKU003188.jpg,PRIMARY
bad3d7a2-4144-4049-8c7f-562fbe554d6f,SKU003189,https://cdn.demo.com/SKU003189.jpg,PRIMARY
77f63ab5-7348-4472-ae3c-52c5150d0069,SKU003190,https://cdn.demo.com/SKU003190.jpg,PRIMARY
d7c67ae4-e3b7-48ae-9974-5f38a665443f,SKU003191,https://cdn.demo.com/SKU003191.jpg,PRIMARY
5180b63a-0c59-43cf-9224-8de2f0b9751c,SKU003192,https://cdn.demo.com/SKU003192.jpg,PRIMARY
d3ff3a36-d704-40fb-88ad-b454931bfd37,SKU003193,https://cdn.demo.com/SKU003193.jpg,PRIMARY
30c95ddd-959f-42e4-aaee-d58d5854f9e3,SKU003194,https://cdn.demo.com/SKU003194.jpg,PRIMARY
51e1ac7f-15eb-4f99-9b1e-10e1d3ceaae0,SKU003195,https://cdn.demo.com/SKU003195.jpg,PRIMARY
864b5d38-d47d-4571-8bdd-74fd0a478af9,SKU003196,https://cdn.demo.com/SKU003196.jpg,PRIMARY
638505c3-3717-4090-925c-2f6174f1dc98,SKU003197,https://cdn.demo.com/SKU003197.jpg,PRIMARY
d6eb5d99-b3ec-43a8-9ea5-d337514f4033,SKU003198,https://cdn.demo.com/SKU003198.jpg,PRIMARY
184f26c0-aa39-410c-acb3-000a8f2ca26a,SKU003199,https://cdn.demo.com/SKU003199.jpg,PRIMARY
ef4cff12-154e-489c-8032-00a7cbd00db3,SKU003200,https://cdn.demo.com/SKU003200.jpg,PRIMARY
70acfc5e-68eb-4c5b-9aa5-63c020508e64,SKU003201,https://cdn.demo.com/SKU003201.jpg,PRIMARY
435730b5-3479-4748-9265-60d6d57ede10,SKU003202,https://cdn.demo.com/SKU003202.jpg,PRIMARY
db235e42-42de-4a11-97d1-d6f839ee58c9,SKU003203,https://cdn.demo.com/SKU003203.jpg,PRIMARY
d8dd2014-dcda-43cc-b7b1-50fecdcc1fb9,SKU003204,https://cdn.demo.com/SKU003204.jpg,PRIMARY
4fc264fd-23f5-40f8-b2de-0090afad1b55,SKU003205,https://cdn.demo.com/SKU003205.jpg,PRIMARY
b64ef24c-ade5-46fe-8a98-56ae7e4d2f26,SKU003206,https://cdn.demo.com/SKU003206.jpg,PRIMARY
960ca677-4e79-4d77-a2be-341ce89768c6,SKU003207,https://cdn.demo.com/SKU003207.jpg,PRIMARY
dab9377f-3786-4a7a-b993-5c6130e4624e,SKU003208,https://cdn.demo.com/SKU003208.jpg,PRIMARY
da3cca7f-ab02-44e1-becc-3a387ffbbbda,SKU003209,https://cdn.demo.com/SKU003209.jpg,PRIMARY
0bde351e-fe99-43c9-b3f8-66547cefffe7,SKU003210,https://cdn.demo.com/SKU003210.jpg,PRIMARY
c5027ee0-2772-4fdd-a8a0-fa2203901ed6,SKU003211,https://cdn.demo.com/SKU003211.jpg,PRIMARY
23145bf8-7ced-454a-b1a7-98cfcd3bdecb,SKU003212,https://cdn.demo.com/SKU003212.jpg,PRIMARY
738b3385-dfcf-468d-bc74-4ae9f200cc73,SKU003213,https://cdn.demo.com/SKU003213.jpg,PRIMARY
2be894fc-5d2e-489a-a8a1-16b263493d9f,SKU003214,https://cdn.demo.com/SKU003214.jpg,PRIMARY
8e3c5cbd-5164-4836-b9d2-f8d6496b30b6,SKU003215,https://cdn.demo.com/SKU003215.jpg,PRIMARY
a47e4930-76f7-4921-a72b-e5c70e642070,SKU003216,https://cdn.demo.com/SKU003216.jpg,PRIMARY
8190e51e-6164-48a2-92da-c0feefe78026,SKU003217,https://cdn.demo.com/SKU003217.jpg,PRIMARY
fce0c778-c07f-4ebc-abba-55c4fc38176d,SKU003218,https://cdn.demo.com/SKU003218.jpg,PRIMARY
b7b3821c-aca5-4cda-8bf6-8b4568043880,SKU003219,https://cdn.demo.com/SKU003219.jpg,PRIMARY
93922f32-c797-4043-88d0-a0270acf3daa,SKU003220,https://cdn.demo.com/SKU003220.jpg,PRIMARY
a48f0484-c2de-4f29-80c6-7352e49e529b,SKU003221,https://cdn.demo.com/SKU003221.jpg,PRIMARY
1435a262-5266-49b5-9d5c-060141373917,SKU003222,https://cdn.demo.com/SKU003222.jpg,PRIMARY
3a2973f7-1465-420d-97b4-24d2c4681d27,SKU003223,https://cdn.demo.com/SKU003223.jpg,PRIMARY
13bbd90b-fd2e-4ff0-813e-38cca242677a,SKU003224,https://cdn.demo.com/SKU003224.jpg,PRIMARY
c455fda6-78d5-4f95-92a3-ab94cf2501aa,SKU003225,https://cdn.demo.com/SKU003225.jpg,PRIMARY
6efabec8-bf4b-4e64-9058-21fc43c83363,SKU003226,https://cdn.demo.com/SKU003226.jpg,PRIMARY
26e6c199-6298-42c6-96dc-dc2f66495847,SKU003227,https://cdn.demo.com/SKU003227.jpg,PRIMARY
50cce514-9795-4c76-80ab-2abf6b89046f,SKU003228,https://cdn.demo.com/SKU003228.jpg,PRIMARY
6031099c-b705-4e72-a9d7-63983175ded7,SKU003229,https://cdn.demo.com/SKU003229.jpg,PRIMARY
adf2acd9-f251-4ddb-b1f6-628e56cc7494,SKU003230,https://cdn.demo.com/SKU003230.jpg,PRIMARY
bba60a57-6fb7-48c1-8255-d61a5aa63128,SKU003231,https://cdn.demo.com/SKU003231.jpg,PRIMARY
c25a9869-f56c-40ff-9e0b-cb0b9e9ba37d,SKU003232,https://cdn.demo.com/SKU003232.jpg,PRIMARY
81c5d2b5-e177-4409-8710-2b982b7a9a6f,SKU003233,https://cdn.demo.com/SKU003233.jpg,PRIMARY
5019b5fe-a361-4207-afbe-cd19e866f87e,SKU003234,https://cdn.demo.com/SKU003234.jpg,PRIMARY
0bdeca8a-2a4a-4248-9d94-74b2565ecb25,SKU003235,https://cdn.demo.com/SKU003235.jpg,PRIMARY
b9ed4ab3-41e6-44df-853f-94fffa84a1b4,SKU003236,https://cdn.demo.com/SKU003236.jpg,PRIMARY
c7541a92-e9a0-4330-8d7e-c5159ca7764c,SKU003237,https://cdn.demo.com/SKU003237.jpg,PRIMARY
8e4aa9d9-55a0-44c9-8bf5-e64dfdb8a7c4,SKU003238,https://cdn.demo.com/SKU003238.jpg,PRIMARY
9bcd9164-b373-4e13-9b17-db9e1195dc5e,SKU003239,https://cdn.demo.com/SKU003239.jpg,PRIMARY
8716703e-f4d0-40a1-a68d-d62d97298b52,SKU003240,https://cdn.demo.com/SKU003240.jpg,PRIMARY
12c75d39-ea9a-4610-89da-f06a7de6473b,SKU003241,https://cdn.demo.com/SKU003241.jpg,PRIMARY
330bd96b-ae69-4f63-a213-176af32fc3c4,SKU003242,https://cdn.demo.com/SKU003242.jpg,PRIMARY
9531abb1-72cf-45e3-bb95-22c854c2bfae,SKU003243,https://cdn.demo.com/SKU003243.jpg,PRIMARY
3087ba7b-80ed-41c9-b943-319552add719,SKU003244,https://cdn.demo.com/SKU003244.jpg,PRIMARY
71740a41-afcf-4fbc-9217-67616481866b,SKU003245,https://cdn.demo.com/SKU003245.jpg,PRIMARY
01b2ecfc-8fd1-40f3-87a0-4eafcfed9642,SKU003246,https://cdn.demo.com/SKU003246.jpg,PRIMARY
f688578d-f003-4a4e-b2fd-6a18555b5ce9,SKU003247,https://cdn.demo.com/SKU003247.jpg,PRIMARY
b0a0a896-25df-4654-b4af-1e414e93cf1d,SKU003248,https://cdn.demo.com/SKU003248.jpg,PRIMARY
c46ee3fb-731a-4483-bbc5-35dabdead65d,SKU003249,https://cdn.demo.com/SKU003249.jpg,PRIMARY
5cda50c4-efd6-4f2f-b884-4addd7003b42,SKU003250,https://cdn.demo.com/SKU003250.jpg,PRIMARY
06a3cc68-b154-480a-aa7e-5a81cc106dd9,SKU003251,https://cdn.demo.com/SKU003251.jpg,PRIMARY
d46a4daf-a7d5-45ac-8c50-eba95810b067,SKU003252,https://cdn.demo.com/SKU003252.jpg,PRIMARY
9d4bb8e0-a7a4-49dc-9cd4-618ff838aad4,SKU003253,https://cdn.demo.com/SKU003253.jpg,PRIMARY
0cdcbf6b-8813-4659-b12c-d15f0dfd90ae,SKU003254,https://cdn.demo.com/SKU003254.jpg,PRIMARY
0786c06c-7db4-4b24-b5ab-8aa727f03662,SKU003255,https://cdn.demo.com/SKU003255.jpg,PRIMARY
16b03a41-9c1e-424f-ae93-75063ef6e8e9,SKU003256,https://cdn.demo.com/SKU003256.jpg,PRIMARY
acb8d4c2-b21a-4135-a490-dec66017940c,SKU003257,https://cdn.demo.com/SKU003257.jpg,PRIMARY
372b28c4-6b09-4a38-890b-f8f0e6c41bdb,SKU003258,https://cdn.demo.com/SKU003258.jpg,PRIMARY
abad2721-d691-418e-8cd8-1a27b3bc7bfe,SKU003259,https://cdn.demo.com/SKU003259.jpg,PRIMARY
4c4d8d27-6785-4d4b-bfa9-32e09005fec2,SKU003260,https://cdn.demo.com/SKU003260.jpg,PRIMARY
8127ef9b-0032-4c88-9ff7-587987e70541,SKU003261,https://cdn.demo.com/SKU003261.jpg,PRIMARY
6d614055-89d4-451b-b655-b13e5fd3c5ff,SKU003262,https://cdn.demo.com/SKU003262.jpg,PRIMARY
d9f725c7-6259-4b83-ba95-5151c2bc8b87,SKU003263,https://cdn.demo.com/SKU003263.jpg,PRIMARY
9f8798bf-fac1-4144-abdf-3fbe3078e775,SKU003264,https://cdn.demo.com/SKU003264.jpg,PRIMARY
0a59d530-ff08-4cbe-a651-84a797f9e22c,SKU003265,https://cdn.demo.com/SKU003265.jpg,PRIMARY
aa19a495-6dc8-4770-a55e-d54be239adb5,SKU003266,https://cdn.demo.com/SKU003266.jpg,PRIMARY
f340714d-acda-42ea-ae00-7f8c21b5cd19,SKU003267,https://cdn.demo.com/SKU003267.jpg,PRIMARY
f676bb9b-ea80-4372-88fb-4e6619dff218,SKU003268,https://cdn.demo.com/SKU003268.jpg,PRIMARY
e44d4dd7-2da2-405f-ac28-da1d995f729f,SKU003269,https://cdn.demo.com/SKU003269.jpg,PRIMARY
6e634572-b1fc-4c82-bcb2-0864a4eaec09,SKU003270,https://cdn.demo.com/SKU003270.jpg,PRIMARY
8124f4ec-ae19-4c10-b7b7-8ee2b625f193,SKU003271,https://cdn.demo.com/SKU003271.jpg,PRIMARY
c8580999-bb46-4aa3-b043-bd280219e209,SKU003272,https://cdn.demo.com/SKU003272.jpg,PRIMARY
08875f4a-b649-4708-86f1-ccfbde6997cf,SKU003273,https://cdn.demo.com/SKU003273.jpg,PRIMARY
53b64f0c-83b8-46ff-a351-e808c5944985,SKU003274,https://cdn.demo.com/SKU003274.jpg,PRIMARY
887e5dc0-e928-418f-9c41-d90fc8ef099c,SKU003275,https://cdn.demo.com/SKU003275.jpg,PRIMARY
25915af0-efd0-4e99-82eb-5c28a4011251,SKU003276,https://cdn.demo.com/SKU003276.jpg,PRIMARY
e3a62058-f11d-4605-bd46-030fcd2e4ca4,SKU003277,https://cdn.demo.com/SKU003277.jpg,PRIMARY
5af73347-a70d-4510-b108-0602ae2cbf42,SKU003278,https://cdn.demo.com/SKU003278.jpg,PRIMARY
5b010107-8137-485a-8d52-f73c6a7c3d7c,SKU003279,https://cdn.demo.com/SKU003279.jpg,PRIMARY
2599b897-49c2-4189-acb9-57187d773002,SKU003280,https://cdn.demo.com/SKU003280.jpg,PRIMARY
812a96b8-edea-4704-bfa5-77fb6e9ace19,SKU003281,https://cdn.demo.com/SKU003281.jpg,PRIMARY
340598da-8d9a-409d-815d-25fc0274d57e,SKU003282,https://cdn.demo.com/SKU003282.jpg,PRIMARY
2907407a-1bca-4f5a-8cf6-9b541762993f,SKU003283,https://cdn.demo.com/SKU003283.jpg,PRIMARY
8637746b-f4d0-4359-804c-63617eaef70c,SKU003284,https://cdn.demo.com/SKU003284.jpg,PRIMARY
e3f96880-3a0e-4bd7-88a0-7c66699bac89,SKU003285,https://cdn.demo.com/SKU003285.jpg,PRIMARY
d2659217-185f-4f03-9e5c-42f0b1f619e1,SKU003286,https://cdn.demo.com/SKU003286.jpg,PRIMARY
28b5b307-0bce-4b25-84b9-1903c5cbb0d5,SKU003287,https://cdn.demo.com/SKU003287.jpg,PRIMARY
428e8811-a898-463b-8f49-b4f13900350b,SKU003288,https://cdn.demo.com/SKU003288.jpg,PRIMARY
87bd7a39-1373-4b29-b8bf-14205277cfe4,SKU003289,https://cdn.demo.com/SKU003289.jpg,PRIMARY
172c0f15-2f7c-4d3d-a450-55f6bd0074ed,SKU003290,https://cdn.demo.com/SKU003290.jpg,PRIMARY
0dd42021-6c1f-4c38-b692-5fa210809494,SKU003291,https://cdn.demo.com/SKU003291.jpg,PRIMARY
02ffc4a2-502c-4e06-8fbd-0fb31452569f,SKU003292,https://cdn.demo.com/SKU003292.jpg,PRIMARY
d068c5a7-2864-4823-9daf-2df68be8cf60,SKU003293,https://cdn.demo.com/SKU003293.jpg,PRIMARY
a1ebb310-2f43-4d3b-974b-9c1fdbeb32de,SKU003294,https://cdn.demo.com/SKU003294.jpg,PRIMARY
17bcc97a-071e-45c7-8ce5-5cb33f0e8071,SKU003295,https://cdn.demo.com/SKU003295.jpg,PRIMARY
1ec1e983-4f53-41d5-9224-16ae43930129,SKU003296,https://cdn.demo.com/SKU003296.jpg,PRIMARY
57604a8a-de44-4641-9b57-5034fd1fc035,SKU003297,https://cdn.demo.com/SKU003297.jpg,PRIMARY
488fc9ef-68d7-45ac-96e0-eae75b01e841,SKU003298,https://cdn.demo.com/SKU003298.jpg,PRIMARY
7e68324e-8a88-476e-9938-a6352c1740a4,SKU003299,https://cdn.demo.com/SKU003299.jpg,PRIMARY
1b877bb7-a4e1-4a22-b701-b42d2dc39871,SKU003300,https://cdn.demo.com/SKU003300.jpg,PRIMARY
c1f3ec12-5b99-4947-b74d-6063d97a8c3e,SKU003301,https://cdn.demo.com/SKU003301.jpg,PRIMARY
342bec35-8e0d-49d3-ab6a-2367afe557fe,SKU003302,https://cdn.demo.com/SKU003302.jpg,PRIMARY
115a60e2-8128-46a4-8462-8e503a2eb42d,SKU003303,https://cdn.demo.com/SKU003303.jpg,PRIMARY
c94cfbe5-b385-434a-a842-77f2f911495d,SKU003304,https://cdn.demo.com/SKU003304.jpg,PRIMARY
44fd3837-2ce6-4e1c-aad0-ab534a5e23ee,SKU003305,https://cdn.demo.com/SKU003305.jpg,PRIMARY
9db4fa8c-5a42-4b5e-b903-71ec38d185ae,SKU003306,https://cdn.demo.com/SKU003306.jpg,PRIMARY
72dc5e21-6239-4a99-bc23-289770fa8772,SKU003307,https://cdn.demo.com/SKU003307.jpg,PRIMARY
1cadc20e-25b7-4187-82c4-62c676ae7e4d,SKU003308,https://cdn.demo.com/SKU003308.jpg,PRIMARY
b243fa2b-857f-4027-8919-4f8a2eeccc76,SKU003309,https://cdn.demo.com/SKU003309.jpg,PRIMARY
8b84b062-df69-4fab-aba5-915cb27c8de9,SKU003310,https://cdn.demo.com/SKU003310.jpg,PRIMARY
33c9b629-8eff-4ab3-8336-c1e8130ee3ae,SKU003311,https://cdn.demo.com/SKU003311.jpg,PRIMARY
c40db8f6-2272-4f96-a12f-d5f3bd2b3e75,SKU003312,https://cdn.demo.com/SKU003312.jpg,PRIMARY
cd95a79c-0d54-49fe-a660-236015f4c3f6,SKU003313,https://cdn.demo.com/SKU003313.jpg,PRIMARY
d19c9ccb-7458-48ee-8894-d9affb0fa4d9,SKU003314,https://cdn.demo.com/SKU003314.jpg,PRIMARY
9dfba519-72e4-41d4-82a2-b24a0d1a738a,SKU003315,https://cdn.demo.com/SKU003315.jpg,PRIMARY
d66b1319-ce5e-492c-95f7-81af04a3914d,SKU003316,https://cdn.demo.com/SKU003316.jpg,PRIMARY
2ca2693d-216d-4e2b-a99c-c620a604ed4a,SKU003317,https://cdn.demo.com/SKU003317.jpg,PRIMARY
544c8eb7-dc63-435d-bfaa-6c45e9ff062f,SKU003318,https://cdn.demo.com/SKU003318.jpg,PRIMARY
1d2be8e9-216f-4a65-9e5f-9c38fd8dcd85,SKU003319,https://cdn.demo.com/SKU003319.jpg,PRIMARY
c14bc2da-4248-4241-8946-e16e6a12f5e3,SKU003320,https://cdn.demo.com/SKU003320.jpg,PRIMARY
e8b541a6-ec7a-4c09-be93-d614830022e1,SKU003321,https://cdn.demo.com/SKU003321.jpg,PRIMARY
5b2eaa22-2959-42a9-8f9e-9b902f29067d,SKU003322,https://cdn.demo.com/SKU003322.jpg,PRIMARY
d5fd7f7d-5e22-4a32-a8f1-768358909998,SKU003323,https://cdn.demo.com/SKU003323.jpg,PRIMARY
122ef18f-4856-4781-81d4-7689402118ed,SKU003324,https://cdn.demo.com/SKU003324.jpg,PRIMARY
5bd3c011-401b-4d1c-bd35-50ac7dc6147d,SKU003325,https://cdn.demo.com/SKU003325.jpg,PRIMARY
f5de93cf-19b8-4777-8c22-e9d212492b94,SKU003326,https://cdn.demo.com/SKU003326.jpg,PRIMARY
3ee935ef-8b8f-4a96-b377-c537717dcbfe,SKU003327,https://cdn.demo.com/SKU003327.jpg,PRIMARY
4da3cf54-c06d-40ca-860f-43326fc0dff3,SKU003328,https://cdn.demo.com/SKU003328.jpg,PRIMARY
3db1f1f4-a551-4d5e-bc75-cb86566e16b3,SKU003329,https://cdn.demo.com/SKU003329.jpg,PRIMARY
af4ee9a2-8d94-4784-8b91-98f18e1d7bb8,SKU003330,https://cdn.demo.com/SKU003330.jpg,PRIMARY
672bedd4-4285-4837-a54b-3928e5e0ebfe,SKU003331,https://cdn.demo.com/SKU003331.jpg,PRIMARY
b8d2a9f3-4f90-4e87-81db-285ef658eaec,SKU003332,https://cdn.demo.com/SKU003332.jpg,PRIMARY
2ea2a9cd-2549-46b8-92c2-74d2d0af07e7,SKU003333,https://cdn.demo.com/SKU003333.jpg,PRIMARY
ef9cb5e0-57a4-4713-b916-d031c5063d6d,SKU003334,https://cdn.demo.com/SKU003334.jpg,PRIMARY
3ff9e8a5-68f8-471c-91c5-5c3e0489e09b,SKU003335,https://cdn.demo.com/SKU003335.jpg,PRIMARY
c979f31f-23a6-4add-bc83-adc3ee801e42,SKU003336,https://cdn.demo.com/SKU003336.jpg,PRIMARY
f53d74f4-9916-446f-9cc7-fd31927dfe66,SKU003337,https://cdn.demo.com/SKU003337.jpg,PRIMARY
4a9d3293-5efa-4ced-92e8-2cf298bac64d,SKU003338,https://cdn.demo.com/SKU003338.jpg,PRIMARY
949966cb-62d9-4a60-9b64-51747bc2b5e4,SKU003339,https://cdn.demo.com/SKU003339.jpg,PRIMARY
b5d3126f-cda0-449c-b9f5-8f653b00be29,SKU003340,https://cdn.demo.com/SKU003340.jpg,PRIMARY
bd54d0b8-3c6e-400a-83dc-aa3a9c3a163e,SKU003341,https://cdn.demo.com/SKU003341.jpg,PRIMARY
99ead5e9-ee9c-456c-b50f-baa9364ae80a,SKU003342,https://cdn.demo.com/SKU003342.jpg,PRIMARY
6fd93d16-5361-4b34-8a80-c62ee342fbea,SKU003343,https://cdn.demo.com/SKU003343.jpg,PRIMARY
0eab1749-5606-4b80-844c-eea152bf59af,SKU003344,https://cdn.demo.com/SKU003344.jpg,PRIMARY
4c7b5237-cb0e-46c8-b0bd-1a668fc0fc83,SKU003345,https://cdn.demo.com/SKU003345.jpg,PRIMARY
29cb5df5-2527-46ee-b7bd-8b6ef6fa5fe5,SKU003346,https://cdn.demo.com/SKU003346.jpg,PRIMARY
8e311feb-cc4a-4793-b80e-6c38ab88e43b,SKU003347,https://cdn.demo.com/SKU003347.jpg,PRIMARY
db0b9756-5827-4342-9acb-89df30d278a8,SKU003348,https://cdn.demo.com/SKU003348.jpg,PRIMARY
4f4dca24-09d4-4fde-96fb-fcb5542c9e84,SKU003349,https://cdn.demo.com/SKU003349.jpg,PRIMARY
4e6e72f0-db53-4ccb-88f2-d18ff7addafe,SKU003350,https://cdn.demo.com/SKU003350.jpg,PRIMARY
f43a6d29-4f29-4848-9686-ca22e4d831ed,SKU003351,https://cdn.demo.com/SKU003351.jpg,PRIMARY
c9c9af07-54fe-4f58-9e6a-3673c1971f2b,SKU003352,https://cdn.demo.com/SKU003352.jpg,PRIMARY
274cee5a-ac89-46d1-9f69-f24b323efd7f,SKU003353,https://cdn.demo.com/SKU003353.jpg,PRIMARY
104a7c78-be96-4beb-87d4-32bf3217752e,SKU003354,https://cdn.demo.com/SKU003354.jpg,PRIMARY
9d97baf3-3d05-4c74-94f3-c5158d2ad7bb,SKU003355,https://cdn.demo.com/SKU003355.jpg,PRIMARY
c90f0a65-a3d4-4b98-9133-698ef10f8436,SKU003356,https://cdn.demo.com/SKU003356.jpg,PRIMARY
efc2b3cf-816d-4289-9db5-6f93193f40b1,SKU003357,https://cdn.demo.com/SKU003357.jpg,PRIMARY
2c5eda96-9bd0-47ff-90d4-5d0705359e8d,SKU003358,https://cdn.demo.com/SKU003358.jpg,PRIMARY
0f7f222f-c7f9-47ba-94bf-b963c8e7d3fd,SKU003359,https://cdn.demo.com/SKU003359.jpg,PRIMARY
3de684ee-a2ae-4ae3-a8d3-4f9e07e9fddd,SKU003360,https://cdn.demo.com/SKU003360.jpg,PRIMARY
d482b7df-86ed-4c32-a1a5-97ec11bb5724,SKU003361,https://cdn.demo.com/SKU003361.jpg,PRIMARY
d8b4cf46-52d3-4d9e-9c34-e1f67f257ae1,SKU003362,https://cdn.demo.com/SKU003362.jpg,PRIMARY
0087f6f8-acaf-4c42-a982-3f2f72887db2,SKU003363,https://cdn.demo.com/SKU003363.jpg,PRIMARY
d374d7ce-6c28-46fb-a84b-e0bba7de0a9e,SKU003364,https://cdn.demo.com/SKU003364.jpg,PRIMARY
33a4ca63-03dd-409e-8d4b-2750df04c8cb,SKU003365,https://cdn.demo.com/SKU003365.jpg,PRIMARY
90c627da-03b4-41e5-adef-1ad9c13ecce1,SKU003366,https://cdn.demo.com/SKU003366.jpg,PRIMARY
08681034-4ea2-4990-97a1-61813848c688,SKU003367,https://cdn.demo.com/SKU003367.jpg,PRIMARY
284a482f-a6a6-4df4-a7b4-3349b7dd5d91,SKU003368,https://cdn.demo.com/SKU003368.jpg,PRIMARY
44ca222c-3499-471a-b1f6-1258871ce0da,SKU003369,https://cdn.demo.com/SKU003369.jpg,PRIMARY
18398004-f5fa-4132-b0f6-64a894a80820,SKU003370,https://cdn.demo.com/SKU003370.jpg,PRIMARY
2f746b10-1212-4cd0-8db2-a6b6084a7d42,SKU003371,https://cdn.demo.com/SKU003371.jpg,PRIMARY
898bc60b-ed63-4ee8-ac93-c292c0100921,SKU003372,https://cdn.demo.com/SKU003372.jpg,PRIMARY
2b12456b-5ba2-452a-aedf-35186671eb91,SKU003373,https://cdn.demo.com/SKU003373.jpg,PRIMARY
3c6ea4fa-7000-4542-b918-65621406c46c,SKU003374,https://cdn.demo.com/SKU003374.jpg,PRIMARY
89cbbcef-bcf2-4733-b215-d8551d36d654,SKU003375,https://cdn.demo.com/SKU003375.jpg,PRIMARY
20d76f48-b234-4802-95f4-ff2087ffea61,SKU003376,https://cdn.demo.com/SKU003376.jpg,PRIMARY
58714f3f-f021-459a-8599-3cba013bc6da,SKU003377,https://cdn.demo.com/SKU003377.jpg,PRIMARY
b4e3cfbe-4882-4559-a922-706fbfc68634,SKU003378,https://cdn.demo.com/SKU003378.jpg,PRIMARY
eee9eb1f-decb-4187-b948-0fef18d25dab,SKU003379,https://cdn.demo.com/SKU003379.jpg,PRIMARY
259e1986-7686-441b-bfd8-bb618d2f17ac,SKU003380,https://cdn.demo.com/SKU003380.jpg,PRIMARY
d4f8b859-8dcd-433c-8808-63d2964a354d,SKU003381,https://cdn.demo.com/SKU003381.jpg,PRIMARY
e20231dd-5ecd-4a36-b6af-e7ad5391bf13,SKU003382,https://cdn.demo.com/SKU003382.jpg,PRIMARY
f082f6e5-0332-4092-b92a-137ce6d4bd27,SKU003383,https://cdn.demo.com/SKU003383.jpg,PRIMARY
07350229-7135-425e-8c81-81dc1d0f97aa,SKU003384,https://cdn.demo.com/SKU003384.jpg,PRIMARY
912d020e-fd3c-454e-8d5f-94c241bd7c68,SKU003385,https://cdn.demo.com/SKU003385.jpg,PRIMARY
c07268d1-7daf-414d-afeb-f71f32a7f5cb,SKU003386,https://cdn.demo.com/SKU003386.jpg,PRIMARY
7d4313b8-f232-4022-9478-3b3c7b079742,SKU003387,https://cdn.demo.com/SKU003387.jpg,PRIMARY
6a2e562a-afae-4450-b352-fd9dedbf633c,SKU003388,https://cdn.demo.com/SKU003388.jpg,PRIMARY
5397f728-4527-4940-9136-d967c9853520,SKU003389,https://cdn.demo.com/SKU003389.jpg,PRIMARY
7a4839cd-4280-431e-b549-82c2ac46a9a6,SKU003390,https://cdn.demo.com/SKU003390.jpg,PRIMARY
72c9c8f0-441b-441a-93db-712c0e8f22b1,SKU003391,https://cdn.demo.com/SKU003391.jpg,PRIMARY
2601ace2-9bb7-4d11-9db8-4be7e6c7170f,SKU003392,https://cdn.demo.com/SKU003392.jpg,PRIMARY
7113b6fc-df5a-480c-b383-ea2673fd7800,SKU003393,https://cdn.demo.com/SKU003393.jpg,PRIMARY
224101c3-a628-4a11-be37-a7a51ca6098f,SKU003394,https://cdn.demo.com/SKU003394.jpg,PRIMARY
52a350b8-8656-43aa-b38f-fe59438fc9eb,SKU003395,https://cdn.demo.com/SKU003395.jpg,PRIMARY
65060e28-843c-444d-a6ea-4cbf218dbbbc,SKU003396,https://cdn.demo.com/SKU003396.jpg,PRIMARY
7ff463c8-eb03-4bfc-9b79-09920ac46238,SKU003397,https://cdn.demo.com/SKU003397.jpg,PRIMARY
f54f257d-f7a0-4795-8ed6-a2f0c89f11cc,SKU003398,https://cdn.demo.com/SKU003398.jpg,PRIMARY
bcf9379c-c945-47dc-a2c4-569ea79c9f79,SKU003399,https://cdn.demo.com/SKU003399.jpg,PRIMARY
c200c9d2-ecb4-436e-ac85-f3b79fad7b43,SKU003400,https://cdn.demo.com/SKU003400.jpg,PRIMARY
36336ed3-a237-4e20-af05-9c4077ec8330,SKU003401,https://cdn.demo.com/SKU003401.jpg,PRIMARY
3a478947-d5be-4b85-8c9e-0dcab7cf1f9f,SKU003402,https://cdn.demo.com/SKU003402.jpg,PRIMARY
0a2b212b-822f-4ea1-9be1-c9c6cba84c5d,SKU003403,https://cdn.demo.com/SKU003403.jpg,PRIMARY
19648ba1-f448-4432-81c9-5f8536b27434,SKU003404,https://cdn.demo.com/SKU003404.jpg,PRIMARY
251ab177-a002-46ea-a504-239c0b2fbc79,SKU003405,https://cdn.demo.com/SKU003405.jpg,PRIMARY
929af9f0-33bd-4a1c-9f7b-7cb31d4b9709,SKU003406,https://cdn.demo.com/SKU003406.jpg,PRIMARY
a7633a5b-1cd3-4e5b-8ed9-e695efeac299,SKU003407,https://cdn.demo.com/SKU003407.jpg,PRIMARY
0afc2fa6-114b-4de8-9a1f-ca99da26f230,SKU003408,https://cdn.demo.com/SKU003408.jpg,PRIMARY
c9e19eb6-35dd-454d-acdd-7203090efef3,SKU003409,https://cdn.demo.com/SKU003409.jpg,PRIMARY
6354f1d4-ab1e-48bc-b614-69c886a0234d,SKU003410,https://cdn.demo.com/SKU003410.jpg,PRIMARY
3c75b0ec-cc78-4b74-9f88-a70b94c3507d,SKU003411,https://cdn.demo.com/SKU003411.jpg,PRIMARY
e3c35c95-792d-4539-a7ca-bbb3eeb8a490,SKU003412,https://cdn.demo.com/SKU003412.jpg,PRIMARY
0a9682bd-a718-4d1f-b2f8-66768b3a153e,SKU003413,https://cdn.demo.com/SKU003413.jpg,PRIMARY
c77350ad-0f00-4212-9c3a-91dfad9eb1c1,SKU003414,https://cdn.demo.com/SKU003414.jpg,PRIMARY
90a34ca0-2395-41a6-9f61-81965f22f4fd,SKU003415,https://cdn.demo.com/SKU003415.jpg,PRIMARY
193a8153-3dcc-4e8c-b0b4-7cfd1d9af677,SKU003416,https://cdn.demo.com/SKU003416.jpg,PRIMARY
4f7f569a-94fe-463d-ad03-0f8e38c0fb26,SKU003417,https://cdn.demo.com/SKU003417.jpg,PRIMARY
e98fa819-e53f-43b5-9648-b9a73ab37c47,SKU003418,https://cdn.demo.com/SKU003418.jpg,PRIMARY
ef6a90c3-a59d-462f-9eeb-609fc50eda70,SKU003419,https://cdn.demo.com/SKU003419.jpg,PRIMARY
a6ebc7b8-31f4-4a5b-86e3-3adffaf5aefb,SKU003420,https://cdn.demo.com/SKU003420.jpg,PRIMARY
8e133ad1-e616-4290-8f09-ea4e48a612a1,SKU003421,https://cdn.demo.com/SKU003421.jpg,PRIMARY
ea0dc912-9105-4017-bde6-d5e580d5934f,SKU003422,https://cdn.demo.com/SKU003422.jpg,PRIMARY
575423ca-23ef-4798-995c-fa616ae52eb4,SKU003423,https://cdn.demo.com/SKU003423.jpg,PRIMARY
097e9e30-7c20-4f3e-8975-1d6f250c52ab,SKU003424,https://cdn.demo.com/SKU003424.jpg,PRIMARY
f9bbfd9a-ae99-428a-8704-2d45bc588fdf,SKU003425,https://cdn.demo.com/SKU003425.jpg,PRIMARY
f120b27a-873a-4ef6-8514-b2faf79a87d6,SKU003426,https://cdn.demo.com/SKU003426.jpg,PRIMARY
abdf8f35-28bc-4972-a20e-37827c98369d,SKU003427,https://cdn.demo.com/SKU003427.jpg,PRIMARY
11d30de7-5ecb-4e93-812f-9f517732c61a,SKU003428,https://cdn.demo.com/SKU003428.jpg,PRIMARY
6b3cde11-dc30-43c4-bb5f-07ba3196ef17,SKU003429,https://cdn.demo.com/SKU003429.jpg,PRIMARY
adc631c7-7e1b-4755-83a0-36ff5e3bf6c8,SKU003430,https://cdn.demo.com/SKU003430.jpg,PRIMARY
f118266c-768a-4e2d-8b42-439130de5c65,SKU003431,https://cdn.demo.com/SKU003431.jpg,PRIMARY
5765b7e6-afb8-4a02-aede-9cd671b7f446,SKU003432,https://cdn.demo.com/SKU003432.jpg,PRIMARY
d384208f-7c89-44d6-a2a6-5e1637d7e464,SKU003433,https://cdn.demo.com/SKU003433.jpg,PRIMARY
09bd99d7-4957-4195-8144-f9db0ebd1578,SKU003434,https://cdn.demo.com/SKU003434.jpg,PRIMARY
5a086361-cc08-48c8-900b-145a4ec84dd5,SKU003435,https://cdn.demo.com/SKU003435.jpg,PRIMARY
d40f3217-7f0c-411f-87b2-39e54213da61,SKU003436,https://cdn.demo.com/SKU003436.jpg,PRIMARY
6cc0dab7-7355-4bed-a33c-e0daa29e378e,SKU003437,https://cdn.demo.com/SKU003437.jpg,PRIMARY
f0dc4dfd-cda9-487e-840f-5035ffa7329a,SKU003438,https://cdn.demo.com/SKU003438.jpg,PRIMARY
4b10a9f6-79cc-45f0-9726-b1aa4430a093,SKU003439,https://cdn.demo.com/SKU003439.jpg,PRIMARY
1858453a-20da-4135-b981-8f7bc52fd96f,SKU003440,https://cdn.demo.com/SKU003440.jpg,PRIMARY
404734b1-ff0b-4e8f-b3ec-ff495f115ac1,SKU003441,https://cdn.demo.com/SKU003441.jpg,PRIMARY
134c6f4b-8a33-444b-9a3c-5f1995475f71,SKU003442,https://cdn.demo.com/SKU003442.jpg,PRIMARY
3c589db9-0327-4307-bab9-0dcbd861c4f0,SKU003443,https://cdn.demo.com/SKU003443.jpg,PRIMARY
9a22abb6-7a46-42d7-ba40-0b448fffeec8,SKU003444,https://cdn.demo.com/SKU003444.jpg,PRIMARY
9ea82408-1338-45ec-b32d-e4e80f0479f0,SKU003445,https://cdn.demo.com/SKU003445.jpg,PRIMARY
b3214660-0a81-4700-9664-3b868e287a6e,SKU003446,https://cdn.demo.com/SKU003446.jpg,PRIMARY
f2029a76-899c-4108-bd89-c191670d3e35,SKU003447,https://cdn.demo.com/SKU003447.jpg,PRIMARY
26eb698c-56e6-4229-b7ff-a9726dc850ac,SKU003448,https://cdn.demo.com/SKU003448.jpg,PRIMARY
7046c09d-8636-4594-a7a8-9a404cb8ccdf,SKU003449,https://cdn.demo.com/SKU003449.jpg,PRIMARY
1fa34528-c8f8-4e6c-8827-ea2dae3a155d,SKU003450,https://cdn.demo.com/SKU003450.jpg,PRIMARY
789c8714-3877-4867-8dac-6475cdf1ed33,SKU003451,https://cdn.demo.com/SKU003451.jpg,PRIMARY
36ce5865-5761-4598-bd28-03412a41b622,SKU003452,https://cdn.demo.com/SKU003452.jpg,PRIMARY
39934b38-d907-4ca7-ac30-dccfbf2f06be,SKU003453,https://cdn.demo.com/SKU003453.jpg,PRIMARY
21b61723-7dfa-43b5-a9b3-c83bdf4ca7cc,SKU003454,https://cdn.demo.com/SKU003454.jpg,PRIMARY
b19d2f8d-4951-4f2a-850f-15756635a844,SKU003455,https://cdn.demo.com/SKU003455.jpg,PRIMARY
ad143f69-35be-4855-83b7-d3adb14bb8f9,SKU003456,https://cdn.demo.com/SKU003456.jpg,PRIMARY
eae6f6e6-b673-427b-a47f-a50bf08234e7,SKU003457,https://cdn.demo.com/SKU003457.jpg,PRIMARY
d5b984b9-f689-4ee9-a9fd-ab97cd1ab1c3,SKU003458,https://cdn.demo.com/SKU003458.jpg,PRIMARY
792ddca3-b843-4f4b-b9fe-5e14ccd5fd92,SKU003459,https://cdn.demo.com/SKU003459.jpg,PRIMARY
0188e0e6-0e39-4c94-a7e1-67ec48199625,SKU003460,https://cdn.demo.com/SKU003460.jpg,PRIMARY
b0e9a609-176a-4b46-aecb-027b0c4f2874,SKU003461,https://cdn.demo.com/SKU003461.jpg,PRIMARY
c0871323-8c4d-4c3e-9873-fd21290b62c1,SKU003462,https://cdn.demo.com/SKU003462.jpg,PRIMARY
64e8b6ad-0258-45db-b6ec-f2699fbc6b3f,SKU003463,https://cdn.demo.com/SKU003463.jpg,PRIMARY
7281eca3-56d4-477e-b81c-a4c956dea1bb,SKU003464,https://cdn.demo.com/SKU003464.jpg,PRIMARY
9d67e4df-5f36-4545-9978-bd0ed1f8b300,SKU003465,https://cdn.demo.com/SKU003465.jpg,PRIMARY
fb5bdf05-d846-42d7-a92b-a6fe34bf671b,SKU003466,https://cdn.demo.com/SKU003466.jpg,PRIMARY
a6d37c8e-911c-4207-bd97-90d4b18f6ca3,SKU003467,https://cdn.demo.com/SKU003467.jpg,PRIMARY
da6463df-2122-4b4c-814f-af7d17f518bd,SKU003468,https://cdn.demo.com/SKU003468.jpg,PRIMARY
5ae6c5bd-47bb-4d11-80fb-ceb1b90d1574,SKU003469,https://cdn.demo.com/SKU003469.jpg,PRIMARY
79411d2c-b29d-47e9-8585-e292473c0ce1,SKU003470,https://cdn.demo.com/SKU003470.jpg,PRIMARY
af510899-f174-4ce4-a908-b78578941bd7,SKU003471,https://cdn.demo.com/SKU003471.jpg,PRIMARY
d6fcd9e0-3312-4ce0-9150-63813984fe81,SKU003472,https://cdn.demo.com/SKU003472.jpg,PRIMARY
1b4b8afb-502a-47e3-9c11-89d1de576745,SKU003473,https://cdn.demo.com/SKU003473.jpg,PRIMARY
3c0beccc-d17b-443c-8ace-513167c8cd20,SKU003474,https://cdn.demo.com/SKU003474.jpg,PRIMARY
93be69bb-ef24-4e6e-a155-d3f647f73390,SKU003475,https://cdn.demo.com/SKU003475.jpg,PRIMARY
a336bce1-6a23-4aac-b262-4489cb9440d7,SKU003476,https://cdn.demo.com/SKU003476.jpg,PRIMARY
627a9f94-a61b-4548-a1c3-035f043081f5,SKU003477,https://cdn.demo.com/SKU003477.jpg,PRIMARY
36b1a668-04f9-4343-9db0-4d2a44bd7629,SKU003478,https://cdn.demo.com/SKU003478.jpg,PRIMARY
17ec8067-6e4d-423c-ad1d-222c0b889af5,SKU003479,https://cdn.demo.com/SKU003479.jpg,PRIMARY
65e62964-15f4-44f5-9a29-480a7d2fd6cc,SKU003480,https://cdn.demo.com/SKU003480.jpg,PRIMARY
f5b5f077-a297-4e15-9862-6311ac9b8282,SKU003481,https://cdn.demo.com/SKU003481.jpg,PRIMARY
0a887f52-8859-4eda-9a0b-b886f81f4202,SKU003482,https://cdn.demo.com/SKU003482.jpg,PRIMARY
3af1aea2-9c3f-4130-85b4-d3de1994abf7,SKU003483,https://cdn.demo.com/SKU003483.jpg,PRIMARY
9f2a6e57-cef0-4e6b-ae2a-32a8bbf4163d,SKU003484,https://cdn.demo.com/SKU003484.jpg,PRIMARY
472410f4-9e81-4c59-9c7b-3c870142df2f,SKU003485,https://cdn.demo.com/SKU003485.jpg,PRIMARY
ba3fa9c1-8cdf-43a9-9902-e60f7e231d77,SKU003486,https://cdn.demo.com/SKU003486.jpg,PRIMARY
e0613cd5-0c28-438f-9501-b89d5183fae0,SKU003487,https://cdn.demo.com/SKU003487.jpg,PRIMARY
f37746aa-601c-4a13-9e8f-7cfa778d338c,SKU003488,https://cdn.demo.com/SKU003488.jpg,PRIMARY
db558257-4de1-4c08-82b4-7f0454210720,SKU003489,https://cdn.demo.com/SKU003489.jpg,PRIMARY
6d5a94c5-dc89-45a8-b4d2-9cde96770f65,SKU003490,https://cdn.demo.com/SKU003490.jpg,PRIMARY
e3b9098c-5377-4cd7-9c69-444417c3669a,SKU003491,https://cdn.demo.com/SKU003491.jpg,PRIMARY
368047d8-e3f9-465a-a418-3fb2e25d5adb,SKU003492,https://cdn.demo.com/SKU003492.jpg,PRIMARY
15c1e791-b748-479f-94a1-3375191055b0,SKU003493,https://cdn.demo.com/SKU003493.jpg,PRIMARY
1beaa5bf-1867-4dec-8f09-e8cb9612792d,SKU003494,https://cdn.demo.com/SKU003494.jpg,PRIMARY
d4c1f18b-689c-486d-8326-59895e4a8c38,SKU003495,https://cdn.demo.com/SKU003495.jpg,PRIMARY
f5471448-aa50-4343-a998-de2b1d6bd63e,SKU003496,https://cdn.demo.com/SKU003496.jpg,PRIMARY
eab124d1-55a6-43ff-a895-080eed711fb6,SKU003497,https://cdn.demo.com/SKU003497.jpg,PRIMARY
83efa215-8a8c-4b07-90ed-4f927a09929d,SKU003498,https://cdn.demo.com/SKU003498.jpg,PRIMARY
5f28eee9-a054-435d-814a-11e76e305834,SKU003499,https://cdn.demo.com/SKU003499.jpg,PRIMARY
23f44270-999e-4770-bf3a-c3b5c83da887,SKU003500,https://cdn.demo.com/SKU003500.jpg,PRIMARY
0fc8dda8-e7d5-4b0c-992a-6e7bfd5d3392,SKU003501,https://cdn.demo.com/SKU003501.jpg,PRIMARY
45fb0563-9615-4129-9a9f-a6ccca8a8a21,SKU003502,https://cdn.demo.com/SKU003502.jpg,PRIMARY
892ee9b3-b1b2-4f52-8e78-22beba432e78,SKU003503,https://cdn.demo.com/SKU003503.jpg,PRIMARY
201bb762-ec45-43db-9eae-f288515accf6,SKU003504,https://cdn.demo.com/SKU003504.jpg,PRIMARY
dca5f3fe-c813-4d6d-9e1a-3171974786ba,SKU003505,https://cdn.demo.com/SKU003505.jpg,PRIMARY
33b996b7-a906-4b86-93df-ed260e3e57f6,SKU003506,https://cdn.demo.com/SKU003506.jpg,PRIMARY
f6cbaa12-bd2f-46ff-95dc-1cda471974f3,SKU003507,https://cdn.demo.com/SKU003507.jpg,PRIMARY
dde856ee-272e-4d3d-9ab3-60da5c6d55dd,SKU003508,https://cdn.demo.com/SKU003508.jpg,PRIMARY
9ed23f72-a5c9-4ae6-ba23-ab0b0e208d7c,SKU003509,https://cdn.demo.com/SKU003509.jpg,PRIMARY
14c31bff-fc38-47aa-93d7-1a7b8e4b97b5,SKU003510,https://cdn.demo.com/SKU003510.jpg,PRIMARY
7c9703bb-18f7-4e95-9d48-92eadc2654c8,SKU003511,https://cdn.demo.com/SKU003511.jpg,PRIMARY
c2e458f5-d0b4-4839-bfb7-aa08e5226202,SKU003512,https://cdn.demo.com/SKU003512.jpg,PRIMARY
044c3326-5d3b-421a-a6ad-80e602325904,SKU003513,https://cdn.demo.com/SKU003513.jpg,PRIMARY
d3568991-9d73-46cd-912d-34c492311034,SKU003514,https://cdn.demo.com/SKU003514.jpg,PRIMARY
3fe2e6ce-f854-48d7-a833-c0ad362edb5d,SKU003515,https://cdn.demo.com/SKU003515.jpg,PRIMARY
78a9fd8a-18fc-4b0b-8c70-d33bf0c3c4bf,SKU003516,https://cdn.demo.com/SKU003516.jpg,PRIMARY
e5bb23fe-652d-4b7e-a5fa-0ccd810b1eaa,SKU003517,https://cdn.demo.com/SKU003517.jpg,PRIMARY
35d5e253-5e8f-4586-9434-c1b738aa7e9c,SKU003518,https://cdn.demo.com/SKU003518.jpg,PRIMARY
1a046f52-5046-4895-b3ce-9fda2000f6f8,SKU003519,https://cdn.demo.com/SKU003519.jpg,PRIMARY
8014bcb7-5e26-4cec-b874-56c2cd2de9ae,SKU003520,https://cdn.demo.com/SKU003520.jpg,PRIMARY
0cb33015-4174-4c8e-a94e-2db1ee2ad152,SKU003521,https://cdn.demo.com/SKU003521.jpg,PRIMARY
c49a4c35-3cf2-4c58-83b7-98c019229651,SKU003522,https://cdn.demo.com/SKU003522.jpg,PRIMARY
8c97fc86-69cb-497c-b500-a5d17c24e1a0,SKU003523,https://cdn.demo.com/SKU003523.jpg,PRIMARY
8e56959f-c097-4bd8-89f4-e5d593418b62,SKU003524,https://cdn.demo.com/SKU003524.jpg,PRIMARY
b9cee746-fef2-473e-b108-abf07ccec650,SKU003525,https://cdn.demo.com/SKU003525.jpg,PRIMARY
3ae620f5-5ea1-4ce9-92c3-13eb60f176ea,SKU003526,https://cdn.demo.com/SKU003526.jpg,PRIMARY
b0c224a3-8a4c-4365-af29-1a817f856a6a,SKU003527,https://cdn.demo.com/SKU003527.jpg,PRIMARY
2eeda2ff-8b2f-42ca-a44a-de3c59f368fb,SKU003528,https://cdn.demo.com/SKU003528.jpg,PRIMARY
79e27856-7fd0-40e3-b20a-bf3d192f63b7,SKU003529,https://cdn.demo.com/SKU003529.jpg,PRIMARY
d33d2b85-c700-43eb-ba82-e0f5409397a3,SKU003530,https://cdn.demo.com/SKU003530.jpg,PRIMARY
56087588-12bf-428b-a6d1-29a78f0e9b76,SKU003531,https://cdn.demo.com/SKU003531.jpg,PRIMARY
e681fb24-bb2b-4b50-964d-e90c0688a701,SKU003532,https://cdn.demo.com/SKU003532.jpg,PRIMARY
b31f74d7-8831-4ba6-8841-43cdcab4f4cd,SKU003533,https://cdn.demo.com/SKU003533.jpg,PRIMARY
4c7e76cc-5549-428e-b484-4c489b8d6ac5,SKU003534,https://cdn.demo.com/SKU003534.jpg,PRIMARY
022f2c95-2ab1-44ab-86c6-63309dcbf7e7,SKU003535,https://cdn.demo.com/SKU003535.jpg,PRIMARY
3f88591e-078d-4fa2-b5ee-062a9669c2df,SKU003536,https://cdn.demo.com/SKU003536.jpg,PRIMARY
35c19703-32f1-41d0-b97b-e9eaaa61aa37,SKU003537,https://cdn.demo.com/SKU003537.jpg,PRIMARY
42c498af-3a6b-4ecd-beae-1e826f5a804a,SKU003538,https://cdn.demo.com/SKU003538.jpg,PRIMARY
267d34c9-200e-44e9-8b86-f36203216424,SKU003539,https://cdn.demo.com/SKU003539.jpg,PRIMARY
d57937cc-20e1-4728-b453-d27474b5ce09,SKU003540,https://cdn.demo.com/SKU003540.jpg,PRIMARY
d1de603f-cc66-46c7-b27e-93c73b478ec9,SKU003541,https://cdn.demo.com/SKU003541.jpg,PRIMARY
368b5e8f-8196-4b34-9c12-2ff1c8773728,SKU003542,https://cdn.demo.com/SKU003542.jpg,PRIMARY
37b31081-0b90-4b08-b5f0-80f9dc3ec657,SKU003543,https://cdn.demo.com/SKU003543.jpg,PRIMARY
5a262623-7003-402d-9c5b-37f47543df3d,SKU003544,https://cdn.demo.com/SKU003544.jpg,PRIMARY
1cc88650-abdd-4e46-9992-7ef271d828cf,SKU003545,https://cdn.demo.com/SKU003545.jpg,PRIMARY
85201eec-b7b1-4b42-a9a2-7b861060f0ad,SKU003546,https://cdn.demo.com/SKU003546.jpg,PRIMARY
fe471eac-fbf4-4c21-9e29-269636df9811,SKU003547,https://cdn.demo.com/SKU003547.jpg,PRIMARY
0db8be69-4378-4513-82b3-13a365242370,SKU003548,https://cdn.demo.com/SKU003548.jpg,PRIMARY
2bf8e2b7-e48e-4e02-9b77-cca2917c3685,SKU003549,https://cdn.demo.com/SKU003549.jpg,PRIMARY
0153fe04-4885-40f4-ae27-ac98f606f35c,SKU003550,https://cdn.demo.com/SKU003550.jpg,PRIMARY
0a71584b-cb4c-465f-9471-51f9b0bde346,SKU003551,https://cdn.demo.com/SKU003551.jpg,PRIMARY
3d3e5478-4c7b-4600-9528-f77d4a557dd1,SKU003552,https://cdn.demo.com/SKU003552.jpg,PRIMARY
b9915c99-baad-4197-b36b-8856d28454f6,SKU003553,https://cdn.demo.com/SKU003553.jpg,PRIMARY
748e7f5d-8c50-43a3-ba2a-f362209fb436,SKU003554,https://cdn.demo.com/SKU003554.jpg,PRIMARY
b797271a-f499-455e-b558-0061602acf35,SKU003555,https://cdn.demo.com/SKU003555.jpg,PRIMARY
e5af7776-60e4-4c21-860e-40ff0b891db9,SKU003556,https://cdn.demo.com/SKU003556.jpg,PRIMARY
1caa04b0-955c-4965-980f-78109dd3a63e,SKU003557,https://cdn.demo.com/SKU003557.jpg,PRIMARY
71f745f9-b776-4ed7-870d-fee43db92806,SKU003558,https://cdn.demo.com/SKU003558.jpg,PRIMARY
957315be-40ac-4910-9cb1-3e408c6b8840,SKU003559,https://cdn.demo.com/SKU003559.jpg,PRIMARY
f551b1e6-a007-4105-847c-3836ebeb6eaf,SKU003560,https://cdn.demo.com/SKU003560.jpg,PRIMARY
7841aec4-8fbc-4e4a-8949-3de816df078b,SKU003561,https://cdn.demo.com/SKU003561.jpg,PRIMARY
b8cae6f8-86df-4cea-890c-11c1571bb914,SKU003562,https://cdn.demo.com/SKU003562.jpg,PRIMARY
6e073363-b301-418a-950c-5ea6bcc8273e,SKU003563,https://cdn.demo.com/SKU003563.jpg,PRIMARY
4851a078-b38f-4c58-bd92-f6d4a4c72e0a,SKU003564,https://cdn.demo.com/SKU003564.jpg,PRIMARY
5353fc48-47f6-423a-8fb0-af138e00c037,SKU003565,https://cdn.demo.com/SKU003565.jpg,PRIMARY
3ee736b9-3a2b-4839-85a9-4a755ce3f6fe,SKU003566,https://cdn.demo.com/SKU003566.jpg,PRIMARY
6eca8c24-12f4-4eca-926a-2210c27ea7c1,SKU003567,https://cdn.demo.com/SKU003567.jpg,PRIMARY
f9e8f335-0a21-4e76-a303-14d65f501b58,SKU003568,https://cdn.demo.com/SKU003568.jpg,PRIMARY
779f0e73-85aa-4b2a-b7e0-014f2300fa10,SKU003569,https://cdn.demo.com/SKU003569.jpg,PRIMARY
52d387f1-5097-4a9c-8771-6277f3134e11,SKU003570,https://cdn.demo.com/SKU003570.jpg,PRIMARY
5b9bd362-11d4-4086-bb11-0ed773b00b29,SKU003571,https://cdn.demo.com/SKU003571.jpg,PRIMARY
17a4236d-8369-49e9-8892-aec0f27c32b3,SKU003572,https://cdn.demo.com/SKU003572.jpg,PRIMARY
c3638b8b-7b8e-47c4-bfc5-f9222aa9a96d,SKU003573,https://cdn.demo.com/SKU003573.jpg,PRIMARY
c23f989b-c928-4543-9c93-6ce979a9a7de,SKU003574,https://cdn.demo.com/SKU003574.jpg,PRIMARY
ea134931-ef19-4223-b5f7-286b86e2da25,SKU003575,https://cdn.demo.com/SKU003575.jpg,PRIMARY
08e6c2ce-5ab5-4362-b686-d789513723bd,SKU003576,https://cdn.demo.com/SKU003576.jpg,PRIMARY
64cb270a-2272-48cc-90b8-eabbaddd8f7a,SKU003577,https://cdn.demo.com/SKU003577.jpg,PRIMARY
99b202db-2599-4fca-8e2c-d4cd1a3f1b4f,SKU003578,https://cdn.demo.com/SKU003578.jpg,PRIMARY
3d2797dc-4c72-4394-b3d4-a55e534ce16d,SKU003579,https://cdn.demo.com/SKU003579.jpg,PRIMARY
1f02f016-9daf-4502-87c9-c4c6b143d572,SKU003580,https://cdn.demo.com/SKU003580.jpg,PRIMARY
88e94851-d435-4ddb-a170-ff5ba07d67f4,SKU003581,https://cdn.demo.com/SKU003581.jpg,PRIMARY
d326e754-4735-4eca-b663-2505d389a0fc,SKU003582,https://cdn.demo.com/SKU003582.jpg,PRIMARY
83621d1e-c6e5-441a-9356-c010c8b489ca,SKU003583,https://cdn.demo.com/SKU003583.jpg,PRIMARY
a1f0d4c4-3b69-4848-9aa4-f99e81da5952,SKU003584,https://cdn.demo.com/SKU003584.jpg,PRIMARY
0f3a9aef-918a-4a51-9ca8-fda1a25613c9,SKU003585,https://cdn.demo.com/SKU003585.jpg,PRIMARY
f83f7233-09b9-4ec6-9355-9c8e3e7bab08,SKU003586,https://cdn.demo.com/SKU003586.jpg,PRIMARY
485359f0-63bc-4823-8bdf-33204eaad6a4,SKU003587,https://cdn.demo.com/SKU003587.jpg,PRIMARY
4de8904c-7047-4c81-922d-3a8afb5a807f,SKU003588,https://cdn.demo.com/SKU003588.jpg,PRIMARY
2c71bfb6-aedc-4d46-abf7-18fbd5c9acb9,SKU003589,https://cdn.demo.com/SKU003589.jpg,PRIMARY
000f8c7c-d4d8-48d0-a9e5-99e1a05d5819,SKU003590,https://cdn.demo.com/SKU003590.jpg,PRIMARY
46804da2-ffcc-46e1-b623-fada43e8ddae,SKU003591,https://cdn.demo.com/SKU003591.jpg,PRIMARY
d700df62-b7b6-45a3-9090-33bbb948870f,SKU003592,https://cdn.demo.com/SKU003592.jpg,PRIMARY
2956c94f-3159-4c57-9e04-e041088b4702,SKU003593,https://cdn.demo.com/SKU003593.jpg,PRIMARY
c81378e7-9712-40fe-aeaf-2da482ca9415,SKU003594,https://cdn.demo.com/SKU003594.jpg,PRIMARY
40f3da31-32ef-46a0-a4f4-55150cf55e31,SKU003595,https://cdn.demo.com/SKU003595.jpg,PRIMARY
f2f2dd3f-cb3c-4d21-9cc5-ed1234208e7f,SKU003596,https://cdn.demo.com/SKU003596.jpg,PRIMARY
682dcec6-fce4-4d4e-8722-1fd4221a3967,SKU003597,https://cdn.demo.com/SKU003597.jpg,PRIMARY
91827ce0-987f-4abd-bd1a-a292249e3592,SKU003598,https://cdn.demo.com/SKU003598.jpg,PRIMARY
57621cc5-d6d7-448c-9cc5-0cc178c1b7ad,SKU003599,https://cdn.demo.com/SKU003599.jpg,PRIMARY
e96dd3bb-e098-4786-acc7-be6a0d8b013c,SKU003600,https://cdn.demo.com/SKU003600.jpg,PRIMARY
c29cbee6-41c9-4784-b328-3cca765e9a1a,SKU003601,https://cdn.demo.com/SKU003601.jpg,PRIMARY
693882c7-7b5d-4365-bd34-cb00528e8c1d,SKU003602,https://cdn.demo.com/SKU003602.jpg,PRIMARY
b292121f-4bc4-4817-aa5c-5b6ad6ec5243,SKU003603,https://cdn.demo.com/SKU003603.jpg,PRIMARY
f3d4cc04-f80f-4449-9919-04cb3389baff,SKU003604,https://cdn.demo.com/SKU003604.jpg,PRIMARY
22749fab-8329-423e-b3d8-81a16a389a49,SKU003605,https://cdn.demo.com/SKU003605.jpg,PRIMARY
39289fbd-ccf4-4f4d-b635-b0fb06cc68cb,SKU003606,https://cdn.demo.com/SKU003606.jpg,PRIMARY
e495ac57-a0e1-40ed-bff4-b81fba602bb0,SKU003607,https://cdn.demo.com/SKU003607.jpg,PRIMARY
f024f9f6-f3e5-4f3b-80df-a3f96f116160,SKU003608,https://cdn.demo.com/SKU003608.jpg,PRIMARY
0b5ecec3-c3c5-44ff-84f7-6cb58e1ccec0,SKU003609,https://cdn.demo.com/SKU003609.jpg,PRIMARY
0566f7d9-c2d8-4537-a190-09316a167d7c,SKU003610,https://cdn.demo.com/SKU003610.jpg,PRIMARY
fa8e0556-a3ee-4f44-a785-838a8f3a0f6b,SKU003611,https://cdn.demo.com/SKU003611.jpg,PRIMARY
0ddef3b6-72f3-4caa-8f92-4e881bcfca09,SKU003612,https://cdn.demo.com/SKU003612.jpg,PRIMARY
eabee3b0-a4a9-4aae-b3d3-3c4979c62137,SKU003613,https://cdn.demo.com/SKU003613.jpg,PRIMARY
8f669426-2a7c-4191-a76a-4e2c96746034,SKU003614,https://cdn.demo.com/SKU003614.jpg,PRIMARY
d56c5c96-23d1-4d57-acd2-a1c05f61857f,SKU003615,https://cdn.demo.com/SKU003615.jpg,PRIMARY
e1ab3066-49a0-4f87-bd01-9d424272b504,SKU003616,https://cdn.demo.com/SKU003616.jpg,PRIMARY
5af0bde5-0b9e-4a88-84fe-ff20af56a968,SKU003617,https://cdn.demo.com/SKU003617.jpg,PRIMARY
6cc08c33-69ec-4c3d-83ac-86586cd6e597,SKU003618,https://cdn.demo.com/SKU003618.jpg,PRIMARY
aa6e7cb6-21ac-4a8c-9d5f-6e3a5cabe6bb,SKU003619,https://cdn.demo.com/SKU003619.jpg,PRIMARY
632ddf5a-8044-4016-8a19-b7cde57219ca,SKU003620,https://cdn.demo.com/SKU003620.jpg,PRIMARY
bb1ae6b0-9ece-40cd-b832-06ab81c41f49,SKU003621,https://cdn.demo.com/SKU003621.jpg,PRIMARY
81f3f7d7-8af2-4c69-84fe-0b7215e3d114,SKU003622,https://cdn.demo.com/SKU003622.jpg,PRIMARY
b5acc22e-9539-49ed-8639-ad360d5a1bff,SKU003623,https://cdn.demo.com/SKU003623.jpg,PRIMARY
fcc7dd9e-faec-4fd5-a13a-d8b87ec10d08,SKU003624,https://cdn.demo.com/SKU003624.jpg,PRIMARY
cf3e36cd-34df-4a62-bded-b7c3894f7b1c,SKU003625,https://cdn.demo.com/SKU003625.jpg,PRIMARY
8eac10d3-9534-4d47-be1c-2fc2d5738e8b,SKU003626,https://cdn.demo.com/SKU003626.jpg,PRIMARY
83758f2c-7cda-4988-98ae-152ab14adc96,SKU003627,https://cdn.demo.com/SKU003627.jpg,PRIMARY
05bcdc73-549a-4487-9729-2c37d8e6e898,SKU003628,https://cdn.demo.com/SKU003628.jpg,PRIMARY
ef104604-385e-4e4d-a590-82fb3d4e7083,SKU003629,https://cdn.demo.com/SKU003629.jpg,PRIMARY
c48cb84f-75fa-4b7a-8329-44dc9ce6217c,SKU003630,https://cdn.demo.com/SKU003630.jpg,PRIMARY
6fd6ccfc-79e2-45f1-b1c1-889385ecbf1e,SKU003631,https://cdn.demo.com/SKU003631.jpg,PRIMARY
e0ae316f-6bd4-4384-b130-8cf1e18d1305,SKU003632,https://cdn.demo.com/SKU003632.jpg,PRIMARY
4647f638-faa1-44ce-972e-3854df0ae39a,SKU003633,https://cdn.demo.com/SKU003633.jpg,PRIMARY
c5c04f6d-8b07-4039-a403-7bc8b2d2b7bc,SKU003634,https://cdn.demo.com/SKU003634.jpg,PRIMARY
854086ac-f0f6-425b-bd19-c620b1fe3277,SKU003635,https://cdn.demo.com/SKU003635.jpg,PRIMARY
3bd553ed-e9e3-4971-84c8-2eb2809ac67c,SKU003636,https://cdn.demo.com/SKU003636.jpg,PRIMARY
3d7f510b-91cd-4754-8dcf-50c3f5f7574c,SKU003637,https://cdn.demo.com/SKU003637.jpg,PRIMARY
2763ffc5-94e9-4647-bdf6-7f7f82c60879,SKU003638,https://cdn.demo.com/SKU003638.jpg,PRIMARY
0f427515-af9f-4c31-83db-da0d2be15ff0,SKU003639,https://cdn.demo.com/SKU003639.jpg,PRIMARY
f4ac1bfa-fdc1-4d04-8d8a-e04aae957d3b,SKU003640,https://cdn.demo.com/SKU003640.jpg,PRIMARY
6b763a27-c240-4625-99c5-28993487c1bc,SKU003641,https://cdn.demo.com/SKU003641.jpg,PRIMARY
e92d91b0-1ff5-4800-bdb4-42a81652a6ff,SKU003642,https://cdn.demo.com/SKU003642.jpg,PRIMARY
7b839f15-c0a2-489a-8a8f-eaa24e81e26d,SKU003643,https://cdn.demo.com/SKU003643.jpg,PRIMARY
d37c7b4f-68b8-48e2-9dee-2d25f96e5f50,SKU003644,https://cdn.demo.com/SKU003644.jpg,PRIMARY
25bf6d26-753c-4339-a340-49f034ba6784,SKU003645,https://cdn.demo.com/SKU003645.jpg,PRIMARY
33f57552-32c3-46da-a2bb-8a7e3c204409,SKU003646,https://cdn.demo.com/SKU003646.jpg,PRIMARY
b90da288-893f-44ea-afd1-6fc948ec3955,SKU003647,https://cdn.demo.com/SKU003647.jpg,PRIMARY
6fffe5c3-65de-4a21-b410-2619d082dbec,SKU003648,https://cdn.demo.com/SKU003648.jpg,PRIMARY
6e97f58a-d1c7-4aff-8898-c9ee6108368c,SKU003649,https://cdn.demo.com/SKU003649.jpg,PRIMARY
6b0ab2f6-7f33-4eb8-9ecb-b67097de7e30,SKU003650,https://cdn.demo.com/SKU003650.jpg,PRIMARY
f973f230-82bd-4a0b-8412-2e3cb420106f,SKU003651,https://cdn.demo.com/SKU003651.jpg,PRIMARY
db892ead-21e1-4828-aa1b-155225bb88fc,SKU003652,https://cdn.demo.com/SKU003652.jpg,PRIMARY
b5e14276-c1c6-469f-b142-d3bd6a01c406,SKU003653,https://cdn.demo.com/SKU003653.jpg,PRIMARY
fcbd0d8e-6afb-421d-b5ab-cb144c88cb0f,SKU003654,https://cdn.demo.com/SKU003654.jpg,PRIMARY
77fea67f-21c3-431a-a4e3-3bff864df0d8,SKU003655,https://cdn.demo.com/SKU003655.jpg,PRIMARY
b5a26cb7-6e27-460b-adb7-1445082f277a,SKU003656,https://cdn.demo.com/SKU003656.jpg,PRIMARY
e72ad4fd-503c-4780-8922-4801d04a1f6a,SKU003657,https://cdn.demo.com/SKU003657.jpg,PRIMARY
ca22913f-5abc-4162-afdf-68b3070cadef,SKU003658,https://cdn.demo.com/SKU003658.jpg,PRIMARY
32df911d-643a-49dc-95a4-031c5b40e8a4,SKU003659,https://cdn.demo.com/SKU003659.jpg,PRIMARY
cc85d68c-d732-4e8a-904b-f4d6f2e6ac33,SKU003660,https://cdn.demo.com/SKU003660.jpg,PRIMARY
0708f199-054a-4c1d-8199-fd66f63a9413,SKU003661,https://cdn.demo.com/SKU003661.jpg,PRIMARY
2d7a8e88-96e9-4e4e-9add-5f585dac40eb,SKU003662,https://cdn.demo.com/SKU003662.jpg,PRIMARY
6a210d96-4934-4888-82e0-bf159a82c393,SKU003663,https://cdn.demo.com/SKU003663.jpg,PRIMARY
40477152-732a-4965-ac38-98e73d78f695,SKU003664,https://cdn.demo.com/SKU003664.jpg,PRIMARY
c8f4e324-c6e2-4c6a-a5ee-778c681f7815,SKU003665,https://cdn.demo.com/SKU003665.jpg,PRIMARY
9af04026-49a7-425f-931d-1c0559b278b2,SKU003666,https://cdn.demo.com/SKU003666.jpg,PRIMARY
938d2ee8-18d8-42c9-a106-ee6b09ed9594,SKU003667,https://cdn.demo.com/SKU003667.jpg,PRIMARY
997f0890-3b8e-474a-822e-1233197f1764,SKU003668,https://cdn.demo.com/SKU003668.jpg,PRIMARY
ac965ecb-fec1-4cc3-a38d-5338c6643626,SKU003669,https://cdn.demo.com/SKU003669.jpg,PRIMARY
cd822593-22f2-4d00-ade5-8e3a25781fe4,SKU003670,https://cdn.demo.com/SKU003670.jpg,PRIMARY
2927042a-f1b8-413b-9801-329105953ce8,SKU003671,https://cdn.demo.com/SKU003671.jpg,PRIMARY
b14c7a5a-dad0-4318-82b9-a05c00464cd1,SKU003672,https://cdn.demo.com/SKU003672.jpg,PRIMARY
558d3179-c34d-41d3-a147-862aad59b925,SKU003673,https://cdn.demo.com/SKU003673.jpg,PRIMARY
603d2131-98e2-4910-a97f-7d89f42033c8,SKU003674,https://cdn.demo.com/SKU003674.jpg,PRIMARY
a766417e-ebe9-4478-adc6-bd75e72d7934,SKU003675,https://cdn.demo.com/SKU003675.jpg,PRIMARY
e62142ca-55d1-4fd3-ac96-30a2cb38224e,SKU003676,https://cdn.demo.com/SKU003676.jpg,PRIMARY
3c259298-d0e2-456a-9b70-8246da1e81af,SKU003677,https://cdn.demo.com/SKU003677.jpg,PRIMARY
773d53ac-c518-4f26-a5f2-ada1efe664c7,SKU003678,https://cdn.demo.com/SKU003678.jpg,PRIMARY
60cccd79-80c5-40f2-b450-d8aeaebe0391,SKU003679,https://cdn.demo.com/SKU003679.jpg,PRIMARY
59828b8d-b918-4457-bf91-a92ef872e085,SKU003680,https://cdn.demo.com/SKU003680.jpg,PRIMARY
5f064892-f808-459c-a6c0-d2b1b28ec9f3,SKU003681,https://cdn.demo.com/SKU003681.jpg,PRIMARY
2878661c-6895-4f10-870f-5644ed37644b,SKU003682,https://cdn.demo.com/SKU003682.jpg,PRIMARY
369f5972-88eb-4a6c-884e-c8d0a5b10235,SKU003683,https://cdn.demo.com/SKU003683.jpg,PRIMARY
60724a2e-7758-4551-aea2-81a99bc1e16a,SKU003684,https://cdn.demo.com/SKU003684.jpg,PRIMARY
5d02cac7-3ffa-4b27-89c9-8f9bc4e30360,SKU003685,https://cdn.demo.com/SKU003685.jpg,PRIMARY
d38103b2-9ecf-4d2c-b878-5adc0518b4c2,SKU003686,https://cdn.demo.com/SKU003686.jpg,PRIMARY
cdcee6bd-e8ac-4d22-9e6e-c55af9b438fc,SKU003687,https://cdn.demo.com/SKU003687.jpg,PRIMARY
ea888e34-9781-41e2-8ec1-39921ec00405,SKU003688,https://cdn.demo.com/SKU003688.jpg,PRIMARY
7500b319-f250-4c1e-9a41-c38b88581ae5,SKU003689,https://cdn.demo.com/SKU003689.jpg,PRIMARY
4608d2b1-4f73-43ee-a90a-cc2f25ad528f,SKU003690,https://cdn.demo.com/SKU003690.jpg,PRIMARY
649ac9fd-47f0-446e-be22-220dc78f7c98,SKU003691,https://cdn.demo.com/SKU003691.jpg,PRIMARY
6460bb15-9849-4f58-a70b-0d7a5682caf0,SKU003692,https://cdn.demo.com/SKU003692.jpg,PRIMARY
8ba2b5e7-6189-450a-a452-9d6f4d28c78a,SKU003693,https://cdn.demo.com/SKU003693.jpg,PRIMARY
e4d4e8b6-9e1e-4fab-bda8-c29c52c19580,SKU003694,https://cdn.demo.com/SKU003694.jpg,PRIMARY
7d88e9d2-40dc-44e8-bcb6-28e01d3f07da,SKU003695,https://cdn.demo.com/SKU003695.jpg,PRIMARY
621fc880-4bf2-4160-9013-1d5c6a465ebb,SKU003696,https://cdn.demo.com/SKU003696.jpg,PRIMARY
154d604c-5325-42aa-b954-5c305c067937,SKU003697,https://cdn.demo.com/SKU003697.jpg,PRIMARY
08c5922e-fc51-4ee0-aaef-8467efa0bbfb,SKU003698,https://cdn.demo.com/SKU003698.jpg,PRIMARY
9f569abd-a9e5-4815-8607-d5cb3844c61b,SKU003699,https://cdn.demo.com/SKU003699.jpg,PRIMARY
e955f247-f21f-45bb-8854-742b3966fc1d,SKU003700,https://cdn.demo.com/SKU003700.jpg,PRIMARY
1a811d5d-7241-4d5f-a4ab-0df692562a8d,SKU003701,https://cdn.demo.com/SKU003701.jpg,PRIMARY
b6bb52a7-9b0f-416e-b0dc-7ef39b85c235,SKU003702,https://cdn.demo.com/SKU003702.jpg,PRIMARY
fcd27255-e0e7-489f-9655-b21b2b0a7087,SKU003703,https://cdn.demo.com/SKU003703.jpg,PRIMARY
403331c8-cb77-4a6e-91ce-2a6da6229d10,SKU003704,https://cdn.demo.com/SKU003704.jpg,PRIMARY
98205b0b-827f-4dad-9491-72df5b4a180d,SKU003705,https://cdn.demo.com/SKU003705.jpg,PRIMARY
3965c476-663f-4077-9fa5-d37f57474b92,SKU003706,https://cdn.demo.com/SKU003706.jpg,PRIMARY
4d1a15e2-0eb4-419e-a00b-ee1951b138f9,SKU003707,https://cdn.demo.com/SKU003707.jpg,PRIMARY
496e54b3-a0d7-4fe9-bcae-e9e67791f571,SKU003708,https://cdn.demo.com/SKU003708.jpg,PRIMARY
9869abb2-165e-4782-9087-e7834a4362c8,SKU003709,https://cdn.demo.com/SKU003709.jpg,PRIMARY
46574a18-1b45-4f23-be47-b4abedec796e,SKU003710,https://cdn.demo.com/SKU003710.jpg,PRIMARY
cb997ebe-1d47-4b71-9ef6-d51ee7a06240,SKU003711,https://cdn.demo.com/SKU003711.jpg,PRIMARY
07f02634-fbaf-43ab-b440-959b1a9d9c96,SKU003712,https://cdn.demo.com/SKU003712.jpg,PRIMARY
2b914fcd-d533-4230-ac0d-7391742c6d16,SKU003713,https://cdn.demo.com/SKU003713.jpg,PRIMARY
136bd899-3ab7-4489-a531-a623117a929f,SKU003714,https://cdn.demo.com/SKU003714.jpg,PRIMARY
33c072bb-92f4-43f2-9256-7e5d3702e207,SKU003715,https://cdn.demo.com/SKU003715.jpg,PRIMARY
b23a4ec0-76c3-4729-bd08-e24926920933,SKU003716,https://cdn.demo.com/SKU003716.jpg,PRIMARY
73a305b9-4c5a-4b9b-bfb4-a1102faa6190,SKU003717,https://cdn.demo.com/SKU003717.jpg,PRIMARY
44771720-72bd-42ba-a6d2-b3f05b62fce5,SKU003718,https://cdn.demo.com/SKU003718.jpg,PRIMARY
cc3d7088-ff46-4e4b-b1d2-aa43cbf85d66,SKU003719,https://cdn.demo.com/SKU003719.jpg,PRIMARY
df30f462-6087-4874-923b-234eec63db05,SKU003720,https://cdn.demo.com/SKU003720.jpg,PRIMARY
b20d757f-974b-4efc-9062-deafa762a518,SKU003721,https://cdn.demo.com/SKU003721.jpg,PRIMARY
322d11e2-0390-4fc1-bf42-9aa6a9a8d95c,SKU003722,https://cdn.demo.com/SKU003722.jpg,PRIMARY
12f7ce3f-44ba-4eab-9d5a-c1d27d01d664,SKU003723,https://cdn.demo.com/SKU003723.jpg,PRIMARY
f8e706ad-71b4-4169-b697-6eecd437d7d2,SKU003724,https://cdn.demo.com/SKU003724.jpg,PRIMARY
d0959178-5cc9-469e-bfeb-0165e551164f,SKU003725,https://cdn.demo.com/SKU003725.jpg,PRIMARY
49b06d37-5eeb-4558-9ce7-0207ae848f02,SKU003726,https://cdn.demo.com/SKU003726.jpg,PRIMARY
ad2f9e7b-a1f7-414b-b792-d5e394bf40d9,SKU003727,https://cdn.demo.com/SKU003727.jpg,PRIMARY
841260b6-9444-4ed7-8c27-160adc188bd5,SKU003728,https://cdn.demo.com/SKU003728.jpg,PRIMARY
b3464732-b4a4-4890-8127-96ce0eec02bf,SKU003729,https://cdn.demo.com/SKU003729.jpg,PRIMARY
5a9be5c1-370e-4b21-a27e-edd60ff8b3ed,SKU003730,https://cdn.demo.com/SKU003730.jpg,PRIMARY
3276d5a7-8f5c-45af-9950-505639a5ebef,SKU003731,https://cdn.demo.com/SKU003731.jpg,PRIMARY
bdc7e1bb-b039-40de-b6e6-2278de7ee5d0,SKU003732,https://cdn.demo.com/SKU003732.jpg,PRIMARY
3c23095f-e3a5-4044-9f30-e201b95f8147,SKU003733,https://cdn.demo.com/SKU003733.jpg,PRIMARY
741364da-f7cf-4a4d-80b2-de136fbf7400,SKU003734,https://cdn.demo.com/SKU003734.jpg,PRIMARY
9522179a-02ac-4b42-b8ea-c7a980263e50,SKU003735,https://cdn.demo.com/SKU003735.jpg,PRIMARY
e31c32d5-d838-4892-a0c0-18c8ce801679,SKU003736,https://cdn.demo.com/SKU003736.jpg,PRIMARY
06010ca7-9483-47cc-be6b-ddae551e87d9,SKU003737,https://cdn.demo.com/SKU003737.jpg,PRIMARY
aaa2132e-5a86-40ad-a853-bb2df3a60007,SKU003738,https://cdn.demo.com/SKU003738.jpg,PRIMARY
39d27731-a53c-47e2-8ac3-30e84e6ea732,SKU003739,https://cdn.demo.com/SKU003739.jpg,PRIMARY
beca2cee-298c-4e2f-9228-91da680dd994,SKU003740,https://cdn.demo.com/SKU003740.jpg,PRIMARY
e8f52ed4-ed27-4c6a-8c26-ae046132e4f9,SKU003741,https://cdn.demo.com/SKU003741.jpg,PRIMARY
58f98d23-cc7c-4d7b-8ed0-3f12bea0aea0,SKU003742,https://cdn.demo.com/SKU003742.jpg,PRIMARY
df50d307-4525-4743-94dd-bca5fdef406a,SKU003743,https://cdn.demo.com/SKU003743.jpg,PRIMARY
75f6f839-1da5-4b72-8f2b-94912f9bb2a6,SKU003744,https://cdn.demo.com/SKU003744.jpg,PRIMARY
ceb715f2-eea6-4047-a05d-d150dbc36659,SKU003745,https://cdn.demo.com/SKU003745.jpg,PRIMARY
0d007154-4ae6-49e9-bbdc-96332418b36a,SKU003746,https://cdn.demo.com/SKU003746.jpg,PRIMARY
3b94e710-c4ce-41f2-aff9-d34d1d4e3f21,SKU003747,https://cdn.demo.com/SKU003747.jpg,PRIMARY
d15df89c-341b-4867-99ef-256ce22eecb9,SKU003748,https://cdn.demo.com/SKU003748.jpg,PRIMARY
631b7a4f-746f-439a-a9b3-e71a35d974e5,SKU003749,https://cdn.demo.com/SKU003749.jpg,PRIMARY
846a6222-7813-4a98-b914-69dcdfb98b5a,SKU003750,https://cdn.demo.com/SKU003750.jpg,PRIMARY
761f27b5-c7e6-481c-857c-23b67d589f86,SKU003751,https://cdn.demo.com/SKU003751.jpg,PRIMARY
14811ff6-7a1e-4418-b364-2a0f6073979b,SKU003752,https://cdn.demo.com/SKU003752.jpg,PRIMARY
65644d6e-4d4f-4e21-bac6-764229c3d073,SKU003753,https://cdn.demo.com/SKU003753.jpg,PRIMARY
909b5c49-914f-4236-ac0c-341fdf5bffd8,SKU003754,https://cdn.demo.com/SKU003754.jpg,PRIMARY
01e0abe2-7335-4c62-8026-ce401b9b1668,SKU003755,https://cdn.demo.com/SKU003755.jpg,PRIMARY
443bbd90-7a29-4429-b6ee-fcf8c6d4a6b4,SKU003756,https://cdn.demo.com/SKU003756.jpg,PRIMARY
5f370458-dcdf-4ba1-a1cc-b69a0328c767,SKU003757,https://cdn.demo.com/SKU003757.jpg,PRIMARY
d8e87020-86d4-4bb0-9465-e073c96ef648,SKU003758,https://cdn.demo.com/SKU003758.jpg,PRIMARY
de1cb76d-9f4c-47a1-8158-f7f0f442e50e,SKU003759,https://cdn.demo.com/SKU003759.jpg,PRIMARY
08ae3f1a-45f9-4d07-ab06-775edab8e5a7,SKU003760,https://cdn.demo.com/SKU003760.jpg,PRIMARY
06f5f0f9-e3ab-4516-bf23-4cd8e3585c34,SKU003761,https://cdn.demo.com/SKU003761.jpg,PRIMARY
17f6285f-8d08-4149-9966-8ae548c20104,SKU003762,https://cdn.demo.com/SKU003762.jpg,PRIMARY
16f4ce4e-2c39-4ed0-9525-6190885f73b8,SKU003763,https://cdn.demo.com/SKU003763.jpg,PRIMARY
6f5b911c-bda8-4a90-9b87-a42c6132260a,SKU003764,https://cdn.demo.com/SKU003764.jpg,PRIMARY
b712045b-a2de-437a-b3ee-1ff8250337dc,SKU003765,https://cdn.demo.com/SKU003765.jpg,PRIMARY
de4ac0b7-b71c-488d-bf3c-2491e1e89c18,SKU003766,https://cdn.demo.com/SKU003766.jpg,PRIMARY
cd059d04-8742-4109-b174-58ba6449a4ba,SKU003767,https://cdn.demo.com/SKU003767.jpg,PRIMARY
62cd38d6-3ba1-40f6-95be-0a12e3c41812,SKU003768,https://cdn.demo.com/SKU003768.jpg,PRIMARY
959a6790-5b47-4cfa-ab71-a4975a4c7eaf,SKU003769,https://cdn.demo.com/SKU003769.jpg,PRIMARY
1a1bca65-9752-48e9-b7fc-b6124c03a3e2,SKU003770,https://cdn.demo.com/SKU003770.jpg,PRIMARY
d8caa000-826d-47d4-8ee7-e65a29c5f385,SKU003771,https://cdn.demo.com/SKU003771.jpg,PRIMARY
bfb9a225-a363-405e-9b0b-a8101791142c,SKU003772,https://cdn.demo.com/SKU003772.jpg,PRIMARY
f14849d9-67c1-4272-b4a1-65137364b86c,SKU003773,https://cdn.demo.com/SKU003773.jpg,PRIMARY
9a253b7a-5164-4c4a-ac74-9787d7978416,SKU003774,https://cdn.demo.com/SKU003774.jpg,PRIMARY
c15ea7e6-a85a-4182-a812-3e51b4720837,SKU003775,https://cdn.demo.com/SKU003775.jpg,PRIMARY
638420f1-eab1-4cca-bf16-65c1fb3a4ef1,SKU003776,https://cdn.demo.com/SKU003776.jpg,PRIMARY
f1756591-dc7d-4e72-81de-064c91aec85e,SKU003777,https://cdn.demo.com/SKU003777.jpg,PRIMARY
29d0dc02-9d63-4a9c-b7b6-91f6e0e32f30,SKU003778,https://cdn.demo.com/SKU003778.jpg,PRIMARY
7f58d9cf-b875-4fa3-8175-109fdd9e8d54,SKU003779,https://cdn.demo.com/SKU003779.jpg,PRIMARY
dfdfd8e3-a666-4491-bd87-27e742f5f6b8,SKU003780,https://cdn.demo.com/SKU003780.jpg,PRIMARY
719eb074-6202-431e-855b-0711d521c85e,SKU003781,https://cdn.demo.com/SKU003781.jpg,PRIMARY
a18b27f0-4918-45a8-9793-fa68f464ab79,SKU003782,https://cdn.demo.com/SKU003782.jpg,PRIMARY
17e5c823-d62d-4795-8b82-f3f6ff061e30,SKU003783,https://cdn.demo.com/SKU003783.jpg,PRIMARY
43a2898b-f909-4fb6-ad7e-7f5d57143630,SKU003784,https://cdn.demo.com/SKU003784.jpg,PRIMARY
34375e9a-b160-4bb4-820f-9bbb438888d0,SKU003785,https://cdn.demo.com/SKU003785.jpg,PRIMARY
95f598ea-d29e-4c49-b9bd-ab50063e3dec,SKU003786,https://cdn.demo.com/SKU003786.jpg,PRIMARY
2ca8a4f7-537a-43af-8d1c-f1de317f968f,SKU003787,https://cdn.demo.com/SKU003787.jpg,PRIMARY
27241fba-7505-4ac6-b8e7-f0c2e2b2badd,SKU003788,https://cdn.demo.com/SKU003788.jpg,PRIMARY
699d3dd8-c5dc-4962-8fa9-42c83f35adcd,SKU003789,https://cdn.demo.com/SKU003789.jpg,PRIMARY
9f47486d-e197-44d9-942b-5c612bdaef2e,SKU003790,https://cdn.demo.com/SKU003790.jpg,PRIMARY
325252fe-05b8-4e5e-847f-e49f5541017d,SKU003791,https://cdn.demo.com/SKU003791.jpg,PRIMARY
5f553288-c4da-44db-adc6-3dc7ed94ec81,SKU003792,https://cdn.demo.com/SKU003792.jpg,PRIMARY
f2bd815f-4fc1-4942-9320-78b98cddf021,SKU003793,https://cdn.demo.com/SKU003793.jpg,PRIMARY
a93c13b5-5354-42dc-9aea-fbd6c9fdc657,SKU003794,https://cdn.demo.com/SKU003794.jpg,PRIMARY
cc9d4a01-a537-468d-95dc-113c7a4086d5,SKU003795,https://cdn.demo.com/SKU003795.jpg,PRIMARY
12fec631-9851-41ec-895d-8d3f6be41bf8,SKU003796,https://cdn.demo.com/SKU003796.jpg,PRIMARY
aba980b1-8116-4903-b892-742fcfcb8531,SKU003797,https://cdn.demo.com/SKU003797.jpg,PRIMARY
1f092f57-c6ea-4d60-b87c-14a226b4ce1c,SKU003798,https://cdn.demo.com/SKU003798.jpg,PRIMARY
3d090b7a-60bc-4b1e-94f9-bb7927eec150,SKU003799,https://cdn.demo.com/SKU003799.jpg,PRIMARY
bd6bbe75-fb9c-4a09-93a9-82cfe9b09575,SKU003800,https://cdn.demo.com/SKU003800.jpg,PRIMARY
83ec7332-f724-47f0-aec4-55a0241ec1c7,SKU003801,https://cdn.demo.com/SKU003801.jpg,PRIMARY
058b7b71-737f-4494-bdb9-76f0698ca3ac,SKU003802,https://cdn.demo.com/SKU003802.jpg,PRIMARY
f7e1f062-779e-40e1-9ed7-2da50304c427,SKU003803,https://cdn.demo.com/SKU003803.jpg,PRIMARY
447eeb79-cb0f-4ea2-95bb-daeb8f91998d,SKU003804,https://cdn.demo.com/SKU003804.jpg,PRIMARY
f5cf7e78-de4e-446c-86ce-5385f0d88256,SKU003805,https://cdn.demo.com/SKU003805.jpg,PRIMARY
544d980e-32ef-40e5-b75a-01750f082950,SKU003806,https://cdn.demo.com/SKU003806.jpg,PRIMARY
1ad3fbd4-de4c-47fa-b652-60bc7d1fc7c7,SKU003807,https://cdn.demo.com/SKU003807.jpg,PRIMARY
8dec4e3b-cff2-48a9-8d3c-a905396a83b8,SKU003808,https://cdn.demo.com/SKU003808.jpg,PRIMARY
23c64491-9599-490b-b136-a35cb2b0867d,SKU003809,https://cdn.demo.com/SKU003809.jpg,PRIMARY
cb6d1974-97ac-4687-b563-90f6a0ebcac6,SKU003810,https://cdn.demo.com/SKU003810.jpg,PRIMARY
cc4314a4-b0cf-4159-8f78-a77e4a0cf0b9,SKU003811,https://cdn.demo.com/SKU003811.jpg,PRIMARY
58ee41d3-0065-474e-a3b5-31551e00ad87,SKU003812,https://cdn.demo.com/SKU003812.jpg,PRIMARY
479eb31c-8112-43d8-9513-8009953031f4,SKU003813,https://cdn.demo.com/SKU003813.jpg,PRIMARY
a788fdb0-067d-429f-a2d2-a556b4e3a499,SKU003814,https://cdn.demo.com/SKU003814.jpg,PRIMARY
fdb4b15f-c3bb-4a84-ae96-8ecbe9a5cdb3,SKU003815,https://cdn.demo.com/SKU003815.jpg,PRIMARY
e6710ec4-f47b-43ee-8226-03acd5b7a5fe,SKU003816,https://cdn.demo.com/SKU003816.jpg,PRIMARY
8aff5cc9-272b-4eca-8ad1-455a7fafe6fc,SKU003817,https://cdn.demo.com/SKU003817.jpg,PRIMARY
132ff43f-1c32-45c4-84b3-4f183d40eeb9,SKU003818,https://cdn.demo.com/SKU003818.jpg,PRIMARY
0cb6cf30-a63d-43db-8386-c782a229baf6,SKU003819,https://cdn.demo.com/SKU003819.jpg,PRIMARY
4fff5eb8-0858-4326-9f40-26c1cec8adf4,SKU003820,https://cdn.demo.com/SKU003820.jpg,PRIMARY
e7f21a76-8eb5-4537-a70c-f7d4ea6d6388,SKU003821,https://cdn.demo.com/SKU003821.jpg,PRIMARY
ff8f3d5c-9a95-483f-9e20-bb301355208b,SKU003822,https://cdn.demo.com/SKU003822.jpg,PRIMARY
f36b34aa-ab60-4a36-852a-2bf73868330d,SKU003823,https://cdn.demo.com/SKU003823.jpg,PRIMARY
0bbde5f0-d62e-4943-9537-e946181579b9,SKU003824,https://cdn.demo.com/SKU003824.jpg,PRIMARY
95c8e145-7985-487d-911e-960be1e41b63,SKU003825,https://cdn.demo.com/SKU003825.jpg,PRIMARY
bfe4997e-ada0-4dfd-a6fa-576927eaf227,SKU003826,https://cdn.demo.com/SKU003826.jpg,PRIMARY
b5834ff0-51b6-42f1-b555-b7ee731242b8,SKU003827,https://cdn.demo.com/SKU003827.jpg,PRIMARY
848384a2-ef6c-4eec-9a4e-d8225aa4a50e,SKU003828,https://cdn.demo.com/SKU003828.jpg,PRIMARY
44e66a89-59b1-4bc1-90f8-29b33662db9a,SKU003829,https://cdn.demo.com/SKU003829.jpg,PRIMARY
70d3fd11-b89f-4da4-85c9-580d1ffd661c,SKU003830,https://cdn.demo.com/SKU003830.jpg,PRIMARY
00432c86-fdcc-4c75-9d6c-4cbd632b31da,SKU003831,https://cdn.demo.com/SKU003831.jpg,PRIMARY
0038f2b6-471c-4f97-a7dc-e5ac16260a25,SKU003832,https://cdn.demo.com/SKU003832.jpg,PRIMARY
ec0f3ab6-f4cd-4dc9-8b47-cd9d4641ce6a,SKU003833,https://cdn.demo.com/SKU003833.jpg,PRIMARY
7f45d53f-9e97-41c0-8f46-4faeb8430291,SKU003834,https://cdn.demo.com/SKU003834.jpg,PRIMARY
badde928-b156-4812-801c-3dce59c015d0,SKU003835,https://cdn.demo.com/SKU003835.jpg,PRIMARY
4564df59-f19f-4d6d-ade1-cfa30a3b92e7,SKU003836,https://cdn.demo.com/SKU003836.jpg,PRIMARY
fcec50af-5fbb-4de5-b58d-90e2556aa029,SKU003837,https://cdn.demo.com/SKU003837.jpg,PRIMARY
906282da-7462-4286-9adb-9e95e72a3934,SKU003838,https://cdn.demo.com/SKU003838.jpg,PRIMARY
8a02b504-de37-4cc1-ae0e-1a4326720c2b,SKU003839,https://cdn.demo.com/SKU003839.jpg,PRIMARY
93f1cbf4-bc93-4266-820e-7d92b5281f50,SKU003840,https://cdn.demo.com/SKU003840.jpg,PRIMARY
ebdc05e1-63f9-47b6-84f3-01e7641d6727,SKU003841,https://cdn.demo.com/SKU003841.jpg,PRIMARY
198c824b-d765-4edc-8b75-d09a98f3b19f,SKU003842,https://cdn.demo.com/SKU003842.jpg,PRIMARY
accf14b1-ba55-49ce-a941-b49f536bc887,SKU003843,https://cdn.demo.com/SKU003843.jpg,PRIMARY
b73f4ee7-e326-486f-ab4e-fcf8995c7ce5,SKU003844,https://cdn.demo.com/SKU003844.jpg,PRIMARY
5bdd629e-d9a3-440b-923b-f4f8518b1f08,SKU003845,https://cdn.demo.com/SKU003845.jpg,PRIMARY
d1b60dd7-865f-467a-99c9-c17920ae6229,SKU003846,https://cdn.demo.com/SKU003846.jpg,PRIMARY
ae83d5e0-fda6-4a4c-a626-4ba9db682530,SKU003847,https://cdn.demo.com/SKU003847.jpg,PRIMARY
a485cc64-9cd9-47ee-85f0-21273ba94d7e,SKU003848,https://cdn.demo.com/SKU003848.jpg,PRIMARY
facb8a51-e039-4fa7-97a4-4058b03cfe60,SKU003849,https://cdn.demo.com/SKU003849.jpg,PRIMARY
1b354e11-a58a-4b81-8784-3ca1e39189ff,SKU003850,https://cdn.demo.com/SKU003850.jpg,PRIMARY
29b1e0ba-e37b-491b-843b-ebb3832f3ed1,SKU003851,https://cdn.demo.com/SKU003851.jpg,PRIMARY
6125c6f4-8e3b-42a6-a05c-3595ddef5c34,SKU003852,https://cdn.demo.com/SKU003852.jpg,PRIMARY
38e7cee0-463d-42c7-8090-6311d87267a5,SKU003853,https://cdn.demo.com/SKU003853.jpg,PRIMARY
de5482fb-33d0-4a95-9678-fe50db88c4d3,SKU003854,https://cdn.demo.com/SKU003854.jpg,PRIMARY
dcd0e6c5-5ba5-47d4-b1df-f5399a1e6e52,SKU003855,https://cdn.demo.com/SKU003855.jpg,PRIMARY
a01f49fa-ff12-465b-b4b8-92092b86a657,SKU003856,https://cdn.demo.com/SKU003856.jpg,PRIMARY
6dcfacbb-05e8-42f1-b46b-48a0cf525257,SKU003857,https://cdn.demo.com/SKU003857.jpg,PRIMARY
7e8765d0-7603-436f-861b-7902aa3c786d,SKU003858,https://cdn.demo.com/SKU003858.jpg,PRIMARY
fb456306-21eb-4d41-8c15-68691d0bf6cd,SKU003859,https://cdn.demo.com/SKU003859.jpg,PRIMARY
ed92fbd6-7cf7-4b3d-a8f6-2c239f088dc2,SKU003860,https://cdn.demo.com/SKU003860.jpg,PRIMARY
c1d65520-f9fe-4985-b7c1-ab2a30f9c25c,SKU003861,https://cdn.demo.com/SKU003861.jpg,PRIMARY
c5810b07-5010-4bcb-a102-1598f470d0af,SKU003862,https://cdn.demo.com/SKU003862.jpg,PRIMARY
820014fd-ae11-45e3-b55e-820f94428244,SKU003863,https://cdn.demo.com/SKU003863.jpg,PRIMARY
99e6cd5c-f7b5-479d-b056-f66438bea8b8,SKU003864,https://cdn.demo.com/SKU003864.jpg,PRIMARY
fc1b9d0c-a5fc-45f4-8448-fa24b8f12de3,SKU003865,https://cdn.demo.com/SKU003865.jpg,PRIMARY
3028fcaa-2e3a-465d-b596-a05f4abcbcbb,SKU003866,https://cdn.demo.com/SKU003866.jpg,PRIMARY
084e7a71-e37f-4030-ae3e-faed205665a0,SKU003867,https://cdn.demo.com/SKU003867.jpg,PRIMARY
38d5be90-d860-45ad-9dd1-ee134ac74dbc,SKU003868,https://cdn.demo.com/SKU003868.jpg,PRIMARY
9d61ea96-7628-4ff2-ae0d-74abf0043048,SKU003869,https://cdn.demo.com/SKU003869.jpg,PRIMARY
2655a6f2-6299-4b01-ac8a-7f43d112abe6,SKU003870,https://cdn.demo.com/SKU003870.jpg,PRIMARY
3502025b-5884-4699-ac6d-12cec18d5623,SKU003871,https://cdn.demo.com/SKU003871.jpg,PRIMARY
4aea3f05-5cb1-4009-a5e8-187d4e6554fe,SKU003872,https://cdn.demo.com/SKU003872.jpg,PRIMARY
6f86396c-eec0-41a7-b01d-40d66904be76,SKU003873,https://cdn.demo.com/SKU003873.jpg,PRIMARY
1ade090d-c30a-4b32-918e-277ca31871c7,SKU003874,https://cdn.demo.com/SKU003874.jpg,PRIMARY
601edd78-bb94-45c0-b25b-5da72c5e00cb,SKU003875,https://cdn.demo.com/SKU003875.jpg,PRIMARY
4d85a351-8015-4ca1-9753-a3a95ccd034a,SKU003876,https://cdn.demo.com/SKU003876.jpg,PRIMARY
3c158ce0-debe-4723-8d1f-de8b78b9f04b,SKU003877,https://cdn.demo.com/SKU003877.jpg,PRIMARY
654eb85f-e029-4ebe-ad08-156812583bff,SKU003878,https://cdn.demo.com/SKU003878.jpg,PRIMARY
96c58589-e088-4955-9dfd-ee2183e153f1,SKU003879,https://cdn.demo.com/SKU003879.jpg,PRIMARY
b34786e3-83e6-4eb0-8683-52f368662238,SKU003880,https://cdn.demo.com/SKU003880.jpg,PRIMARY
cc821a5a-8bcc-40d3-8000-5526ccacefbb,SKU003881,https://cdn.demo.com/SKU003881.jpg,PRIMARY
78d36f21-3969-4f0d-bcdc-9c1a951caa0d,SKU003882,https://cdn.demo.com/SKU003882.jpg,PRIMARY
c523f133-17cb-4d3f-8fa9-9958e50bca6c,SKU003883,https://cdn.demo.com/SKU003883.jpg,PRIMARY
547e74ab-0c82-4266-abef-5abc73bef8f3,SKU003884,https://cdn.demo.com/SKU003884.jpg,PRIMARY
8fb4f2d2-cacd-4395-90a8-bc1852a5abea,SKU003885,https://cdn.demo.com/SKU003885.jpg,PRIMARY
9c815b25-3a47-437a-99b3-64ec4fc796e3,SKU003886,https://cdn.demo.com/SKU003886.jpg,PRIMARY
1b08ce3b-cab3-4e11-9254-6ac8fef25d46,SKU003887,https://cdn.demo.com/SKU003887.jpg,PRIMARY
fb96fdd4-73b9-4d75-99fb-438004e67cef,SKU003888,https://cdn.demo.com/SKU003888.jpg,PRIMARY
5e71996f-7dc9-40d5-9645-85943bc76dfa,SKU003889,https://cdn.demo.com/SKU003889.jpg,PRIMARY
c3261677-98cc-439c-9ce2-24b307f12d0a,SKU003890,https://cdn.demo.com/SKU003890.jpg,PRIMARY
1dddd197-c6ac-4aa3-be89-d535a44bd019,SKU003891,https://cdn.demo.com/SKU003891.jpg,PRIMARY
e432da7f-fa0e-458f-b95c-44cc4311983c,SKU003892,https://cdn.demo.com/SKU003892.jpg,PRIMARY
bf50582c-ef53-423d-b45d-35297dec0da8,SKU003893,https://cdn.demo.com/SKU003893.jpg,PRIMARY
3baf5cb7-0649-43ea-a483-f3d05bbc3011,SKU003894,https://cdn.demo.com/SKU003894.jpg,PRIMARY
91f763d8-5b0f-48c9-bf6b-9923945625fa,SKU003895,https://cdn.demo.com/SKU003895.jpg,PRIMARY
ab34ccfc-bb93-42ce-bbaf-075f98cac19c,SKU003896,https://cdn.demo.com/SKU003896.jpg,PRIMARY
5679f762-75f1-46cd-90e2-5d6c88023e0e,SKU003897,https://cdn.demo.com/SKU003897.jpg,PRIMARY
082a2d32-f509-47ce-9cc9-1b75d84bb419,SKU003898,https://cdn.demo.com/SKU003898.jpg,PRIMARY
c1a8b485-a682-43ea-bde1-7a4e5a42e68b,SKU003899,https://cdn.demo.com/SKU003899.jpg,PRIMARY
e72a1421-daa4-48ad-9514-de40a76cf5d9,SKU003900,https://cdn.demo.com/SKU003900.jpg,PRIMARY
80e4d9d8-4acf-45fd-8e3c-08fbe71a9ce0,SKU003901,https://cdn.demo.com/SKU003901.jpg,PRIMARY
5ef9116e-1c51-4893-996f-3e6b114a63c7,SKU003902,https://cdn.demo.com/SKU003902.jpg,PRIMARY
ac001660-e0c8-4cd2-9def-660c48dc72ab,SKU003903,https://cdn.demo.com/SKU003903.jpg,PRIMARY
78e9fa10-d50d-4bd7-9c17-53132d1b7f27,SKU003904,https://cdn.demo.com/SKU003904.jpg,PRIMARY
08431d86-17a4-45b2-80f3-7a3ecec72d6a,SKU003905,https://cdn.demo.com/SKU003905.jpg,PRIMARY
37e58f04-5156-431d-aa68-3e9b855dff87,SKU003906,https://cdn.demo.com/SKU003906.jpg,PRIMARY
88e8ffbb-2711-4457-8b01-273326af9267,SKU003907,https://cdn.demo.com/SKU003907.jpg,PRIMARY
8a0f839a-0678-47c0-bb5e-8c6a71eb7ab2,SKU003908,https://cdn.demo.com/SKU003908.jpg,PRIMARY
a7203286-2089-4611-b0b7-0c42a0216a6a,SKU003909,https://cdn.demo.com/SKU003909.jpg,PRIMARY
82063ef7-58cc-471e-8788-f14aaa68a268,SKU003910,https://cdn.demo.com/SKU003910.jpg,PRIMARY
5521ce8a-05b1-467e-8913-1258bfa0d76e,SKU003911,https://cdn.demo.com/SKU003911.jpg,PRIMARY
a93d0f43-13fc-4d4d-b315-80fe84d2702c,SKU003912,https://cdn.demo.com/SKU003912.jpg,PRIMARY
d60a0d3b-19b6-4c14-9877-4367252b431c,SKU003913,https://cdn.demo.com/SKU003913.jpg,PRIMARY
e4f111bb-eaca-4ecf-bc7c-82c2fa1f4c9f,SKU003914,https://cdn.demo.com/SKU003914.jpg,PRIMARY
74db0a5d-6984-4029-a68d-6760e047d180,SKU003915,https://cdn.demo.com/SKU003915.jpg,PRIMARY
ec6d5c45-9a06-41e0-81dc-097192e41f7b,SKU003916,https://cdn.demo.com/SKU003916.jpg,PRIMARY
5538d031-a3b3-4c47-9c19-19698c8db85d,SKU003917,https://cdn.demo.com/SKU003917.jpg,PRIMARY
70d6d3df-46fb-4a02-8e8f-298e2df591d4,SKU003918,https://cdn.demo.com/SKU003918.jpg,PRIMARY
cc9134c6-61ff-4d06-9c41-b49e5629fd7f,SKU003919,https://cdn.demo.com/SKU003919.jpg,PRIMARY
fc1116fc-bd8b-44d9-85af-6a007610a2dc,SKU003920,https://cdn.demo.com/SKU003920.jpg,PRIMARY
965a3774-a698-45e3-8101-4d0fd7245d4f,SKU003921,https://cdn.demo.com/SKU003921.jpg,PRIMARY
6283f0be-ea1f-4f13-bed4-e121d6800188,SKU003922,https://cdn.demo.com/SKU003922.jpg,PRIMARY
0aad4122-bfa1-40e3-a66c-9bfad897b960,SKU003923,https://cdn.demo.com/SKU003923.jpg,PRIMARY
90a32a14-9259-4a27-abf4-ce717314bbe2,SKU003924,https://cdn.demo.com/SKU003924.jpg,PRIMARY
dab9acd5-e144-4163-bcb3-9600158730ec,SKU003925,https://cdn.demo.com/SKU003925.jpg,PRIMARY
814f49e0-6f13-455a-9270-59542a539396,SKU003926,https://cdn.demo.com/SKU003926.jpg,PRIMARY
dece8849-78bd-4929-b25d-81dab97c1352,SKU003927,https://cdn.demo.com/SKU003927.jpg,PRIMARY
96fbba3d-1c82-402f-9cb8-72f4ee5446e4,SKU003928,https://cdn.demo.com/SKU003928.jpg,PRIMARY
f79e1ec6-f423-4635-97b9-ebfcf9a57870,SKU003929,https://cdn.demo.com/SKU003929.jpg,PRIMARY
8c4166e7-208b-492c-bd65-07c6f4e4c069,SKU003930,https://cdn.demo.com/SKU003930.jpg,PRIMARY
593d929e-d64a-4d57-90cb-a2a2531cfe67,SKU003931,https://cdn.demo.com/SKU003931.jpg,PRIMARY
1aa0dcb0-6f01-4c51-b8e2-d07d650360e0,SKU003932,https://cdn.demo.com/SKU003932.jpg,PRIMARY
3d120af3-a338-4bbc-80ab-cfc5edaa8a22,SKU003933,https://cdn.demo.com/SKU003933.jpg,PRIMARY
2a0c9a67-d10b-4776-b4d0-86144a6e5869,SKU003934,https://cdn.demo.com/SKU003934.jpg,PRIMARY
6f8811f0-5886-45ec-8e5f-35eb6c071e38,SKU003935,https://cdn.demo.com/SKU003935.jpg,PRIMARY
ba1ba560-888a-438a-96c7-bc5ac8274d0d,SKU003936,https://cdn.demo.com/SKU003936.jpg,PRIMARY
5f2dcbee-9b29-4096-bba5-d8ac906a9f39,SKU003937,https://cdn.demo.com/SKU003937.jpg,PRIMARY
067de3bd-0561-47ee-a9cd-9a0ac984f00a,SKU003938,https://cdn.demo.com/SKU003938.jpg,PRIMARY
fc731ef3-7bc5-4219-bab5-088d0aa36312,SKU003939,https://cdn.demo.com/SKU003939.jpg,PRIMARY
1b010e69-86fd-440b-9991-0eeede3564cd,SKU003940,https://cdn.demo.com/SKU003940.jpg,PRIMARY
23e31de6-8564-4ad8-b085-bed3655afbb9,SKU003941,https://cdn.demo.com/SKU003941.jpg,PRIMARY
b9e947a6-8f1f-44e6-9c66-dbd52dd701ba,SKU003942,https://cdn.demo.com/SKU003942.jpg,PRIMARY
6368ddb0-cd7e-47f3-8e0f-edb717a6fc69,SKU003943,https://cdn.demo.com/SKU003943.jpg,PRIMARY
dcfa5b07-c58d-42bc-b8fe-a50f0b8ffae9,SKU003944,https://cdn.demo.com/SKU003944.jpg,PRIMARY
3ab06606-e8cd-4bc4-8829-3123f27a100c,SKU003945,https://cdn.demo.com/SKU003945.jpg,PRIMARY
edb5fced-2d8e-4ccf-918d-3aae87c5b7a4,SKU003946,https://cdn.demo.com/SKU003946.jpg,PRIMARY
6142a5e7-6f0a-4782-891b-8499aef12fe9,SKU003947,https://cdn.demo.com/SKU003947.jpg,PRIMARY
b88c0f04-b3c5-4f6e-a83c-344a4d0e2cd2,SKU003948,https://cdn.demo.com/SKU003948.jpg,PRIMARY
9c92c0d6-f4b1-4620-b87b-94df05a5b6bb,SKU003949,https://cdn.demo.com/SKU003949.jpg,PRIMARY
a197f5b3-b8bc-46dd-8110-d88b8988f066,SKU003950,https://cdn.demo.com/SKU003950.jpg,PRIMARY
da4c3eb1-525b-4dd8-a038-92aa78a46275,SKU003951,https://cdn.demo.com/SKU003951.jpg,PRIMARY
83ae3a5d-614e-43f3-88db-ea0cfd07ef42,SKU003952,https://cdn.demo.com/SKU003952.jpg,PRIMARY
393f59c8-c615-427e-8f85-579951bec846,SKU003953,https://cdn.demo.com/SKU003953.jpg,PRIMARY
8aedfb46-a766-467e-900a-54fdc37228a5,SKU003954,https://cdn.demo.com/SKU003954.jpg,PRIMARY
02b8eb44-4bbb-4e38-9563-9bf30284294c,SKU003955,https://cdn.demo.com/SKU003955.jpg,PRIMARY
60dfbdd0-c787-463f-bc59-5d43b561d042,SKU003956,https://cdn.demo.com/SKU003956.jpg,PRIMARY
81ef863c-1d0a-4b30-9481-5c4b931067d9,SKU003957,https://cdn.demo.com/SKU003957.jpg,PRIMARY
f1e5d277-cb12-4626-b06f-ee6b64f4b1ac,SKU003958,https://cdn.demo.com/SKU003958.jpg,PRIMARY
6ba9257f-0445-452d-a683-ae989be7b75c,SKU003959,https://cdn.demo.com/SKU003959.jpg,PRIMARY
1c1fd5f4-8e78-4564-b352-278382096650,SKU003960,https://cdn.demo.com/SKU003960.jpg,PRIMARY
90be6901-8b62-4c1a-aae1-07c14e3a858b,SKU003961,https://cdn.demo.com/SKU003961.jpg,PRIMARY
d2ff7f69-c5a0-4804-ab4b-3ea4768b9b35,SKU003962,https://cdn.demo.com/SKU003962.jpg,PRIMARY
9bd6cad1-b255-4cc0-8fd2-c453bbb09b5b,SKU003963,https://cdn.demo.com/SKU003963.jpg,PRIMARY
064a963f-59c7-425d-8768-21aa541bd2d2,SKU003964,https://cdn.demo.com/SKU003964.jpg,PRIMARY
a5a81f6d-e545-4d2e-8dfa-eec0eacc2297,SKU003965,https://cdn.demo.com/SKU003965.jpg,PRIMARY
0e75c52e-9a8d-4112-af87-bb5863efaff8,SKU003966,https://cdn.demo.com/SKU003966.jpg,PRIMARY
5c68c3ae-973f-4bdc-8da7-1de86e45bfc8,SKU003967,https://cdn.demo.com/SKU003967.jpg,PRIMARY
d02cac01-ab7f-4b57-ab6f-a25bd4df45c6,SKU003968,https://cdn.demo.com/SKU003968.jpg,PRIMARY
c3eddb63-31b9-4598-87a5-7c248fad99a8,SKU003969,https://cdn.demo.com/SKU003969.jpg,PRIMARY
8f0b30f1-fdf3-4568-bc39-385597222cdf,SKU003970,https://cdn.demo.com/SKU003970.jpg,PRIMARY
45b60569-9d6c-4c95-8c90-afa38e597939,SKU003971,https://cdn.demo.com/SKU003971.jpg,PRIMARY
f539dda8-4451-4e2f-b521-5c3fa60a0493,SKU003972,https://cdn.demo.com/SKU003972.jpg,PRIMARY
0c525d8b-8312-4180-ba87-e8c6cff85313,SKU003973,https://cdn.demo.com/SKU003973.jpg,PRIMARY
a47897e0-5f5f-41dd-aa75-a5a237cfd228,SKU003974,https://cdn.demo.com/SKU003974.jpg,PRIMARY
f9dc8e13-dac7-4b01-8a9d-f564dac566c4,SKU003975,https://cdn.demo.com/SKU003975.jpg,PRIMARY
53fa6b88-166b-4c99-bc30-46e90e7dba32,SKU003976,https://cdn.demo.com/SKU003976.jpg,PRIMARY
11a4d465-3032-4bc2-af94-6479f3111eea,SKU003977,https://cdn.demo.com/SKU003977.jpg,PRIMARY
0073e055-b092-43a4-95ae-20ca3f9f93e3,SKU003978,https://cdn.demo.com/SKU003978.jpg,PRIMARY
cc745b0c-8d6d-4a54-b130-9e0e0c421998,SKU003979,https://cdn.demo.com/SKU003979.jpg,PRIMARY
d266411b-939f-4603-a87c-431792abf768,SKU003980,https://cdn.demo.com/SKU003980.jpg,PRIMARY
6d827ef8-67d7-4a5f-8ccd-0b4fb46511ac,SKU003981,https://cdn.demo.com/SKU003981.jpg,PRIMARY
95e48a4b-4efd-4cf9-a7e5-33a88bfefcc2,SKU003982,https://cdn.demo.com/SKU003982.jpg,PRIMARY
68649e82-2499-4b7a-b0ff-8b1eb7cb385a,SKU003983,https://cdn.demo.com/SKU003983.jpg,PRIMARY
48e6e8b4-982c-450f-9568-e7b62abc93f6,SKU003984,https://cdn.demo.com/SKU003984.jpg,PRIMARY
39a00ad0-b9ca-46d0-bf0a-515e6a63d4db,SKU003985,https://cdn.demo.com/SKU003985.jpg,PRIMARY
6ba26987-b72b-457e-8f15-5068cb61f961,SKU003986,https://cdn.demo.com/SKU003986.jpg,PRIMARY
8e9a867e-83f3-4f0a-b07f-4e826653b00a,SKU003987,https://cdn.demo.com/SKU003987.jpg,PRIMARY
008ee5b3-214c-4de9-8109-c8e84ade4258,SKU003988,https://cdn.demo.com/SKU003988.jpg,PRIMARY
d6f976a1-5f12-4dbd-9f1d-e96ee7af8d62,SKU003989,https://cdn.demo.com/SKU003989.jpg,PRIMARY
d11ede0e-4106-457e-bf2c-a1e565f3b748,SKU003990,https://cdn.demo.com/SKU003990.jpg,PRIMARY
46c38ff1-4fb4-426a-804f-155664d3fcb1,SKU003991,https://cdn.demo.com/SKU003991.jpg,PRIMARY
5094dd53-3048-4e6d-ab6a-58b2c8f30e97,SKU003992,https://cdn.demo.com/SKU003992.jpg,PRIMARY
12319495-6fb4-44b0-af28-00a755af9fb0,SKU003993,https://cdn.demo.com/SKU003993.jpg,PRIMARY
9c9a1cce-c406-4edd-956b-062789473bbb,SKU003994,https://cdn.demo.com/SKU003994.jpg,PRIMARY
4b962914-ede3-4034-b59a-d0e503c6f367,SKU003995,https://cdn.demo.com/SKU003995.jpg,PRIMARY
8a0f47b6-700c-44b4-8742-8d234b5d5981,SKU003996,https://cdn.demo.com/SKU003996.jpg,PRIMARY
68f5ea6c-9bf0-4232-812e-2dbdb80e0320,SKU003997,https://cdn.demo.com/SKU003997.jpg,PRIMARY
4b63aad9-6c36-4c57-9c4e-22f296e5659e,SKU003998,https://cdn.demo.com/SKU003998.jpg,PRIMARY
35a2ee08-f4ce-475a-832a-e98935932fe5,SKU003999,https://cdn.demo.com/SKU003999.jpg,PRIMARY
ba9fdb6d-112c-4385-b50f-6a0aae4c4df5,SKU004000,https://cdn.demo.com/SKU004000.jpg,PRIMARY
abd36635-4672-4896-83e4-a68e35666b48,SKU004001,https://cdn.demo.com/SKU004001.jpg,PRIMARY
6002e54b-7917-4510-ab20-cb259fbc7bbb,SKU004002,https://cdn.demo.com/SKU004002.jpg,PRIMARY
2273c814-4c8a-4b4d-8d6c-7b7f08f5443d,SKU004003,https://cdn.demo.com/SKU004003.jpg,PRIMARY
004f0bdb-2003-4843-a2a9-0eb54c0a21dd,SKU004004,https://cdn.demo.com/SKU004004.jpg,PRIMARY
adfbb1d5-1688-4898-ba04-99cd7b23182b,SKU004005,https://cdn.demo.com/SKU004005.jpg,PRIMARY
8c044136-d686-4aae-80b1-506f1b847308,SKU004006,https://cdn.demo.com/SKU004006.jpg,PRIMARY
15b3c577-e11c-44f3-a90a-e7002be38c29,SKU004007,https://cdn.demo.com/SKU004007.jpg,PRIMARY
c7957a89-de56-441e-8b55-b9ea4e108a74,SKU004008,https://cdn.demo.com/SKU004008.jpg,PRIMARY
b5f8304d-ad8b-44f3-b423-2c02185749c0,SKU004009,https://cdn.demo.com/SKU004009.jpg,PRIMARY
e4c6b668-ee99-4a4f-8d81-90648d0b1000,SKU004010,https://cdn.demo.com/SKU004010.jpg,PRIMARY
daa7f4e4-c670-4647-a76a-70734a656a63,SKU004011,https://cdn.demo.com/SKU004011.jpg,PRIMARY
2ce6a634-77fd-4d60-8e7e-4cef461b14ba,SKU004012,https://cdn.demo.com/SKU004012.jpg,PRIMARY
9ae49633-1108-43df-b4c9-d0a581a5827b,SKU004013,https://cdn.demo.com/SKU004013.jpg,PRIMARY
9b53619c-933d-4fdd-b729-106af009833e,SKU004014,https://cdn.demo.com/SKU004014.jpg,PRIMARY
6dba1ab3-25b9-41e7-90ba-4fbf04c59ce1,SKU004015,https://cdn.demo.com/SKU004015.jpg,PRIMARY
ef8aa18a-8a9b-46e5-a902-9bd0209c9b1c,SKU004016,https://cdn.demo.com/SKU004016.jpg,PRIMARY
201b14d0-1bf6-4cb9-b5aa-358ae1792642,SKU004017,https://cdn.demo.com/SKU004017.jpg,PRIMARY
5ca50a46-f204-482c-8cd6-fd8d77261ee7,SKU004018,https://cdn.demo.com/SKU004018.jpg,PRIMARY
f257b9ea-f026-4ea5-b3d9-9339f0bbe20c,SKU004019,https://cdn.demo.com/SKU004019.jpg,PRIMARY
a0fc3d8b-aad1-493d-93f7-a5bf81c3724c,SKU004020,https://cdn.demo.com/SKU004020.jpg,PRIMARY
c9dea134-8c15-45d0-92a2-a78b87360773,SKU004021,https://cdn.demo.com/SKU004021.jpg,PRIMARY
7116bfad-309a-478b-9010-5cdec2d7e5f8,SKU004022,https://cdn.demo.com/SKU004022.jpg,PRIMARY
6f068fe5-56f6-4dd3-b79f-417071746bd1,SKU004023,https://cdn.demo.com/SKU004023.jpg,PRIMARY
2f8ab376-da9c-4c6e-9872-33fbaed8fce0,SKU004024,https://cdn.demo.com/SKU004024.jpg,PRIMARY
8a50d56e-c6e7-4aec-bb1a-2fcbf612d391,SKU004025,https://cdn.demo.com/SKU004025.jpg,PRIMARY
25a76c31-b40d-4572-9e3e-a6bbd7d7baec,SKU004026,https://cdn.demo.com/SKU004026.jpg,PRIMARY
eaa0a7d5-055a-406a-9168-57760adb899e,SKU004027,https://cdn.demo.com/SKU004027.jpg,PRIMARY
34f43c1d-ddec-43b9-8cc2-a04be7765cb3,SKU004028,https://cdn.demo.com/SKU004028.jpg,PRIMARY
971174af-46a4-479e-82ff-ce86b30bb858,SKU004029,https://cdn.demo.com/SKU004029.jpg,PRIMARY
d84d9470-80e0-4c0a-b9f8-c1c20f6138e1,SKU004030,https://cdn.demo.com/SKU004030.jpg,PRIMARY
d9d31a55-cae8-4110-9492-99acff33df1a,SKU004031,https://cdn.demo.com/SKU004031.jpg,PRIMARY
7f8d107c-48d1-438f-9099-e5626e825670,SKU004032,https://cdn.demo.com/SKU004032.jpg,PRIMARY
a6d60def-6100-4226-9fc4-41e8f518584c,SKU004033,https://cdn.demo.com/SKU004033.jpg,PRIMARY
5c95db31-611c-48ee-a800-278743fdeaaa,SKU004034,https://cdn.demo.com/SKU004034.jpg,PRIMARY
6374f7aa-ca41-4531-8174-b2b7a8e9dec3,SKU004035,https://cdn.demo.com/SKU004035.jpg,PRIMARY
4e853ab8-2948-4744-a041-daa5ce0e49bf,SKU004036,https://cdn.demo.com/SKU004036.jpg,PRIMARY
d130ea6e-b19a-44de-8d96-d062d538fea6,SKU004037,https://cdn.demo.com/SKU004037.jpg,PRIMARY
d981fbd3-0f63-44dd-a793-729e234a9fbb,SKU004038,https://cdn.demo.com/SKU004038.jpg,PRIMARY
81c8b8ce-6d83-42ab-852e-ae0bd2fbb94f,SKU004039,https://cdn.demo.com/SKU004039.jpg,PRIMARY
40274652-b99c-45f1-9582-e7ed777b7010,SKU004040,https://cdn.demo.com/SKU004040.jpg,PRIMARY
0a438cad-c785-4631-9796-f9f0b40fee2c,SKU004041,https://cdn.demo.com/SKU004041.jpg,PRIMARY
d058688f-ddb4-4ad5-b4b7-db97d4316312,SKU004042,https://cdn.demo.com/SKU004042.jpg,PRIMARY
cc75f0a3-2ee2-48ea-87c3-d637be8e82ef,SKU004043,https://cdn.demo.com/SKU004043.jpg,PRIMARY
025b924f-2c2c-434c-ab3a-fe42c6dec20d,SKU004044,https://cdn.demo.com/SKU004044.jpg,PRIMARY
76e4e82e-a912-4063-9248-45dca133970e,SKU004045,https://cdn.demo.com/SKU004045.jpg,PRIMARY
c60f0ceb-65e0-44b1-9213-50ed9c5d308a,SKU004046,https://cdn.demo.com/SKU004046.jpg,PRIMARY
be28a376-0be8-4747-9c1d-6cc2be44ee7e,SKU004047,https://cdn.demo.com/SKU004047.jpg,PRIMARY
aeda437e-0c15-4fb9-9e07-d76298564313,SKU004048,https://cdn.demo.com/SKU004048.jpg,PRIMARY
194c1fc2-d6d8-4152-83ea-4bfe9a1dd099,SKU004049,https://cdn.demo.com/SKU004049.jpg,PRIMARY
59d0601b-63e4-470e-95fc-20a411512b7b,SKU004050,https://cdn.demo.com/SKU004050.jpg,PRIMARY
3986698e-2259-413e-83c1-fdf515666192,SKU004051,https://cdn.demo.com/SKU004051.jpg,PRIMARY
203dad08-1c75-4629-9d59-559ed6d34033,SKU004052,https://cdn.demo.com/SKU004052.jpg,PRIMARY
af447b6c-4be6-4cf4-a429-6036e57e3085,SKU004053,https://cdn.demo.com/SKU004053.jpg,PRIMARY
d5cbfc3d-d6d6-46b5-801d-e4e8c5044957,SKU004054,https://cdn.demo.com/SKU004054.jpg,PRIMARY
e9762e8e-02fe-48b6-99ed-0ad00e616411,SKU004055,https://cdn.demo.com/SKU004055.jpg,PRIMARY
48e7bbc0-7438-44d7-b2be-ea057b6c34d6,SKU004056,https://cdn.demo.com/SKU004056.jpg,PRIMARY
30acee40-7003-465e-ae83-339fda631eb9,SKU004057,https://cdn.demo.com/SKU004057.jpg,PRIMARY
93163814-a794-4c0b-8510-ff0182bdb242,SKU004058,https://cdn.demo.com/SKU004058.jpg,PRIMARY
6a62d855-9264-4b77-837b-b75dd1cc3a0c,SKU004059,https://cdn.demo.com/SKU004059.jpg,PRIMARY
8aa257d7-d279-4062-a0c3-6fc07719caad,SKU004060,https://cdn.demo.com/SKU004060.jpg,PRIMARY
c1d72eb0-172d-44f8-9a41-21c15c35b673,SKU004061,https://cdn.demo.com/SKU004061.jpg,PRIMARY
dbd176f8-cfd0-4973-b1c5-831872e4b95d,SKU004062,https://cdn.demo.com/SKU004062.jpg,PRIMARY
d07f3eea-e329-4d96-96d3-b6615937ce38,SKU004063,https://cdn.demo.com/SKU004063.jpg,PRIMARY
aed2bbe7-0952-4e76-9641-4b1e102f421e,SKU004064,https://cdn.demo.com/SKU004064.jpg,PRIMARY
0312c149-9daf-409f-a93d-7848ebda0487,SKU004065,https://cdn.demo.com/SKU004065.jpg,PRIMARY
372d19de-c9d5-4991-ada3-17be5ad8fd6a,SKU004066,https://cdn.demo.com/SKU004066.jpg,PRIMARY
9c05bd33-b8e9-40f3-b1fb-fdd4b78342e5,SKU004067,https://cdn.demo.com/SKU004067.jpg,PRIMARY
bb8963f5-9376-4e80-bba0-1aa9b0464c95,SKU004068,https://cdn.demo.com/SKU004068.jpg,PRIMARY
c832d025-27f2-4fb3-86d3-c0d965c51441,SKU004069,https://cdn.demo.com/SKU004069.jpg,PRIMARY
7a54c2b7-fc0b-405c-a9d2-a1605eb63cfa,SKU004070,https://cdn.demo.com/SKU004070.jpg,PRIMARY
82e3ac18-4dc2-4f6b-a99d-343e0e48510f,SKU004071,https://cdn.demo.com/SKU004071.jpg,PRIMARY
93e05380-55cd-4250-a574-743efdef9850,SKU004072,https://cdn.demo.com/SKU004072.jpg,PRIMARY
f5950b1b-4381-45b2-a1e0-d20b68be1150,SKU004073,https://cdn.demo.com/SKU004073.jpg,PRIMARY
4552d796-f942-4eb5-9abd-fe62e1f185a5,SKU004074,https://cdn.demo.com/SKU004074.jpg,PRIMARY
7c74e512-7890-4cad-b02c-cf3d21c05f6f,SKU004075,https://cdn.demo.com/SKU004075.jpg,PRIMARY
dd5d14f6-5ad3-496d-accc-86cca0954861,SKU004076,https://cdn.demo.com/SKU004076.jpg,PRIMARY
7044f565-a162-45db-8cc0-f65effcda35e,SKU004077,https://cdn.demo.com/SKU004077.jpg,PRIMARY
929c18f4-5e01-4002-8a86-80db2b92aaf2,SKU004078,https://cdn.demo.com/SKU004078.jpg,PRIMARY
64caff6c-e316-4fa3-81ac-39251296a156,SKU004079,https://cdn.demo.com/SKU004079.jpg,PRIMARY
c0d30219-321f-4026-a2af-8d8749cecd87,SKU004080,https://cdn.demo.com/SKU004080.jpg,PRIMARY
0d74cdc5-b380-4f08-9d56-a3ce7e0f8ca5,SKU004081,https://cdn.demo.com/SKU004081.jpg,PRIMARY
e5cb78d8-5a20-4c8b-bd0b-340e23d55ae2,SKU004082,https://cdn.demo.com/SKU004082.jpg,PRIMARY
696fb3d4-4110-48db-ab0f-28e79a2e4ffa,SKU004083,https://cdn.demo.com/SKU004083.jpg,PRIMARY
1cf3c198-7f1a-40cc-b6a6-78e00729e448,SKU004084,https://cdn.demo.com/SKU004084.jpg,PRIMARY
f8d7d20b-1292-4ea6-8275-2d5b9b65a131,SKU004085,https://cdn.demo.com/SKU004085.jpg,PRIMARY
9b745207-0496-49e9-9cd3-25bcf3ee9678,SKU004086,https://cdn.demo.com/SKU004086.jpg,PRIMARY
ba2399cb-ee74-4d08-8fc6-a68843ec081c,SKU004087,https://cdn.demo.com/SKU004087.jpg,PRIMARY
e596ae2c-fa80-45e1-934a-756883856103,SKU004088,https://cdn.demo.com/SKU004088.jpg,PRIMARY
2e32436c-a35c-4383-a9bb-059ef6fb2623,SKU004089,https://cdn.demo.com/SKU004089.jpg,PRIMARY
87b3a2cc-f29f-4141-a21d-155786371b1e,SKU004090,https://cdn.demo.com/SKU004090.jpg,PRIMARY
4d4d88e9-8c12-4d35-ae4d-315f32bb1fe2,SKU004091,https://cdn.demo.com/SKU004091.jpg,PRIMARY
56309d19-8349-4ebe-9a23-2d9022bea662,SKU004092,https://cdn.demo.com/SKU004092.jpg,PRIMARY
c57cace0-aa0a-41b4-8a3b-f7fce01c50fa,SKU004093,https://cdn.demo.com/SKU004093.jpg,PRIMARY
b41756f0-8aa9-4547-ab1a-686a1ab8d9b5,SKU004094,https://cdn.demo.com/SKU004094.jpg,PRIMARY
b457493c-8ccc-4d54-8a9b-0bfacc0245c1,SKU004095,https://cdn.demo.com/SKU004095.jpg,PRIMARY
d0117902-29b8-46b9-9f0f-3d1a31cdec2a,SKU004096,https://cdn.demo.com/SKU004096.jpg,PRIMARY
9d593408-3d12-4550-94c7-191b9880a414,SKU004097,https://cdn.demo.com/SKU004097.jpg,PRIMARY
174c88de-a0fd-408f-9c3a-c024104d1845,SKU004098,https://cdn.demo.com/SKU004098.jpg,PRIMARY
3bcf1008-49f8-42ad-ac27-19944592640e,SKU004099,https://cdn.demo.com/SKU004099.jpg,PRIMARY
daf34663-98ed-41b4-ae8d-ff96592ebe1a,SKU004100,https://cdn.demo.com/SKU004100.jpg,PRIMARY
7b805912-0ca2-4920-9b38-4a8b2bf43538,SKU004101,https://cdn.demo.com/SKU004101.jpg,PRIMARY
5afd8fa0-c5cb-4d95-8a53-812cfbc6ab2d,SKU004102,https://cdn.demo.com/SKU004102.jpg,PRIMARY
67d68319-40f5-47bd-8688-c65f1a4266d1,SKU004103,https://cdn.demo.com/SKU004103.jpg,PRIMARY
15580a90-4c47-43d8-97fa-78832ae4152e,SKU004104,https://cdn.demo.com/SKU004104.jpg,PRIMARY
ae1d268d-5162-4201-a62c-23b2fbde96ce,SKU004105,https://cdn.demo.com/SKU004105.jpg,PRIMARY
a5bfddca-9c04-430d-a22d-fa65e355cfae,SKU004106,https://cdn.demo.com/SKU004106.jpg,PRIMARY
adf33110-cb30-4773-8cbc-c5d54626bbc2,SKU004107,https://cdn.demo.com/SKU004107.jpg,PRIMARY
725271d1-fd6a-4903-a65e-e0e82a90cf52,SKU004108,https://cdn.demo.com/SKU004108.jpg,PRIMARY
880622e6-2238-4237-a935-d7dab34f5992,SKU004109,https://cdn.demo.com/SKU004109.jpg,PRIMARY
2114d469-3c09-40ea-bb37-ec77a314c2d8,SKU004110,https://cdn.demo.com/SKU004110.jpg,PRIMARY
5e7ef116-cfb0-4eee-8f89-1ba839dc8598,SKU004111,https://cdn.demo.com/SKU004111.jpg,PRIMARY
ce4d9cba-0d37-48cd-9b24-a33e64c21724,SKU004112,https://cdn.demo.com/SKU004112.jpg,PRIMARY
54452aee-c74d-413a-a191-b9af2afef778,SKU004113,https://cdn.demo.com/SKU004113.jpg,PRIMARY
b55814a3-6e99-4283-ab44-20215196dba8,SKU004114,https://cdn.demo.com/SKU004114.jpg,PRIMARY
98e367f9-ae0e-482c-9f53-20e0fc0efbf2,SKU004115,https://cdn.demo.com/SKU004115.jpg,PRIMARY
a6dec96b-ba70-4967-ab3d-4ec7fe46f741,SKU004116,https://cdn.demo.com/SKU004116.jpg,PRIMARY
163333e4-e68a-472e-a272-1e8d16a3ba68,SKU004117,https://cdn.demo.com/SKU004117.jpg,PRIMARY
e7ecc829-ee9d-4c34-b31c-3b17d6869227,SKU004118,https://cdn.demo.com/SKU004118.jpg,PRIMARY
c99ac3b6-63ba-44b2-bc73-0cc6cba1869e,SKU004119,https://cdn.demo.com/SKU004119.jpg,PRIMARY
68cc795a-ad89-4170-b2a9-e36e32e0d19f,SKU004120,https://cdn.demo.com/SKU004120.jpg,PRIMARY
2dd12953-1d7d-4cb7-a07a-34fd7432b732,SKU004121,https://cdn.demo.com/SKU004121.jpg,PRIMARY
dc951980-e20f-4121-b266-a1f58382420d,SKU004122,https://cdn.demo.com/SKU004122.jpg,PRIMARY
6b79fc80-2d98-42eb-9238-9680f89574cc,SKU004123,https://cdn.demo.com/SKU004123.jpg,PRIMARY
0abd9c2a-5765-4442-8e40-66f040e09565,SKU004124,https://cdn.demo.com/SKU004124.jpg,PRIMARY
111a75bd-4db0-4aa8-97a5-af32fc6f2865,SKU004125,https://cdn.demo.com/SKU004125.jpg,PRIMARY
771d1ed4-358d-429e-8ca0-21421ff8d68d,SKU004126,https://cdn.demo.com/SKU004126.jpg,PRIMARY
d327aa77-d87b-473c-a70f-1acdf9f7b40e,SKU004127,https://cdn.demo.com/SKU004127.jpg,PRIMARY
28294b3f-2e5f-44be-9f62-75f4a1b0bb5d,SKU004128,https://cdn.demo.com/SKU004128.jpg,PRIMARY
d1ff4c28-5432-4612-9a77-b6663569fc66,SKU004129,https://cdn.demo.com/SKU004129.jpg,PRIMARY
254f8e35-6145-4f05-b6e7-9729f322a3d7,SKU004130,https://cdn.demo.com/SKU004130.jpg,PRIMARY
e2b9ec23-9254-4438-813e-c0ab02380af3,SKU004131,https://cdn.demo.com/SKU004131.jpg,PRIMARY
f893d0b9-7c41-4ceb-b568-aefa1f2635d2,SKU004132,https://cdn.demo.com/SKU004132.jpg,PRIMARY
e36193f5-0c41-45dd-b681-5ba1b00956ea,SKU004133,https://cdn.demo.com/SKU004133.jpg,PRIMARY
fab768ba-ec5e-4b34-aff8-636c1dbf4956,SKU004134,https://cdn.demo.com/SKU004134.jpg,PRIMARY
fda0e1b4-a87f-4efe-832e-aa8c472eab8e,SKU004135,https://cdn.demo.com/SKU004135.jpg,PRIMARY
f3f6bec7-cf2f-41b3-ac4c-9e97f5b12b71,SKU004136,https://cdn.demo.com/SKU004136.jpg,PRIMARY
70fc71d1-0b1c-4151-b1fd-762b53b590fb,SKU004137,https://cdn.demo.com/SKU004137.jpg,PRIMARY
a2ba3765-1da5-4c06-96d2-c07547c30512,SKU004138,https://cdn.demo.com/SKU004138.jpg,PRIMARY
ab64bf2a-a3d3-47ec-9ab5-4d3e6f15929f,SKU004139,https://cdn.demo.com/SKU004139.jpg,PRIMARY
2059dadc-f254-4bbc-bc9a-06b92e42d74b,SKU004140,https://cdn.demo.com/SKU004140.jpg,PRIMARY
5ec5eef4-4f61-4cb5-a289-66c3888d87cd,SKU004141,https://cdn.demo.com/SKU004141.jpg,PRIMARY
32d40813-6fe6-4e54-8c0e-db7aa7e6fd74,SKU004142,https://cdn.demo.com/SKU004142.jpg,PRIMARY
4ee072e0-3645-46f5-bb46-897fc4be20b4,SKU004143,https://cdn.demo.com/SKU004143.jpg,PRIMARY
e1ad2ebb-e799-4a72-b18e-6583cdc61da8,SKU004144,https://cdn.demo.com/SKU004144.jpg,PRIMARY
4b547e16-152f-4ad9-907b-37272bf681eb,SKU004145,https://cdn.demo.com/SKU004145.jpg,PRIMARY
c9dbbd3c-b0a4-40e7-abb4-6c19f8099e29,SKU004146,https://cdn.demo.com/SKU004146.jpg,PRIMARY
0b0aec55-efd4-4d58-bc32-f1cb22d35ba9,SKU004147,https://cdn.demo.com/SKU004147.jpg,PRIMARY
2bd01f68-3779-4a30-b0b0-32f5fd7d9af6,SKU004148,https://cdn.demo.com/SKU004148.jpg,PRIMARY
93da3167-d8f7-4227-ad02-d3cfe76ff778,SKU004149,https://cdn.demo.com/SKU004149.jpg,PRIMARY
e8080956-b2bf-4d1a-8479-df9d19d4e373,SKU004150,https://cdn.demo.com/SKU004150.jpg,PRIMARY
9a6a9a23-7f1b-48e0-8680-fa6225a3a377,SKU004151,https://cdn.demo.com/SKU004151.jpg,PRIMARY
b84f9c01-b507-46d0-952c-4aec545b62ea,SKU004152,https://cdn.demo.com/SKU004152.jpg,PRIMARY
d0b5dffd-b52e-4845-9f8c-3d546c393f79,SKU004153,https://cdn.demo.com/SKU004153.jpg,PRIMARY
62adcc67-8c0b-4ee2-97c6-0a50c2bc4dd5,SKU004154,https://cdn.demo.com/SKU004154.jpg,PRIMARY
28735f3b-182a-40f9-ad4c-bb99cb737739,SKU004155,https://cdn.demo.com/SKU004155.jpg,PRIMARY
27311be0-ca8e-4580-95d6-e2c8064fdf96,SKU004156,https://cdn.demo.com/SKU004156.jpg,PRIMARY
62dbeb58-9729-4612-b82a-1a60471eff2e,SKU004157,https://cdn.demo.com/SKU004157.jpg,PRIMARY
6beb3ced-f041-40b2-8429-af7db1fdf9a5,SKU004158,https://cdn.demo.com/SKU004158.jpg,PRIMARY
91be9d0e-f99d-4cb8-8315-8d84437ed1c1,SKU004159,https://cdn.demo.com/SKU004159.jpg,PRIMARY
819d927e-b6ae-4988-816f-2a61c64af640,SKU004160,https://cdn.demo.com/SKU004160.jpg,PRIMARY
3d8f811a-a6cf-479c-990d-ce82094a0e17,SKU004161,https://cdn.demo.com/SKU004161.jpg,PRIMARY
08e8ce0b-be4b-4f0c-ab5c-28ddf317159c,SKU004162,https://cdn.demo.com/SKU004162.jpg,PRIMARY
5de87ec4-db89-41c6-bc07-afdb331fb54f,SKU004163,https://cdn.demo.com/SKU004163.jpg,PRIMARY
3d3fd566-5daa-4670-99f3-21debc6e351f,SKU004164,https://cdn.demo.com/SKU004164.jpg,PRIMARY
eeeee49e-9f9a-4bb5-9388-0b09eccb7161,SKU004165,https://cdn.demo.com/SKU004165.jpg,PRIMARY
a2b7791a-ceeb-43f7-8301-7d734b04e59f,SKU004166,https://cdn.demo.com/SKU004166.jpg,PRIMARY
45eed7b9-3976-4c08-b18d-b6289ee1a68a,SKU004167,https://cdn.demo.com/SKU004167.jpg,PRIMARY
21d83d35-5351-4871-b16c-4fb7aca63ef3,SKU004168,https://cdn.demo.com/SKU004168.jpg,PRIMARY
0303aaf5-963a-4a3e-8e3a-d5a79d5e71a4,SKU004169,https://cdn.demo.com/SKU004169.jpg,PRIMARY
ccd3b142-2b8e-410b-963f-c03988da42f1,SKU004170,https://cdn.demo.com/SKU004170.jpg,PRIMARY
1f7bc3dc-819f-4833-9151-6a6ba22c0fd3,SKU004171,https://cdn.demo.com/SKU004171.jpg,PRIMARY
ce61f0d5-b23d-49e9-a4a6-9d9e87586fa4,SKU004172,https://cdn.demo.com/SKU004172.jpg,PRIMARY
8c20fb6b-8d00-4022-b0b7-9d7a97e996ed,SKU004173,https://cdn.demo.com/SKU004173.jpg,PRIMARY
ea2b2089-5e23-4430-9e1b-4f2ee83a4dd1,SKU004174,https://cdn.demo.com/SKU004174.jpg,PRIMARY
a89e66e5-52ea-425e-8219-b065339c31e3,SKU004175,https://cdn.demo.com/SKU004175.jpg,PRIMARY
01976add-a8dc-4b16-a33e-9c9c124e551f,SKU004176,https://cdn.demo.com/SKU004176.jpg,PRIMARY
7c01fbc7-612c-45a7-85b5-107b740019b2,SKU004177,https://cdn.demo.com/SKU004177.jpg,PRIMARY
b4a26bd8-25f8-4960-a486-c75e3df6e497,SKU004178,https://cdn.demo.com/SKU004178.jpg,PRIMARY
19cb7b81-2baa-4126-b8ad-c205598ea4a0,SKU004179,https://cdn.demo.com/SKU004179.jpg,PRIMARY
f6675c92-3b62-449f-999e-37dfa10168c6,SKU004180,https://cdn.demo.com/SKU004180.jpg,PRIMARY
02c81ca5-c115-4e55-8625-9c09d5d5227a,SKU004181,https://cdn.demo.com/SKU004181.jpg,PRIMARY
3e49d6ed-2a74-4589-b96c-8633fb3a0834,SKU004182,https://cdn.demo.com/SKU004182.jpg,PRIMARY
ce5f1965-7c5d-4ee5-8f3d-ae39137352b0,SKU004183,https://cdn.demo.com/SKU004183.jpg,PRIMARY
25f5d0e7-3144-4d08-a2aa-bfb8e338e097,SKU004184,https://cdn.demo.com/SKU004184.jpg,PRIMARY
ca7dc560-9894-4f1e-a88a-49aef6c57278,SKU004185,https://cdn.demo.com/SKU004185.jpg,PRIMARY
e3f340c1-97a4-4dde-a88a-6907f6a36f39,SKU004186,https://cdn.demo.com/SKU004186.jpg,PRIMARY
c490f226-c612-46a3-82ba-dbfcd58eeab8,SKU004187,https://cdn.demo.com/SKU004187.jpg,PRIMARY
7547ddb1-3db8-4f09-8336-5f62dcefe1b4,SKU004188,https://cdn.demo.com/SKU004188.jpg,PRIMARY
b80e01d3-4a8c-463d-a67c-e0606f0408da,SKU004189,https://cdn.demo.com/SKU004189.jpg,PRIMARY
eccb58a9-65ee-4d11-b926-6e63432e261d,SKU004190,https://cdn.demo.com/SKU004190.jpg,PRIMARY
1920087b-6f78-4f8b-87d9-aed65f6eb3f3,SKU004191,https://cdn.demo.com/SKU004191.jpg,PRIMARY
0ee3e421-c193-46c6-86de-4694fdf6d12e,SKU004192,https://cdn.demo.com/SKU004192.jpg,PRIMARY
da95b583-e3f7-4615-baf6-53adf0d6a118,SKU004193,https://cdn.demo.com/SKU004193.jpg,PRIMARY
de5d9379-3826-4265-ada4-3daf2e2c69c6,SKU004194,https://cdn.demo.com/SKU004194.jpg,PRIMARY
15749b1c-c086-495f-b46c-5cc9188c7607,SKU004195,https://cdn.demo.com/SKU004195.jpg,PRIMARY
fa218b9f-e808-4651-b9de-0548e92108bc,SKU004196,https://cdn.demo.com/SKU004196.jpg,PRIMARY
7401a865-6be9-4997-957c-4f9ff7ebf211,SKU004197,https://cdn.demo.com/SKU004197.jpg,PRIMARY
5a103771-9d4a-452f-854d-46ee16d38b56,SKU004198,https://cdn.demo.com/SKU004198.jpg,PRIMARY
fcb730ee-6ae9-45f2-a105-84c862dd1258,SKU004199,https://cdn.demo.com/SKU004199.jpg,PRIMARY
a3dd7a12-896b-4fcc-b311-6de0ab3a91d3,SKU004200,https://cdn.demo.com/SKU004200.jpg,PRIMARY
2f925393-6940-441b-bfc5-42febca3ea0d,SKU004201,https://cdn.demo.com/SKU004201.jpg,PRIMARY
728e19a6-563b-4b95-b8cf-ff116cd9644e,SKU004202,https://cdn.demo.com/SKU004202.jpg,PRIMARY
4cd1f66e-2bac-43a6-86fe-1f2d87f0df73,SKU004203,https://cdn.demo.com/SKU004203.jpg,PRIMARY
6c6b503f-f63c-4323-991b-51c065c42b77,SKU004204,https://cdn.demo.com/SKU004204.jpg,PRIMARY
4d859e7f-d89c-4e14-9f8f-2001dff6d02d,SKU004205,https://cdn.demo.com/SKU004205.jpg,PRIMARY
999d4504-1706-42d2-a923-e5ce9300a6ac,SKU004206,https://cdn.demo.com/SKU004206.jpg,PRIMARY
eef20169-a250-409b-877a-48305576e191,SKU004207,https://cdn.demo.com/SKU004207.jpg,PRIMARY
37a069be-bbfd-456c-930e-cc571b1568c6,SKU004208,https://cdn.demo.com/SKU004208.jpg,PRIMARY
18fc7200-3e72-4f8e-b9e1-be5ebbb3e9b0,SKU004209,https://cdn.demo.com/SKU004209.jpg,PRIMARY
3184bae1-2d9d-49e8-8d55-e01ac32c9f5e,SKU004210,https://cdn.demo.com/SKU004210.jpg,PRIMARY
5eb204e7-c87e-4b56-b813-e3ed65750326,SKU004211,https://cdn.demo.com/SKU004211.jpg,PRIMARY
564289e7-9d59-40d9-a1e5-5fffa141b349,SKU004212,https://cdn.demo.com/SKU004212.jpg,PRIMARY
44070a9b-1478-4db8-89c1-1d98c87b1aa2,SKU004213,https://cdn.demo.com/SKU004213.jpg,PRIMARY
e7b36aa7-bd29-4b5d-a6ec-2f3229be402d,SKU004214,https://cdn.demo.com/SKU004214.jpg,PRIMARY
659d9eaf-2123-4c51-a211-9ccf624f590f,SKU004215,https://cdn.demo.com/SKU004215.jpg,PRIMARY
50b3e6c7-8ed5-4e3d-9988-c33cae20f6f1,SKU004216,https://cdn.demo.com/SKU004216.jpg,PRIMARY
e9cb6034-e79f-4a4b-8a2f-86b438f18672,SKU004217,https://cdn.demo.com/SKU004217.jpg,PRIMARY
8885f833-7daf-474e-9dac-a3229d026661,SKU004218,https://cdn.demo.com/SKU004218.jpg,PRIMARY
73bb12a0-199b-4735-b61b-4b69e4c01ee5,SKU004219,https://cdn.demo.com/SKU004219.jpg,PRIMARY
08716afa-1431-4b23-b7d0-ec1c6cc15c6d,SKU004220,https://cdn.demo.com/SKU004220.jpg,PRIMARY
823ec17e-1b0e-466a-90f9-38e0dce599b0,SKU004221,https://cdn.demo.com/SKU004221.jpg,PRIMARY
1332f74f-5e56-4001-ad76-661fdea2f0f5,SKU004222,https://cdn.demo.com/SKU004222.jpg,PRIMARY
a11e2cd3-4e15-445d-82d4-37f2c19f831f,SKU004223,https://cdn.demo.com/SKU004223.jpg,PRIMARY
901572df-6ae2-411d-ba7c-7a8c25cd0d4b,SKU004224,https://cdn.demo.com/SKU004224.jpg,PRIMARY
5cfbf6eb-5e47-4b83-ae11-eef2aeabc974,SKU004225,https://cdn.demo.com/SKU004225.jpg,PRIMARY
0d1f190d-b2aa-4dc1-bca8-c232fffb03c6,SKU004226,https://cdn.demo.com/SKU004226.jpg,PRIMARY
33ee4993-f533-4c6f-9270-b4a20ce87224,SKU004227,https://cdn.demo.com/SKU004227.jpg,PRIMARY
d3879be3-1ee6-4c2b-b454-5a6eb4c69635,SKU004228,https://cdn.demo.com/SKU004228.jpg,PRIMARY
6647c321-3952-4a3b-8187-1deff13c35f5,SKU004229,https://cdn.demo.com/SKU004229.jpg,PRIMARY
2fd1ccf0-95c3-4fd8-9a1f-da6869106248,SKU004230,https://cdn.demo.com/SKU004230.jpg,PRIMARY
152961c4-4d45-414d-b444-b5e03b3f8399,SKU004231,https://cdn.demo.com/SKU004231.jpg,PRIMARY
c84658de-2f60-4370-964e-9fab29d1d394,SKU004232,https://cdn.demo.com/SKU004232.jpg,PRIMARY
6bcfeb14-38ac-4a25-b290-90c34460d87f,SKU004233,https://cdn.demo.com/SKU004233.jpg,PRIMARY
4b1b0897-f1f2-47a3-8711-8d6401ba1fc6,SKU004234,https://cdn.demo.com/SKU004234.jpg,PRIMARY
bdc8a8a9-0d62-4030-8f7a-dbaf16bf6f49,SKU004235,https://cdn.demo.com/SKU004235.jpg,PRIMARY
9f004a9d-1f4d-48b4-9a32-1397a66957fd,SKU004236,https://cdn.demo.com/SKU004236.jpg,PRIMARY
10a465f6-d619-4abb-b10b-8f52cd1d1311,SKU004237,https://cdn.demo.com/SKU004237.jpg,PRIMARY
18cf45a7-bc00-4507-904f-87c2af23d00e,SKU004238,https://cdn.demo.com/SKU004238.jpg,PRIMARY
4383b530-86e5-432c-a3d5-4dc586fa9db7,SKU004239,https://cdn.demo.com/SKU004239.jpg,PRIMARY
ddb58af7-c9a8-4cd7-b679-ada20524e850,SKU004240,https://cdn.demo.com/SKU004240.jpg,PRIMARY
a14d52a1-f0a4-4b86-be73-906535c3a7d7,SKU004241,https://cdn.demo.com/SKU004241.jpg,PRIMARY
a6e4c95a-59bd-44a6-aca7-37010fcfcfb9,SKU004242,https://cdn.demo.com/SKU004242.jpg,PRIMARY
6e0d6f2f-2bab-423f-ac82-68aefb518dd1,SKU004243,https://cdn.demo.com/SKU004243.jpg,PRIMARY
ea12434b-c403-4e74-b623-2ef255fb1f40,SKU004244,https://cdn.demo.com/SKU004244.jpg,PRIMARY
49d39f0b-89a8-4da4-941a-542f4d3ecc17,SKU004245,https://cdn.demo.com/SKU004245.jpg,PRIMARY
4b297ab2-8a76-460a-a722-11c06b5ced3c,SKU004246,https://cdn.demo.com/SKU004246.jpg,PRIMARY
e7d8820c-6b77-45e4-82db-714b3cb5dd79,SKU004247,https://cdn.demo.com/SKU004247.jpg,PRIMARY
62be22e3-8719-4639-b06b-59173a613c45,SKU004248,https://cdn.demo.com/SKU004248.jpg,PRIMARY
091ff578-f85c-41ba-ba45-73bb60febaf6,SKU004249,https://cdn.demo.com/SKU004249.jpg,PRIMARY
2899bdba-8728-4f31-be62-42fd0aa3887b,SKU004250,https://cdn.demo.com/SKU004250.jpg,PRIMARY
4137d896-c159-43ab-a690-a9b87542ef91,SKU004251,https://cdn.demo.com/SKU004251.jpg,PRIMARY
f6eef79f-fcd2-4977-985e-351e77c25d83,SKU004252,https://cdn.demo.com/SKU004252.jpg,PRIMARY
984dec90-423e-45f2-ab09-e9246a21d75c,SKU004253,https://cdn.demo.com/SKU004253.jpg,PRIMARY
c1a9d9f2-4e49-4fd5-9347-1d71be32b491,SKU004254,https://cdn.demo.com/SKU004254.jpg,PRIMARY
5ce8557d-4a3a-414f-9345-88959a31b050,SKU004255,https://cdn.demo.com/SKU004255.jpg,PRIMARY
04cef8d2-df9d-4136-acea-4049da139909,SKU004256,https://cdn.demo.com/SKU004256.jpg,PRIMARY
a67485f8-8209-482a-9fc8-bf9bf9bff94c,SKU004257,https://cdn.demo.com/SKU004257.jpg,PRIMARY
24ce2fe8-1a9d-4468-9ea0-f467af507d2f,SKU004258,https://cdn.demo.com/SKU004258.jpg,PRIMARY
fd05024d-05fd-4ca9-8b66-cf4639013e7f,SKU004259,https://cdn.demo.com/SKU004259.jpg,PRIMARY
2f77c6f6-905c-40d1-923b-cfdbd403bfb6,SKU004260,https://cdn.demo.com/SKU004260.jpg,PRIMARY
c52f7bf5-2482-4af9-9935-2eea499e0a4c,SKU004261,https://cdn.demo.com/SKU004261.jpg,PRIMARY
5c5caf69-09ad-436a-b5cd-ac024867e6c5,SKU004262,https://cdn.demo.com/SKU004262.jpg,PRIMARY
494e5d96-7bb6-45a5-9d54-5ac42313310f,SKU004263,https://cdn.demo.com/SKU004263.jpg,PRIMARY
cf84aa95-ad14-499f-ac8c-07304b50db26,SKU004264,https://cdn.demo.com/SKU004264.jpg,PRIMARY
1018d072-c861-42eb-b395-3e4766ee662b,SKU004265,https://cdn.demo.com/SKU004265.jpg,PRIMARY
a19bf60d-7307-4bfc-bb6f-40e3ff1ae9c0,SKU004266,https://cdn.demo.com/SKU004266.jpg,PRIMARY
ba64a9d0-3165-4f8e-b5fc-543a3bcfce8b,SKU004267,https://cdn.demo.com/SKU004267.jpg,PRIMARY
042a5d92-ac0b-4bcb-b088-498302c2bead,SKU004268,https://cdn.demo.com/SKU004268.jpg,PRIMARY
d71e4447-df0b-47d7-90f3-a2a899fa8e7b,SKU004269,https://cdn.demo.com/SKU004269.jpg,PRIMARY
79185b16-6ce2-4a55-b05c-47704fb9145b,SKU004270,https://cdn.demo.com/SKU004270.jpg,PRIMARY
2819c8a5-a32e-440a-bffa-064cc0da7c1e,SKU004271,https://cdn.demo.com/SKU004271.jpg,PRIMARY
dfb90e18-0417-4379-8766-15233ad431f3,SKU004272,https://cdn.demo.com/SKU004272.jpg,PRIMARY
9d9d8c58-8849-4bde-bc55-d62e8d01e9ff,SKU004273,https://cdn.demo.com/SKU004273.jpg,PRIMARY
413c9a7c-90ba-4b19-b5e2-1270b246cf20,SKU004274,https://cdn.demo.com/SKU004274.jpg,PRIMARY
78416b6c-6f4c-4e48-ad31-273f59e43ca0,SKU004275,https://cdn.demo.com/SKU004275.jpg,PRIMARY
0f42ab03-ac9c-4576-9ae1-fd4c87e55750,SKU004276,https://cdn.demo.com/SKU004276.jpg,PRIMARY
01367f95-34b4-4bc1-99d7-fc799f002e96,SKU004277,https://cdn.demo.com/SKU004277.jpg,PRIMARY
a991cc63-af46-419d-a1f7-986043989f25,SKU004278,https://cdn.demo.com/SKU004278.jpg,PRIMARY
8b9cc373-f93a-4289-bb3f-bb2281cd16b6,SKU004279,https://cdn.demo.com/SKU004279.jpg,PRIMARY
cd96ddbf-8716-464d-8531-f9d1355da752,SKU004280,https://cdn.demo.com/SKU004280.jpg,PRIMARY
3773d298-f96a-443f-b27c-3a54dfdee769,SKU004281,https://cdn.demo.com/SKU004281.jpg,PRIMARY
b7d42308-b312-462d-90aa-d7ee709e6e31,SKU004282,https://cdn.demo.com/SKU004282.jpg,PRIMARY
bd4f96d8-f1f7-456f-9800-db30b088fb91,SKU004283,https://cdn.demo.com/SKU004283.jpg,PRIMARY
1c7d5073-db7c-4591-aee1-c5c36b092180,SKU004284,https://cdn.demo.com/SKU004284.jpg,PRIMARY
4cc49532-f466-499f-9218-d1ff29512192,SKU004285,https://cdn.demo.com/SKU004285.jpg,PRIMARY
606a0913-2e0d-4905-8c99-c9ccad63ceb5,SKU004286,https://cdn.demo.com/SKU004286.jpg,PRIMARY
535a9f26-7191-482e-a38a-8b288fc9d326,SKU004287,https://cdn.demo.com/SKU004287.jpg,PRIMARY
9e559163-58f9-40c7-9276-9366059aab5f,SKU004288,https://cdn.demo.com/SKU004288.jpg,PRIMARY
05ea7376-e3e4-4796-a842-0afa1487bead,SKU004289,https://cdn.demo.com/SKU004289.jpg,PRIMARY
d99e3f36-64ca-486f-ae3a-19ed404cfbd6,SKU004290,https://cdn.demo.com/SKU004290.jpg,PRIMARY
56bf1acb-0933-4ab6-acf2-5c93224967c5,SKU004291,https://cdn.demo.com/SKU004291.jpg,PRIMARY
b9795b80-4f7a-4984-8cb3-c91d0cfa9491,SKU004292,https://cdn.demo.com/SKU004292.jpg,PRIMARY
b779e2be-81e8-4f3c-986b-e34ab25d2349,SKU004293,https://cdn.demo.com/SKU004293.jpg,PRIMARY
ea7bb5fc-823e-4e41-b660-1632947b7706,SKU004294,https://cdn.demo.com/SKU004294.jpg,PRIMARY
4e6b6638-abc2-4b37-b9d3-2ceadf9d0ed4,SKU004295,https://cdn.demo.com/SKU004295.jpg,PRIMARY
21d57b96-14dc-4c11-adb5-32f8d779f48c,SKU004296,https://cdn.demo.com/SKU004296.jpg,PRIMARY
eccd7823-e2a7-43f2-86b5-1ddf1fbe12dc,SKU004297,https://cdn.demo.com/SKU004297.jpg,PRIMARY
9b48a7c1-5ebb-4190-b5b2-edc55164e45f,SKU004298,https://cdn.demo.com/SKU004298.jpg,PRIMARY
1b57c400-2d6e-490e-b50a-c1d558d2bd6f,SKU004299,https://cdn.demo.com/SKU004299.jpg,PRIMARY
9967c46b-8fef-41c3-a30b-ea976a02edb1,SKU004300,https://cdn.demo.com/SKU004300.jpg,PRIMARY
9355c4d2-de2d-4d79-9ceb-8e3830aecf4e,SKU004301,https://cdn.demo.com/SKU004301.jpg,PRIMARY
7a52bce4-77b4-43a2-9766-d5fda41348ad,SKU004302,https://cdn.demo.com/SKU004302.jpg,PRIMARY
4becde61-8faf-4e95-aeb7-b07c346936eb,SKU004303,https://cdn.demo.com/SKU004303.jpg,PRIMARY
d13d73b7-6380-485c-abe4-454b5f7330b4,SKU004304,https://cdn.demo.com/SKU004304.jpg,PRIMARY
38a08fed-0b8d-4ef5-91c6-7f66869e9985,SKU004305,https://cdn.demo.com/SKU004305.jpg,PRIMARY
9e46f445-3d18-42d4-9a5b-d2ebaab3383f,SKU004306,https://cdn.demo.com/SKU004306.jpg,PRIMARY
436d6c6d-bfa8-45b9-809e-09a5505c0e40,SKU004307,https://cdn.demo.com/SKU004307.jpg,PRIMARY
88589480-5b1e-4ae0-9ad2-19d92f50c220,SKU004308,https://cdn.demo.com/SKU004308.jpg,PRIMARY
1e55fc7a-3c2b-44e0-a095-6b0bc677fe48,SKU004309,https://cdn.demo.com/SKU004309.jpg,PRIMARY
8141d395-8ccd-49e3-98c5-d2119c8e8ade,SKU004310,https://cdn.demo.com/SKU004310.jpg,PRIMARY
00cda957-76e0-4137-8e89-2aee46611949,SKU004311,https://cdn.demo.com/SKU004311.jpg,PRIMARY
9ae1eada-c30b-4849-8b1e-e8bb5a25bb52,SKU004312,https://cdn.demo.com/SKU004312.jpg,PRIMARY
44960a87-3736-4f26-bdba-20ccb3670d19,SKU004313,https://cdn.demo.com/SKU004313.jpg,PRIMARY
1775be3d-c541-4c33-9075-1abcf0fdfe7e,SKU004314,https://cdn.demo.com/SKU004314.jpg,PRIMARY
09d63fd9-7522-4a02-abff-e424ffd5869e,SKU004315,https://cdn.demo.com/SKU004315.jpg,PRIMARY
79d917a7-53bc-4486-86e4-a3be48bf7629,SKU004316,https://cdn.demo.com/SKU004316.jpg,PRIMARY
5ab8fe3f-2461-4ef7-8243-d940cfcefe63,SKU004317,https://cdn.demo.com/SKU004317.jpg,PRIMARY
6f093027-8676-41e7-8d98-93bc1375ece5,SKU004318,https://cdn.demo.com/SKU004318.jpg,PRIMARY
39b585fe-393c-4cc4-a23c-edd0eb622b35,SKU004319,https://cdn.demo.com/SKU004319.jpg,PRIMARY
5d13f419-dc59-463c-a693-633035d86edb,SKU004320,https://cdn.demo.com/SKU004320.jpg,PRIMARY
480c6f61-d282-4c16-9ef5-435916bf53c5,SKU004321,https://cdn.demo.com/SKU004321.jpg,PRIMARY
abf6ed2d-8328-421e-b0f7-9210c7d3ce92,SKU004322,https://cdn.demo.com/SKU004322.jpg,PRIMARY
89b7e0b8-f7cd-48fd-a05f-c5ecd538e3ce,SKU004323,https://cdn.demo.com/SKU004323.jpg,PRIMARY
93d9cbc4-b530-4869-8b19-98e00022fcc5,SKU004324,https://cdn.demo.com/SKU004324.jpg,PRIMARY
349e4c15-7918-43f0-80a6-3337ff6fc2f1,SKU004325,https://cdn.demo.com/SKU004325.jpg,PRIMARY
e6d650ff-6e63-4446-a9b9-7357d394815b,SKU004326,https://cdn.demo.com/SKU004326.jpg,PRIMARY
241d211a-69a4-4f90-b223-d84519501608,SKU004327,https://cdn.demo.com/SKU004327.jpg,PRIMARY
69c93ab9-67a5-48b0-ae05-3796d3626207,SKU004328,https://cdn.demo.com/SKU004328.jpg,PRIMARY
bd4b8765-1347-4f3f-8afd-fff9414d1270,SKU004329,https://cdn.demo.com/SKU004329.jpg,PRIMARY
85528feb-3593-44a8-9568-111d8e89298d,SKU004330,https://cdn.demo.com/SKU004330.jpg,PRIMARY
5b194829-dcc9-4390-81f7-36020b98595b,SKU004331,https://cdn.demo.com/SKU004331.jpg,PRIMARY
c4fb1689-c4ff-425e-bcbc-4cce2e9cefcf,SKU004332,https://cdn.demo.com/SKU004332.jpg,PRIMARY
e2a5e3fe-a719-4bf2-bac8-9cadc84e2dd8,SKU004333,https://cdn.demo.com/SKU004333.jpg,PRIMARY
e37c7ac6-0e07-4fba-b3f8-84758c017823,SKU004334,https://cdn.demo.com/SKU004334.jpg,PRIMARY
d78b0844-455e-429e-a914-6c006084e154,SKU004335,https://cdn.demo.com/SKU004335.jpg,PRIMARY
ac97831e-7389-4da9-89e0-e4e9de1896e3,SKU004336,https://cdn.demo.com/SKU004336.jpg,PRIMARY
f93f08cf-d80f-4726-8417-94bfa724946f,SKU004337,https://cdn.demo.com/SKU004337.jpg,PRIMARY
cb827b2a-05f6-4c8e-a817-40d2f9ae7a03,SKU004338,https://cdn.demo.com/SKU004338.jpg,PRIMARY
b0991fd0-6cd1-4817-b5d0-401111e20374,SKU004339,https://cdn.demo.com/SKU004339.jpg,PRIMARY
8675f1ee-2055-4deb-9d41-250b311a3423,SKU004340,https://cdn.demo.com/SKU004340.jpg,PRIMARY
677b3706-8f51-4529-93d4-35c881af15a1,SKU004341,https://cdn.demo.com/SKU004341.jpg,PRIMARY
eb414cc2-20e5-4f21-a410-4dfad88e1a2b,SKU004342,https://cdn.demo.com/SKU004342.jpg,PRIMARY
873d1448-07df-4c33-8d69-42a6b400f577,SKU004343,https://cdn.demo.com/SKU004343.jpg,PRIMARY
fc137b65-29cd-4596-bb5c-4597aadb3180,SKU004344,https://cdn.demo.com/SKU004344.jpg,PRIMARY
dd8a4a35-3269-47c2-ab3a-51f95b791adc,SKU004345,https://cdn.demo.com/SKU004345.jpg,PRIMARY
d0d8e784-9a78-447d-ab5e-2823c969a697,SKU004346,https://cdn.demo.com/SKU004346.jpg,PRIMARY
d5f4fc7e-74cd-4fc9-ab45-c7713cb4970e,SKU004347,https://cdn.demo.com/SKU004347.jpg,PRIMARY
ee488a2c-d073-486c-8e31-2eb0d1547224,SKU004348,https://cdn.demo.com/SKU004348.jpg,PRIMARY
291581c8-14e6-4d0c-8560-f9cb452e3699,SKU004349,https://cdn.demo.com/SKU004349.jpg,PRIMARY
404e5588-2b64-4534-8a98-aa6589528159,SKU004350,https://cdn.demo.com/SKU004350.jpg,PRIMARY
a8def2d1-8baf-4070-936c-8740f40d18f4,SKU004351,https://cdn.demo.com/SKU004351.jpg,PRIMARY
f71a4a7a-d361-4cd8-8b7d-3441ad1417ab,SKU004352,https://cdn.demo.com/SKU004352.jpg,PRIMARY
ef852cbf-75ab-41c1-a24d-a7d8d05bf0f2,SKU004353,https://cdn.demo.com/SKU004353.jpg,PRIMARY
c1e739d5-5590-4330-b0b2-c5b870ab7235,SKU004354,https://cdn.demo.com/SKU004354.jpg,PRIMARY
17e3055f-3f67-45b0-9797-f9a488558527,SKU004355,https://cdn.demo.com/SKU004355.jpg,PRIMARY
d5577420-ff55-459f-ad50-5757ac7b4694,SKU004356,https://cdn.demo.com/SKU004356.jpg,PRIMARY
17c1fec4-e0c5-4f76-adfc-adcf63220fa1,SKU004357,https://cdn.demo.com/SKU004357.jpg,PRIMARY
9a0c42ab-c6de-4a3e-b649-adda5df2bdc1,SKU004358,https://cdn.demo.com/SKU004358.jpg,PRIMARY
f1a64376-3f97-49dc-ab4a-144a6610a4cb,SKU004359,https://cdn.demo.com/SKU004359.jpg,PRIMARY
50a1af26-0c1c-4f0c-b690-65d965d8f9d3,SKU004360,https://cdn.demo.com/SKU004360.jpg,PRIMARY
c53c0cbd-c094-4909-9d00-6a96b7996cfe,SKU004361,https://cdn.demo.com/SKU004361.jpg,PRIMARY
564d59c2-eb4a-42c2-b83a-5aecb63a912d,SKU004362,https://cdn.demo.com/SKU004362.jpg,PRIMARY
f2a991d8-aff1-4a22-a588-a95797f4fb94,SKU004363,https://cdn.demo.com/SKU004363.jpg,PRIMARY
64774acb-f041-4595-8a81-1f1686c4d705,SKU004364,https://cdn.demo.com/SKU004364.jpg,PRIMARY
b45f1bc5-f0cd-4009-8713-420b15985cc8,SKU004365,https://cdn.demo.com/SKU004365.jpg,PRIMARY
9cbf668d-8d4c-475f-b326-745677ab4e0c,SKU004366,https://cdn.demo.com/SKU004366.jpg,PRIMARY
d7e0cb1e-1443-4d79-9716-b6999737d934,SKU004367,https://cdn.demo.com/SKU004367.jpg,PRIMARY
57a6d63e-6c6a-46b6-be26-5f554f761d7c,SKU004368,https://cdn.demo.com/SKU004368.jpg,PRIMARY
07a0ada6-dbc1-4510-a003-291f8de35c6a,SKU004369,https://cdn.demo.com/SKU004369.jpg,PRIMARY
a33f4ca6-0188-43b7-94ae-6d102185b341,SKU004370,https://cdn.demo.com/SKU004370.jpg,PRIMARY
71a8ee3e-1d05-4efc-945c-3025c02fcad6,SKU004371,https://cdn.demo.com/SKU004371.jpg,PRIMARY
56971121-3d26-4df0-b434-610006f48e39,SKU004372,https://cdn.demo.com/SKU004372.jpg,PRIMARY
eb7d99bc-ab93-4658-be84-2c508e205df2,SKU004373,https://cdn.demo.com/SKU004373.jpg,PRIMARY
76e98602-3db1-4237-8d99-e538d97091ed,SKU004374,https://cdn.demo.com/SKU004374.jpg,PRIMARY
cd2ceebc-0086-4249-9035-04fe99f3279f,SKU004375,https://cdn.demo.com/SKU004375.jpg,PRIMARY
edb277ef-d489-478e-ada4-bb6fa06c4ac7,SKU004376,https://cdn.demo.com/SKU004376.jpg,PRIMARY
bc7f72e7-e076-464d-998b-6b585d2f6d76,SKU004377,https://cdn.demo.com/SKU004377.jpg,PRIMARY
4304d297-23b1-497d-a734-536fffb982e4,SKU004378,https://cdn.demo.com/SKU004378.jpg,PRIMARY
cb49a9f4-8d48-4436-a771-ccbbcec58ba3,SKU004379,https://cdn.demo.com/SKU004379.jpg,PRIMARY
b79acfd6-e2b3-435b-ac13-44dd085be620,SKU004380,https://cdn.demo.com/SKU004380.jpg,PRIMARY
35ce5297-a860-4d64-bd92-9e8b9adedf70,SKU004381,https://cdn.demo.com/SKU004381.jpg,PRIMARY
17689c80-2cf9-4f2a-bb17-27ede07502e6,SKU004382,https://cdn.demo.com/SKU004382.jpg,PRIMARY
39ca57bd-54bd-4b05-8163-5c86fa9c5c50,SKU004383,https://cdn.demo.com/SKU004383.jpg,PRIMARY
c056b52e-de6d-41d6-ac14-cd51a8e6a175,SKU004384,https://cdn.demo.com/SKU004384.jpg,PRIMARY
3c8f7708-7ebd-40bd-826a-aefbc694750c,SKU004385,https://cdn.demo.com/SKU004385.jpg,PRIMARY
bbfe4e83-68e8-4ff7-84bb-722fbe970ab1,SKU004386,https://cdn.demo.com/SKU004386.jpg,PRIMARY
9d6f77d1-1140-4f03-9dc3-3c93c8b92729,SKU004387,https://cdn.demo.com/SKU004387.jpg,PRIMARY
4bb92673-c53b-492b-8a6d-fae43df621ad,SKU004388,https://cdn.demo.com/SKU004388.jpg,PRIMARY
7127ca55-c62c-4cda-840c-dad7e57a6d5e,SKU004389,https://cdn.demo.com/SKU004389.jpg,PRIMARY
3dd93772-3eda-4a7a-ae65-d4af8c76146d,SKU004390,https://cdn.demo.com/SKU004390.jpg,PRIMARY
120a96f6-b83d-435e-b2aa-877af0d84855,SKU004391,https://cdn.demo.com/SKU004391.jpg,PRIMARY
b820e952-af20-48f0-8566-c3a468024a26,SKU004392,https://cdn.demo.com/SKU004392.jpg,PRIMARY
f85ff717-124a-46d7-b018-d78092a45cbf,SKU004393,https://cdn.demo.com/SKU004393.jpg,PRIMARY
f582d252-f247-406e-8193-86e8b6278bd0,SKU004394,https://cdn.demo.com/SKU004394.jpg,PRIMARY
cc295b8b-8c8a-4be4-b902-804b6196072e,SKU004395,https://cdn.demo.com/SKU004395.jpg,PRIMARY
2cc281af-a324-4e01-a361-557b90eacf4c,SKU004396,https://cdn.demo.com/SKU004396.jpg,PRIMARY
e4a634a4-1b20-4a0d-b7fe-a084e325df5b,SKU004397,https://cdn.demo.com/SKU004397.jpg,PRIMARY
954e9ee7-6514-49bb-8dcf-ecf75283caff,SKU004398,https://cdn.demo.com/SKU004398.jpg,PRIMARY
b119daa6-b759-487a-8301-af5951fb2b76,SKU004399,https://cdn.demo.com/SKU004399.jpg,PRIMARY
36a9d2bf-0034-49f9-ab35-69d303307de9,SKU004400,https://cdn.demo.com/SKU004400.jpg,PRIMARY
334486cb-0c8e-4121-9c7d-018ffe4ce19b,SKU004401,https://cdn.demo.com/SKU004401.jpg,PRIMARY
51344d22-9e4a-4925-9bf3-ba936cfcbb0c,SKU004402,https://cdn.demo.com/SKU004402.jpg,PRIMARY
78fd4c94-fd1e-44f0-b7aa-1309898ce19f,SKU004403,https://cdn.demo.com/SKU004403.jpg,PRIMARY
858bb9e9-34cd-460b-9876-8ac033bd0d4d,SKU004404,https://cdn.demo.com/SKU004404.jpg,PRIMARY
5de074d3-4bdc-4983-ab2b-4438a9ee31ee,SKU004405,https://cdn.demo.com/SKU004405.jpg,PRIMARY
17702c24-553d-4cbf-9ad9-ff98ff80807e,SKU004406,https://cdn.demo.com/SKU004406.jpg,PRIMARY
8a249a5d-595f-4402-8185-30c2dba60101,SKU004407,https://cdn.demo.com/SKU004407.jpg,PRIMARY
964a8f60-553b-406b-963a-0ed167892e55,SKU004408,https://cdn.demo.com/SKU004408.jpg,PRIMARY
39b75c13-146d-4caa-85dd-068843170c5a,SKU004409,https://cdn.demo.com/SKU004409.jpg,PRIMARY
b3341166-b08b-43a5-af82-f36cc0ecc5a2,SKU004410,https://cdn.demo.com/SKU004410.jpg,PRIMARY
d6d18713-f472-428c-8d52-94ab4af41c6e,SKU004411,https://cdn.demo.com/SKU004411.jpg,PRIMARY
a5db86cf-14bc-4af1-85ac-e219963f981e,SKU004412,https://cdn.demo.com/SKU004412.jpg,PRIMARY
d57b18f2-ef11-40a2-8996-7acd9d842bec,SKU004413,https://cdn.demo.com/SKU004413.jpg,PRIMARY
683214a3-b280-4382-8786-ceef4da5ced3,SKU004414,https://cdn.demo.com/SKU004414.jpg,PRIMARY
afa70172-cf2b-4263-9914-0e873f38c51b,SKU004415,https://cdn.demo.com/SKU004415.jpg,PRIMARY
02f7c952-8619-4b17-a26f-ab1bf4ff829a,SKU004416,https://cdn.demo.com/SKU004416.jpg,PRIMARY
f25c879d-281d-4143-bf7d-1bcaf46cf5a7,SKU004417,https://cdn.demo.com/SKU004417.jpg,PRIMARY
268d14af-552b-4b86-95e7-4c0e83ac1d96,SKU004418,https://cdn.demo.com/SKU004418.jpg,PRIMARY
1e678b3f-a5ac-4b23-bf64-1fc4c0fe0f64,SKU004419,https://cdn.demo.com/SKU004419.jpg,PRIMARY
58c67dc1-5350-415b-87c0-a2903c30cc5c,SKU004420,https://cdn.demo.com/SKU004420.jpg,PRIMARY
ec06a78d-23b2-4a78-b7e2-9a1daef53e95,SKU004421,https://cdn.demo.com/SKU004421.jpg,PRIMARY
45c5b3d3-82bb-41ef-b64b-59a109c13cb9,SKU004422,https://cdn.demo.com/SKU004422.jpg,PRIMARY
b072cb68-a357-42a0-b201-f5dd5883837c,SKU004423,https://cdn.demo.com/SKU004423.jpg,PRIMARY
c1d62d34-087f-4d04-bb6d-98b13b8b76e9,SKU004424,https://cdn.demo.com/SKU004424.jpg,PRIMARY
a9fd69b6-63bd-49cd-b880-ee0ef56e8b61,SKU004425,https://cdn.demo.com/SKU004425.jpg,PRIMARY
acdfbdc3-85e1-4cb6-93c2-5eb7e3539c0b,SKU004426,https://cdn.demo.com/SKU004426.jpg,PRIMARY
0d5b5297-2649-40c2-8596-1bcfb538e6dc,SKU004427,https://cdn.demo.com/SKU004427.jpg,PRIMARY
6edcdc05-9110-4898-aee1-3d1dfd56d638,SKU004428,https://cdn.demo.com/SKU004428.jpg,PRIMARY
37362544-794a-423b-8e95-c695dc5ab4b2,SKU004429,https://cdn.demo.com/SKU004429.jpg,PRIMARY
f4446482-9bf0-404d-a009-f4d61a3bcc65,SKU004430,https://cdn.demo.com/SKU004430.jpg,PRIMARY
29dd5246-e645-4d64-ae6a-3ebcc28c2286,SKU004431,https://cdn.demo.com/SKU004431.jpg,PRIMARY
44f5b989-0508-48a7-b71b-5867d6e32cce,SKU004432,https://cdn.demo.com/SKU004432.jpg,PRIMARY
c2a8ef91-cf0c-4322-976f-e8821bc0cffe,SKU004433,https://cdn.demo.com/SKU004433.jpg,PRIMARY
7c3d5c08-d411-445d-ac2a-54f5ffc50599,SKU004434,https://cdn.demo.com/SKU004434.jpg,PRIMARY
08bcd2e0-45be-4642-bdb5-16b69784e18a,SKU004435,https://cdn.demo.com/SKU004435.jpg,PRIMARY
5e3e7534-2dbe-4526-87aa-12468a7c0d8c,SKU004436,https://cdn.demo.com/SKU004436.jpg,PRIMARY
0f8bf650-2fb2-4480-9e6d-8b0de39fe921,SKU004437,https://cdn.demo.com/SKU004437.jpg,PRIMARY
c7ff86df-d1e1-48ba-befc-3f7afc51d104,SKU004438,https://cdn.demo.com/SKU004438.jpg,PRIMARY
72ace6c0-91b7-41f6-832d-862c5f92283f,SKU004439,https://cdn.demo.com/SKU004439.jpg,PRIMARY
279a8a47-3ef4-4ce9-864c-fde2a96fe1b8,SKU004440,https://cdn.demo.com/SKU004440.jpg,PRIMARY
3fb080c2-4379-44bf-943a-3eda0015bd5f,SKU004441,https://cdn.demo.com/SKU004441.jpg,PRIMARY
81282d08-a96f-403f-9e04-6e13ae21f660,SKU004442,https://cdn.demo.com/SKU004442.jpg,PRIMARY
f1b8a349-0611-47bd-942b-7a11b85d5119,SKU004443,https://cdn.demo.com/SKU004443.jpg,PRIMARY
b8163bbb-1ee7-456c-b84d-8d8aec91cfea,SKU004444,https://cdn.demo.com/SKU004444.jpg,PRIMARY
5a14e0af-787b-44e6-aaff-1805b4376ca5,SKU004445,https://cdn.demo.com/SKU004445.jpg,PRIMARY
49503ede-fbf7-425b-bbd1-c96b8d296f61,SKU004446,https://cdn.demo.com/SKU004446.jpg,PRIMARY
c2b54991-6583-464d-8f36-583a23340210,SKU004447,https://cdn.demo.com/SKU004447.jpg,PRIMARY
cf42248b-50c6-4526-b11b-40d088a39278,SKU004448,https://cdn.demo.com/SKU004448.jpg,PRIMARY
22b3ac85-64ce-41a1-9543-493e92dc63b9,SKU004449,https://cdn.demo.com/SKU004449.jpg,PRIMARY
bb89aade-e5d6-447c-8a43-d44c103a79c9,SKU004450,https://cdn.demo.com/SKU004450.jpg,PRIMARY
ca37b2fe-6eab-4cd6-b8d9-65aa3e871df0,SKU004451,https://cdn.demo.com/SKU004451.jpg,PRIMARY
c40fad44-3660-4bd9-a1e6-1af00b348efe,SKU004452,https://cdn.demo.com/SKU004452.jpg,PRIMARY
8e66c0ae-830e-48ba-ad27-bbcff21f1815,SKU004453,https://cdn.demo.com/SKU004453.jpg,PRIMARY
ff507808-3ad2-4517-8c5e-74785fb2c2e9,SKU004454,https://cdn.demo.com/SKU004454.jpg,PRIMARY
2ed9065d-68bf-434e-bbb0-982181e41f20,SKU004455,https://cdn.demo.com/SKU004455.jpg,PRIMARY
caf988b9-10a9-4844-a8e5-df3f3512bc4b,SKU004456,https://cdn.demo.com/SKU004456.jpg,PRIMARY
6cce6cd5-d6e5-453c-ba5c-33455ac7f5eb,SKU004457,https://cdn.demo.com/SKU004457.jpg,PRIMARY
60fbe8f9-380d-4f3c-8ce2-2cbe4109c39f,SKU004458,https://cdn.demo.com/SKU004458.jpg,PRIMARY
ce74c6bd-0a1f-47fb-8cdc-4032c8bf8c8b,SKU004459,https://cdn.demo.com/SKU004459.jpg,PRIMARY
81a0269a-7201-4111-9903-2f0adbb8ccb2,SKU004460,https://cdn.demo.com/SKU004460.jpg,PRIMARY
c2a4d729-f363-4fe7-bbaa-0f79cc04fd62,SKU004461,https://cdn.demo.com/SKU004461.jpg,PRIMARY
5fb10210-2761-4651-b67a-87102a7d1b52,SKU004462,https://cdn.demo.com/SKU004462.jpg,PRIMARY
52058817-852e-44d8-be0a-6234a94c7bf3,SKU004463,https://cdn.demo.com/SKU004463.jpg,PRIMARY
e681bf60-ad8f-4413-b856-a8a47b3a5f32,SKU004464,https://cdn.demo.com/SKU004464.jpg,PRIMARY
558817c3-7063-44fe-8ca4-3a3b29e3b603,SKU004465,https://cdn.demo.com/SKU004465.jpg,PRIMARY
a7d4d280-6a04-4fdd-9c1f-cd1ba509b6eb,SKU004466,https://cdn.demo.com/SKU004466.jpg,PRIMARY
a2602204-3c4f-433f-b558-9c2fede25939,SKU004467,https://cdn.demo.com/SKU004467.jpg,PRIMARY
b3f079d6-4b2f-4a4c-9f33-1ab1729f3b8d,SKU004468,https://cdn.demo.com/SKU004468.jpg,PRIMARY
a86a7a68-4684-4679-a75e-fdd75d98ca1a,SKU004469,https://cdn.demo.com/SKU004469.jpg,PRIMARY
8955be7b-5d1a-417c-9dac-9c325ba6ba53,SKU004470,https://cdn.demo.com/SKU004470.jpg,PRIMARY
ccda544a-fb36-432a-8342-9bb7845efd3a,SKU004471,https://cdn.demo.com/SKU004471.jpg,PRIMARY
0bdd07f8-86eb-43c2-8279-5cd161e9d9d0,SKU004472,https://cdn.demo.com/SKU004472.jpg,PRIMARY
78a75f41-fbc1-4f8e-87e1-e31b96aa544d,SKU004473,https://cdn.demo.com/SKU004473.jpg,PRIMARY
d76df037-2ab1-42f7-a9c0-fcee4c85829b,SKU004474,https://cdn.demo.com/SKU004474.jpg,PRIMARY
799e8497-acad-42b0-878b-0086d7c7166e,SKU004475,https://cdn.demo.com/SKU004475.jpg,PRIMARY
33bf95dd-45e5-4a86-9af4-3613e4b1d78d,SKU004476,https://cdn.demo.com/SKU004476.jpg,PRIMARY
bf9bf376-4ae5-4e4e-b06c-87ea90b0ff9e,SKU004477,https://cdn.demo.com/SKU004477.jpg,PRIMARY
8015d8c1-736a-485f-88ef-d1fe235255d3,SKU004478,https://cdn.demo.com/SKU004478.jpg,PRIMARY
08ea9747-3090-4a4d-b3f3-0a2f76052a0e,SKU004479,https://cdn.demo.com/SKU004479.jpg,PRIMARY
bbe4e2f5-59df-4d4d-a284-9dee8e2646a7,SKU004480,https://cdn.demo.com/SKU004480.jpg,PRIMARY
e5e58e71-8d80-414c-b1e0-264f06408c90,SKU004481,https://cdn.demo.com/SKU004481.jpg,PRIMARY
ee411c55-7bd1-45bf-884a-474a7719b60b,SKU004482,https://cdn.demo.com/SKU004482.jpg,PRIMARY
521b5aab-74d1-48a9-bc40-cba9ccee0713,SKU004483,https://cdn.demo.com/SKU004483.jpg,PRIMARY
5f0c3ff9-04da-4e2b-bfcd-137fe896321f,SKU004484,https://cdn.demo.com/SKU004484.jpg,PRIMARY
b77c0cdc-2cca-4831-a365-3e9e4e74ee23,SKU004485,https://cdn.demo.com/SKU004485.jpg,PRIMARY
1a730451-a89d-4bad-9610-27c0ae4ebabd,SKU004486,https://cdn.demo.com/SKU004486.jpg,PRIMARY
aebab498-e2e4-46a2-b288-5a2a691eca35,SKU004487,https://cdn.demo.com/SKU004487.jpg,PRIMARY
4a68925a-774c-4562-97d0-fc8822351229,SKU004488,https://cdn.demo.com/SKU004488.jpg,PRIMARY
990be6f7-6081-4a33-8ff2-58b2a68a5c5e,SKU004489,https://cdn.demo.com/SKU004489.jpg,PRIMARY
5802256f-13ca-45da-9546-e24fddcf66cb,SKU004490,https://cdn.demo.com/SKU004490.jpg,PRIMARY
603c863a-446e-42b2-8c5b-5e17dbdd138d,SKU004491,https://cdn.demo.com/SKU004491.jpg,PRIMARY
c891c060-5b75-4b76-9aa6-1057bf70e0d9,SKU004492,https://cdn.demo.com/SKU004492.jpg,PRIMARY
f7838b8a-f912-47b9-84f9-b681fa472113,SKU004493,https://cdn.demo.com/SKU004493.jpg,PRIMARY
ea913d69-bf8e-456b-af0a-6d11bfe9306b,SKU004494,https://cdn.demo.com/SKU004494.jpg,PRIMARY
e85dc26b-2798-41b7-926e-42f3794599e9,SKU004495,https://cdn.demo.com/SKU004495.jpg,PRIMARY
9f58dc8c-3fe8-444d-b6d7-bc4b4f6bbb02,SKU004496,https://cdn.demo.com/SKU004496.jpg,PRIMARY
965bfbbc-c017-4ec7-a317-860907748b33,SKU004497,https://cdn.demo.com/SKU004497.jpg,PRIMARY
8433785b-c00f-42fe-a660-0342f7caf098,SKU004498,https://cdn.demo.com/SKU004498.jpg,PRIMARY
1108a898-9d5f-46ac-ba0c-e298b51cc12a,SKU004499,https://cdn.demo.com/SKU004499.jpg,PRIMARY
99af33bb-fbb1-413a-b1e7-8fc2ac2c020a,SKU004500,https://cdn.demo.com/SKU004500.jpg,PRIMARY
2d805d86-7d49-4e80-b8a5-c379c1919e4e,SKU004501,https://cdn.demo.com/SKU004501.jpg,PRIMARY
8b314a75-c5e5-4a46-b043-28b84106aa87,SKU004502,https://cdn.demo.com/SKU004502.jpg,PRIMARY
5d904b6e-4e4b-496f-a7f6-e9534b5ad8d1,SKU004503,https://cdn.demo.com/SKU004503.jpg,PRIMARY
d2ae971d-7e5c-4cb8-8520-e06099064581,SKU004504,https://cdn.demo.com/SKU004504.jpg,PRIMARY
540b9e2a-c8e9-4f0b-9f6d-eb675f2fa0d7,SKU004505,https://cdn.demo.com/SKU004505.jpg,PRIMARY
faa880ed-a8bd-46a7-8a4c-88b2ea2cefbc,SKU004506,https://cdn.demo.com/SKU004506.jpg,PRIMARY
83b5296f-af9c-4547-a9df-ba6f0cc359ee,SKU004507,https://cdn.demo.com/SKU004507.jpg,PRIMARY
32a95535-1d2e-4e9d-89f3-a1d723604f46,SKU004508,https://cdn.demo.com/SKU004508.jpg,PRIMARY
b3cd203e-4952-4f60-82bf-36d5c8d02b55,SKU004509,https://cdn.demo.com/SKU004509.jpg,PRIMARY
6f514505-dd8c-4b9d-a6a9-1dec33caf5d2,SKU004510,https://cdn.demo.com/SKU004510.jpg,PRIMARY
e66f1667-09a9-4318-90d7-84c63f578d7d,SKU004511,https://cdn.demo.com/SKU004511.jpg,PRIMARY
5ec9ecd4-bcc3-4c0c-aea7-42984bc88ee6,SKU004512,https://cdn.demo.com/SKU004512.jpg,PRIMARY
88fb8a35-b2c0-45b4-bd12-41aa0a4b1fb8,SKU004513,https://cdn.demo.com/SKU004513.jpg,PRIMARY
28fe8a1e-f746-41fc-9c6f-7941ecb198db,SKU004514,https://cdn.demo.com/SKU004514.jpg,PRIMARY
8dae9072-8d86-4666-9294-eb319f77cf14,SKU004515,https://cdn.demo.com/SKU004515.jpg,PRIMARY
29b6063d-4e10-4e52-9a02-54c5f94e5409,SKU004516,https://cdn.demo.com/SKU004516.jpg,PRIMARY
356e9bb6-840b-4277-b1d0-4a6bb4f5172c,SKU004517,https://cdn.demo.com/SKU004517.jpg,PRIMARY
8ff316bb-33e3-48d1-ac57-03e8c6f764c0,SKU004518,https://cdn.demo.com/SKU004518.jpg,PRIMARY
67c0718c-e22b-49ea-ab49-df207f53e232,SKU004519,https://cdn.demo.com/SKU004519.jpg,PRIMARY
5feebc66-e9eb-4ae5-9445-5de4cfdf2bb0,SKU004520,https://cdn.demo.com/SKU004520.jpg,PRIMARY
7084b3cf-4c61-4e28-a6fd-ee1c296fa5d0,SKU004521,https://cdn.demo.com/SKU004521.jpg,PRIMARY
9095be9d-a271-454f-af67-06f28daab3b7,SKU004522,https://cdn.demo.com/SKU004522.jpg,PRIMARY
2fcc5491-37b1-44fc-8d53-853022dbb4ef,SKU004523,https://cdn.demo.com/SKU004523.jpg,PRIMARY
3653c716-18a3-4127-bf1e-ba15d4f9bd75,SKU004524,https://cdn.demo.com/SKU004524.jpg,PRIMARY
ecda4919-fb89-4ce3-a623-44598c81f561,SKU004525,https://cdn.demo.com/SKU004525.jpg,PRIMARY
da07e219-815d-494e-9c62-4fe99c44ce5c,SKU004526,https://cdn.demo.com/SKU004526.jpg,PRIMARY
188548af-52be-4646-b328-15b5bdf51ade,SKU004527,https://cdn.demo.com/SKU004527.jpg,PRIMARY
c5e61a95-fae6-402b-a3ad-f2243d2e87a1,SKU004528,https://cdn.demo.com/SKU004528.jpg,PRIMARY
c914913d-f26a-4045-b537-2f76671c0315,SKU004529,https://cdn.demo.com/SKU004529.jpg,PRIMARY
105ad6be-16b1-4508-a5c2-ef8402368f50,SKU004530,https://cdn.demo.com/SKU004530.jpg,PRIMARY
af78da9f-eaf4-4885-881e-e931dba2d2d0,SKU004531,https://cdn.demo.com/SKU004531.jpg,PRIMARY
2bad449d-b58f-40f4-9d13-9a43cf6e7592,SKU004532,https://cdn.demo.com/SKU004532.jpg,PRIMARY
df7772b9-3498-4de5-a738-6be769a6692d,SKU004533,https://cdn.demo.com/SKU004533.jpg,PRIMARY
bdfebc9a-863b-43a9-ac30-1f4ce13f22ed,SKU004534,https://cdn.demo.com/SKU004534.jpg,PRIMARY
e0e23727-6f23-4889-a1c0-aed6e4b2f102,SKU004535,https://cdn.demo.com/SKU004535.jpg,PRIMARY
2fb5f27f-ba75-480a-917c-3bf4938e368e,SKU004536,https://cdn.demo.com/SKU004536.jpg,PRIMARY
c075aa38-139b-4c9c-aa0d-f194c70ae2fe,SKU004537,https://cdn.demo.com/SKU004537.jpg,PRIMARY
8564c72a-6d55-4b98-9488-ee90dd942bc9,SKU004538,https://cdn.demo.com/SKU004538.jpg,PRIMARY
37e88168-6165-4e50-8d53-20f8daa44177,SKU004539,https://cdn.demo.com/SKU004539.jpg,PRIMARY
a4b8f4e1-1eba-4e59-82f4-91edcebc3ce3,SKU004540,https://cdn.demo.com/SKU004540.jpg,PRIMARY
5d6f36a4-c7f7-48ff-9b0c-a2efea3a3ea8,SKU004541,https://cdn.demo.com/SKU004541.jpg,PRIMARY
ac290620-f2a8-485d-99d0-6ecc092b758c,SKU004542,https://cdn.demo.com/SKU004542.jpg,PRIMARY
650d539a-cdf5-4de9-9d42-609ee5f4687a,SKU004543,https://cdn.demo.com/SKU004543.jpg,PRIMARY
59802025-c8a7-4459-891c-714536ecd699,SKU004544,https://cdn.demo.com/SKU004544.jpg,PRIMARY
3c000060-277b-4a0c-9dd2-5c2952754735,SKU004545,https://cdn.demo.com/SKU004545.jpg,PRIMARY
d291b576-1246-4c7e-af35-0ebb72c84492,SKU004546,https://cdn.demo.com/SKU004546.jpg,PRIMARY
ce0805e4-2004-4580-bb2f-2cc8b19ad783,SKU004547,https://cdn.demo.com/SKU004547.jpg,PRIMARY
8385b23d-53e5-4734-b11c-12e958a45b78,SKU004548,https://cdn.demo.com/SKU004548.jpg,PRIMARY
7b48ac4f-0b29-4d96-b2ff-46f5584b2903,SKU004549,https://cdn.demo.com/SKU004549.jpg,PRIMARY
abb499ea-cad0-485d-8d8f-7ca6c9164eb1,SKU004550,https://cdn.demo.com/SKU004550.jpg,PRIMARY
2084be31-6221-41b4-a3fd-279a296457b6,SKU004551,https://cdn.demo.com/SKU004551.jpg,PRIMARY
9546ce2f-f88b-4e4a-9a50-325a3a03c7e4,SKU004552,https://cdn.demo.com/SKU004552.jpg,PRIMARY
1568e7eb-148f-4e9a-abec-54caa875b247,SKU004553,https://cdn.demo.com/SKU004553.jpg,PRIMARY
740a3c9d-4c67-474e-9020-468a4107be40,SKU004554,https://cdn.demo.com/SKU004554.jpg,PRIMARY
397f9e2d-b9c7-4fe1-b2f0-fc46a0637468,SKU004555,https://cdn.demo.com/SKU004555.jpg,PRIMARY
c1a27edd-187e-4166-a9f5-3f9520d96c68,SKU004556,https://cdn.demo.com/SKU004556.jpg,PRIMARY
1fd0fb58-c4da-4dc0-9fe1-d5670f6bfe94,SKU004557,https://cdn.demo.com/SKU004557.jpg,PRIMARY
044c6bce-bbd1-4ed7-9351-7e04c398e5ca,SKU004558,https://cdn.demo.com/SKU004558.jpg,PRIMARY
ac6ae349-e92d-40d2-a356-bdcab930a83a,SKU004559,https://cdn.demo.com/SKU004559.jpg,PRIMARY
1c988200-e2c4-429b-88aa-191a90c53a9a,SKU004560,https://cdn.demo.com/SKU004560.jpg,PRIMARY
4fb8e278-96f6-49f0-9b11-3d400b3fd8e9,SKU004561,https://cdn.demo.com/SKU004561.jpg,PRIMARY
6d101ff5-428a-4133-bd00-feef387ab7a2,SKU004562,https://cdn.demo.com/SKU004562.jpg,PRIMARY
3fcc639a-e005-481c-8e00-c50dc9a922cb,SKU004563,https://cdn.demo.com/SKU004563.jpg,PRIMARY
f2be1ee8-df1e-40b7-b8a9-a45051b11d3c,SKU004564,https://cdn.demo.com/SKU004564.jpg,PRIMARY
e6aa8743-4e0f-4010-8551-8366bbb7130c,SKU004565,https://cdn.demo.com/SKU004565.jpg,PRIMARY
a7b1e636-f575-49d8-8b06-3432925b906d,SKU004566,https://cdn.demo.com/SKU004566.jpg,PRIMARY
a3fce22c-da51-4ac1-99ef-24529b92a223,SKU004567,https://cdn.demo.com/SKU004567.jpg,PRIMARY
7785f33b-3bfa-4921-9f00-66bd864a4a2d,SKU004568,https://cdn.demo.com/SKU004568.jpg,PRIMARY
a9c398e7-aa44-4d1f-ad89-d2e22894cf81,SKU004569,https://cdn.demo.com/SKU004569.jpg,PRIMARY
6e88459a-3bbe-409d-aad8-4b40717c2750,SKU004570,https://cdn.demo.com/SKU004570.jpg,PRIMARY
7536091f-bc59-4b5c-bc7e-fc2e9eb062a7,SKU004571,https://cdn.demo.com/SKU004571.jpg,PRIMARY
3e2f4629-ee8e-4a6c-a900-427efab1e258,SKU004572,https://cdn.demo.com/SKU004572.jpg,PRIMARY
5c984408-bcf5-46cb-8dbc-90f3d2d90720,SKU004573,https://cdn.demo.com/SKU004573.jpg,PRIMARY
eaa3eeed-6bfd-438a-9469-44295d57774e,SKU004574,https://cdn.demo.com/SKU004574.jpg,PRIMARY
b29a7f84-6361-4ecd-91dd-bdf0e23cb09f,SKU004575,https://cdn.demo.com/SKU004575.jpg,PRIMARY
ccd910b6-9db2-4056-8f89-68ac421bae0a,SKU004576,https://cdn.demo.com/SKU004576.jpg,PRIMARY
077e58d8-8451-405e-96d4-472d1727d9c7,SKU004577,https://cdn.demo.com/SKU004577.jpg,PRIMARY
5be30d46-3668-4313-9074-33842179bead,SKU004578,https://cdn.demo.com/SKU004578.jpg,PRIMARY
cabdadf3-1870-4c4b-ab28-488ff8ae3718,SKU004579,https://cdn.demo.com/SKU004579.jpg,PRIMARY
7ca522d6-00ef-49fa-9c1d-92e90775fd01,SKU004580,https://cdn.demo.com/SKU004580.jpg,PRIMARY
1b1de28a-702a-416f-83c6-d96c053cfc1d,SKU004581,https://cdn.demo.com/SKU004581.jpg,PRIMARY
5b4e432f-b84e-4ec4-9a40-638692f8c411,SKU004582,https://cdn.demo.com/SKU004582.jpg,PRIMARY
bc541593-d361-4b0e-b224-ad7092cbd7ab,SKU004583,https://cdn.demo.com/SKU004583.jpg,PRIMARY
a202c279-6011-488c-a6b7-5e232dcfa704,SKU004584,https://cdn.demo.com/SKU004584.jpg,PRIMARY
803b65b9-7a81-41b3-a288-c926692f6e2c,SKU004585,https://cdn.demo.com/SKU004585.jpg,PRIMARY
03cd2736-9c27-4628-bba4-8364e5d275b1,SKU004586,https://cdn.demo.com/SKU004586.jpg,PRIMARY
f0e2be15-7ad7-44fb-a30b-cab470c69dca,SKU004587,https://cdn.demo.com/SKU004587.jpg,PRIMARY
9f1d71c4-29d2-406f-ada9-6c1ac824707c,SKU004588,https://cdn.demo.com/SKU004588.jpg,PRIMARY
3c5294a4-d13e-46b2-b9df-c7a094e79269,SKU004589,https://cdn.demo.com/SKU004589.jpg,PRIMARY
d91e7310-9650-4696-943a-f1b938dbcba0,SKU004590,https://cdn.demo.com/SKU004590.jpg,PRIMARY
6508d697-a250-4536-b8ba-5909fed5be4a,SKU004591,https://cdn.demo.com/SKU004591.jpg,PRIMARY
78661470-e57e-4e16-8cfd-9be82f101a1a,SKU004592,https://cdn.demo.com/SKU004592.jpg,PRIMARY
ef5d1132-e7ba-49cb-9d4f-c60b696b23c5,SKU004593,https://cdn.demo.com/SKU004593.jpg,PRIMARY
f5621786-bed1-4bbe-aa3e-f4435cc215e2,SKU004594,https://cdn.demo.com/SKU004594.jpg,PRIMARY
6f1da02d-4dda-4940-87a2-4e89f45c57aa,SKU004595,https://cdn.demo.com/SKU004595.jpg,PRIMARY
82295bbe-ea2e-4320-955d-c2d8cfed7825,SKU004596,https://cdn.demo.com/SKU004596.jpg,PRIMARY
30084a76-2d1d-4172-b486-4af85621f46b,SKU004597,https://cdn.demo.com/SKU004597.jpg,PRIMARY
e9d6191d-d613-40ce-9954-ab88a5be051a,SKU004598,https://cdn.demo.com/SKU004598.jpg,PRIMARY
f1c68298-b610-4643-bacb-8fb8f996315f,SKU004599,https://cdn.demo.com/SKU004599.jpg,PRIMARY
ccc6ad35-6d2e-4ea7-888d-bb09df14cf26,SKU004600,https://cdn.demo.com/SKU004600.jpg,PRIMARY
fa103613-1cf6-4799-a4e8-dcaf875a1bfc,SKU004601,https://cdn.demo.com/SKU004601.jpg,PRIMARY
c5bf2405-fe90-4620-aee8-c66510cad800,SKU004602,https://cdn.demo.com/SKU004602.jpg,PRIMARY
dbdc76e5-dc4f-458d-86ac-d51a6dd263dc,SKU004603,https://cdn.demo.com/SKU004603.jpg,PRIMARY
7d5d5c97-9d01-40f0-a52d-08befa7aab3e,SKU004604,https://cdn.demo.com/SKU004604.jpg,PRIMARY
ccf2ec94-9dfa-4925-921c-a38fe87fd805,SKU004605,https://cdn.demo.com/SKU004605.jpg,PRIMARY
2c56934a-fb03-446d-8652-5e678de1fac3,SKU004606,https://cdn.demo.com/SKU004606.jpg,PRIMARY
ecc37b7b-e476-4419-a23e-2e97e6eff60f,SKU004607,https://cdn.demo.com/SKU004607.jpg,PRIMARY
9cfb697e-9772-4ea8-a341-05d68962a819,SKU004608,https://cdn.demo.com/SKU004608.jpg,PRIMARY
dae98a1c-53f8-44a3-858b-9b09fdc1546c,SKU004609,https://cdn.demo.com/SKU004609.jpg,PRIMARY
7ec7aa77-8f28-4653-86a0-276ded50331f,SKU004610,https://cdn.demo.com/SKU004610.jpg,PRIMARY
0ac8767f-6c5c-481f-a8f6-1f73daca5e36,SKU004611,https://cdn.demo.com/SKU004611.jpg,PRIMARY
7031f6d4-c0cb-4d98-8094-d48f0f7e8c59,SKU004612,https://cdn.demo.com/SKU004612.jpg,PRIMARY
38d4dcbd-b958-409b-b88d-ec9dacc7e3b5,SKU004613,https://cdn.demo.com/SKU004613.jpg,PRIMARY
1ff08994-3816-4707-9bf7-ee347bc1d8c0,SKU004614,https://cdn.demo.com/SKU004614.jpg,PRIMARY
fc1dd993-0640-42a3-8d7f-b4a380069d72,SKU004615,https://cdn.demo.com/SKU004615.jpg,PRIMARY
dc3b7ddd-9e2a-4464-a73b-d633961c6d75,SKU004616,https://cdn.demo.com/SKU004616.jpg,PRIMARY
eb802172-4780-4059-a1b5-958102ea0402,SKU004617,https://cdn.demo.com/SKU004617.jpg,PRIMARY
826001ff-47ff-4efd-91ba-999a1ebdc2eb,SKU004618,https://cdn.demo.com/SKU004618.jpg,PRIMARY
e571c6e8-d6bf-4fc3-a0d5-1d7acc6dfc00,SKU004619,https://cdn.demo.com/SKU004619.jpg,PRIMARY
9403b94d-d02e-4028-840f-f13b6cec6094,SKU004620,https://cdn.demo.com/SKU004620.jpg,PRIMARY
260f2e54-27ee-4a14-bc99-aacd123755a2,SKU004621,https://cdn.demo.com/SKU004621.jpg,PRIMARY
39468666-c175-44b1-834f-bbd985c27707,SKU004622,https://cdn.demo.com/SKU004622.jpg,PRIMARY
67ca331b-b442-4bee-85f3-2ee90c37c4c6,SKU004623,https://cdn.demo.com/SKU004623.jpg,PRIMARY
a3c7e52d-f886-40d8-a46d-3678808d7dc4,SKU004624,https://cdn.demo.com/SKU004624.jpg,PRIMARY
ba144211-ba7c-4d35-9e10-3a41bedd2ffa,SKU004625,https://cdn.demo.com/SKU004625.jpg,PRIMARY
be32f5a9-8925-406f-80f5-32d529318995,SKU004626,https://cdn.demo.com/SKU004626.jpg,PRIMARY
b6bd49e7-eeb6-450f-a083-d5b4d9f1d255,SKU004627,https://cdn.demo.com/SKU004627.jpg,PRIMARY
47fc36d4-b289-4e25-9f56-b24e57ad6ace,SKU004628,https://cdn.demo.com/SKU004628.jpg,PRIMARY
a7110114-575b-4e9f-b470-1e935f82c581,SKU004629,https://cdn.demo.com/SKU004629.jpg,PRIMARY
454b0bd9-0406-435b-afcb-1372c812918e,SKU004630,https://cdn.demo.com/SKU004630.jpg,PRIMARY
d740c075-2d53-41ca-ab4b-533ea5a7bcc6,SKU004631,https://cdn.demo.com/SKU004631.jpg,PRIMARY
f4f32857-825b-4299-af7d-a83bfe08cf00,SKU004632,https://cdn.demo.com/SKU004632.jpg,PRIMARY
9fb919b7-755b-4b31-a7bd-a9fff14c816e,SKU004633,https://cdn.demo.com/SKU004633.jpg,PRIMARY
9e4e38fb-7fe3-44db-85f0-3b1caa8d1d4d,SKU004634,https://cdn.demo.com/SKU004634.jpg,PRIMARY
07afecc0-57c5-45b8-9a92-f7d4caf48518,SKU004635,https://cdn.demo.com/SKU004635.jpg,PRIMARY
8de3f755-efdc-4718-8dba-0365da07c5e6,SKU004636,https://cdn.demo.com/SKU004636.jpg,PRIMARY
4c5eb80c-0928-449d-af07-d854c075042c,SKU004637,https://cdn.demo.com/SKU004637.jpg,PRIMARY
3285f4bc-0bc4-4e92-a183-dbce587e6d3b,SKU004638,https://cdn.demo.com/SKU004638.jpg,PRIMARY
61811d4e-1d48-43bd-91f3-29e802497e78,SKU004639,https://cdn.demo.com/SKU004639.jpg,PRIMARY
e4cfe704-62ba-4b05-b7cc-99e678e6b787,SKU004640,https://cdn.demo.com/SKU004640.jpg,PRIMARY
3bb4e128-c6b5-48eb-b011-2a3b20c3cc62,SKU004641,https://cdn.demo.com/SKU004641.jpg,PRIMARY
f643c632-59f1-47f2-a67b-b068220e2eb2,SKU004642,https://cdn.demo.com/SKU004642.jpg,PRIMARY
d11d486d-eaf2-4c9c-aa9c-68250852f495,SKU004643,https://cdn.demo.com/SKU004643.jpg,PRIMARY
7b4040e4-cba0-4ce0-a410-84645cbfc9da,SKU004644,https://cdn.demo.com/SKU004644.jpg,PRIMARY
35853af3-418d-4575-8e5a-468ea28130d2,SKU004645,https://cdn.demo.com/SKU004645.jpg,PRIMARY
86331709-3343-4cc2-a16e-9bb864a1a70e,SKU004646,https://cdn.demo.com/SKU004646.jpg,PRIMARY
3b996433-8df4-4dfe-9664-f0980a61319f,SKU004647,https://cdn.demo.com/SKU004647.jpg,PRIMARY
d165c858-7771-4fd8-ad91-898c2254db57,SKU004648,https://cdn.demo.com/SKU004648.jpg,PRIMARY
71a5bbc4-3e0d-41e4-ab9b-0604dbb8a3b2,SKU004649,https://cdn.demo.com/SKU004649.jpg,PRIMARY
16c01576-bb9d-44a1-adf2-ca3331e674b0,SKU004650,https://cdn.demo.com/SKU004650.jpg,PRIMARY
76ffc2a0-07a2-4081-8a9a-592b5452c653,SKU004651,https://cdn.demo.com/SKU004651.jpg,PRIMARY
7aa70e64-e1ce-431f-ac52-b66262e76255,SKU004652,https://cdn.demo.com/SKU004652.jpg,PRIMARY
f143ea77-1643-4e2c-9281-4706f98be219,SKU004653,https://cdn.demo.com/SKU004653.jpg,PRIMARY
ba4f3929-12ec-4e33-a76d-dbcd7756feaf,SKU004654,https://cdn.demo.com/SKU004654.jpg,PRIMARY
f308b67e-72df-4276-90e5-f951ab499193,SKU004655,https://cdn.demo.com/SKU004655.jpg,PRIMARY
6c0819df-773f-43fa-9803-a4568c0e51bb,SKU004656,https://cdn.demo.com/SKU004656.jpg,PRIMARY
34f183e3-16bc-4e5b-8736-6555e7838577,SKU004657,https://cdn.demo.com/SKU004657.jpg,PRIMARY
70505b5d-eea2-4835-ac9e-bd17e4eb8bcb,SKU004658,https://cdn.demo.com/SKU004658.jpg,PRIMARY
0d470d21-5c8b-4a5f-9718-2ec9bb19dca4,SKU004659,https://cdn.demo.com/SKU004659.jpg,PRIMARY
48566cfa-e0cf-4ae8-91da-9bc4c344ec3d,SKU004660,https://cdn.demo.com/SKU004660.jpg,PRIMARY
04eb2a92-8022-467c-a5e2-96cd883eebd1,SKU004661,https://cdn.demo.com/SKU004661.jpg,PRIMARY
0b97e8e1-ccdd-4631-8164-bdd9c8b7425d,SKU004662,https://cdn.demo.com/SKU004662.jpg,PRIMARY
9b7ccd8c-6a7a-46be-b167-a421a6547ee6,SKU004663,https://cdn.demo.com/SKU004663.jpg,PRIMARY
66385854-4110-4a3c-af34-dd1f7faeda8b,SKU004664,https://cdn.demo.com/SKU004664.jpg,PRIMARY
aa25caeb-dc93-4635-9f9a-21880a2d9576,SKU004665,https://cdn.demo.com/SKU004665.jpg,PRIMARY
86426775-9456-413f-9688-2d873f18f161,SKU004666,https://cdn.demo.com/SKU004666.jpg,PRIMARY
966fcfdd-3ee2-48d2-b487-063f6fd51cdb,SKU004667,https://cdn.demo.com/SKU004667.jpg,PRIMARY
4a1faefb-c6ea-4dc8-993a-20ddb31a4283,SKU004668,https://cdn.demo.com/SKU004668.jpg,PRIMARY
dec3bfcf-0bcd-4a47-b9b5-e6c83d31ff76,SKU004669,https://cdn.demo.com/SKU004669.jpg,PRIMARY
41c964c0-1295-4d05-9b16-33e494f86ba1,SKU004670,https://cdn.demo.com/SKU004670.jpg,PRIMARY
e78466f6-c4a1-4ba2-9e2f-c371c08bb58d,SKU004671,https://cdn.demo.com/SKU004671.jpg,PRIMARY
197bafab-3b00-4756-ae7a-e62cbb603230,SKU004672,https://cdn.demo.com/SKU004672.jpg,PRIMARY
e9d0b9b8-7bfa-4451-b3d1-819b846e9bf6,SKU004673,https://cdn.demo.com/SKU004673.jpg,PRIMARY
3ad6985f-f1d0-4e6a-8e8a-02776d00e5ab,SKU004674,https://cdn.demo.com/SKU004674.jpg,PRIMARY
7359b897-f326-4c2b-baed-e157a2cbae70,SKU004675,https://cdn.demo.com/SKU004675.jpg,PRIMARY
8a8f52a8-4715-4e47-8b6a-704b1da7f013,SKU004676,https://cdn.demo.com/SKU004676.jpg,PRIMARY
b4f4c43d-ced3-4906-b9e5-6c7fcdbd0ead,SKU004677,https://cdn.demo.com/SKU004677.jpg,PRIMARY
fca0f4b7-71d4-4a1b-a18d-246e2380b7e9,SKU004678,https://cdn.demo.com/SKU004678.jpg,PRIMARY
e5ce74ae-916b-464b-9975-97640f149d00,SKU004679,https://cdn.demo.com/SKU004679.jpg,PRIMARY
809d383a-d405-4f7e-ba06-c18e884d65d4,SKU004680,https://cdn.demo.com/SKU004680.jpg,PRIMARY
0f284780-e1df-4c4e-b56a-b1b8f83a83a2,SKU004681,https://cdn.demo.com/SKU004681.jpg,PRIMARY
cba9920a-f4f5-4152-9e79-aa3b4ca0661d,SKU004682,https://cdn.demo.com/SKU004682.jpg,PRIMARY
efe52263-6eff-40f1-a51a-3082ceff352c,SKU004683,https://cdn.demo.com/SKU004683.jpg,PRIMARY
e6256d02-d82c-4275-8e74-9a22e3d958c2,SKU004684,https://cdn.demo.com/SKU004684.jpg,PRIMARY
0287efb7-d6b4-452a-932e-bd560c793e2c,SKU004685,https://cdn.demo.com/SKU004685.jpg,PRIMARY
e1b45957-72e6-4921-a8e2-81f0ced24c8d,SKU004686,https://cdn.demo.com/SKU004686.jpg,PRIMARY
a606f9ba-5657-4d66-b2e0-11263a3a08e3,SKU004687,https://cdn.demo.com/SKU004687.jpg,PRIMARY
975581f4-b318-43e4-be89-a535ade31087,SKU004688,https://cdn.demo.com/SKU004688.jpg,PRIMARY
bf971df4-22fb-4b44-9057-fc931845b62f,SKU004689,https://cdn.demo.com/SKU004689.jpg,PRIMARY
11abde3f-c606-4d37-acce-f48beca99994,SKU004690,https://cdn.demo.com/SKU004690.jpg,PRIMARY
b5f42d07-123e-47d8-bf30-31c30beec635,SKU004691,https://cdn.demo.com/SKU004691.jpg,PRIMARY
ad38295c-d880-4c4f-8f1d-00cc0dea9a0c,SKU004692,https://cdn.demo.com/SKU004692.jpg,PRIMARY
5c24d865-d7a9-4173-8aec-1ce2e80bb14b,SKU004693,https://cdn.demo.com/SKU004693.jpg,PRIMARY
05e99b94-811a-4548-ae3f-1cfd2a5b4944,SKU004694,https://cdn.demo.com/SKU004694.jpg,PRIMARY
a831941a-73fc-4d44-b016-0ea3d97a2bf7,SKU004695,https://cdn.demo.com/SKU004695.jpg,PRIMARY
d7d09246-f225-49a9-9d96-cdf1fef1c07b,SKU004696,https://cdn.demo.com/SKU004696.jpg,PRIMARY
c9f4f20a-ff64-43fb-9c91-2126e7188489,SKU004697,https://cdn.demo.com/SKU004697.jpg,PRIMARY
698387cf-e79b-4d84-9425-5c99af434def,SKU004698,https://cdn.demo.com/SKU004698.jpg,PRIMARY
76254cd0-7b2b-4bd1-8ae3-25db503063d1,SKU004699,https://cdn.demo.com/SKU004699.jpg,PRIMARY
09a0ac5b-4743-4fa3-8dc2-9c6ded7d086f,SKU004700,https://cdn.demo.com/SKU004700.jpg,PRIMARY
e7a53418-6493-4c00-9c35-a93c08dd3841,SKU004701,https://cdn.demo.com/SKU004701.jpg,PRIMARY
71018ff5-585c-48e2-b13d-d0b0edbd4799,SKU004702,https://cdn.demo.com/SKU004702.jpg,PRIMARY
4d12ab70-0e31-441d-963f-61b94849390e,SKU004703,https://cdn.demo.com/SKU004703.jpg,PRIMARY
b15b512f-71d5-4e99-87fc-1e43f0852a0c,SKU004704,https://cdn.demo.com/SKU004704.jpg,PRIMARY
cd1313e7-45b6-4b19-9695-406d8d6ef84e,SKU004705,https://cdn.demo.com/SKU004705.jpg,PRIMARY
ec53840c-b828-4534-8eba-9bddb7b77360,SKU004706,https://cdn.demo.com/SKU004706.jpg,PRIMARY
43b83081-8926-43a3-b229-d7bade6ae86e,SKU004707,https://cdn.demo.com/SKU004707.jpg,PRIMARY
c9705db7-a337-41e8-9c26-bfc337b947ef,SKU004708,https://cdn.demo.com/SKU004708.jpg,PRIMARY
47fb23c7-9955-4c9b-a338-2f1f8e74c68c,SKU004709,https://cdn.demo.com/SKU004709.jpg,PRIMARY
b9bf2733-63f0-4ff1-9919-4f0b0180c9a3,SKU004710,https://cdn.demo.com/SKU004710.jpg,PRIMARY
e812ef29-7792-4859-81e6-77f681092a81,SKU004711,https://cdn.demo.com/SKU004711.jpg,PRIMARY
d2f9f4e2-f1c3-41dc-9b4a-403e2b2ede6f,SKU004712,https://cdn.demo.com/SKU004712.jpg,PRIMARY
3bd3a398-31ee-4221-8908-fb144df10fa2,SKU004713,https://cdn.demo.com/SKU004713.jpg,PRIMARY
f6bbfe30-2a0d-4bad-9926-b1cb4a7ff5c5,SKU004714,https://cdn.demo.com/SKU004714.jpg,PRIMARY
078b95eb-2125-4e07-a7d4-f7b91451e9f6,SKU004715,https://cdn.demo.com/SKU004715.jpg,PRIMARY
7e137ba0-4ed3-4efa-a0df-1337e7a48b65,SKU004716,https://cdn.demo.com/SKU004716.jpg,PRIMARY
73dd43e2-d106-4cb3-bbf1-17bf12ceb276,SKU004717,https://cdn.demo.com/SKU004717.jpg,PRIMARY
7e0c33dc-a910-4d45-b7c5-f2c4699c6edb,SKU004718,https://cdn.demo.com/SKU004718.jpg,PRIMARY
7807b656-7f41-4ba8-acf0-8c41b27eafc0,SKU004719,https://cdn.demo.com/SKU004719.jpg,PRIMARY
bc2446ee-7174-4137-8308-d5cceac67eee,SKU004720,https://cdn.demo.com/SKU004720.jpg,PRIMARY
c60d9067-76a1-4c84-b221-eddd61265ff0,SKU004721,https://cdn.demo.com/SKU004721.jpg,PRIMARY
9b5b5b91-9238-4752-a621-f8fb384a2a68,SKU004722,https://cdn.demo.com/SKU004722.jpg,PRIMARY
33ecac42-0af5-4d7f-b9fc-5632d755701e,SKU004723,https://cdn.demo.com/SKU004723.jpg,PRIMARY
19490654-346e-4b8e-b522-cbca46776499,SKU004724,https://cdn.demo.com/SKU004724.jpg,PRIMARY
d6511cf9-af7e-4a3a-99c4-9fef07b86550,SKU004725,https://cdn.demo.com/SKU004725.jpg,PRIMARY
05589b47-665e-49d5-a107-fb28273dcfc8,SKU004726,https://cdn.demo.com/SKU004726.jpg,PRIMARY
5049a713-99da-4bf6-a5d0-2ef182934184,SKU004727,https://cdn.demo.com/SKU004727.jpg,PRIMARY
bf159a96-e496-4149-ba8c-fadcace608bd,SKU004728,https://cdn.demo.com/SKU004728.jpg,PRIMARY
31a3527b-c045-40bd-8ef8-bb34e5b46fcd,SKU004729,https://cdn.demo.com/SKU004729.jpg,PRIMARY
9c8259c7-0a35-424a-b9fa-ae66763d32f9,SKU004730,https://cdn.demo.com/SKU004730.jpg,PRIMARY
5e720a6b-b408-40c2-99bc-9e7b34762e7f,SKU004731,https://cdn.demo.com/SKU004731.jpg,PRIMARY
8dd3a73c-8a64-42ba-a0ea-0a3e64daf151,SKU004732,https://cdn.demo.com/SKU004732.jpg,PRIMARY
146c91ee-f506-4281-8e3e-305bac9d7d43,SKU004733,https://cdn.demo.com/SKU004733.jpg,PRIMARY
2000b1da-a8a0-4746-ab27-043c46ffb989,SKU004734,https://cdn.demo.com/SKU004734.jpg,PRIMARY
bbd59075-4429-4a79-83f5-a54bcc939073,SKU004735,https://cdn.demo.com/SKU004735.jpg,PRIMARY
29736f18-9744-4f33-9cb9-b4d8d73a6381,SKU004736,https://cdn.demo.com/SKU004736.jpg,PRIMARY
92b08ba9-ee28-45fd-bb37-82c4fd60483c,SKU004737,https://cdn.demo.com/SKU004737.jpg,PRIMARY
effdd45f-221b-49af-ac5e-af22019f7361,SKU004738,https://cdn.demo.com/SKU004738.jpg,PRIMARY
2bef3d0e-3373-4dfd-9e92-818cf35bed00,SKU004739,https://cdn.demo.com/SKU004739.jpg,PRIMARY
47747fa4-9cdf-44be-b693-e24608aff3dd,SKU004740,https://cdn.demo.com/SKU004740.jpg,PRIMARY
933e83bb-6f62-49fc-afee-7567762bbe26,SKU004741,https://cdn.demo.com/SKU004741.jpg,PRIMARY
ea1fc33e-e9e8-48b7-b813-f9ac78e61485,SKU004742,https://cdn.demo.com/SKU004742.jpg,PRIMARY
93c7e774-dd31-47b2-b071-88d395aa8473,SKU004743,https://cdn.demo.com/SKU004743.jpg,PRIMARY
01164006-0fc6-4955-b599-338684c1022c,SKU004744,https://cdn.demo.com/SKU004744.jpg,PRIMARY
bea9a251-def9-431c-be00-e6b1b8a0f0b1,SKU004745,https://cdn.demo.com/SKU004745.jpg,PRIMARY
068135a6-f5f5-46c1-a6f7-bd138384f558,SKU004746,https://cdn.demo.com/SKU004746.jpg,PRIMARY
1986ec6d-b671-49a0-89a3-6b0661effe06,SKU004747,https://cdn.demo.com/SKU004747.jpg,PRIMARY
25e6d634-df7e-4003-8f05-8770567b2c1d,SKU004748,https://cdn.demo.com/SKU004748.jpg,PRIMARY
1b79bb30-6cb9-4dd5-bdac-7104be1ed3e5,SKU004749,https://cdn.demo.com/SKU004749.jpg,PRIMARY
96a64244-4def-4dd9-9276-378e3b885f48,SKU004750,https://cdn.demo.com/SKU004750.jpg,PRIMARY
cc30ba3c-6ab2-4818-a92d-fb848fdd4f1f,SKU004751,https://cdn.demo.com/SKU004751.jpg,PRIMARY
4099ad7d-8d12-4b48-a360-303f65310f93,SKU004752,https://cdn.demo.com/SKU004752.jpg,PRIMARY
8d9c9242-8297-4e7d-92a5-a2ae28d5df67,SKU004753,https://cdn.demo.com/SKU004753.jpg,PRIMARY
3ac1967f-d1bf-4ddd-b2a5-cf792a88da5c,SKU004754,https://cdn.demo.com/SKU004754.jpg,PRIMARY
edb49c56-c9ab-4f6d-96af-febfae7690a2,SKU004755,https://cdn.demo.com/SKU004755.jpg,PRIMARY
4f50e56e-44cb-407b-be28-8080d6f443d4,SKU004756,https://cdn.demo.com/SKU004756.jpg,PRIMARY
5f801393-78ce-4b24-a7d9-b25978c092a2,SKU004757,https://cdn.demo.com/SKU004757.jpg,PRIMARY
b8a6d4e3-49fd-4993-a392-c47a58dbbb90,SKU004758,https://cdn.demo.com/SKU004758.jpg,PRIMARY
d1874402-0ab1-4098-9f83-bc7854b81004,SKU004759,https://cdn.demo.com/SKU004759.jpg,PRIMARY
6754c394-98ee-4fd7-a32b-1e524bb96e4c,SKU004760,https://cdn.demo.com/SKU004760.jpg,PRIMARY
27a2a035-4549-4b49-a149-03aab4ccfb53,SKU004761,https://cdn.demo.com/SKU004761.jpg,PRIMARY
b6a6fc51-1eca-4a13-8e6a-1ff15bf1eb6f,SKU004762,https://cdn.demo.com/SKU004762.jpg,PRIMARY
4e7e7dd4-6b61-466a-9315-58d9909c5beb,SKU004763,https://cdn.demo.com/SKU004763.jpg,PRIMARY
09039bca-dce2-4468-97e1-2910d87ed0ae,SKU004764,https://cdn.demo.com/SKU004764.jpg,PRIMARY
ebe8d274-4ca9-4cfa-89cc-d34a74d04dfb,SKU004765,https://cdn.demo.com/SKU004765.jpg,PRIMARY
c2ca11dc-d68f-4bb6-baa6-9fee8480b847,SKU004766,https://cdn.demo.com/SKU004766.jpg,PRIMARY
5c83a800-8108-4a9f-bad0-fb762db22906,SKU004767,https://cdn.demo.com/SKU004767.jpg,PRIMARY
0cf3fa3c-9f86-4c42-b867-5d79ab651829,SKU004768,https://cdn.demo.com/SKU004768.jpg,PRIMARY
45871e24-7645-479c-925a-771aee30e2c0,SKU004769,https://cdn.demo.com/SKU004769.jpg,PRIMARY
29b0a9eb-f36b-40b1-b288-154e2eb12af9,SKU004770,https://cdn.demo.com/SKU004770.jpg,PRIMARY
53d5e10e-6c5c-430a-9252-ce1cdd30ab19,SKU004771,https://cdn.demo.com/SKU004771.jpg,PRIMARY
a9c2b4ee-686a-41c3-9aea-60f5227128dc,SKU004772,https://cdn.demo.com/SKU004772.jpg,PRIMARY
d3f81d35-7d05-446b-a52a-29ed0355529e,SKU004773,https://cdn.demo.com/SKU004773.jpg,PRIMARY
3c3d8ab0-190f-428e-9f65-61635c3aefdd,SKU004774,https://cdn.demo.com/SKU004774.jpg,PRIMARY
88e38a75-8459-480d-b6f8-2818d42f666f,SKU004775,https://cdn.demo.com/SKU004775.jpg,PRIMARY
8beca562-7813-4174-b7ac-9caab417ee13,SKU004776,https://cdn.demo.com/SKU004776.jpg,PRIMARY
0bb03382-5f4a-446b-8dab-eaab8b7e8eab,SKU004777,https://cdn.demo.com/SKU004777.jpg,PRIMARY
27ca4e7f-06c6-41b8-956d-60ff909c2af1,SKU004778,https://cdn.demo.com/SKU004778.jpg,PRIMARY
2fa9aba1-a3b3-4900-9d45-2d03c27f3f2e,SKU004779,https://cdn.demo.com/SKU004779.jpg,PRIMARY
fc976c25-ba8c-488f-bb21-604327ec1664,SKU004780,https://cdn.demo.com/SKU004780.jpg,PRIMARY
3d71d2fb-324a-4674-8ef8-8b157141578c,SKU004781,https://cdn.demo.com/SKU004781.jpg,PRIMARY
48fe3450-ca50-46b8-bf7c-b1b4a5651eb9,SKU004782,https://cdn.demo.com/SKU004782.jpg,PRIMARY
9b83f91e-c9de-481b-9ad3-6d1b28848f08,SKU004783,https://cdn.demo.com/SKU004783.jpg,PRIMARY
f0378103-0fa2-45d1-be35-b155a4d63c72,SKU004784,https://cdn.demo.com/SKU004784.jpg,PRIMARY
2779ec02-8fdc-468c-adc9-ba217dd2c07c,SKU004785,https://cdn.demo.com/SKU004785.jpg,PRIMARY
d6969ee4-8d0a-42fd-b896-34b7b61cd84a,SKU004786,https://cdn.demo.com/SKU004786.jpg,PRIMARY
0b8e95fa-3e3b-4901-81a0-2034c2617bea,SKU004787,https://cdn.demo.com/SKU004787.jpg,PRIMARY
8681c5b0-8eb4-4e68-abbc-f2c042be9fbc,SKU004788,https://cdn.demo.com/SKU004788.jpg,PRIMARY
c6331032-43e4-49d2-8235-2ba7afb9545e,SKU004789,https://cdn.demo.com/SKU004789.jpg,PRIMARY
f243bff0-9ee7-4f4a-b974-72ce36175bf5,SKU004790,https://cdn.demo.com/SKU004790.jpg,PRIMARY
40d9f15a-9ace-41b0-819b-28af5f3e25dd,SKU004791,https://cdn.demo.com/SKU004791.jpg,PRIMARY
81b63838-562c-4bb9-b63d-d0480a3061c5,SKU004792,https://cdn.demo.com/SKU004792.jpg,PRIMARY
255d7ac7-bb13-4617-9ebe-33b6e18bfeea,SKU004793,https://cdn.demo.com/SKU004793.jpg,PRIMARY
95618758-76a6-4496-b584-aaf99da86cd9,SKU004794,https://cdn.demo.com/SKU004794.jpg,PRIMARY
523677f9-b06a-460a-ba40-266f50d87646,SKU004795,https://cdn.demo.com/SKU004795.jpg,PRIMARY
a5ec7280-d7c5-4cec-ae7d-323fc35a7459,SKU004796,https://cdn.demo.com/SKU004796.jpg,PRIMARY
c555f17b-1b5a-4c23-853b-cc0290227411,SKU004797,https://cdn.demo.com/SKU004797.jpg,PRIMARY
50eab907-b2b8-4a54-b9ca-0cf1b933997a,SKU004798,https://cdn.demo.com/SKU004798.jpg,PRIMARY
f388096c-f2c0-4b58-bf33-d34ff3edee2a,SKU004799,https://cdn.demo.com/SKU004799.jpg,PRIMARY
04b461b2-7cd2-4299-abb6-8a6834f3d233,SKU004800,https://cdn.demo.com/SKU004800.jpg,PRIMARY
d9fbb646-a03a-4f79-836a-081549be130e,SKU004801,https://cdn.demo.com/SKU004801.jpg,PRIMARY
2f1c8038-bd57-4ec5-a494-23e7b41d1d31,SKU004802,https://cdn.demo.com/SKU004802.jpg,PRIMARY
63bbbcb5-c12a-459d-aff8-4e2f54efe341,SKU004803,https://cdn.demo.com/SKU004803.jpg,PRIMARY
eecd4be5-8d41-4561-94ff-caf1c8e21354,SKU004804,https://cdn.demo.com/SKU004804.jpg,PRIMARY
659092be-3f3b-4dd2-8f2e-f5d71169eff1,SKU004805,https://cdn.demo.com/SKU004805.jpg,PRIMARY
11cfdd01-15c3-4e74-a715-bf373cdecc7a,SKU004806,https://cdn.demo.com/SKU004806.jpg,PRIMARY
83f1dc63-78d1-4e0b-9597-b38faef7c094,SKU004807,https://cdn.demo.com/SKU004807.jpg,PRIMARY
685cd2b9-fccd-4898-a6c4-99cfe9baad17,SKU004808,https://cdn.demo.com/SKU004808.jpg,PRIMARY
79b03782-fb6c-4052-807d-5a73a26f8a34,SKU004809,https://cdn.demo.com/SKU004809.jpg,PRIMARY
0332f823-6d1b-4120-b5a1-462ae3765b0c,SKU004810,https://cdn.demo.com/SKU004810.jpg,PRIMARY
d9f42687-c486-48bf-b729-2ed18d33c5d2,SKU004811,https://cdn.demo.com/SKU004811.jpg,PRIMARY
edde08c0-2777-4fd6-9a1f-074d2cdf9085,SKU004812,https://cdn.demo.com/SKU004812.jpg,PRIMARY
007cb6ce-4815-4f70-a6ab-1bba307a5519,SKU004813,https://cdn.demo.com/SKU004813.jpg,PRIMARY
b64b2716-1559-4be5-8c45-6bddd6484650,SKU004814,https://cdn.demo.com/SKU004814.jpg,PRIMARY
7f147820-fab1-40f8-aaa0-1ba83d401882,SKU004815,https://cdn.demo.com/SKU004815.jpg,PRIMARY
0d19118a-73e0-4624-9b7c-bdb9975798af,SKU004816,https://cdn.demo.com/SKU004816.jpg,PRIMARY
0274daf2-eaf8-42c3-8d9e-fa71599679b7,SKU004817,https://cdn.demo.com/SKU004817.jpg,PRIMARY
36f56085-9978-444a-9081-ed4b364d3559,SKU004818,https://cdn.demo.com/SKU004818.jpg,PRIMARY
7c3ea0f0-6184-465b-b881-5872d96758ce,SKU004819,https://cdn.demo.com/SKU004819.jpg,PRIMARY
ebe726e8-3327-4711-9e90-a0883791ba10,SKU004820,https://cdn.demo.com/SKU004820.jpg,PRIMARY
4db1ce09-5805-4862-bcc9-6b96cd4bb6ff,SKU004821,https://cdn.demo.com/SKU004821.jpg,PRIMARY
71af5e4a-7f2e-4147-824d-c084bbb40b04,SKU004822,https://cdn.demo.com/SKU004822.jpg,PRIMARY
7b805cbb-78f6-4a3e-b3c9-b891eb1d6a39,SKU004823,https://cdn.demo.com/SKU004823.jpg,PRIMARY
4591da89-d57e-4158-a413-58e07dbfa55c,SKU004824,https://cdn.demo.com/SKU004824.jpg,PRIMARY
098855e4-9d55-490b-953f-d5d4a093690a,SKU004825,https://cdn.demo.com/SKU004825.jpg,PRIMARY
c0e2ffc2-a87b-454d-b563-ba2bf4c7c0fb,SKU004826,https://cdn.demo.com/SKU004826.jpg,PRIMARY
c9456bf2-8595-40f6-b729-e1236a56548f,SKU004827,https://cdn.demo.com/SKU004827.jpg,PRIMARY
b0fbc154-fc03-4470-beab-e3008d6e5b2a,SKU004828,https://cdn.demo.com/SKU004828.jpg,PRIMARY
85a87484-8514-4293-8959-5142eee24328,SKU004829,https://cdn.demo.com/SKU004829.jpg,PRIMARY
91d1df64-b701-4476-a9a1-dec0d2c89597,SKU004830,https://cdn.demo.com/SKU004830.jpg,PRIMARY
4b5dfffe-0907-4c3b-aa52-5ec9ca5e69bc,SKU004831,https://cdn.demo.com/SKU004831.jpg,PRIMARY
f03cb780-aa93-4e87-83fa-d84609d7d1f5,SKU004832,https://cdn.demo.com/SKU004832.jpg,PRIMARY
621dff24-1ef0-4857-b6e7-79bacdbe6d23,SKU004833,https://cdn.demo.com/SKU004833.jpg,PRIMARY
8968d5d9-f7cf-4a49-86e4-2c76295d10fe,SKU004834,https://cdn.demo.com/SKU004834.jpg,PRIMARY
0ad52392-daf1-4a95-8c03-42f02495c0e1,SKU004835,https://cdn.demo.com/SKU004835.jpg,PRIMARY
d4dbe518-c667-4aea-9603-b5f761991d1a,SKU004836,https://cdn.demo.com/SKU004836.jpg,PRIMARY
a3c5dbad-d411-4468-b17a-4da6c3855d4a,SKU004837,https://cdn.demo.com/SKU004837.jpg,PRIMARY
23decdda-7bdf-44b8-ab46-7c47bdb11937,SKU004838,https://cdn.demo.com/SKU004838.jpg,PRIMARY
7603c580-575b-48a3-8a29-47d5150c3f78,SKU004839,https://cdn.demo.com/SKU004839.jpg,PRIMARY
89d26adf-5a4e-44ad-a0ed-c8729bd65efe,SKU004840,https://cdn.demo.com/SKU004840.jpg,PRIMARY
18b4652b-c98f-433d-a7b4-e634d9c1c521,SKU004841,https://cdn.demo.com/SKU004841.jpg,PRIMARY
eacc1a8f-e439-4268-8c69-db4c73f0a4e2,SKU004842,https://cdn.demo.com/SKU004842.jpg,PRIMARY
735df054-39b2-4a11-95a1-774bec049bdc,SKU004843,https://cdn.demo.com/SKU004843.jpg,PRIMARY
0f6776b5-ced3-41a7-9b57-9dfa98e1a3c7,SKU004844,https://cdn.demo.com/SKU004844.jpg,PRIMARY
598c3864-399e-4d67-8f9e-7fc71d8ede1b,SKU004845,https://cdn.demo.com/SKU004845.jpg,PRIMARY
8ebc33ce-7302-4a99-bc34-d23cdfd4e97c,SKU004846,https://cdn.demo.com/SKU004846.jpg,PRIMARY
0a24318a-e24c-40cd-8fe4-e0ba4093eb14,SKU004847,https://cdn.demo.com/SKU004847.jpg,PRIMARY
0de0c8c5-c586-486b-835e-0162d04e8a3c,SKU004848,https://cdn.demo.com/SKU004848.jpg,PRIMARY
fd9a766a-31c1-437a-8d49-3ca81407bae0,SKU004849,https://cdn.demo.com/SKU004849.jpg,PRIMARY
9c062c9d-43ef-4fcb-b454-90cb212b5287,SKU004850,https://cdn.demo.com/SKU004850.jpg,PRIMARY
a7432308-6174-412a-a726-9c2d1e2f28ce,SKU004851,https://cdn.demo.com/SKU004851.jpg,PRIMARY
9843c9e8-afb2-43d1-9599-8c415a0c3e8f,SKU004852,https://cdn.demo.com/SKU004852.jpg,PRIMARY
f977fba8-5700-4254-9df2-10e36ecb25fa,SKU004853,https://cdn.demo.com/SKU004853.jpg,PRIMARY
15d6288c-3a0f-4c10-b9cb-2ef357160c1a,SKU004854,https://cdn.demo.com/SKU004854.jpg,PRIMARY
1d687bbf-6211-4704-9214-5ee0a6d5d34d,SKU004855,https://cdn.demo.com/SKU004855.jpg,PRIMARY
3c989bcd-c45e-45b3-9052-c09411f524cb,SKU004856,https://cdn.demo.com/SKU004856.jpg,PRIMARY
d08992b4-bcf8-4e0c-b1b0-b7e77e0d92e1,SKU004857,https://cdn.demo.com/SKU004857.jpg,PRIMARY
3476c8d6-a3fc-4cc0-a453-86ffd04682d9,SKU004858,https://cdn.demo.com/SKU004858.jpg,PRIMARY
f0167487-92d0-4470-a522-65e08dc2a514,SKU004859,https://cdn.demo.com/SKU004859.jpg,PRIMARY
7aa1ad84-5ac8-4ba7-b064-5754bd86e309,SKU004860,https://cdn.demo.com/SKU004860.jpg,PRIMARY
c2340d3e-ea17-4f3f-9c61-90f783de2e63,SKU004861,https://cdn.demo.com/SKU004861.jpg,PRIMARY
51b56fee-e344-40ec-88d0-14d998a38aab,SKU004862,https://cdn.demo.com/SKU004862.jpg,PRIMARY
a73e4869-4639-4a12-8a52-6dff1b24b1d2,SKU004863,https://cdn.demo.com/SKU004863.jpg,PRIMARY
24a2d221-51d5-4016-b47a-5385774f5fdb,SKU004864,https://cdn.demo.com/SKU004864.jpg,PRIMARY
4080ce38-2ebd-4b69-90e8-50da53c2a4f1,SKU004865,https://cdn.demo.com/SKU004865.jpg,PRIMARY
f14e9386-d4c6-44a4-b861-0e10edf7a9b6,SKU004866,https://cdn.demo.com/SKU004866.jpg,PRIMARY
d7bf0e3a-3df5-4034-8804-851712adf1b6,SKU004867,https://cdn.demo.com/SKU004867.jpg,PRIMARY
cac9879b-e5c8-4447-9653-b4b10c9a7a37,SKU004868,https://cdn.demo.com/SKU004868.jpg,PRIMARY
86b3c12f-6926-4cea-9e22-9effae4e9cf6,SKU004869,https://cdn.demo.com/SKU004869.jpg,PRIMARY
587c59f2-8195-4f59-b142-411d60e815d4,SKU004870,https://cdn.demo.com/SKU004870.jpg,PRIMARY
9ea41e7e-edd1-4fac-a8eb-883f4bf81085,SKU004871,https://cdn.demo.com/SKU004871.jpg,PRIMARY
29fcaf8b-c966-4aef-9f14-529067d301df,SKU004872,https://cdn.demo.com/SKU004872.jpg,PRIMARY
02a62b47-871e-4367-86ab-bf3ccaf4ab83,SKU004873,https://cdn.demo.com/SKU004873.jpg,PRIMARY
b266d046-d214-4967-9ca6-7c0ea8a9a56f,SKU004874,https://cdn.demo.com/SKU004874.jpg,PRIMARY
acac7cea-6f9c-44e2-a22c-a796a840a06b,SKU004875,https://cdn.demo.com/SKU004875.jpg,PRIMARY
ddae32ee-031e-4690-b95f-f59340f32b6c,SKU004876,https://cdn.demo.com/SKU004876.jpg,PRIMARY
80d6c9c0-e33f-4300-af3a-3f582d4afb17,SKU004877,https://cdn.demo.com/SKU004877.jpg,PRIMARY
099a7f0e-76ee-49e9-9992-3ce4d80602b7,SKU004878,https://cdn.demo.com/SKU004878.jpg,PRIMARY
766804d5-3e69-4600-b7d5-16b5f98ecf8c,SKU004879,https://cdn.demo.com/SKU004879.jpg,PRIMARY
7de53303-2003-457f-92b2-0402b6e75084,SKU004880,https://cdn.demo.com/SKU004880.jpg,PRIMARY
64260929-4d16-4459-8116-87a03b877ca7,SKU004881,https://cdn.demo.com/SKU004881.jpg,PRIMARY
0c190728-d8df-4f7b-8c9f-e244a89924c0,SKU004882,https://cdn.demo.com/SKU004882.jpg,PRIMARY
0d7940a6-731f-4ada-9b05-3da4b35cb455,SKU004883,https://cdn.demo.com/SKU004883.jpg,PRIMARY
7604cea1-e535-4aeb-b10e-14c7dc2b8888,SKU004884,https://cdn.demo.com/SKU004884.jpg,PRIMARY
1688c83a-44b8-45e4-aedd-66a8cac81d35,SKU004885,https://cdn.demo.com/SKU004885.jpg,PRIMARY
1d217b04-a871-41a0-b38d-1ef2d153e9bd,SKU004886,https://cdn.demo.com/SKU004886.jpg,PRIMARY
1daae6cb-8373-4934-831f-6001cc53125d,SKU004887,https://cdn.demo.com/SKU004887.jpg,PRIMARY
794b0dec-18b5-458c-a8a9-071f0bf280cd,SKU004888,https://cdn.demo.com/SKU004888.jpg,PRIMARY
3e1decfa-7800-4c5b-9aa7-ddbd9ef67519,SKU004889,https://cdn.demo.com/SKU004889.jpg,PRIMARY
97c42747-2dd4-4dde-936d-68d60f33d7d7,SKU004890,https://cdn.demo.com/SKU004890.jpg,PRIMARY
ba729bf4-f7b0-4826-bce3-210326d750d6,SKU004891,https://cdn.demo.com/SKU004891.jpg,PRIMARY
23bacec1-0bff-41b1-a4dd-68123ca13f2b,SKU004892,https://cdn.demo.com/SKU004892.jpg,PRIMARY
6176f0a2-9ea7-43b5-8f2b-779210666d3c,SKU004893,https://cdn.demo.com/SKU004893.jpg,PRIMARY
63a1e234-6507-4f47-b302-b91da5e398d1,SKU004894,https://cdn.demo.com/SKU004894.jpg,PRIMARY
87703b30-d27e-4bf1-92c6-3ba26bffb501,SKU004895,https://cdn.demo.com/SKU004895.jpg,PRIMARY
03f40356-3360-44f7-a740-8626c201ab7e,SKU004896,https://cdn.demo.com/SKU004896.jpg,PRIMARY
4bed9d45-6fcf-423b-a887-32cd5709ac9c,SKU004897,https://cdn.demo.com/SKU004897.jpg,PRIMARY
1bc644c3-2b1d-4094-bd68-6dd286df3506,SKU004898,https://cdn.demo.com/SKU004898.jpg,PRIMARY
bb9c6475-33d2-4390-b83b-1de10f1ef282,SKU004899,https://cdn.demo.com/SKU004899.jpg,PRIMARY
a683e855-9f77-4b7f-8a22-60673b16fab8,SKU004900,https://cdn.demo.com/SKU004900.jpg,PRIMARY
8ac7e225-48c8-44c1-b500-b2bb03fba30a,SKU004901,https://cdn.demo.com/SKU004901.jpg,PRIMARY
319b4007-1713-46f9-9cba-d8fd33680cb6,SKU004902,https://cdn.demo.com/SKU004902.jpg,PRIMARY
3388bdf1-8ff2-4396-88ea-1f99dc86ae8b,SKU004903,https://cdn.demo.com/SKU004903.jpg,PRIMARY
1488f02d-3cca-41a5-a5c7-c865e4f3ab4e,SKU004904,https://cdn.demo.com/SKU004904.jpg,PRIMARY
69ffcb97-55a9-42f0-b434-ca4702741e98,SKU004905,https://cdn.demo.com/SKU004905.jpg,PRIMARY
298330c9-1cc8-4592-8915-25a687b0726d,SKU004906,https://cdn.demo.com/SKU004906.jpg,PRIMARY
df57d41c-2aa6-45a1-87d4-7d85eadc5b53,SKU004907,https://cdn.demo.com/SKU004907.jpg,PRIMARY
ce87affb-4f28-4af7-b427-984769fedee8,SKU004908,https://cdn.demo.com/SKU004908.jpg,PRIMARY
a5f94b77-0a26-49f2-9e8b-bd84f0f8b30a,SKU004909,https://cdn.demo.com/SKU004909.jpg,PRIMARY
5d3972ab-4bea-4095-86a4-852e85f2a224,SKU004910,https://cdn.demo.com/SKU004910.jpg,PRIMARY
d02b4797-fb3f-4751-9df8-cc0ad790ba16,SKU004911,https://cdn.demo.com/SKU004911.jpg,PRIMARY
d4c1d486-f765-483b-b1d8-43561570323e,SKU004912,https://cdn.demo.com/SKU004912.jpg,PRIMARY
ca874685-2296-4edb-b964-fa0041b79a92,SKU004913,https://cdn.demo.com/SKU004913.jpg,PRIMARY
4a57dc8c-9352-4928-9c4b-832900a31bdc,SKU004914,https://cdn.demo.com/SKU004914.jpg,PRIMARY
fc55d033-4f6f-4d67-9de4-51b19e5b35f0,SKU004915,https://cdn.demo.com/SKU004915.jpg,PRIMARY
237d260d-932c-4d42-9fbd-3d7254397548,SKU004916,https://cdn.demo.com/SKU004916.jpg,PRIMARY
09a2b85f-8e19-4594-aa98-00144e8f367e,SKU004917,https://cdn.demo.com/SKU004917.jpg,PRIMARY
8af72137-52a9-486a-8429-98e78c552c04,SKU004918,https://cdn.demo.com/SKU004918.jpg,PRIMARY
0e0a68dc-421f-4dd3-803c-4830603f18d5,SKU004919,https://cdn.demo.com/SKU004919.jpg,PRIMARY
3cb6cd8e-78d2-4f10-8b1a-f9a2458484b4,SKU004920,https://cdn.demo.com/SKU004920.jpg,PRIMARY
c0bdab70-fcc2-45c2-b54e-1b5f512c8aa8,SKU004921,https://cdn.demo.com/SKU004921.jpg,PRIMARY
c7041004-3211-4c59-8de9-96da8cc8f519,SKU004922,https://cdn.demo.com/SKU004922.jpg,PRIMARY
b9417ee4-df89-45a8-839e-5f92c3823117,SKU004923,https://cdn.demo.com/SKU004923.jpg,PRIMARY
1fe80500-2c58-4231-b5bf-9dafc6d8c2a8,SKU004924,https://cdn.demo.com/SKU004924.jpg,PRIMARY
aa183d44-346b-401c-95de-840a73ebbbef,SKU004925,https://cdn.demo.com/SKU004925.jpg,PRIMARY
7e3ddc65-16e1-4ea5-9a55-e25396e47fc2,SKU004926,https://cdn.demo.com/SKU004926.jpg,PRIMARY
d8fa3a38-937f-4358-a26c-cb8ba0f60847,SKU004927,https://cdn.demo.com/SKU004927.jpg,PRIMARY
ed838fb8-2156-42e4-8dda-8e6593a4eb25,SKU004928,https://cdn.demo.com/SKU004928.jpg,PRIMARY
021e2c24-1ce7-4e25-b928-38a4d3a93cc7,SKU004929,https://cdn.demo.com/SKU004929.jpg,PRIMARY
a207900b-d1ca-4016-970c-f1f7cfef9341,SKU004930,https://cdn.demo.com/SKU004930.jpg,PRIMARY
512f49db-a524-46b2-b947-f5f4a7d07887,SKU004931,https://cdn.demo.com/SKU004931.jpg,PRIMARY
f73f911f-7ae6-4414-a8cc-0a0c049769af,SKU004932,https://cdn.demo.com/SKU004932.jpg,PRIMARY
7bfa63f5-d97c-4227-82a2-3a7d1cf6a0e7,SKU004933,https://cdn.demo.com/SKU004933.jpg,PRIMARY
7453d7f5-b371-4e5b-8489-ce00c3a9428d,SKU004934,https://cdn.demo.com/SKU004934.jpg,PRIMARY
e7f37999-1082-471a-a705-4a0a3452fd15,SKU004935,https://cdn.demo.com/SKU004935.jpg,PRIMARY
c539b105-45bf-412b-bb66-0ceb969f7f72,SKU004936,https://cdn.demo.com/SKU004936.jpg,PRIMARY
c9f35c4d-0775-47b5-88c2-0ee9c13284ed,SKU004937,https://cdn.demo.com/SKU004937.jpg,PRIMARY
3164ca79-fb84-4be5-bb0a-5fb7d522fea5,SKU004938,https://cdn.demo.com/SKU004938.jpg,PRIMARY
b2c877cf-0674-4138-a4aa-522c2eb2cd75,SKU004939,https://cdn.demo.com/SKU004939.jpg,PRIMARY
9baac9e2-829e-4fd3-ae88-e6eb7a019151,SKU004940,https://cdn.demo.com/SKU004940.jpg,PRIMARY
345fa517-1f0d-4fe1-9e21-ee7b5fd0589d,SKU004941,https://cdn.demo.com/SKU004941.jpg,PRIMARY
36d9c45f-de19-4336-b5a8-0aeaaee1b0d9,SKU004942,https://cdn.demo.com/SKU004942.jpg,PRIMARY
73c66557-5bfb-4f66-b09d-45a7f47cdeef,SKU004943,https://cdn.demo.com/SKU004943.jpg,PRIMARY
db4455c1-e1e4-46ef-af9e-d58bb56a3047,SKU004944,https://cdn.demo.com/SKU004944.jpg,PRIMARY
d617f420-13a4-42bd-bb2e-13de90027bad,SKU004945,https://cdn.demo.com/SKU004945.jpg,PRIMARY
c020a2e7-0e98-4b7e-9b02-0cc91b14061a,SKU004946,https://cdn.demo.com/SKU004946.jpg,PRIMARY
b67904d4-71cf-4af4-9fb9-f6aa13d0f764,SKU004947,https://cdn.demo.com/SKU004947.jpg,PRIMARY
75622b4d-3789-43f9-9429-e32937518c0a,SKU004948,https://cdn.demo.com/SKU004948.jpg,PRIMARY
dbc24416-ccf5-4303-8913-d9dda8760970,SKU004949,https://cdn.demo.com/SKU004949.jpg,PRIMARY
b62fce4b-f86b-4175-a1e0-a3fa48c8dea0,SKU004950,https://cdn.demo.com/SKU004950.jpg,PRIMARY
ad8e85ac-aace-4123-a46c-a56e70fa9ccc,SKU004951,https://cdn.demo.com/SKU004951.jpg,PRIMARY
aacf8b8e-61e8-4324-afdb-47149e8986f2,SKU004952,https://cdn.demo.com/SKU004952.jpg,PRIMARY
07403c36-2a29-42b9-8eed-9cd450ad842c,SKU004953,https://cdn.demo.com/SKU004953.jpg,PRIMARY
596e58c0-66f9-4932-841c-caff5711066d,SKU004954,https://cdn.demo.com/SKU004954.jpg,PRIMARY
0d15209e-302a-4197-8162-2ccdd0430b75,SKU004955,https://cdn.demo.com/SKU004955.jpg,PRIMARY
ba099617-49d7-471b-bf1e-6bcae437c898,SKU004956,https://cdn.demo.com/SKU004956.jpg,PRIMARY
a50a7033-a4f4-4c72-b053-cf0a8008c0c0,SKU004957,https://cdn.demo.com/SKU004957.jpg,PRIMARY
a082a2c8-bdc5-458f-9b2b-548ac5a33796,SKU004958,https://cdn.demo.com/SKU004958.jpg,PRIMARY
2242e0cf-7b2f-4bdb-be4f-7030ecb74d98,SKU004959,https://cdn.demo.com/SKU004959.jpg,PRIMARY
1717e17e-1b3e-4897-a462-a506def1ad6b,SKU004960,https://cdn.demo.com/SKU004960.jpg,PRIMARY
5d2a707c-33b2-4157-a60a-b34d8017961e,SKU004961,https://cdn.demo.com/SKU004961.jpg,PRIMARY
3cd51e53-e7a5-4639-b669-d1ecd6d703b0,SKU004962,https://cdn.demo.com/SKU004962.jpg,PRIMARY
b5ff0d77-ac45-4311-a7bc-43dbd1e7ae44,SKU004963,https://cdn.demo.com/SKU004963.jpg,PRIMARY
3225918e-d2f4-4a36-86ec-88c419c47942,SKU004964,https://cdn.demo.com/SKU004964.jpg,PRIMARY
a43c7bfe-cd39-47c1-aad8-bc361239dc2f,SKU004965,https://cdn.demo.com/SKU004965.jpg,PRIMARY
b40ae933-59ab-4ed2-8121-a442178cce6c,SKU004966,https://cdn.demo.com/SKU004966.jpg,PRIMARY
ed36cb69-041d-430b-8c37-2c94e47c6af8,SKU004967,https://cdn.demo.com/SKU004967.jpg,PRIMARY
c27b63ba-b786-40de-a6b4-11fa93a0b8f6,SKU004968,https://cdn.demo.com/SKU004968.jpg,PRIMARY
5abb8fc5-1cb2-4965-bc60-22a0a93f652e,SKU004969,https://cdn.demo.com/SKU004969.jpg,PRIMARY
7e0a6d3c-d1c0-401c-adf9-8eddb352278e,SKU004970,https://cdn.demo.com/SKU004970.jpg,PRIMARY
92a14388-1b23-4561-928f-7ebd176f44db,SKU004971,https://cdn.demo.com/SKU004971.jpg,PRIMARY
c01cc6db-b23c-46b0-bfaa-7ef568ac0bb9,SKU004972,https://cdn.demo.com/SKU004972.jpg,PRIMARY
ea0d3e72-2a8e-4ef3-9c00-6aba8b9d516d,SKU004973,https://cdn.demo.com/SKU004973.jpg,PRIMARY
3b8e51c8-3ee1-4a5e-8691-50cea509a001,SKU004974,https://cdn.demo.com/SKU004974.jpg,PRIMARY
de837ccf-86ba-4e99-905a-65c8ac841e10,SKU004975,https://cdn.demo.com/SKU004975.jpg,PRIMARY
2a5bd028-7c71-42e5-b205-59d12257ee33,SKU004976,https://cdn.demo.com/SKU004976.jpg,PRIMARY
b5e8faf6-6339-4899-aadd-8abb9939f302,SKU004977,https://cdn.demo.com/SKU004977.jpg,PRIMARY
538961bb-12cd-4f0b-89be-51a36162e29a,SKU004978,https://cdn.demo.com/SKU004978.jpg,PRIMARY
e4374b17-43c0-44ea-8ac5-87c3c0913175,SKU004979,https://cdn.demo.com/SKU004979.jpg,PRIMARY
d68ad490-a3e8-419d-9076-d6b0facdf408,SKU004980,https://cdn.demo.com/SKU004980.jpg,PRIMARY
40c78cc2-02e2-4143-9a44-20db2e5eefe7,SKU004981,https://cdn.demo.com/SKU004981.jpg,PRIMARY
fe75b48e-23a6-4a48-9cba-6e63d077357a,SKU004982,https://cdn.demo.com/SKU004982.jpg,PRIMARY
4dd5cbd5-3938-42bb-8f20-2ae7d2eb0d44,SKU004983,https://cdn.demo.com/SKU004983.jpg,PRIMARY
54c48ed9-c16e-4f42-8ec9-94884e9fbd79,SKU004984,https://cdn.demo.com/SKU004984.jpg,PRIMARY
210da827-51a8-4f6e-ae5b-753836026695,SKU004985,https://cdn.demo.com/SKU004985.jpg,PRIMARY
c33ae151-7ba9-4be5-9ac8-020bb865faa3,SKU004986,https://cdn.demo.com/SKU004986.jpg,PRIMARY
95529637-fe15-450d-88ad-3090f350c138,SKU004987,https://cdn.demo.com/SKU004987.jpg,PRIMARY
1d3f3123-9a78-416c-b0be-1f7c77dcbf82,SKU004988,https://cdn.demo.com/SKU004988.jpg,PRIMARY
3367869d-872b-42d6-84d3-c37b7a178fcc,SKU004989,https://cdn.demo.com/SKU004989.jpg,PRIMARY
d1df48b3-89b2-4bb4-98d8-eb02b66325ae,SKU004990,https://cdn.demo.com/SKU004990.jpg,PRIMARY
f539e4cc-92c3-4e12-b84d-a6eb33611e5c,SKU004991,https://cdn.demo.com/SKU004991.jpg,PRIMARY
a2a5c341-890f-4623-8693-08fe58ae9639,SKU004992,https://cdn.demo.com/SKU004992.jpg,PRIMARY
6f58dfb6-b4dd-431f-a79c-b8cc9f7d1027,SKU004993,https://cdn.demo.com/SKU004993.jpg,PRIMARY
aa5004d1-c4df-4451-91e3-a34237e779ad,SKU004994,https://cdn.demo.com/SKU004994.jpg,PRIMARY
07679b0d-a8f8-415d-8430-5dc228889782,SKU004995,https://cdn.demo.com/SKU004995.jpg,PRIMARY
06ecdee2-ddb0-45cd-b430-c48e0f3c07e8,SKU004996,https://cdn.demo.com/SKU004996.jpg,PRIMARY
e8b2c986-e4d1-4597-9e72-d15bef997689,SKU004997,https://cdn.demo.com/SKU004997.jpg,PRIMARY
2c09ad27-ccd7-43c7-b6ab-294bba65c964,SKU004998,https://cdn.demo.com/SKU004998.jpg,PRIMARY
928227f4-f171-4add-a972-a13efe12ec89,SKU004999,https://cdn.demo.com/SKU004999.jpg,PRIMARY
