sku_id,seller_id
SKU000000,SEL00036
SKU000000,SEL00030
SKU000000,SEL00037
SKU000001,SEL00006
SKU000002,SEL00009
SKU000002,SEL00038
SKU000002,SEL00007
SKU000002,SEL00034
SKU000003,SEL00026
SKU000003,SEL00040
SKU000003,SEL00000
SKU000004,SEL00025
SKU000004,SEL00012
SKU000004,SEL00043
SKU000004,SEL00018
SKU000005,SEL00039
SKU000005,SEL00019
SKU000005,SEL00045
SKU000005,SEL00006
SKU000006,SEL00041
SKU000006,SEL00015
SKU000006,SEL00010
SKU000006,SEL00027
SKU000007,SEL00035
SKU000007,SEL00047
SKU000007,SEL00040
SKU000008,SEL00020
SKU000009,SEL00009
SKU000009,SEL00032
SKU000009,SEL00001
SKU000010,SEL00018
SKU000011,SEL00002
SKU000011,SEL00047
SKU000011,SEL00038
SKU000011,SEL00021
SKU000012,SEL00023
SKU000012,SEL00045
SKU000012,SEL00017
SKU000012,SEL00043
SKU000013,SEL00003
SKU000013,SEL00018
SKU000013,SEL00013
SKU000013,SEL00035
SKU000014,SEL00002
SKU000014,SEL00047
SKU000014,SEL00027
SKU000014,SEL00032
SKU000015,SEL00007
SKU000016,SEL00001
SKU000016,SEL00034
SKU000016,SEL00020
SKU000017,SEL00003
SKU000017,SEL00030
SKU000018,SEL00037
SKU000018,SEL00000
SKU000018,SEL00009
SKU000018,SEL00004
SKU000018,SEL00019
SKU000019,SEL00000
SKU000020,SEL00043
SKU000020,SEL00022
SKU000020,SEL00048
SKU000021,SEL00003
SKU000021,SEL00029
SKU000021,SEL00037
SKU000021,SEL00033
SKU000021,SEL00038
SKU000022,SEL00035
SKU000022,SEL00016
SKU000022,SEL00041
SKU000022,SEL00011
SKU000023,SEL00016
SKU000023,SEL00044
SKU000023,SEL00010
SKU000024,SEL00035
SKU000024,SEL00023
SKU000024,SEL00028
SKU000025,SEL00006
SKU000025,SEL00041
SKU000025,SEL00015
SKU000026,SEL00039
SKU000026,SEL00022
SKU000026,SEL00001
SKU000026,SEL00033
SKU000026,SEL00017
SKU000027,SEL00008
SKU000027,SEL00049
SKU000027,SEL00012
SKU000028,SEL00018
SKU000028,SEL00003
SKU000028,SEL00043
SKU000028,SEL00005
SKU000028,SEL00017
SKU000029,SEL00029
SKU000029,SEL00022
SKU000029,SEL00034
SKU000029,SEL00012
SKU000030,SEL00006
SKU000030,SEL00025
SKU000030,SEL00047
SKU000030,SEL00039
SKU000030,SEL00046
SKU000031,SEL00019
SKU000031,SEL00007
SKU000031,SEL00031
SKU000031,SEL00041
SKU000032,SEL00009
SKU000032,SEL00042
SKU000033,SEL00039
SKU000033,SEL00002
SKU000033,SEL00031
SKU000033,SEL00038
SKU000033,SEL00045
SKU000034,SEL00043
SKU000034,SEL00013
SKU000034,SEL00008
SKU000034,SEL00025
SKU000034,SEL00015
SKU000035,SEL00006
SKU000036,SEL00020
SKU000036,SEL00012
SKU000036,SEL00025
SKU000036,SEL00000
SKU000036,SEL00038
SKU000037,SEL00047
SKU000037,SEL00044
SKU000038,SEL00037
SKU000038,SEL00026
SKU000038,SEL00013
SKU000038,SEL00002
SKU000039,SEL00038
SKU000040,SEL00008
SKU000040,SEL00042
SKU000041,SEL00007
SKU000041,SEL00030
SKU000041,SEL00004
SKU000041,SEL00047
SKU000041,SEL00044
SKU000042,SEL00002
SKU000042,SEL00003
SKU000042,SEL00032
SKU000042,SEL00025
SKU000042,SEL00045
SKU000043,SEL00042
SKU000043,SEL00048
SKU000043,SEL00019
SKU000044,SEL00025
SKU000044,SEL00017
SKU000044,SEL00029
SKU000044,SEL00046
SKU000045,SEL00034
SKU000045,SEL00001
SKU000045,SEL00047
SKU000045,SEL00041
SKU000045,SEL00045
SKU000046,SEL00016
SKU000046,SEL00049
SKU000047,SEL00013
SKU000048,SEL00034
SKU000048,SEL00037
SKU000048,SEL00049
SKU000048,SEL00013
SKU000049,SEL00041
SKU000049,SEL00009
SKU000049,SEL00012
SKU000050,SEL00043
SKU000051,SEL00044
SKU000052,SEL00011
SKU000052,SEL00019
SKU000053,SEL00015
SKU000053,SEL00012
SKU000053,SEL00019
SKU000053,SEL00006
SKU000054,SEL00049
SKU000054,SEL00045
SKU000054,SEL00033
SKU000054,SEL00014
SKU000055,SEL00003
SKU000055,SEL00014
SKU000055,SEL00049
SKU000055,SEL00016
SKU000055,SEL00044
SKU000056,SEL00047
SKU000057,SEL00045
SKU000057,SEL00049
SKU000057,SEL00006
SKU000057,SEL00018
SKU000058,SEL00037
SKU000058,SEL00048
SKU000059,SEL00040
SKU000060,SEL00043
SKU000060,SEL00020
SKU000061,SEL00047
SKU000061,SEL00045
SKU000061,SEL00040
SKU000062,SEL00019
SKU000062,SEL00000
SKU000063,SEL00025
SKU000063,SEL00002
SKU000064,SEL00023
SKU000065,SEL00018
SKU000065,SEL00015
SKU000065,SEL00008
SKU000066,SEL00015
SKU000066,SEL00038
SKU000066,SEL00002
SKU000067,SEL00021
SKU000068,SEL00047
SKU000068,SEL00045
SKU000068,SEL00014
SKU000069,SEL00019
SKU000069,SEL00014
SKU000070,SEL00042
SKU000070,SEL00026
SKU000070,SEL00016
SKU000070,SEL00003
SKU000071,SEL00015
SKU000072,SEL00000
SKU000072,SEL00042
SKU000072,SEL00025
SKU000072,SEL00033
SKU000072,SEL00046
SKU000073,SEL00016
SKU000074,SEL00035
SKU000075,SEL00021
SKU000075,SEL00020
SKU000075,SEL00046
SKU000075,SEL00015
SKU000076,SEL00045
SKU000076,SEL00032
SKU000076,SEL00000
SKU000077,SEL00030
SKU000077,SEL00005
SKU000077,SEL00025
SKU000077,SEL00048
SKU000078,SEL00011
SKU000078,SEL00048
SKU000078,SEL00041
SKU000078,SEL00022
SKU000079,SEL00014
SKU000080,SEL00031
SKU000080,SEL00015
SKU000080,SEL00023
SKU000080,SEL00042
SKU000080,SEL00003
SKU000081,SEL00016
SKU000081,SEL00025
SKU000081,SEL00005
SKU000081,SEL00020
SKU000082,SEL00035
SKU000082,SEL00014
SKU000083,SEL00029
SKU000083,SEL00013
SKU000083,SEL00023
SKU000083,SEL00008
SKU000084,SEL00044
SKU000085,SEL00034
SKU000085,SEL00019
SKU000085,SEL00024
SKU000086,SEL00041
SKU000086,SEL00024
SKU000086,SEL00025
SKU000086,SEL00049
SKU000087,SEL00015
SKU000087,SEL00024
SKU000087,SEL00020
SKU000087,SEL00001
SKU000088,SEL00021
SKU000088,SEL00030
SKU000088,SEL00031
SKU000089,SEL00044
SKU000089,SEL00026
SKU000089,SEL00036
SKU000090,SEL00049
SKU000090,SEL00006
SKU000091,SEL00029
SKU000091,SEL00046
SKU000092,SEL00040
SKU000092,SEL00048
SKU000092,SEL00001
SKU000093,SEL00009
SKU000093,SEL00034
SKU000094,SEL00045
SKU000094,SEL00002
SKU000094,SEL00006
SKU000094,SEL00049
SKU000094,SEL00016
SKU000095,SEL00003
SKU000095,SEL00034
SKU000096,SEL00007
SKU000097,SEL00013
SKU000098,SEL00049
SKU000098,SEL00010
SKU000098,SEL00042
SKU000098,SEL00028
SKU000099,SEL00046
SKU000100,SEL00019
SKU000100,SEL00048
SKU000100,SEL00044
SKU000101,SEL00042
SKU000101,SEL00035
SKU000101,SEL00030
SKU000101,SEL00014
SKU000102,SEL00048
SKU000102,SEL00012
SKU000102,SEL00021
SKU000102,SEL00016
SKU000102,SEL00039
SKU000103,SEL00001
SKU000103,SEL00044
SKU000104,SEL00032
SKU000104,SEL00017
SKU000105,SEL00043
SKU000105,SEL00014
SKU000106,SEL00024
SKU000106,SEL00028
SKU000106,SEL00011
SKU000106,SEL00005
SKU000106,SEL00033
SKU000107,SEL00009
SKU000107,SEL00041
SKU000107,SEL00036
SKU000108,SEL00016
SKU000108,SEL00042
SKU000108,SEL00038
SKU000109,SEL00040
SKU000109,SEL00041
SKU000109,SEL00049
SKU000109,SEL00017
SKU000109,SEL00004
SKU000110,SEL00007
SKU000110,SEL00042
SKU000110,SEL00013
SKU000111,SEL00009
SKU000111,SEL00036
SKU000111,SEL00034
SKU000111,SEL00017
SKU000112,SEL00025
SKU000112,SEL00019
SKU000112,SEL00037
SKU000113,SEL00021
SKU000113,SEL00042
SKU000113,SEL00033
SKU000113,SEL00045
SKU000114,SEL00047
SKU000115,SEL00015
SKU000115,SEL00020
SKU000116,SEL00041
SKU000116,SEL00010
SKU000117,SEL00043
SKU000118,SEL00006
SKU000118,SEL00018
SKU000118,SEL00005
SKU000118,SEL00044
SKU000118,SEL00025
SKU000119,SEL00007
SKU000119,SEL00028
SKU000120,SEL00016
SKU000120,SEL00040
SKU000120,SEL00021
SKU000121,SEL00028
SKU000121,SEL00013
SKU000121,SEL00002
SKU000121,SEL00014
SKU000121,SEL00048
SKU000122,SEL00017
SKU000122,SEL00022
SKU000123,SEL00004
SKU000123,SEL00008
SKU000123,SEL00006
SKU000124,SEL00002
SKU000124,SEL00038
SKU000125,SEL00041
SKU000126,SEL00022
SKU000126,SEL00001
SKU000126,SEL00040
SKU000126,SEL00037
SKU000127,SEL00034
SKU000127,SEL00030
SKU000127,SEL00013
SKU000128,SEL00012
SKU000128,SEL00017
SKU000129,SEL00030
SKU000129,SEL00005
SKU000129,SEL00004
SKU000130,SEL00010
SKU000130,SEL00040
SKU000130,SEL00029
SKU000130,SEL00007
SKU000130,SEL00019
SKU000131,SEL00001
SKU000131,SEL00018
SKU000132,SEL00040
SKU000132,SEL00041
SKU000132,SEL00010
SKU000132,SEL00001
SKU000132,SEL00043
SKU000133,SEL00026
SKU000134,SEL00008
SKU000134,SEL00031
SKU000134,SEL00046
SKU000134,SEL00039
SKU000134,SEL00034
SKU000135,SEL00004
SKU000135,SEL00020
SKU000135,SEL00002
SKU000136,SEL00008
SKU000137,SEL00028
SKU000138,SEL00030
SKU000138,SEL00031
SKU000139,SEL00024
SKU000140,SEL00026
SKU000140,SEL00045
SKU000140,SEL00017
SKU000140,SEL00016
SKU000140,SEL00032
SKU000141,SEL00011
SKU000141,SEL00033
SKU000141,SEL00021
SKU000141,SEL00032
SKU000142,SEL00028
SKU000143,SEL00022
SKU000143,SEL00009
SKU000144,SEL00049
SKU000144,SEL00010
SKU000145,SEL00013
SKU000145,SEL00000
SKU000145,SEL00043
SKU000146,SEL00014
SKU000146,SEL00043
SKU000146,SEL00005
SKU000146,SEL00000
SKU000147,SEL00041
SKU000147,SEL00002
SKU000148,SEL00006
SKU000149,SEL00014
SKU000149,SEL00023
SKU000149,SEL00036
SKU000150,SEL00023
SKU000150,SEL00031
SKU000150,SEL00012
SKU000150,SEL00028
SKU000151,SEL00031
SKU000152,SEL00023
SKU000153,SEL00020
SKU000153,SEL00041
SKU000153,SEL00004
SKU000153,SEL00044
SKU000154,SEL00009
SKU000154,SEL00023
SKU000154,SEL00031
SKU000155,SEL00044
SKU000155,SEL00025
SKU000155,SEL00027
SKU000156,SEL00027
SKU000156,SEL00043
SKU000156,SEL00025
SKU000157,SEL00009
SKU000157,SEL00022
SKU000157,SEL00028
SKU000157,SEL00000
SKU000158,SEL00038
SKU000158,SEL00025
SKU000158,SEL00001
SKU000158,SEL00027
SKU000159,SEL00001
SKU000159,SEL00002
SKU000160,SEL00005
SKU000161,SEL00046
SKU000161,SEL00045
SKU000162,SEL00041
SKU000162,SEL00028
SKU000162,SEL00005
SKU000162,SEL00030
SKU000163,SEL00039
SKU000163,SEL00010
SKU000164,SEL00026
SKU000164,SEL00012
SKU000164,SEL00022
SKU000164,SEL00018
SKU000164,SEL00016
SKU000165,SEL00049
SKU000165,SEL00021
SKU000165,SEL00028
SKU000165,SEL00013
SKU000166,SEL00012
SKU000166,SEL00023
SKU000166,SEL00010
SKU000167,SEL00006
SKU000167,SEL00024
SKU000167,SEL00014
SKU000167,SEL00042
SKU000168,SEL00019
SKU000168,SEL00014
SKU000168,SEL00001
SKU000169,SEL00035
SKU000170,SEL00045
SKU000170,SEL00011
SKU000171,SEL00020
SKU000171,SEL00043
SKU000171,SEL00030
SKU000171,SEL00029
SKU000171,SEL00047
SKU000172,SEL00045
SKU000172,SEL00031
SKU000172,SEL00044
SKU000172,SEL00020
SKU000172,SEL00018
SKU000173,SEL00035
SKU000173,SEL00022
SKU000173,SEL00033
SKU000173,SEL00011
SKU000174,SEL00000
SKU000174,SEL00008
SKU000174,SEL00019
SKU000174,SEL00022
SKU000174,SEL00018
SKU000175,SEL00045
SKU000175,SEL00003
SKU000175,SEL00019
SKU000175,SEL00035
SKU000176,SEL00007
SKU000176,SEL00006
SKU000177,SEL00021
SKU000177,SEL00047
SKU000177,SEL00004
SKU000178,SEL00044
SKU000178,SEL00000
SKU000178,SEL00034
SKU000178,SEL00031
SKU000178,SEL00002
SKU000179,SEL00042
SKU000179,SEL00001
SKU000179,SEL00048
SKU000179,SEL00007
SKU000180,SEL00027
SKU000180,SEL00021
SKU000181,SEL00010
SKU000182,SEL00043
SKU000183,SEL00043
SKU000183,SEL00049
SKU000183,SEL00042
SKU000183,SEL00003
SKU000183,SEL00036
SKU000184,SEL00024
SKU000184,SEL00032
SKU000184,SEL00035
SKU000185,SEL00043
SKU000186,SEL00008
SKU000186,SEL00022
SKU000186,SEL00011
SKU000186,SEL00017
SKU000186,SEL00006
SKU000187,SEL00012
SKU000188,SEL00030
SKU000189,SEL00020
SKU000189,SEL00009
SKU000189,SEL00003
SKU000190,SEL00003
SKU000190,SEL00029
SKU000190,SEL00030
SKU000190,SEL00009
SKU000190,SEL00015
SKU000191,SEL00044
SKU000191,SEL00039
SKU000191,SEL00041
SKU000191,SEL00017
SKU000191,SEL00033
SKU000192,SEL00007
SKU000193,SEL00015
SKU000193,SEL00007
SKU000194,SEL00017
SKU000194,SEL00028
SKU000194,SEL00033
SKU000194,SEL00048
SKU000194,SEL00029
SKU000195,SEL00005
SKU000196,SEL00001
SKU000196,SEL00024
SKU000196,SEL00035
SKU000196,SEL00036
SKU000196,SEL00046
SKU000197,SEL00030
SKU000197,SEL00001
SKU000197,SEL00027
SKU000198,SEL00012
SKU000198,SEL00006
SKU000198,SEL00044
SKU000198,SEL00009
SKU000198,SEL00026
SKU000199,SEL00046
SKU000199,SEL00006
SKU000199,SEL00003
SKU000199,SEL00024
SKU000200,SEL00039
SKU000201,SEL00021
SKU000201,SEL00033
SKU000201,SEL00048
SKU000201,SEL00039
SKU000201,SEL00024
SKU000202,SEL00012
SKU000202,SEL00013
SKU000202,SEL00007
SKU000203,SEL00011
SKU000203,SEL00019
SKU000203,SEL00023
SKU000203,SEL00032
SKU000203,SEL00020
SKU000204,SEL00016
SKU000204,SEL00025
SKU000204,SEL00030
SKU000205,SEL00003
SKU000205,SEL00014
SKU000205,SEL00010
SKU000206,SEL00019
SKU000206,SEL00016
SKU000207,SEL00002
SKU000207,SEL00032
SKU000207,SEL00037
SKU000207,SEL00013
SKU000207,SEL00021
SKU000208,SEL00024
SKU000208,SEL00035
SKU000208,SEL00029
SKU000208,SEL00010
SKU000209,SEL00009
SKU000209,SEL00002
SKU000210,SEL00025
SKU000210,SEL00036
SKU000210,SEL00023
SKU000210,SEL00043
SKU000210,SEL00037
SKU000211,SEL00007
SKU000211,SEL00028
SKU000211,SEL00047
SKU000211,SEL00009
SKU000211,SEL00035
SKU000212,SEL00043
SKU000212,SEL00014
SKU000213,SEL00013
SKU000213,SEL00031
SKU000213,SEL00014
SKU000213,SEL00000
SKU000213,SEL00044
SKU000214,SEL00043
SKU000214,SEL00008
SKU000214,SEL00031
SKU000214,SEL00026
SKU000215,SEL00024
SKU000215,SEL00005
SKU000215,SEL00022
SKU000215,SEL00039
SKU000215,SEL00045
SKU000216,SEL00045
SKU000216,SEL00043
SKU000216,SEL00023
SKU000217,SEL00025
SKU000217,SEL00007
SKU000218,SEL00019
SKU000218,SEL00038
SKU000218,SEL00011
SKU000219,SEL00011
SKU000219,SEL00041
SKU000219,SEL00023
SKU000219,SEL00021
SKU000220,SEL00022
SKU000220,SEL00048
SKU000221,SEL00022
SKU000221,SEL00030
SKU000221,SEL00024
SKU000221,SEL00029
SKU000221,SEL00032
SKU000222,SEL00003
SKU000223,SEL00014
SKU000223,SEL00010
SKU000223,SEL00004
SKU000224,SEL00048
SKU000224,SEL00040
SKU000225,SEL00039
SKU000225,SEL00034
SKU000225,SEL00029
SKU000225,SEL00041
SKU000226,SEL00034
SKU000226,SEL00047
SKU000226,SEL00003
SKU000226,SEL00043
SKU000227,SEL00023
SKU000227,SEL00014
SKU000227,SEL00033
SKU000227,SEL00029
SKU000228,SEL00014
SKU000228,SEL00030
SKU000229,SEL00001
SKU000229,SEL00035
SKU000229,SEL00031
SKU000229,SEL00034
SKU000230,SEL00036
SKU000230,SEL00035
SKU000230,SEL00003
SKU000230,SEL00046
SKU000230,SEL00013
SKU000231,SEL00025
SKU000231,SEL00021
SKU000231,SEL00046
SKU000231,SEL00048
SKU000232,SEL00048
SKU000232,SEL00013
SKU000232,SEL00030
SKU000233,SEL00039
SKU000233,SEL00045
SKU000234,SEL00008
SKU000234,SEL00003
SKU000234,SEL00007
SKU000234,SEL00015
SKU000235,SEL00021
SKU000236,SEL00039
SKU000236,SEL00013
SKU000236,SEL00033
SKU000236,SEL00003
SKU000237,SEL00024
SKU000237,SEL00017
SKU000237,SEL00039
SKU000237,SEL00021
SKU000238,SEL00017
SKU000238,SEL00044
SKU000238,SEL00018
SKU000238,SEL00023
SKU000239,SEL00005
SKU000239,SEL00019
SKU000239,SEL00047
SKU000240,SEL00030
SKU000240,SEL00027
SKU000241,SEL00049
SKU000241,SEL00001
SKU000242,SEL00012
SKU000243,SEL00009
SKU000243,SEL00019
SKU000244,SEL00002
SKU000244,SEL00015
SKU000244,SEL00041
SKU000244,SEL00027
SKU000245,SEL00042
SKU000245,SEL00020
SKU000245,SEL00033
SKU000245,SEL00031
SKU000245,SEL00004
SKU000246,SEL00007
SKU000246,SEL00003
SKU000247,SEL00015
SKU000247,SEL00031
SKU000247,SEL00045
SKU000247,SEL00000
SKU000247,SEL00009
SKU000248,SEL00006
SKU000249,SEL00013
SKU000250,SEL00002
SKU000250,SEL00033
SKU000250,SEL00017
SKU000250,SEL00012
SKU000250,SEL00028
SKU000251,SEL00043
SKU000251,SEL00005
SKU000252,SEL00027
SKU000253,SEL00049
SKU000253,SEL00016
SKU000253,SEL00017
SKU000253,SEL00037
SKU000254,SEL00028
SKU000254,SEL00029
SKU000254,SEL00002
SKU000254,SEL00017
SKU000255,SEL00006
SKU000256,SEL00040
SKU000256,SEL00008
SKU000256,SEL00000
SKU000256,SEL00044
SKU000257,SEL00014
SKU000258,SEL00046
SKU000259,SEL00008
SKU000259,SEL00018
SKU000259,SEL00006
SKU000259,SEL00021
SKU000260,SEL00006
SKU000260,SEL00018
SKU000261,SEL00020
SKU000262,SEL00044
SKU000262,SEL00016
SKU000262,SEL00036
SKU000263,SEL00037
SKU000263,SEL00009
SKU000263,SEL00034
SKU000263,SEL00041
SKU000263,SEL00038
SKU000264,SEL00047
SKU000264,SEL00042
SKU000265,SEL00008
SKU000266,SEL00009
SKU000267,SEL00029
SKU000267,SEL00032
SKU000267,SEL00031
SKU000267,SEL00008
SKU000268,SEL00026
SKU000268,SEL00023
SKU000268,SEL00039
SKU000268,SEL00006
SKU000269,SEL00021
SKU000270,SEL00022
SKU000271,SEL00019
SKU000272,SEL00027
SKU000272,SEL00048
SKU000273,SEL00038
SKU000273,SEL00045
SKU000273,SEL00025
SKU000274,SEL00034
SKU000274,SEL00006
SKU000274,SEL00045
SKU000275,SEL00029
SKU000275,SEL00041
SKU000275,SEL00044
SKU000275,SEL00012
SKU000275,SEL00000
SKU000276,SEL00037
SKU000276,SEL00014
SKU000276,SEL00016
SKU000276,SEL00038
SKU000277,SEL00039
SKU000277,SEL00041
SKU000277,SEL00038
SKU000277,SEL00035
SKU000277,SEL00043
SKU000278,SEL00019
SKU000278,SEL00021
SKU000278,SEL00001
SKU000278,SEL00015
SKU000278,SEL00022
SKU000279,SEL00039
SKU000279,SEL00033
SKU000279,SEL00038
SKU000279,SEL00025
SKU000279,SEL00013
SKU000280,SEL00035
SKU000280,SEL00037
SKU000281,SEL00045
SKU000281,SEL00046
SKU000281,SEL00040
SKU000282,SEL00028
SKU000282,SEL00040
SKU000282,SEL00029
SKU000282,SEL00019
SKU000283,SEL00047
SKU000283,SEL00008
SKU000283,SEL00020
SKU000284,SEL00032
SKU000285,SEL00047
SKU000286,SEL00033
SKU000287,SEL00010
SKU000287,SEL00018
SKU000287,SEL00034
SKU000287,SEL00023
SKU000288,SEL00004
SKU000288,SEL00019
SKU000288,SEL00037
SKU000289,SEL00049
SKU000290,SEL00039
SKU000290,SEL00014
SKU000290,SEL00037
SKU000290,SEL00032
SKU000290,SEL00016
SKU000291,SEL00020
SKU000291,SEL00026
SKU000291,SEL00029
SKU000291,SEL00039
SKU000292,SEL00035
SKU000292,SEL00037
SKU000292,SEL00028
SKU000293,SEL00017
SKU000294,SEL00020
SKU000295,SEL00015
SKU000295,SEL00035
SKU000295,SEL00008
SKU000295,SEL00009
SKU000296,SEL00040
SKU000296,SEL00032
SKU000297,SEL00024
SKU000297,SEL00041
SKU000298,SEL00040
SKU000298,SEL00010
SKU000299,SEL00027
SKU000299,SEL00011
SKU000299,SEL00021
SKU000299,SEL00041
SKU000300,SEL00009
SKU000300,SEL00037
SKU000301,SEL00035
SKU000301,SEL00004
SKU000301,SEL00043
SKU000301,SEL00021
SKU000302,SEL00032
SKU000302,SEL00004
SKU000302,SEL00039
SKU000302,SEL00026
SKU000303,SEL00044
SKU000304,SEL00008
SKU000304,SEL00020
SKU000305,SEL00038
SKU000305,SEL00025
SKU000305,SEL00001
SKU000305,SEL00002
SKU000306,SEL00009
SKU000306,SEL00016
SKU000306,SEL00015
SKU000306,SEL00028
SKU000306,SEL00013
SKU000307,SEL00046
SKU000307,SEL00009
SKU000307,SEL00043
SKU000307,SEL00041
SKU000308,SEL00028
SKU000308,SEL00041
SKU000308,SEL00043
SKU000308,SEL00009
SKU000309,SEL00007
SKU000309,SEL00012
SKU000310,SEL00034
SKU000310,SEL00040
SKU000311,SEL00013
SKU000311,SEL00011
SKU000312,SEL00040
SKU000312,SEL00018
SKU000312,SEL00006
SKU000312,SEL00008
SKU000313,SEL00037
SKU000314,SEL00012
SKU000314,SEL00024
SKU000314,SEL00041
SKU000314,SEL00016
SKU000314,SEL00035
SKU000315,SEL00033
SKU000315,SEL00040
SKU000315,SEL00011
SKU000315,SEL00042
SKU000315,SEL00024
SKU000316,SEL00042
SKU000316,SEL00029
SKU000317,SEL00021
SKU000318,SEL00035
SKU000318,SEL00032
SKU000318,SEL00034
SKU000318,SEL00010
SKU000318,SEL00039
SKU000319,SEL00022
SKU000319,SEL00036
SKU000320,SEL00034
SKU000321,SEL00008
SKU000321,SEL00019
SKU000321,SEL00018
SKU000321,SEL00007
SKU000322,SEL00040
SKU000322,SEL00014
SKU000322,SEL00028
SKU000322,SEL00020
SKU000322,SEL00031
SKU000323,SEL00006
SKU000323,SEL00028
SKU000323,SEL00008
SKU000323,SEL00024
SKU000324,SEL00013
SKU000324,SEL00027
SKU000324,SEL00022
SKU000325,SEL00046
SKU000325,SEL00047
SKU000325,SEL00020
SKU000325,SEL00049
SKU000325,SEL00006
SKU000326,SEL00007
SKU000326,SEL00002
SKU000326,SEL00040
SKU000327,SEL00030
SKU000328,SEL00008
SKU000329,SEL00032
SKU000329,SEL00049
SKU000329,SEL00016
SKU000329,SEL00025
SKU000330,SEL00017
SKU000331,SEL00005
SKU000331,SEL00000
SKU000331,SEL00002
SKU000331,SEL00035
SKU000332,SEL00013
SKU000332,SEL00043
SKU000332,SEL00039
SKU000332,SEL00015
SKU000332,SEL00004
SKU000333,SEL00005
SKU000333,SEL00014
SKU000333,SEL00003
SKU000334,SEL00023
SKU000334,SEL00039
SKU000335,SEL00048
SKU000336,SEL00042
SKU000336,SEL00037
SKU000336,SEL00016
SKU000337,SEL00034
SKU000337,SEL00007
SKU000337,SEL00003
SKU000337,SEL00048
SKU000338,SEL00006
SKU000339,SEL00009
SKU000339,SEL00031
SKU000340,SEL00030
SKU000340,SEL00047
SKU000340,SEL00016
SKU000340,SEL00035
SKU000341,SEL00000
SKU000341,SEL00033
SKU000341,SEL00022
SKU000342,SEL00049
SKU000342,SEL00015
SKU000343,SEL00035
SKU000344,SEL00037
SKU000344,SEL00045
SKU000344,SEL00035
SKU000344,SEL00001
SKU000344,SEL00019
SKU000345,SEL00017
SKU000345,SEL00008
SKU000345,SEL00011
SKU000346,SEL00001
SKU000346,SEL00006
SKU000346,SEL00037
SKU000346,SEL00036
SKU000347,SEL00019
SKU000347,SEL00031
SKU000347,SEL00043
SKU000347,SEL00046
SKU000347,SEL00001
SKU000348,SEL00004
SKU000348,SEL00016
SKU000348,SEL00015
SKU000349,SEL00043
SKU000349,SEL00011
SKU000349,SEL00024
SKU000350,SEL00006
SKU000350,SEL00000
SKU000350,SEL00029
SKU000350,SEL00017
SKU000351,SEL00044
SKU000352,SEL00014
SKU000352,SEL00017
SKU000353,SEL00018
SKU000353,SEL00013
SKU000353,SEL00035
SKU000353,SEL00024
SKU000353,SEL00048
SKU000354,SEL00019
SKU000354,SEL00031
SKU000354,SEL00046
SKU000355,SEL00022
SKU000355,SEL00030
SKU000355,SEL00013
SKU000355,SEL00029
SKU000355,SEL00031
SKU000356,SEL00016
SKU000356,SEL00017
SKU000356,SEL00035
SKU000356,SEL00014
SKU000356,SEL00002
SKU000357,SEL00000
SKU000357,SEL00041
SKU000357,SEL00024
SKU000357,SEL00006
SKU000358,SEL00016
SKU000358,SEL00047
SKU000358,SEL00048
SKU000358,SEL00027
SKU000358,SEL00002
SKU000359,SEL00037
SKU000359,SEL00021
SKU000359,SEL00028
SKU000359,SEL00029
SKU000360,SEL00021
SKU000360,SEL00012
SKU000360,SEL00028
SKU000360,SEL00020
SKU000361,SEL00005
SKU000362,SEL00044
SKU000362,SEL00010
SKU000362,SEL00033
SKU000362,SEL00005
SKU000362,SEL00002
SKU000363,SEL00004
SKU000364,SEL00003
SKU000364,SEL00031
SKU000364,SEL00047
SKU000364,SEL00041
SKU000365,SEL00014
SKU000365,SEL00015
SKU000365,SEL00019
SKU000365,SEL00041
SKU000366,SEL00047
SKU000367,SEL00021
SKU000367,SEL00046
SKU000367,SEL00000
SKU000368,SEL00024
SKU000368,SEL00016
SKU000368,SEL00035
SKU000369,SEL00034
SKU000369,SEL00031
SKU000370,SEL00004
SKU000370,SEL00036
SKU000371,SEL00037
SKU000371,SEL00032
SKU000371,SEL00013
SKU000371,SEL00014
SKU000371,SEL00028
SKU000372,SEL00018
SKU000372,SEL00007
SKU000372,SEL00023
SKU000372,SEL00032
SKU000372,SEL00036
SKU000373,SEL00048
SKU000373,SEL00037
SKU000373,SEL00032
SKU000374,SEL00014
SKU000374,SEL00033
SKU000375,SEL00022
SKU000375,SEL00010
SKU000375,SEL00046
SKU000375,SEL00043
SKU000376,SEL00008
SKU000376,SEL00029
SKU000377,SEL00024
SKU000378,SEL00014
SKU000378,SEL00022
SKU000378,SEL00045
SKU000378,SEL00033
SKU000379,SEL00022
SKU000379,SEL00027
SKU000380,SEL00040
SKU000380,SEL00021
SKU000380,SEL00011
SKU000380,SEL00022
SKU000380,SEL00041
SKU000381,SEL00023
SKU000381,SEL00045
SKU000381,SEL00028
SKU000382,SEL00038
SKU000382,SEL00037
SKU000382,SEL00036
SKU000382,SEL00013
SKU000382,SEL00031
SKU000383,SEL00037
SKU000383,SEL00012
SKU000383,SEL00014
SKU000383,SEL00048
SKU000384,SEL00001
SKU000384,SEL00000
SKU000384,SEL00028
SKU000385,SEL00017
SKU000385,SEL00001
SKU000385,SEL00028
SKU000385,SEL00034
SKU000386,SEL00031
SKU000386,SEL00048
SKU000387,SEL00003
SKU000387,SEL00008
SKU000387,SEL00033
SKU000388,SEL00009
SKU000389,SEL00046
SKU000389,SEL00044
SKU000389,SEL00003
SKU000390,SEL00041
SKU000391,SEL00045
SKU000391,SEL00009
SKU000391,SEL00027
SKU000391,SEL00024
SKU000392,SEL00026
SKU000393,SEL00013
SKU000393,SEL00017
SKU000393,SEL00035
SKU000393,SEL00038
SKU000394,SEL00038
SKU000394,SEL00009
SKU000394,SEL00019
SKU000394,SEL00035
SKU000395,SEL00011
SKU000395,SEL00021
SKU000395,SEL00001
SKU000396,SEL00032
SKU000396,SEL00004
SKU000397,SEL00020
SKU000397,SEL00023
SKU000397,SEL00042
SKU000397,SEL00036
SKU000397,SEL00006
SKU000398,SEL00015
SKU000399,SEL00011
SKU000399,SEL00019
SKU000399,SEL00003
SKU000400,SEL00034
SKU000400,SEL00021
SKU000401,SEL00044
SKU000401,SEL00043
SKU000401,SEL00008
SKU000401,SEL00021
SKU000401,SEL00005
SKU000402,SEL00039
SKU000402,SEL00027
SKU000403,SEL00006
SKU000403,SEL00033
SKU000403,SEL00036
SKU000404,SEL00003
SKU000405,SEL00042
SKU000405,SEL00012
SKU000406,SEL00025
SKU000406,SEL00047
SKU000406,SEL00015
SKU000406,SEL00003
SKU000407,SEL00045
SKU000407,SEL00033
SKU000407,SEL00036
SKU000407,SEL00047
SKU000408,SEL00046
SKU000409,SEL00029
SKU000409,SEL00037
SKU000410,SEL00008
SKU000410,SEL00005
SKU000410,SEL00034
SKU000411,SEL00009
SKU000411,SEL00032
SKU000412,SEL00038
SKU000413,SEL00009
SKU000413,SEL00019
SKU000413,SEL00030
SKU000413,SEL00044
SKU000414,SEL00038
SKU000414,SEL00036
SKU000414,SEL00019
SKU000414,SEL00028
SKU000414,SEL00013
SKU000415,SEL00041
SKU000416,SEL00007
SKU000416,SEL00009
SKU000417,SEL00018
SKU000418,SEL00044
SKU000418,SEL00018
SKU000418,SEL00014
SKU000418,SEL00042
SKU000418,SEL00032
SKU000419,SEL00025
SKU000419,SEL00048
SKU000419,SEL00041
SKU000420,SEL00004
SKU000420,SEL00015
SKU000420,SEL00014
SKU000420,SEL00022
SKU000421,SEL00036
SKU000421,SEL00029
SKU000421,SEL00035
SKU000422,SEL00019
SKU000423,SEL00042
SKU000424,SEL00027
SKU000424,SEL00000
SKU000425,SEL00048
SKU000425,SEL00003
SKU000426,SEL00018
SKU000427,SEL00021
SKU000427,SEL00014
SKU000427,SEL00024
SKU000428,SEL00000
SKU000428,SEL00004
SKU000429,SEL00028
SKU000429,SEL00004
SKU000430,SEL00006
SKU000430,SEL00029
SKU000430,SEL00011
SKU000430,SEL00008
SKU000431,SEL00023
SKU000431,SEL00044
SKU000431,SEL00036
SKU000431,SEL00033
SKU000432,SEL00015
SKU000432,SEL00036
SKU000432,SEL00024
SKU000432,SEL00047
SKU000432,SEL00032
SKU000433,SEL00048
SKU000433,SEL00007
SKU000433,SEL00035
SKU000433,SEL00028
SKU000434,SEL00012
SKU000434,SEL00008
SKU000434,SEL00011
SKU000435,SEL00017
SKU000435,SEL00001
SKU000435,SEL00000
SKU000435,SEL00033
SKU000435,SEL00008
SKU000436,SEL00001
SKU000436,SEL00049
SKU000436,SEL00026
SKU000436,SEL00006
SKU000436,SEL00032
SKU000437,SEL00002
SKU000437,SEL00004
SKU000437,SEL00045
SKU000437,SEL00003
SKU000437,SEL00015
SKU000438,SEL00033
SKU000438,SEL00026
SKU000439,SEL00019
SKU000439,SEL00036
SKU000439,SEL00023
SKU000440,SEL00014
SKU000440,SEL00035
SKU000441,SEL00009
SKU000441,SEL00034
SKU000441,SEL00020
SKU000442,SEL00005
SKU000442,SEL00020
SKU000443,SEL00031
SKU000443,SEL00018
SKU000443,SEL00004
SKU000443,SEL00015
SKU000444,SEL00018
SKU000444,SEL00030
SKU000444,SEL00034
SKU000444,SEL00000
SKU000444,SEL00045
SKU000445,SEL00005
SKU000445,SEL00047
SKU000445,SEL00037
SKU000446,SEL00028
SKU000446,SEL00030
SKU000446,SEL00009
SKU000447,SEL00032
SKU000447,SEL00015
SKU000447,SEL00010
SKU000447,SEL00036
SKU000448,SEL00019
SKU000448,SEL00021
SKU000449,SEL00024
SKU000449,SEL00042
SKU000449,SEL00022
SKU000449,SEL00015
SKU000449,SEL00049
SKU000450,SEL00039
SKU000450,SEL00017
SKU000450,SEL00027
SKU000450,SEL00000
SKU000450,SEL00041
SKU000451,SEL00002
SKU000451,SEL00007
SKU000452,SEL00027
SKU000452,SEL00032
SKU000452,SEL00013
SKU000452,SEL00026
SKU000453,SEL00039
SKU000453,SEL00013
SKU000453,SEL00030
SKU000453,SEL00047
SKU000453,SEL00028
SKU000454,SEL00011
SKU000454,SEL00041
SKU000454,SEL00023
SKU000454,SEL00048
SKU000454,SEL00032
SKU000455,SEL00008
SKU000455,SEL00001
SKU000456,SEL00037
SKU000457,SEL00000
SKU000457,SEL00022
SKU000457,SEL00014
SKU000457,SEL00039
SKU000457,SEL00038
SKU000458,SEL00005
SKU000458,SEL00027
SKU000458,SEL00007
SKU000458,SEL00042
SKU000459,SEL00042
SKU000459,SEL00005
SKU000459,SEL00007
SKU000459,SEL00026
SKU000460,SEL00048
SKU000460,SEL00030
SKU000460,SEL00022
SKU000460,SEL00043
SKU000461,SEL00036
SKU000462,SEL00027
SKU000462,SEL00041
SKU000462,SEL00020
SKU000463,SEL00036
SKU000463,SEL00014
SKU000463,SEL00031
SKU000464,SEL00019
SKU000465,SEL00022
SKU000465,SEL00023
SKU000465,SEL00044
SKU000466,SEL00040
SKU000466,SEL00016
SKU000467,SEL00046
SKU000467,SEL00038
SKU000468,SEL00020
SKU000468,SEL00034
SKU000468,SEL00015
SKU000469,SEL00048
SKU000469,SEL00009
SKU000469,SEL00034
SKU000469,SEL00022
SKU000469,SEL00023
SKU000470,SEL00036
SKU000470,SEL00005
SKU000470,SEL00004
SKU000470,SEL00043
SKU000471,SEL00021
SKU000471,SEL00024
SKU000472,SEL00001
SKU000472,SEL00031
SKU000472,SEL00034
SKU000472,SEL00019
SKU000472,SEL00040
SKU000473,SEL00037
SKU000473,SEL00044
SKU000473,SEL00023
SKU000473,SEL00030
SKU000473,SEL00011
SKU000474,SEL00047
SKU000474,SEL00042
SKU000474,SEL00030
SKU000474,SEL00046
SKU000474,SEL00005
SKU000475,SEL00036
SKU000475,SEL00014
SKU000475,SEL00038
SKU000475,SEL00017
SKU000475,SEL00005
SKU000476,SEL00027
SKU000476,SEL00005
SKU000476,SEL00029
SKU000476,SEL00021
SKU000477,SEL00027
SKU000477,SEL00003
SKU000477,SEL00048
SKU000478,SEL00047
SKU000478,SEL00025
SKU000479,SEL00019
SKU000479,SEL00004
SKU000479,SEL00006
SKU000480,SEL00026
SKU000480,SEL00036
SKU000481,SEL00006
SKU000482,SEL00043
SKU000482,SEL00001
SKU000482,SEL00034
SKU000482,SEL00039
SKU000482,SEL00038
SKU000483,SEL00035
SKU000483,SEL00011
SKU000484,SEL00015
SKU000484,SEL00009
SKU000485,SEL00007
SKU000485,SEL00030
SKU000485,SEL00031
SKU000485,SEL00002
SKU000486,SEL00003
SKU000487,SEL00000
SKU000487,SEL00049
SKU000487,SEL00012
SKU000488,SEL00006
SKU000488,SEL00045
SKU000488,SEL00044
SKU000488,SEL00005
SKU000488,SEL00037
SKU000489,SEL00027
SKU000489,SEL00047
SKU000490,SEL00045
SKU000490,SEL00043
SKU000490,SEL00028
SKU000490,SEL00030
SKU000491,SEL00019
SKU000491,SEL00013
SKU000491,SEL00041
SKU000492,SEL00024
SKU000492,SEL00029
SKU000493,SEL00042
SKU000493,SEL00037
SKU000494,SEL00001
SKU000494,SEL00045
SKU000495,SEL00000
SKU000495,SEL00035
SKU000496,SEL00049
SKU000496,SEL00022
SKU000496,SEL00019
SKU000497,SEL00002
SKU000497,SEL00026
SKU000497,SEL00007
SKU000498,SEL00022
SKU000498,SEL00004
SKU000498,SEL00034
SKU000498,SEL00049
SKU000498,SEL00014
SKU000499,SEL00021
SKU000500,SEL00021
SKU000500,SEL00039
SKU000500,SEL00000
SKU000500,SEL00009
SKU000500,SEL00004
SKU000501,SEL00040
SKU000501,SEL00010
SKU000501,SEL00027
SKU000502,SEL00002
SKU000502,SEL00019
SKU000502,SEL00037
SKU000502,SEL00032
SKU000502,SEL00001
SKU000503,SEL00000
SKU000503,SEL00020
SKU000503,SEL00008
SKU000504,SEL00041
SKU000504,SEL00047
SKU000504,SEL00033
SKU000504,SEL00002
SKU000504,SEL00042
SKU000505,SEL00041
SKU000505,SEL00008
SKU000505,SEL00020
SKU000505,SEL00038
SKU000506,SEL00047
SKU000506,SEL00025
SKU000506,SEL00027
SKU000507,SEL00043
SKU000507,SEL00047
SKU000507,SEL00042
SKU000507,SEL00026
SKU000508,SEL00037
SKU000508,SEL00033
SKU000508,SEL00048
SKU000509,SEL00043
SKU000510,SEL00045
SKU000511,SEL00023
SKU000512,SEL00037
SKU000513,SEL00005
SKU000513,SEL00025
SKU000514,SEL00000
SKU000514,SEL00038
SKU000514,SEL00007
SKU000514,SEL00032
SKU000514,SEL00025
SKU000515,SEL00028
SKU000515,SEL00010
SKU000515,SEL00006
SKU000515,SEL00034
SKU000516,SEL00032
SKU000516,SEL00023
SKU000516,SEL00019
SKU000516,SEL00008
SKU000516,SEL00028
SKU000517,SEL00046
SKU000517,SEL00029
SKU000518,SEL00039
SKU000518,SEL00026
SKU000518,SEL00043
SKU000518,SEL00021
SKU000519,SEL00035
SKU000519,SEL00019
SKU000520,SEL00042
SKU000520,SEL00007
SKU000520,SEL00022
SKU000520,SEL00008
SKU000521,SEL00027
SKU000521,SEL00043
SKU000522,SEL00041
SKU000522,SEL00043
SKU000523,SEL00010
SKU000524,SEL00026
SKU000524,SEL00018
SKU000525,SEL00014
SKU000525,SEL00016
SKU000525,SEL00005
SKU000525,SEL00006
SKU000526,SEL00040
SKU000526,SEL00044
SKU000527,SEL00001
SKU000527,SEL00000
SKU000527,SEL00028
SKU000527,SEL00024
SKU000528,SEL00044
SKU000528,SEL00046
SKU000528,SEL00018
SKU000528,SEL00016
SKU000529,SEL00038
SKU000529,SEL00024
SKU000529,SEL00021
SKU000530,SEL00041
SKU000530,SEL00019
SKU000530,SEL00009
SKU000531,SEL00046
SKU000531,SEL00016
SKU000532,SEL00001
SKU000532,SEL00046
SKU000532,SEL00047
SKU000532,SEL00010
SKU000533,SEL00045
SKU000533,SEL00035
SKU000533,SEL00007
SKU000533,SEL00010
SKU000533,SEL00018
SKU000534,SEL00028
SKU000534,SEL00022
SKU000534,SEL00020
SKU000534,SEL00001
SKU000535,SEL00047
SKU000536,SEL00026
SKU000536,SEL00011
SKU000536,SEL00048
SKU000537,SEL00001
SKU000537,SEL00031
SKU000537,SEL00047
SKU000537,SEL00006
SKU000538,SEL00014
SKU000538,SEL00037
SKU000538,SEL00042
SKU000538,SEL00026
SKU000539,SEL00033
SKU000539,SEL00048
SKU000539,SEL00045
SKU000539,SEL00011
SKU000539,SEL00028
SKU000540,SEL00032
SKU000540,SEL00047
SKU000540,SEL00011
SKU000540,SEL00014
SKU000541,SEL00024
SKU000541,SEL00007
SKU000542,SEL00032
SKU000542,SEL00048
SKU000542,SEL00003
SKU000543,SEL00044
SKU000544,SEL00035
SKU000544,SEL00032
SKU000545,SEL00046
SKU000545,SEL00015
SKU000545,SEL00014
SKU000546,SEL00037
SKU000546,SEL00049
SKU000546,SEL00048
SKU000546,SEL00023
SKU000547,SEL00027
SKU000547,SEL00047
SKU000547,SEL00008
SKU000547,SEL00016
SKU000548,SEL00018
SKU000548,SEL00008
SKU000549,SEL00025
SKU000549,SEL00004
SKU000550,SEL00005
SKU000550,SEL00047
SKU000550,SEL00034
SKU000550,SEL00020
SKU000550,SEL00010
SKU000551,SEL00013
SKU000551,SEL00045
SKU000551,SEL00035
SKU000552,SEL00022
SKU000552,SEL00002
SKU000552,SEL00019
SKU000552,SEL00036
SKU000553,SEL00028
SKU000553,SEL00019
SKU000553,SEL00035
SKU000554,SEL00025
SKU000554,SEL00037
SKU000554,SEL00038
SKU000555,SEL00008
SKU000555,SEL00017
SKU000555,SEL00018
SKU000555,SEL00004
SKU000555,SEL00048
SKU000556,SEL00021
SKU000556,SEL00035
SKU000556,SEL00037
SKU000557,SEL00002
SKU000557,SEL00009
SKU000557,SEL00027
SKU000557,SEL00033
SKU000557,SEL00000
SKU000558,SEL00007
SKU000559,SEL00004
SKU000560,SEL00032
SKU000560,SEL00023
SKU000561,SEL00033
SKU000562,SEL00001
SKU000562,SEL00039
SKU000563,SEL00035
SKU000564,SEL00004
SKU000564,SEL00000
SKU000564,SEL00008
SKU000564,SEL00020
SKU000565,SEL00037
SKU000565,SEL00020
SKU000565,SEL00033
SKU000565,SEL00010
SKU000565,SEL00002
SKU000566,SEL00044
SKU000566,SEL00017
SKU000566,SEL00013
SKU000567,SEL00006
SKU000567,SEL00019
SKU000568,SEL00041
SKU000569,SEL00024
SKU000569,SEL00000
SKU000569,SEL00038
SKU000570,SEL00009
SKU000570,SEL00002
SKU000570,SEL00020
SKU000571,SEL00043
SKU000571,SEL00026
SKU000571,SEL00046
SKU000572,SEL00038
SKU000572,SEL00035
SKU000572,SEL00024
SKU000573,SEL00002
SKU000573,SEL00030
SKU000573,SEL00016
SKU000573,SEL00042
SKU000573,SEL00049
SKU000574,SEL00019
SKU000574,SEL00045
SKU000574,SEL00041
SKU000574,SEL00011
SKU000575,SEL00046
SKU000575,SEL00001
SKU000575,SEL00043
SKU000575,SEL00009
SKU000575,SEL00017
SKU000576,SEL00023
SKU000577,SEL00022
SKU000577,SEL00027
SKU000577,SEL00005
SKU000577,SEL00031
SKU000578,SEL00000
SKU000579,SEL00034
SKU000579,SEL00046
SKU000579,SEL00011
SKU000579,SEL00048
SKU000579,SEL00032
SKU000580,SEL00019
SKU000580,SEL00034
SKU000581,SEL00031
SKU000582,SEL00019
SKU000582,SEL00002
SKU000582,SEL00030
SKU000582,SEL00016
SKU000582,SEL00023
SKU000583,SEL00003
SKU000583,SEL00019
SKU000584,SEL00016
SKU000584,SEL00043
SKU000585,SEL00008
SKU000585,SEL00024
SKU000586,SEL00022
SKU000586,SEL00045
SKU000586,SEL00018
SKU000587,SEL00030
SKU000587,SEL00025
SKU000587,SEL00007
SKU000587,SEL00012
SKU000588,SEL00008
SKU000589,SEL00002
SKU000589,SEL00000
SKU000589,SEL00018
SKU000590,SEL00048
SKU000591,SEL00030
SKU000591,SEL00033
SKU000592,SEL00032
SKU000593,SEL00020
SKU000593,SEL00007
SKU000593,SEL00042
SKU000594,SEL00021
SKU000594,SEL00040
SKU000594,SEL00006
SKU000594,SEL00013
SKU000594,SEL00019
SKU000595,SEL00025
SKU000595,SEL00049
SKU000595,SEL00031
SKU000595,SEL00048
SKU000596,SEL00010
SKU000596,SEL00026
SKU000596,SEL00048
SKU000596,SEL00037
SKU000596,SEL00030
SKU000597,SEL00007
SKU000597,SEL00032
SKU000597,SEL00030
SKU000597,SEL00008
SKU000598,SEL00032
SKU000598,SEL00007
SKU000598,SEL00037
SKU000598,SEL00011
SKU000599,SEL00031
SKU000600,SEL00020
SKU000600,SEL00028
SKU000601,SEL00027
SKU000601,SEL00035
SKU000602,SEL00021
SKU000602,SEL00018
SKU000602,SEL00006
SKU000603,SEL00009
SKU000603,SEL00032
SKU000604,SEL00045
SKU000604,SEL00030
SKU000605,SEL00043
SKU000605,SEL00016
SKU000605,SEL00036
SKU000606,SEL00045
SKU000606,SEL00016
SKU000606,SEL00001
SKU000607,SEL00016
SKU000608,SEL00007
SKU000609,SEL00036
SKU000610,SEL00036
SKU000610,SEL00041
SKU000610,SEL00040
SKU000610,SEL00045
SKU000610,SEL00011
SKU000611,SEL00035
SKU000611,SEL00005
SKU000611,SEL00043
SKU000612,SEL00027
SKU000613,SEL00039
SKU000613,SEL00019
SKU000613,SEL00046
SKU000614,SEL00049
SKU000614,SEL00024
SKU000614,SEL00044
SKU000615,SEL00028
SKU000616,SEL00015
SKU000616,SEL00001
SKU000616,SEL00024
SKU000617,SEL00002
SKU000617,SEL00035
SKU000617,SEL00019
SKU000617,SEL00043
SKU000618,SEL00025
SKU000619,SEL00024
SKU000620,SEL00009
SKU000620,SEL00004
SKU000620,SEL00027
SKU000621,SEL00023
SKU000622,SEL00000
SKU000622,SEL00027
SKU000622,SEL00004
SKU000622,SEL00016
SKU000622,SEL00040
SKU000623,SEL00017
SKU000623,SEL00021
SKU000623,SEL00002
SKU000624,SEL00027
SKU000624,SEL00001
SKU000625,SEL00000
SKU000625,SEL00014
SKU000625,SEL00008
SKU000625,SEL00016
SKU000626,SEL00035
SKU000626,SEL00030
SKU000626,SEL00017
SKU000626,SEL00033
SKU000627,SEL00016
SKU000627,SEL00008
SKU000627,SEL00001
SKU000628,SEL00016
SKU000628,SEL00005
SKU000628,SEL00004
SKU000628,SEL00022
SKU000629,SEL00041
SKU000629,SEL00040
SKU000630,SEL00042
SKU000631,SEL00030
SKU000631,SEL00027
SKU000631,SEL00042
SKU000631,SEL00024
SKU000632,SEL00024
SKU000633,SEL00040
SKU000633,SEL00039
SKU000633,SEL00022
SKU000633,SEL00030
SKU000633,SEL00023
SKU000634,SEL00009
SKU000634,SEL00012
SKU000634,SEL00006
SKU000634,SEL00042
SKU000634,SEL00015
SKU000635,SEL00019
SKU000635,SEL00005
SKU000635,SEL00024
SKU000635,SEL00000
SKU000635,SEL00035
SKU000636,SEL00035
SKU000637,SEL00015
SKU000637,SEL00049
SKU000638,SEL00022
SKU000638,SEL00006
SKU000638,SEL00026
SKU000639,SEL00000
SKU000639,SEL00016
SKU000639,SEL00028
SKU000639,SEL00013
SKU000639,SEL00014
SKU000640,SEL00003
SKU000641,SEL00006
SKU000641,SEL00021
SKU000641,SEL00023
SKU000641,SEL00039
SKU000641,SEL00007
SKU000642,SEL00032
SKU000642,SEL00041
SKU000642,SEL00019
SKU000643,SEL00017
SKU000643,SEL00027
SKU000643,SEL00014
SKU000643,SEL00037
SKU000644,SEL00040
SKU000644,SEL00019
SKU000644,SEL00036
SKU000644,SEL00011
SKU000644,SEL00024
SKU000645,SEL00032
SKU000645,SEL00028
SKU000645,SEL00024
SKU000645,SEL00037
SKU000645,SEL00005
SKU000646,SEL00042
SKU000647,SEL00033
SKU000647,SEL00037
SKU000647,SEL00018
SKU000647,SEL00041
SKU000647,SEL00010
SKU000648,SEL00028
SKU000648,SEL00025
SKU000648,SEL00015
SKU000649,SEL00013
SKU000649,SEL00031
SKU000649,SEL00009
SKU000650,SEL00037
SKU000650,SEL00005
SKU000650,SEL00038
SKU000651,SEL00000
SKU000651,SEL00046
SKU000651,SEL00039
SKU000652,SEL00029
SKU000652,SEL00019
SKU000652,SEL00004
SKU000652,SEL00041
SKU000653,SEL00027
SKU000653,SEL00041
SKU000653,SEL00001
SKU000653,SEL00017
SKU000654,SEL00049
SKU000654,SEL00045
SKU000654,SEL00012
SKU000654,SEL00005
SKU000655,SEL00046
SKU000655,SEL00044
SKU000655,SEL00031
SKU000655,SEL00008
SKU000655,SEL00022
SKU000656,SEL00001
SKU000657,SEL00016
SKU000657,SEL00035
SKU000657,SEL00043
SKU000657,SEL00003
SKU000657,SEL00041
SKU000658,SEL00027
SKU000658,SEL00003
SKU000658,SEL00033
SKU000658,SEL00007
SKU000658,SEL00040
SKU000659,SEL00007
SKU000659,SEL00013
SKU000659,SEL00025
SKU000659,SEL00027
SKU000659,SEL00008
SKU000660,SEL00022
SKU000660,SEL00025
SKU000660,SEL00030
SKU000660,SEL00029
SKU000660,SEL00005
SKU000661,SEL00018
SKU000661,SEL00007
SKU000661,SEL00049
SKU000662,SEL00017
SKU000662,SEL00003
SKU000662,SEL00002
SKU000663,SEL00041
SKU000663,SEL00005
SKU000663,SEL00035
SKU000663,SEL00028
SKU000663,SEL00014
SKU000664,SEL00047
SKU000664,SEL00005
SKU000664,SEL00046
SKU000664,SEL00038
SKU000665,SEL00044
SKU000665,SEL00025
SKU000666,SEL00011
SKU000667,SEL00006
SKU000667,SEL00008
SKU000667,SEL00014
SKU000667,SEL00031
SKU000668,SEL00007
SKU000668,SEL00037
SKU000668,SEL00041
SKU000668,SEL00015
SKU000669,SEL00004
SKU000669,SEL00032
SKU000669,SEL00039
SKU000670,SEL00028
SKU000671,SEL00000
SKU000671,SEL00037
SKU000671,SEL00001
SKU000671,SEL00023
SKU000672,SEL00003
SKU000673,SEL00035
SKU000674,SEL00034
SKU000674,SEL00002
SKU000674,SEL00033
SKU000674,SEL00014
SKU000674,SEL00044
SKU000675,SEL00027
SKU000676,SEL00021
SKU000676,SEL00032
SKU000677,SEL00009
SKU000677,SEL00029
SKU000677,SEL00026
SKU000678,SEL00020
SKU000678,SEL00045
SKU000678,SEL00041
SKU000678,SEL00047
SKU000678,SEL00037
SKU000679,SEL00006
SKU000679,SEL00015
SKU000679,SEL00000
SKU000679,SEL00041
SKU000680,SEL00014
SKU000680,SEL00000
SKU000680,SEL00010
SKU000680,SEL00048
SKU000681,SEL00007
SKU000681,SEL00008
SKU000681,SEL00047
SKU000681,SEL00048
SKU000681,SEL00016
SKU000682,SEL00028
SKU000682,SEL00024
SKU000682,SEL00023
SKU000682,SEL00030
SKU000682,SEL00016
SKU000683,SEL00010
SKU000684,SEL00003
SKU000684,SEL00018
SKU000685,SEL00025
SKU000685,SEL00036
SKU000685,SEL00039
SKU000686,SEL00037
SKU000686,SEL00005
SKU000686,SEL00008
SKU000687,SEL00042
SKU000687,SEL00026
SKU000687,SEL00044
SKU000687,SEL00039
SKU000688,SEL00028
SKU000688,SEL00030
SKU000689,SEL00005
SKU000690,SEL00020
SKU000690,SEL00032
SKU000690,SEL00039
SKU000691,SEL00035
SKU000691,SEL00029
SKU000691,SEL00044
SKU000692,SEL00045
SKU000692,SEL00002
SKU000693,SEL00021
SKU000693,SEL00016
SKU000693,SEL00047
SKU000693,SEL00010
SKU000693,SEL00030
SKU000694,SEL00020
SKU000694,SEL00022
SKU000694,SEL00045
SKU000694,SEL00048
SKU000694,SEL00016
SKU000695,SEL00016
SKU000695,SEL00008
SKU000695,SEL00014
SKU000696,SEL00012
SKU000697,SEL00003
SKU000697,SEL00013
SKU000697,SEL00038
SKU000697,SEL00035
SKU000698,SEL00049
SKU000698,SEL00040
SKU000699,SEL00028
SKU000699,SEL00015
SKU000700,SEL00019
SKU000700,SEL00008
SKU000700,SEL00002
SKU000701,SEL00033
SKU000701,SEL00034
SKU000701,SEL00029
SKU000701,SEL00002
SKU000701,SEL00001
SKU000702,SEL00047
SKU000702,SEL00021
SKU000702,SEL00006
SKU000702,SEL00022
SKU000702,SEL00027
SKU000703,SEL00044
SKU000703,SEL00016
SKU000703,SEL00047
SKU000704,SEL00006
SKU000705,SEL00025
SKU000705,SEL00019
SKU000706,SEL00016
SKU000706,SEL00001
SKU000706,SEL00030
SKU000706,SEL00036
SKU000706,SEL00023
SKU000707,SEL00028
SKU000708,SEL00018
SKU000708,SEL00002
SKU000709,SEL00031
SKU000709,SEL00012
SKU000709,SEL00048
SKU000710,SEL00006
SKU000710,SEL00023
SKU000711,SEL00030
SKU000712,SEL00048
SKU000712,SEL00025
SKU000712,SEL00003
SKU000713,SEL00001
SKU000713,SEL00006
SKU000713,SEL00047
SKU000713,SEL00017
SKU000713,SEL00011
SKU000714,SEL00030
SKU000714,SEL00045
SKU000715,SEL00023
SKU000716,SEL00013
SKU000716,SEL00029
SKU000716,SEL00017
SKU000716,SEL00012
SKU000716,SEL00011
SKU000717,SEL00028
SKU000717,SEL00001
SKU000718,SEL00042
SKU000718,SEL00034
SKU000719,SEL00040
SKU000719,SEL00021
SKU000719,SEL00001
SKU000720,SEL00030
SKU000720,SEL00031
SKU000721,SEL00036
SKU000721,SEL00022
SKU000721,SEL00003
SKU000721,SEL00007
SKU000721,SEL00031
SKU000722,SEL00028
SKU000723,SEL00037
SKU000723,SEL00035
SKU000723,SEL00039
SKU000723,SEL00036
SKU000724,SEL00024
SKU000725,SEL00025
SKU000725,SEL00033
SKU000726,SEL00045
SKU000727,SEL00038
SKU000728,SEL00042
SKU000728,SEL00025
SKU000728,SEL00000
SKU000728,SEL00003
SKU000729,SEL00006
SKU000729,SEL00014
SKU000729,SEL00023
SKU000730,SEL00004
SKU000731,SEL00016
SKU000731,SEL00013
SKU000731,SEL00042
SKU000731,SEL00026
SKU000731,SEL00021
SKU000732,SEL00045
SKU000732,SEL00002
SKU000733,SEL00025
SKU000733,SEL00024
SKU000733,SEL00014
SKU000733,SEL00007
SKU000734,SEL00016
SKU000734,SEL00030
SKU000735,SEL00037
SKU000735,SEL00021
SKU000736,SEL00033
SKU000737,SEL00020
SKU000737,SEL00018
SKU000738,SEL00028
SKU000738,SEL00047
SKU000738,SEL00034
SKU000738,SEL00012
SKU000738,SEL00032
SKU000739,SEL00029
SKU000739,SEL00047
SKU000739,SEL00017
SKU000739,SEL00007
SKU000739,SEL00011
SKU000740,SEL00042
SKU000740,SEL00039
SKU000741,SEL00001
SKU000742,SEL00025
SKU000743,SEL00035
SKU000743,SEL00020
SKU000743,SEL00012
SKU000743,SEL00043
SKU000743,SEL00048
SKU000744,SEL00018
SKU000744,SEL00041
SKU000744,SEL00023
SKU000744,SEL00031
SKU000744,SEL00027
SKU000745,SEL00024
SKU000746,SEL00026
SKU000746,SEL00048
SKU000746,SEL00036
SKU000746,SEL00028
SKU000746,SEL00016
SKU000747,SEL00044
SKU000747,SEL00047
SKU000747,SEL00017
SKU000747,SEL00034
SKU000747,SEL00030
SKU000748,SEL00042
SKU000748,SEL00032
SKU000748,SEL00015
SKU000748,SEL00044
SKU000749,SEL00006
SKU000749,SEL00031
SKU000749,SEL00005
SKU000749,SEL00016
SKU000749,SEL00040
SKU000750,SEL00026
SKU000750,SEL00018
SKU000751,SEL00036
SKU000751,SEL00015
SKU000751,SEL00046
SKU000752,SEL00007
SKU000752,SEL00040
SKU000752,SEL00021
SKU000752,SEL00022
SKU000753,SEL00006
SKU000754,SEL00041
SKU000755,SEL00013
SKU000755,SEL00043
SKU000755,SEL00022
SKU000755,SEL00047
SKU000755,SEL00045
SKU000756,SEL00026
SKU000756,SEL00046
SKU000756,SEL00012
SKU000757,SEL00046
SKU000757,SEL00002
SKU000757,SEL00025
SKU000758,SEL00049
SKU000758,SEL00007
SKU000758,SEL00041
SKU000759,SEL00028
SKU000759,SEL00029
SKU000759,SEL00024
SKU000759,SEL00022
SKU000760,SEL00035
SKU000761,SEL00045
SKU000761,SEL00046
SKU000761,SEL00029
SKU000761,SEL00018
SKU000762,SEL00001
SKU000762,SEL00027
SKU000762,SEL00021
SKU000763,SEL00010
SKU000764,SEL00037
SKU000764,SEL00044
SKU000764,SEL00006
SKU000764,SEL00046
SKU000764,SEL00009
SKU000765,SEL00019
SKU000765,SEL00027
SKU000766,SEL00036
SKU000767,SEL00016
SKU000767,SEL00017
SKU000767,SEL00021
SKU000767,SEL00001
SKU000768,SEL00044
SKU000768,SEL00025
SKU000768,SEL00018
SKU000768,SEL00026
SKU000769,SEL00036
SKU000769,SEL00030
SKU000769,SEL00033
SKU000769,SEL00001
SKU000770,SEL00023
SKU000770,SEL00043
SKU000770,SEL00005
SKU000770,SEL00046
SKU000770,SEL00018
SKU000771,SEL00018
SKU000771,SEL00040
SKU000771,SEL00024
SKU000772,SEL00025
SKU000772,SEL00018
SKU000772,SEL00047
SKU000772,SEL00007
SKU000772,SEL00012
SKU000773,SEL00043
SKU000773,SEL00046
SKU000773,SEL00035
SKU000774,SEL00045
SKU000774,SEL00032
SKU000774,SEL00024
SKU000774,SEL00013
SKU000775,SEL00036
SKU000775,SEL00009
SKU000775,SEL00015
SKU000776,SEL00012
SKU000777,SEL00034
SKU000777,SEL00036
SKU000777,SEL00043
SKU000778,SEL00021
SKU000778,SEL00038
SKU000779,SEL00040
SKU000779,SEL00001
SKU000780,SEL00036
SKU000780,SEL00017
SKU000780,SEL00031
SKU000781,SEL00022
SKU000781,SEL00024
SKU000781,SEL00018
SKU000781,SEL00043
SKU000782,SEL00032
SKU000782,SEL00029
SKU000782,SEL00010
SKU000782,SEL00005
SKU000782,SEL00035
SKU000783,SEL00038
SKU000783,SEL00000
SKU000783,SEL00022
SKU000783,SEL00039
SKU000784,SEL00026
SKU000785,SEL00048
SKU000786,SEL00028
SKU000786,SEL00034
SKU000786,SEL00049
SKU000787,SEL00008
SKU000787,SEL00009
SKU000788,SEL00022
SKU000788,SEL00028
SKU000789,SEL00008
SKU000790,SEL00031
SKU000790,SEL00035
SKU000790,SEL00042
SKU000790,SEL00010
SKU000791,SEL00000
SKU000791,SEL00031
SKU000791,SEL00036
SKU000791,SEL00023
SKU000791,SEL00034
SKU000792,SEL00009
SKU000792,SEL00035
SKU000792,SEL00005
SKU000793,SEL00005
SKU000793,SEL00018
SKU000794,SEL00041
SKU000795,SEL00021
SKU000795,SEL00033
SKU000795,SEL00042
SKU000796,SEL00013
SKU000796,SEL00003
SKU000796,SEL00024
SKU000796,SEL00015
SKU000796,SEL00044
SKU000797,SEL00023
SKU000797,SEL00022
SKU000797,SEL00021
SKU000798,SEL00012
SKU000798,SEL00000
SKU000799,SEL00004
SKU000800,SEL00008
SKU000801,SEL00031
SKU000801,SEL00015
SKU000802,SEL00004
SKU000803,SEL00025
SKU000803,SEL00038
SKU000803,SEL00033
SKU000804,SEL00046
SKU000805,SEL00040
SKU000805,SEL00030
SKU000805,SEL00001
SKU000805,SEL00028
SKU000805,SEL00041
SKU000806,SEL00024
SKU000806,SEL00005
SKU000807,SEL00033
SKU000807,SEL00012
SKU000807,SEL00009
SKU000808,SEL00021
SKU000808,SEL00013
SKU000808,SEL00027
SKU000808,SEL00026
SKU000808,SEL00012
SKU000809,SEL00023
SKU000809,SEL00026
SKU000810,SEL00033
SKU000811,SEL00024
SKU000811,SEL00009
SKU000811,SEL00032
SKU000811,SEL00041
SKU000812,SEL00036
SKU000812,SEL00016
SKU000812,SEL00049
SKU000812,SEL00003
SKU000812,SEL00013
SKU000813,SEL00013
SKU000814,SEL00013
SKU000814,SEL00033
SKU000814,SEL00027
SKU000814,SEL00046
SKU000814,SEL00037
SKU000815,SEL00025
SKU000815,SEL00006
SKU000815,SEL00042
SKU000816,SEL00019
SKU000816,SEL00037
SKU000816,SEL00015
SKU000817,SEL00048
SKU000817,SEL00007
SKU000817,SEL00021
SKU000817,SEL00030
SKU000818,SEL00031
SKU000818,SEL00001
SKU000819,SEL00026
SKU000819,SEL00014
SKU000819,SEL00047
SKU000819,SEL00008
SKU000820,SEL00014
SKU000820,SEL00021
SKU000820,SEL00022
SKU000820,SEL00009
SKU000820,SEL00034
SKU000821,SEL00048
SKU000821,SEL00021
SKU000821,SEL00033
SKU000821,SEL00036
SKU000822,SEL00047
SKU000823,SEL00009
SKU000823,SEL00048
SKU000824,SEL00026
SKU000825,SEL00006
SKU000825,SEL00045
SKU000826,SEL00000
SKU000827,SEL00045
SKU000827,SEL00026
SKU000828,SEL00003
SKU000828,SEL00026
SKU000828,SEL00037
SKU000828,SEL00030
SKU000829,SEL00029
SKU000829,SEL00003
SKU000829,SEL00045
SKU000830,SEL00019
SKU000830,SEL00041
SKU000831,SEL00013
SKU000831,SEL00024
SKU000832,SEL00024
SKU000833,SEL00021
SKU000834,SEL00000
SKU000834,SEL00044
SKU000834,SEL00003
SKU000834,SEL00036
SKU000835,SEL00018
SKU000835,SEL00039
SKU000835,SEL00010
SKU000835,SEL00046
SKU000836,SEL00047
SKU000836,SEL00049
SKU000836,SEL00034
SKU000836,SEL00048
SKU000837,SEL00048
SKU000837,SEL00019
SKU000838,SEL00030
SKU000838,SEL00000
SKU000838,SEL00016
SKU000839,SEL00045
SKU000839,SEL00040
SKU000839,SEL00021
SKU000840,SEL00043
SKU000840,SEL00049
SKU000840,SEL00045
SKU000840,SEL00010
SKU000841,SEL00010
SKU000841,SEL00034
SKU000842,SEL00024
SKU000842,SEL00014
SKU000842,SEL00002
SKU000842,SEL00022
SKU000842,SEL00008
SKU000843,SEL00045
SKU000843,SEL00048
SKU000844,SEL00032
SKU000844,SEL00034
SKU000844,SEL00019
SKU000845,SEL00039
SKU000845,SEL00015
SKU000845,SEL00045
SKU000845,SEL00017
SKU000846,SEL00028
SKU000846,SEL00048
SKU000846,SEL00026
SKU000847,SEL00031
SKU000847,SEL00048
SKU000847,SEL00047
SKU000847,SEL00018
SKU000848,SEL00047
SKU000849,SEL00022
SKU000849,SEL00042
SKU000849,SEL00040
SKU000849,SEL00045
SKU000850,SEL00028
SKU000850,SEL00031
SKU000850,SEL00004
SKU000850,SEL00046
SKU000850,SEL00003
SKU000851,SEL00014
SKU000851,SEL00025
SKU000852,SEL00029
SKU000852,SEL00046
SKU000852,SEL00028
SKU000853,SEL00025
SKU000853,SEL00015
SKU000853,SEL00008
SKU000854,SEL00029
SKU000855,SEL00003
SKU000855,SEL00001
SKU000856,SEL00040
SKU000856,SEL00039
SKU000856,SEL00006
SKU000856,SEL00045
SKU000857,SEL00040
SKU000857,SEL00043
SKU000857,SEL00024
SKU000858,SEL00039
SKU000858,SEL00035
SKU000858,SEL00019
SKU000858,SEL00034
SKU000859,SEL00023
SKU000860,SEL00021
SKU000860,SEL00028
SKU000860,SEL00005
SKU000861,SEL00008
SKU000862,SEL00008
SKU000863,SEL00001
SKU000863,SEL00047
SKU000863,SEL00027
SKU000863,SEL00022
SKU000864,SEL00030
SKU000864,SEL00046
SKU000864,SEL00005
SKU000865,SEL00019
SKU000865,SEL00034
SKU000865,SEL00017
SKU000865,SEL00032
SKU000865,SEL00024
SKU000866,SEL00023
SKU000866,SEL00009
SKU000866,SEL00044
SKU000866,SEL00004
SKU000867,SEL00039
SKU000867,SEL00028
SKU000867,SEL00040
SKU000867,SEL00023
SKU000867,SEL00036
SKU000868,SEL00018
SKU000868,SEL00017
SKU000868,SEL00033
SKU000868,SEL00028
SKU000869,SEL00025
SKU000869,SEL00039
SKU000869,SEL00019
SKU000870,SEL00037
SKU000871,SEL00014
SKU000871,SEL00045
SKU000871,SEL00044
SKU000872,SEL00006
SKU000872,SEL00007
SKU000872,SEL00046
SKU000872,SEL00023
SKU000872,SEL00015
SKU000873,SEL00013
SKU000873,SEL00042
SKU000874,SEL00026
SKU000874,SEL00038
SKU000874,SEL00040
SKU000874,SEL00045
SKU000874,SEL00016
SKU000875,SEL00023
SKU000875,SEL00026
SKU000875,SEL00038
SKU000875,SEL00020
SKU000875,SEL00014
SKU000876,SEL00044
SKU000876,SEL00028
SKU000876,SEL00032
SKU000876,SEL00024
SKU000876,SEL00010
SKU000877,SEL00045
SKU000878,SEL00007
SKU000878,SEL00026
SKU000878,SEL00037
SKU000878,SEL00011
SKU000879,SEL00030
SKU000879,SEL00019
SKU000879,SEL00049
SKU000879,SEL00022
SKU000880,SEL00021
SKU000880,SEL00012
SKU000880,SEL00019
SKU000880,SEL00026
SKU000881,SEL00045
SKU000881,SEL00003
SKU000881,SEL00004
SKU000882,SEL00036
SKU000882,SEL00020
SKU000882,SEL00002
SKU000882,SEL00007
SKU000883,SEL00000
SKU000883,SEL00015
SKU000883,SEL00026
SKU000883,SEL00048
SKU000883,SEL00041
SKU000884,SEL00041
SKU000884,SEL00037
SKU000884,SEL00000
SKU000884,SEL00033
SKU000884,SEL00022
SKU000885,SEL00021
SKU000885,SEL00033
SKU000886,SEL00034
SKU000886,SEL00033
SKU000886,SEL00049
SKU000887,SEL00034
SKU000887,SEL00048
SKU000887,SEL00044
SKU000887,SEL00028
SKU000887,SEL00007
SKU000888,SEL00034
SKU000889,SEL00040
SKU000889,SEL00041
SKU000890,SEL00015
SKU000891,SEL00041
SKU000891,SEL00006
SKU000891,SEL00003
SKU000891,SEL00019
SKU000891,SEL00007
SKU000892,SEL00028
SKU000893,SEL00039
SKU000893,SEL00009
SKU000893,SEL00003
SKU000893,SEL00007
SKU000893,SEL00042
SKU000894,SEL00043
SKU000895,SEL00010
SKU000895,SEL00020
SKU000895,SEL00005
SKU000896,SEL00046
SKU000896,SEL00044
SKU000896,SEL00032
SKU000897,SEL00024
SKU000898,SEL00009
SKU000898,SEL00020
SKU000898,SEL00038
SKU000898,SEL00041
SKU000898,SEL00022
SKU000899,SEL00031
SKU000899,SEL00023
SKU000900,SEL00016
SKU000900,SEL00003
SKU000901,SEL00044
SKU000902,SEL00038
SKU000902,SEL00015
SKU000902,SEL00025
SKU000903,SEL00010
SKU000903,SEL00032
SKU000903,SEL00003
SKU000904,SEL00008
SKU000904,SEL00024
SKU000904,SEL00018
SKU000905,SEL00033
SKU000905,SEL00004
SKU000905,SEL00003
SKU000906,SEL00037
SKU000906,SEL00001
SKU000906,SEL00036
SKU000907,SEL00016
SKU000908,SEL00024
SKU000908,SEL00035
SKU000908,SEL00045
SKU000908,SEL00000
SKU000909,SEL00025
SKU000909,SEL00044
SKU000910,SEL00040
SKU000910,SEL00020
SKU000910,SEL00006
SKU000910,SEL00034
SKU000911,SEL00042
SKU000912,SEL00046
SKU000912,SEL00002
SKU000912,SEL00017
SKU000912,SEL00032
SKU000913,SEL00028
SKU000913,SEL00000
SKU000913,SEL00016
SKU000913,SEL00041
SKU000914,SEL00016
SKU000914,SEL00005
SKU000914,SEL00027
SKU000915,SEL00033
SKU000916,SEL00040
SKU000916,SEL00036
SKU000916,SEL00037
SKU000916,SEL00008
SKU000917,SEL00037
SKU000917,SEL00025
SKU000918,SEL00008
SKU000918,SEL00048
SKU000918,SEL00027
SKU000918,SEL00047
SKU000918,SEL00039
SKU000919,SEL00040
SKU000919,SEL00024
SKU000919,SEL00038
SKU000919,SEL00034
SKU000919,SEL00035
SKU000920,SEL00017
SKU000920,SEL00006
SKU000920,SEL00005
SKU000920,SEL00004
SKU000921,SEL00015
SKU000922,SEL00017
SKU000922,SEL00049
SKU000923,SEL00024
SKU000924,SEL00039
SKU000924,SEL00001
SKU000925,SEL00026
SKU000925,SEL00032
SKU000926,SEL00032
SKU000927,SEL00009
SKU000927,SEL00015
SKU000927,SEL00008
SKU000927,SEL00029
SKU000928,SEL00016
SKU000928,SEL00018
SKU000929,SEL00034
SKU000929,SEL00027
SKU000930,SEL00003
SKU000930,SEL00043
SKU000930,SEL00015
SKU000930,SEL00029
SKU000931,SEL00003
SKU000931,SEL00000
SKU000931,SEL00041
SKU000932,SEL00016
SKU000932,SEL00043
SKU000932,SEL00001
SKU000933,SEL00028
SKU000933,SEL00020
SKU000933,SEL00036
SKU000933,SEL00047
SKU000934,SEL00019
SKU000934,SEL00036
SKU000934,SEL00012
SKU000934,SEL00045
SKU000934,SEL00005
SKU000935,SEL00016
SKU000935,SEL00029
SKU000935,SEL00044
SKU000936,SEL00017
SKU000936,SEL00026
SKU000936,SEL00038
SKU000937,SEL00022
SKU000937,SEL00019
SKU000937,SEL00037
SKU000938,SEL00024
SKU000939,SEL00011
SKU000939,SEL00021
SKU000939,SEL00004
SKU000939,SEL00008
SKU000939,SEL00002
SKU000940,SEL00019
SKU000940,SEL00026
SKU000940,SEL00013
SKU000941,SEL00013
SKU000942,SEL00026
SKU000942,SEL00006
SKU000942,SEL00003
SKU000943,SEL00010
SKU000943,SEL00025
SKU000943,SEL00033
SKU000944,SEL00004
SKU000945,SEL00019
SKU000945,SEL00034
SKU000945,SEL00018
SKU000946,SEL00030
SKU000946,SEL00005
SKU000946,SEL00038
SKU000947,SEL00029
SKU000947,SEL00032
SKU000948,SEL00041
SKU000948,SEL00023
SKU000948,SEL00039
SKU000949,SEL00028
SKU000949,SEL00033
SKU000949,SEL00008
SKU000949,SEL00049
SKU000949,SEL00021
SKU000950,SEL00020
SKU000950,SEL00008
SKU000950,SEL00018
SKU000950,SEL00036
SKU000950,SEL00031
SKU000951,SEL00027
SKU000951,SEL00014
SKU000952,SEL00040
SKU000952,SEL00004
SKU000952,SEL00025
SKU000952,SEL00009
SKU000953,SEL00006
SKU000953,SEL00027
SKU000953,SEL00011
SKU000953,SEL00033
SKU000953,SEL00023
SKU000954,SEL00012
SKU000955,SEL00012
SKU000955,SEL00036
SKU000955,SEL00002
SKU000955,SEL00042
SKU000955,SEL00033
SKU000956,SEL00037
SKU000956,SEL00042
SKU000957,SEL00030
SKU000957,SEL00006
SKU000957,SEL00009
SKU000957,SEL00017
SKU000958,SEL00049
SKU000958,SEL00000
SKU000959,SEL00001
SKU000960,SEL00000
SKU000961,SEL00029
SKU000961,SEL00048
SKU000962,SEL00027
SKU000962,SEL00024
SKU000962,SEL00042
SKU000963,SEL00022
SKU000963,SEL00007
SKU000963,SEL00012
SKU000963,SEL00001
SKU000964,SEL00015
SKU000964,SEL00040
SKU000964,SEL00027
SKU000964,SEL00030
SKU000965,SEL00019
SKU000965,SEL00038
SKU000965,SEL00010
SKU000965,SEL00030
SKU000965,SEL00012
SKU000966,SEL00044
SKU000966,SEL00045
SKU000966,SEL00047
SKU000967,SEL00027
SKU000967,SEL00019
SKU000967,SEL00031
SKU000967,SEL00043
SKU000968,SEL00045
SKU000968,SEL00039
SKU000968,SEL00049
SKU000968,SEL00019
SKU000969,SEL00034
SKU000969,SEL00000
SKU000970,SEL00048
SKU000970,SEL00049
SKU000970,SEL00046
SKU000970,SEL00047
SKU000970,SEL00002
SKU000971,SEL00004
SKU000971,SEL00045
SKU000971,SEL00049
SKU000971,SEL00022
SKU000971,SEL00041
SKU000972,SEL00047
SKU000973,SEL00033
SKU000973,SEL00044
SKU000973,SEL00004
SKU000973,SEL00014
SKU000973,SEL00048
SKU000974,SEL00028
SKU000974,SEL00001
SKU000974,SEL00032
SKU000974,SEL00022
SKU000974,SEL00002
SKU000975,SEL00001
SKU000975,SEL00035
SKU000976,SEL00038
SKU000977,SEL00048
SKU000977,SEL00019
SKU000977,SEL00015
SKU000977,SEL00031
SKU000978,SEL00033
SKU000978,SEL00049
SKU000978,SEL00022
SKU000978,SEL00003
SKU000978,SEL00001
SKU000979,SEL00005
SKU000979,SEL00001
SKU000979,SEL00004
SKU000979,SEL00046
SKU000979,SEL00032
SKU000980,SEL00025
SKU000980,SEL00035
SKU000980,SEL00038
SKU000980,SEL00041
SKU000980,SEL00039
SKU000981,SEL00029
SKU000981,SEL00002
SKU000982,SEL00034
SKU000983,SEL00031
SKU000983,SEL00039
SKU000983,SEL00024
SKU000984,SEL00005
SKU000984,SEL00044
SKU000984,SEL00008
SKU000984,SEL00049
SKU000984,SEL00041
SKU000985,SEL00035
SKU000985,SEL00032
SKU000985,SEL00008
SKU000985,SEL00039
SKU000985,SEL00036
SKU000986,SEL00048
SKU000986,SEL00038
SKU000986,SEL00002
SKU000986,SEL00006
SKU000986,SEL00008
SKU000987,SEL00046
SKU000988,SEL00044
SKU000988,SEL00030
SKU000988,SEL00004
SKU000989,SEL00021
SKU000990,SEL00038
SKU000991,SEL00022
SKU000992,SEL00019
SKU000992,SEL00033
SKU000993,SEL00041
SKU000994,SEL00012
SKU000994,SEL00048
SKU000994,SEL00036
SKU000994,SEL00021
SKU000994,SEL00046
SKU000995,SEL00041
SKU000995,SEL00014
SKU000996,SEL00046
SKU000996,SEL00042
SKU000996,SEL00045
SKU000996,SEL00035
SKU000996,SEL00029
SKU000997,SEL00044
SKU000997,SEL00003
SKU000997,SEL00043
SKU000997,SEL00006
SKU000998,SEL00044
SKU000998,SEL00034
SKU000999,SEL00018
SKU000999,SEL00015
SKU000999,SEL00007
SKU000999,SEL00031
SKU001000,SEL00001
SKU001000,SEL00047
SKU001000,SEL00034
SKU001000,SEL00030
SKU001001,SEL00049
SKU001002,SEL00017
SKU001002,SEL00018
SKU001003,SEL00038
SKU001003,SEL00029
SKU001003,SEL00025
SKU001004,SEL00044
SKU001004,SEL00027
SKU001005,SEL00027
SKU001005,SEL00010
SKU001005,SEL00017
SKU001005,SEL00022
SKU001005,SEL00006
SKU001006,SEL00011
SKU001007,SEL00016
SKU001007,SEL00019
SKU001007,SEL00013
SKU001008,SEL00024
SKU001008,SEL00033
SKU001009,SEL00049
SKU001009,SEL00044
SKU001009,SEL00030
SKU001009,SEL00008
SKU001009,SEL00024
SKU001010,SEL00017
SKU001011,SEL00030
SKU001011,SEL00036
SKU001011,SEL00017
SKU001012,SEL00043
SKU001012,SEL00048
SKU001012,SEL00022
SKU001012,SEL00032
SKU001013,SEL00030
SKU001013,SEL00010
SKU001013,SEL00032
SKU001014,SEL00047
SKU001014,SEL00044
SKU001014,SEL00005
SKU001014,SEL00027
SKU001014,SEL00007
SKU001015,SEL00003
SKU001016,SEL00023
SKU001016,SEL00028
SKU001017,SEL00045
SKU001017,SEL00023
SKU001017,SEL00036
SKU001017,SEL00033
SKU001017,SEL00008
SKU001018,SEL00015
SKU001018,SEL00012
SKU001019,SEL00004
SKU001019,SEL00038
SKU001020,SEL00039
SKU001020,SEL00038
SKU001020,SEL00045
SKU001021,SEL00025
SKU001021,SEL00038
SKU001021,SEL00002
SKU001021,SEL00032
SKU001021,SEL00011
SKU001022,SEL00044
SKU001023,SEL00042
SKU001023,SEL00025
SKU001023,SEL00030
SKU001023,SEL00018
SKU001023,SEL00011
SKU001024,SEL00009
SKU001025,SEL00044
SKU001026,SEL00019
SKU001026,SEL00046
SKU001026,SEL00024
SKU001026,SEL00041
SKU001026,SEL00020
SKU001027,SEL00031
SKU001027,SEL00028
SKU001028,SEL00041
SKU001028,SEL00021
SKU001028,SEL00003
SKU001028,SEL00032
SKU001028,SEL00026
SKU001029,SEL00019
SKU001030,SEL00025
SKU001030,SEL00035
SKU001031,SEL00035
SKU001031,SEL00030
SKU001032,SEL00043
SKU001033,SEL00045
SKU001033,SEL00000
SKU001033,SEL00019
SKU001033,SEL00037
SKU001033,SEL00046
SKU001034,SEL00030
SKU001034,SEL00033
SKU001034,SEL00002
SKU001034,SEL00049
SKU001035,SEL00005
SKU001035,SEL00036
SKU001035,SEL00011
SKU001036,SEL00044
SKU001036,SEL00037
SKU001036,SEL00008
SKU001036,SEL00025
SKU001036,SEL00015
SKU001037,SEL00012
SKU001037,SEL00047
SKU001038,SEL00028
SKU001038,SEL00014
SKU001039,SEL00045
SKU001040,SEL00001
SKU001040,SEL00013
SKU001040,SEL00028
SKU001040,SEL00002
SKU001040,SEL00031
SKU001041,SEL00020
SKU001041,SEL00015
SKU001041,SEL00010
SKU001042,SEL00039
SKU001042,SEL00009
SKU001042,SEL00043
SKU001043,SEL00036
SKU001043,SEL00001
SKU001043,SEL00019
SKU001043,SEL00009
SKU001044,SEL00017
SKU001044,SEL00048
SKU001044,SEL00011
SKU001045,SEL00048
SKU001046,SEL00036
SKU001047,SEL00046
SKU001047,SEL00048
SKU001047,SEL00000
SKU001048,SEL00019
SKU001048,SEL00002
SKU001048,SEL00038
SKU001048,SEL00048
SKU001049,SEL00004
SKU001049,SEL00006
SKU001049,SEL00035
SKU001049,SEL00001
SKU001050,SEL00012
SKU001050,SEL00025
SKU001050,SEL00001
SKU001050,SEL00002
SKU001051,SEL00012
SKU001051,SEL00036
SKU001051,SEL00024
SKU001051,SEL00008
SKU001051,SEL00000
SKU001052,SEL00017
SKU001053,SEL00035
SKU001053,SEL00004
SKU001053,SEL00047
SKU001053,SEL00001
SKU001054,SEL00044
SKU001054,SEL00005
SKU001055,SEL00042
SKU001055,SEL00047
SKU001055,SEL00028
SKU001056,SEL00036
SKU001056,SEL00016
SKU001056,SEL00025
SKU001056,SEL00045
SKU001056,SEL00042
SKU001057,SEL00020
SKU001058,SEL00033
SKU001058,SEL00025
SKU001059,SEL00013
SKU001059,SEL00023
SKU001059,SEL00043
SKU001059,SEL00003
SKU001060,SEL00031
SKU001061,SEL00049
SKU001061,SEL00030
SKU001062,SEL00005
SKU001062,SEL00045
SKU001062,SEL00009
SKU001062,SEL00007
SKU001062,SEL00023
SKU001063,SEL00005
SKU001064,SEL00026
SKU001064,SEL00022
SKU001064,SEL00000
SKU001064,SEL00019
SKU001065,SEL00009
SKU001065,SEL00017
SKU001066,SEL00004
SKU001066,SEL00007
SKU001066,SEL00021
SKU001066,SEL00036
SKU001066,SEL00035
SKU001067,SEL00048
SKU001068,SEL00042
SKU001068,SEL00015
SKU001068,SEL00030
SKU001069,SEL00018
SKU001070,SEL00022
SKU001071,SEL00010
SKU001071,SEL00045
SKU001071,SEL00022
SKU001071,SEL00047
SKU001071,SEL00035
SKU001072,SEL00006
SKU001073,SEL00016
SKU001073,SEL00031
SKU001073,SEL00032
SKU001073,SEL00012
SKU001074,SEL00012
SKU001074,SEL00014
SKU001074,SEL00041
SKU001075,SEL00004
SKU001075,SEL00001
SKU001075,SEL00013
SKU001075,SEL00021
SKU001075,SEL00040
SKU001076,SEL00024
SKU001077,SEL00022
SKU001077,SEL00006
SKU001077,SEL00017
SKU001077,SEL00043
SKU001077,SEL00018
SKU001078,SEL00001
SKU001078,SEL00035
SKU001078,SEL00014
SKU001079,SEL00032
SKU001079,SEL00029
SKU001079,SEL00048
SKU001079,SEL00033
SKU001080,SEL00020
SKU001080,SEL00012
SKU001080,SEL00037
SKU001081,SEL00048
SKU001081,SEL00030
SKU001081,SEL00002
SKU001082,SEL00035
SKU001082,SEL00032
SKU001082,SEL00009
SKU001083,SEL00007
SKU001083,SEL00004
SKU001084,SEL00033
SKU001084,SEL00030
SKU001085,SEL00045
SKU001085,SEL00022
SKU001085,SEL00044
SKU001085,SEL00004
SKU001086,SEL00034
SKU001086,SEL00007
SKU001086,SEL00004
SKU001086,SEL00032
SKU001087,SEL00047
SKU001087,SEL00031
SKU001087,SEL00021
SKU001087,SEL00006
SKU001087,SEL00025
SKU001088,SEL00025
SKU001088,SEL00033
SKU001088,SEL00003
SKU001089,SEL00046
SKU001090,SEL00026
SKU001091,SEL00018
SKU001091,SEL00042
SKU001091,SEL00016
SKU001092,SEL00025
SKU001092,SEL00002
SKU001093,SEL00017
SKU001093,SEL00011
SKU001093,SEL00000
SKU001093,SEL00035
SKU001094,SEL00011
SKU001095,SEL00023
SKU001095,SEL00024
SKU001096,SEL00013
SKU001097,SEL00021
SKU001097,SEL00009
SKU001098,SEL00029
SKU001099,SEL00033
SKU001099,SEL00026
SKU001100,SEL00019
SKU001100,SEL00008
SKU001100,SEL00035
SKU001100,SEL00002
SKU001101,SEL00043
SKU001101,SEL00016
SKU001101,SEL00021
SKU001101,SEL00002
SKU001101,SEL00015
SKU001102,SEL00021
SKU001102,SEL00040
SKU001102,SEL00008
SKU001103,SEL00015
SKU001103,SEL00003
SKU001103,SEL00047
SKU001103,SEL00027
SKU001103,SEL00038
SKU001104,SEL00048
SKU001104,SEL00022
SKU001104,SEL00019
SKU001104,SEL00002
SKU001105,SEL00015
SKU001106,SEL00040
SKU001106,SEL00025
SKU001106,SEL00019
SKU001107,SEL00016
SKU001107,SEL00011
SKU001107,SEL00043
SKU001107,SEL00001
SKU001108,SEL00013
SKU001108,SEL00027
SKU001109,SEL00034
SKU001109,SEL00031
SKU001109,SEL00033
SKU001109,SEL00019
SKU001109,SEL00032
SKU001110,SEL00005
SKU001110,SEL00027
SKU001110,SEL00033
SKU001110,SEL00042
SKU001110,SEL00031
SKU001111,SEL00001
SKU001111,SEL00006
SKU001111,SEL00043
SKU001112,SEL00040
SKU001112,SEL00017
SKU001112,SEL00014
SKU001112,SEL00016
SKU001113,SEL00038
SKU001113,SEL00042
SKU001113,SEL00028
SKU001114,SEL00043
SKU001114,SEL00020
SKU001114,SEL00033
SKU001114,SEL00010
SKU001115,SEL00031
SKU001115,SEL00028
SKU001115,SEL00042
SKU001116,SEL00019
SKU001117,SEL00011
SKU001118,SEL00026
SKU001119,SEL00002
SKU001120,SEL00021
SKU001120,SEL00042
SKU001120,SEL00000
SKU001121,SEL00047
SKU001121,SEL00008
SKU001121,SEL00022
SKU001122,SEL00024
SKU001122,SEL00036
SKU001123,SEL00039
SKU001123,SEL00036
SKU001124,SEL00000
SKU001124,SEL00007
SKU001124,SEL00028
SKU001124,SEL00026
SKU001124,SEL00014
SKU001125,SEL00048
SKU001126,SEL00026
SKU001126,SEL00032
SKU001126,SEL00044
SKU001126,SEL00015
SKU001126,SEL00037
SKU001127,SEL00031
SKU001127,SEL00046
SKU001127,SEL00035
SKU001128,SEL00049
SKU001128,SEL00019
SKU001128,SEL00009
SKU001128,SEL00025
SKU001129,SEL00011
SKU001129,SEL00022
SKU001129,SEL00005
SKU001130,SEL00030
SKU001130,SEL00009
SKU001131,SEL00018
SKU001131,SEL00001
SKU001131,SEL00007
SKU001132,SEL00027
SKU001132,SEL00029
SKU001132,SEL00030
SKU001132,SEL00000
SKU001133,SEL00027
SKU001133,SEL00031
SKU001134,SEL00034
SKU001134,SEL00017
SKU001134,SEL00036
SKU001134,SEL00010
SKU001134,SEL00040
SKU001135,SEL00016
SKU001135,SEL00042
SKU001135,SEL00012
SKU001136,SEL00023
SKU001137,SEL00017
SKU001137,SEL00007
SKU001137,SEL00033
SKU001137,SEL00039
SKU001137,SEL00011
SKU001138,SEL00002
SKU001138,SEL00022
SKU001139,SEL00047
SKU001140,SEL00030
SKU001140,SEL00023
SKU001141,SEL00016
SKU001142,SEL00029
SKU001142,SEL00016
SKU001143,SEL00013
SKU001143,SEL00016
SKU001144,SEL00010
SKU001145,SEL00033
SKU001145,SEL00009
SKU001145,SEL00038
SKU001145,SEL00036
SKU001145,SEL00025
SKU001146,SEL00023
SKU001147,SEL00036
SKU001148,SEL00042
SKU001148,SEL00009
SKU001148,SEL00038
SKU001148,SEL00008
SKU001148,SEL00046
SKU001149,SEL00033
SKU001149,SEL00025
SKU001150,SEL00026
SKU001150,SEL00048
SKU001150,SEL00034
SKU001150,SEL00004
SKU001150,SEL00016
SKU001151,SEL00043
SKU001151,SEL00008
SKU001151,SEL00016
SKU001152,SEL00031
SKU001152,SEL00012
SKU001153,SEL00038
SKU001154,SEL00019
SKU001154,SEL00040
SKU001154,SEL00015
SKU001155,SEL00022
SKU001155,SEL00040
SKU001155,SEL00024
SKU001155,SEL00032
SKU001156,SEL00021
SKU001156,SEL00038
SKU001156,SEL00013
SKU001156,SEL00002
SKU001157,SEL00039
SKU001157,SEL00033
SKU001157,SEL00049
SKU001158,SEL00011
SKU001158,SEL00000
SKU001158,SEL00004
SKU001158,SEL00001
SKU001158,SEL00015
SKU001159,SEL00045
SKU001159,SEL00022
SKU001159,SEL00009
SKU001159,SEL00039
SKU001160,SEL00049
SKU001160,SEL00046
SKU001160,SEL00045
SKU001160,SEL00027
SKU001160,SEL00004
SKU001161,SEL00025
SKU001161,SEL00030
SKU001161,SEL00040
SKU001161,SEL00031
SKU001161,SEL00037
SKU001162,SEL00018
SKU001162,SEL00008
SKU001163,SEL00004
SKU001163,SEL00010
SKU001164,SEL00019
SKU001165,SEL00009
SKU001165,SEL00024
SKU001165,SEL00031
SKU001165,SEL00006
SKU001165,SEL00000
SKU001166,SEL00009
SKU001166,SEL00028
SKU001166,SEL00003
SKU001166,SEL00049
SKU001166,SEL00022
SKU001167,SEL00006
SKU001167,SEL00004
SKU001167,SEL00049
SKU001167,SEL00042
SKU001168,SEL00033
SKU001168,SEL00047
SKU001168,SEL00038
SKU001169,SEL00046
SKU001169,SEL00037
SKU001169,SEL00014
SKU001170,SEL00002
SKU001170,SEL00006
SKU001171,SEL00043
SKU001171,SEL00039
SKU001171,SEL00007
SKU001171,SEL00004
SKU001171,SEL00023
SKU001172,SEL00014
SKU001172,SEL00046
SKU001172,SEL00005
SKU001172,SEL00024
SKU001173,SEL00008
SKU001174,SEL00008
SKU001175,SEL00036
SKU001175,SEL00001
SKU001175,SEL00026
SKU001175,SEL00043
SKU001176,SEL00048
SKU001176,SEL00003
SKU001177,SEL00014
SKU001178,SEL00046
SKU001178,SEL00030
SKU001179,SEL00020
SKU001179,SEL00006
SKU001180,SEL00032
SKU001181,SEL00023
SKU001181,SEL00011
SKU001182,SEL00011
SKU001182,SEL00022
SKU001182,SEL00014
SKU001183,SEL00007
SKU001183,SEL00028
SKU001183,SEL00036
SKU001184,SEL00030
SKU001184,SEL00007
SKU001184,SEL00011
SKU001185,SEL00014
SKU001185,SEL00013
SKU001185,SEL00042
SKU001186,SEL00013
SKU001187,SEL00025
SKU001187,SEL00034
SKU001188,SEL00003
SKU001188,SEL00026
SKU001189,SEL00020
SKU001190,SEL00019
SKU001190,SEL00009
SKU001190,SEL00035
SKU001190,SEL00031
SKU001191,SEL00037
SKU001191,SEL00024
SKU001192,SEL00039
SKU001192,SEL00028
SKU001193,SEL00000
SKU001193,SEL00010
SKU001194,SEL00038
SKU001194,SEL00004
SKU001194,SEL00044
SKU001195,SEL00029
SKU001195,SEL00012
SKU001196,SEL00023
SKU001196,SEL00027
SKU001197,SEL00009
SKU001197,SEL00041
SKU001197,SEL00028
SKU001197,SEL00004
SKU001198,SEL00015
SKU001198,SEL00034
SKU001198,SEL00036
SKU001199,SEL00044
SKU001199,SEL00030
SKU001199,SEL00025
SKU001199,SEL00003
SKU001199,SEL00004
SKU001200,SEL00039
SKU001200,SEL00014
SKU001200,SEL00006
SKU001201,SEL00001
SKU001201,SEL00038
SKU001201,SEL00013
SKU001202,SEL00037
SKU001202,SEL00012
SKU001203,SEL00003
SKU001203,SEL00046
SKU001203,SEL00047
SKU001204,SEL00018
SKU001204,SEL00038
SKU001204,SEL00032
SKU001204,SEL00037
SKU001205,SEL00007
SKU001205,SEL00048
SKU001206,SEL00024
SKU001206,SEL00047
SKU001207,SEL00000
SKU001207,SEL00032
SKU001207,SEL00001
SKU001208,SEL00033
SKU001209,SEL00046
SKU001209,SEL00010
SKU001209,SEL00016
SKU001209,SEL00028
SKU001209,SEL00040
SKU001210,SEL00034
SKU001210,SEL00048
SKU001210,SEL00010
SKU001210,SEL00047
SKU001210,SEL00028
SKU001211,SEL00031
SKU001212,SEL00021
SKU001212,SEL00018
SKU001212,SEL00042
SKU001212,SEL00039
SKU001212,SEL00029
SKU001213,SEL00029
SKU001214,SEL00024
SKU001214,SEL00042
SKU001215,SEL00003
SKU001215,SEL00032
SKU001216,SEL00045
SKU001216,SEL00003
SKU001216,SEL00004
SKU001217,SEL00000
SKU001217,SEL00020
SKU001217,SEL00033
SKU001218,SEL00029
SKU001218,SEL00007
SKU001218,SEL00043
SKU001218,SEL00024
SKU001219,SEL00016
SKU001220,SEL00044
SKU001221,SEL00020
SKU001221,SEL00043
SKU001221,SEL00048
SKU001221,SEL00009
SKU001222,SEL00044
SKU001222,SEL00003
SKU001222,SEL00034
SKU001223,SEL00046
SKU001223,SEL00037
SKU001223,SEL00028
SKU001223,SEL00048
SKU001223,SEL00047
SKU001224,SEL00000
SKU001224,SEL00019
SKU001225,SEL00037
SKU001225,SEL00033
SKU001226,SEL00006
SKU001226,SEL00023
SKU001226,SEL00047
SKU001226,SEL00022
SKU001226,SEL00040
SKU001227,SEL00020
SKU001228,SEL00030
SKU001229,SEL00042
SKU001229,SEL00029
SKU001230,SEL00042
SKU001230,SEL00031
SKU001231,SEL00005
SKU001231,SEL00001
SKU001231,SEL00008
SKU001232,SEL00029
SKU001232,SEL00000
SKU001232,SEL00032
SKU001232,SEL00023
SKU001232,SEL00009
SKU001233,SEL00011
SKU001234,SEL00013
SKU001234,SEL00007
SKU001235,SEL00047
SKU001236,SEL00039
SKU001237,SEL00047
SKU001237,SEL00018
SKU001237,SEL00020
SKU001238,SEL00046
SKU001238,SEL00009
SKU001238,SEL00035
SKU001238,SEL00011
SKU001239,SEL00002
SKU001239,SEL00025
SKU001240,SEL00005
SKU001240,SEL00034
SKU001241,SEL00027
SKU001241,SEL00005
SKU001241,SEL00004
SKU001242,SEL00045
SKU001243,SEL00049
SKU001243,SEL00045
SKU001243,SEL00037
SKU001244,SEL00005
SKU001244,SEL00003
SKU001244,SEL00023
SKU001244,SEL00022
SKU001245,SEL00008
SKU001246,SEL00020
SKU001246,SEL00038
SKU001246,SEL00019
SKU001246,SEL00030
SKU001246,SEL00028
SKU001247,SEL00033
SKU001247,SEL00024
SKU001247,SEL00026
SKU001247,SEL00023
SKU001248,SEL00020
SKU001248,SEL00024
SKU001248,SEL00046
SKU001249,SEL00025
SKU001249,SEL00000
SKU001249,SEL00006
SKU001250,SEL00019
SKU001250,SEL00003
SKU001250,SEL00001
SKU001250,SEL00009
SKU001250,SEL00011
SKU001251,SEL00015
SKU001251,SEL00036
SKU001251,SEL00010
SKU001251,SEL00045
SKU001252,SEL00025
SKU001252,SEL00011
SKU001253,SEL00030
SKU001253,SEL00028
SKU001254,SEL00026
SKU001254,SEL00042
SKU001254,SEL00048
SKU001254,SEL00004
SKU001255,SEL00028
SKU001255,SEL00044
SKU001256,SEL00017
SKU001256,SEL00022
SKU001256,SEL00019
SKU001256,SEL00028
SKU001257,SEL00019
SKU001257,SEL00005
SKU001257,SEL00035
SKU001257,SEL00047
SKU001257,SEL00018
SKU001258,SEL00041
SKU001258,SEL00033
SKU001259,SEL00015
SKU001259,SEL00005
SKU001259,SEL00041
SKU001259,SEL00004
SKU001260,SEL00041
SKU001260,SEL00014
SKU001260,SEL00046
SKU001261,SEL00004
SKU001261,SEL00049
SKU001261,SEL00040
SKU001262,SEL00043
SKU001263,SEL00038
SKU001263,SEL00008
SKU001263,SEL00003
SKU001263,SEL00044
SKU001263,SEL00026
SKU001264,SEL00006
SKU001264,SEL00013
SKU001264,SEL00046
SKU001264,SEL00032
SKU001264,SEL00037
SKU001265,SEL00016
SKU001265,SEL00035
SKU001265,SEL00017
SKU001266,SEL00041
SKU001266,SEL00019
SKU001266,SEL00022
SKU001267,SEL00023
SKU001267,SEL00015
SKU001267,SEL00035
SKU001268,SEL00015
SKU001269,SEL00030
SKU001269,SEL00043
SKU001269,SEL00007
SKU001270,SEL00042
SKU001270,SEL00010
SKU001270,SEL00031
SKU001270,SEL00040
SKU001270,SEL00039
SKU001271,SEL00028
SKU001272,SEL00036
SKU001272,SEL00028
SKU001272,SEL00035
SKU001272,SEL00038
SKU001272,SEL00031
SKU001273,SEL00020
SKU001274,SEL00014
SKU001274,SEL00045
SKU001274,SEL00019
SKU001274,SEL00018
SKU001274,SEL00000
SKU001275,SEL00027
SKU001276,SEL00006
SKU001277,SEL00007
SKU001277,SEL00027
SKU001277,SEL00030
SKU001277,SEL00013
SKU001278,SEL00014
SKU001278,SEL00012
SKU001279,SEL00017
SKU001279,SEL00014
SKU001279,SEL00048
SKU001280,SEL00034
SKU001280,SEL00041
SKU001280,SEL00004
SKU001281,SEL00001
SKU001281,SEL00010
SKU001281,SEL00011
SKU001281,SEL00049
SKU001281,SEL00022
SKU001282,SEL00014
SKU001282,SEL00024
SKU001283,SEL00042
SKU001283,SEL00045
SKU001284,SEL00043
SKU001285,SEL00049
SKU001285,SEL00030
SKU001285,SEL00021
SKU001285,SEL00037
SKU001286,SEL00004
SKU001287,SEL00045
SKU001288,SEL00020
SKU001288,SEL00019
SKU001289,SEL00033
SKU001290,SEL00009
SKU001290,SEL00012
SKU001290,SEL00037
SKU001290,SEL00028
SKU001291,SEL00004
SKU001291,SEL00018
SKU001292,SEL00006
SKU001292,SEL00000
SKU001293,SEL00030
SKU001293,SEL00034
SKU001293,SEL00015
SKU001293,SEL00037
SKU001294,SEL00024
SKU001294,SEL00009
SKU001294,SEL00035
SKU001294,SEL00049
SKU001294,SEL00020
SKU001295,SEL00014
SKU001295,SEL00000
SKU001295,SEL00024
SKU001296,SEL00001
SKU001297,SEL00026
SKU001297,SEL00027
SKU001298,SEL00029
SKU001298,SEL00016
SKU001299,SEL00031
SKU001299,SEL00042
SKU001299,SEL00003
SKU001300,SEL00041
SKU001301,SEL00001
SKU001301,SEL00009
SKU001301,SEL00029
SKU001302,SEL00035
SKU001302,SEL00043
SKU001303,SEL00001
SKU001303,SEL00043
SKU001304,SEL00030
SKU001304,SEL00012
SKU001304,SEL00028
SKU001304,SEL00049
SKU001305,SEL00015
SKU001305,SEL00021
SKU001305,SEL00007
SKU001306,SEL00049
SKU001306,SEL00022
SKU001307,SEL00000
SKU001307,SEL00016
SKU001307,SEL00043
SKU001308,SEL00045
SKU001308,SEL00037
SKU001308,SEL00016
SKU001309,SEL00000
SKU001310,SEL00025
SKU001311,SEL00030
SKU001311,SEL00037
SKU001311,SEL00009
SKU001311,SEL00025
SKU001312,SEL00004
SKU001313,SEL00004
SKU001314,SEL00011
SKU001314,SEL00022
SKU001314,SEL00012
SKU001314,SEL00045
SKU001315,SEL00031
SKU001315,SEL00002
SKU001316,SEL00014
SKU001317,SEL00027
SKU001317,SEL00041
SKU001317,SEL00012
SKU001317,SEL00038
SKU001318,SEL00024
SKU001318,SEL00019
SKU001318,SEL00013
SKU001318,SEL00042
SKU001319,SEL00009
SKU001319,SEL00026
SKU001319,SEL00019
SKU001320,SEL00000
SKU001320,SEL00035
SKU001320,SEL00034
SKU001321,SEL00004
SKU001322,SEL00000
SKU001322,SEL00003
SKU001322,SEL00007
SKU001322,SEL00035
SKU001322,SEL00004
SKU001323,SEL00008
SKU001323,SEL00000
SKU001324,SEL00044
SKU001325,SEL00025
SKU001325,SEL00040
SKU001325,SEL00024
SKU001325,SEL00045
SKU001326,SEL00010
SKU001326,SEL00011
SKU001326,SEL00045
SKU001326,SEL00003
SKU001327,SEL00002
SKU001327,SEL00035
SKU001328,SEL00009
SKU001328,SEL00016
SKU001329,SEL00021
SKU001329,SEL00043
SKU001329,SEL00008
SKU001329,SEL00018
SKU001330,SEL00036
SKU001330,SEL00046
SKU001331,SEL00020
SKU001331,SEL00025
SKU001331,SEL00017
SKU001331,SEL00008
SKU001332,SEL00037
SKU001333,SEL00048
SKU001333,SEL00020
SKU001333,SEL00043
SKU001333,SEL00016
SKU001333,SEL00034
SKU001334,SEL00025
SKU001334,SEL00018
SKU001334,SEL00032
SKU001334,SEL00027
SKU001335,SEL00014
SKU001336,SEL00018
SKU001336,SEL00019
SKU001336,SEL00042
SKU001336,SEL00034
SKU001336,SEL00014
SKU001337,SEL00033
SKU001338,SEL00040
SKU001339,SEL00022
SKU001340,SEL00048
SKU001340,SEL00014
SKU001341,SEL00032
SKU001342,SEL00016
SKU001342,SEL00023
SKU001342,SEL00004
SKU001342,SEL00028
SKU001343,SEL00035
SKU001343,SEL00026
SKU001343,SEL00021
SKU001343,SEL00022
SKU001344,SEL00037
SKU001344,SEL00023
SKU001344,SEL00027
SKU001344,SEL00018
SKU001344,SEL00047
SKU001345,SEL00001
SKU001345,SEL00037
SKU001345,SEL00024
SKU001345,SEL00036
SKU001345,SEL00011
SKU001346,SEL00005
SKU001346,SEL00029
SKU001347,SEL00033
SKU001348,SEL00045
SKU001348,SEL00046
SKU001349,SEL00040
SKU001350,SEL00016
SKU001350,SEL00012
SKU001350,SEL00022
SKU001350,SEL00038
SKU001350,SEL00037
SKU001351,SEL00019
SKU001351,SEL00047
SKU001351,SEL00022
SKU001351,SEL00011
SKU001351,SEL00000
SKU001352,SEL00044
SKU001352,SEL00022
SKU001352,SEL00042
SKU001352,SEL00013
SKU001352,SEL00046
SKU001353,SEL00042
SKU001354,SEL00017
SKU001355,SEL00045
SKU001355,SEL00018
SKU001355,SEL00040
SKU001356,SEL00009
SKU001356,SEL00012
SKU001357,SEL00014
SKU001357,SEL00034
SKU001358,SEL00004
SKU001358,SEL00005
SKU001359,SEL00016
SKU001360,SEL00049
SKU001360,SEL00008
SKU001360,SEL00001
SKU001361,SEL00011
SKU001361,SEL00030
SKU001361,SEL00027
SKU001362,SEL00032
SKU001362,SEL00015
SKU001363,SEL00041
SKU001363,SEL00034
SKU001363,SEL00032
SKU001363,SEL00018
SKU001364,SEL00014
SKU001365,SEL00030
SKU001366,SEL00030
SKU001366,SEL00007
SKU001366,SEL00028
SKU001366,SEL00023
SKU001366,SEL00048
SKU001367,SEL00012
SKU001367,SEL00021
SKU001367,SEL00008
SKU001367,SEL00039
SKU001367,SEL00036
SKU001368,SEL00011
SKU001368,SEL00023
SKU001369,SEL00001
SKU001369,SEL00045
SKU001370,SEL00014
SKU001370,SEL00034
SKU001370,SEL00011
SKU001370,SEL00005
SKU001370,SEL00027
SKU001371,SEL00017
SKU001372,SEL00034
SKU001372,SEL00014
SKU001372,SEL00049
SKU001372,SEL00043
SKU001373,SEL00014
SKU001373,SEL00018
SKU001374,SEL00007
SKU001375,SEL00039
SKU001376,SEL00039
SKU001376,SEL00014
SKU001377,SEL00003
SKU001377,SEL00040
SKU001377,SEL00039
SKU001377,SEL00007
SKU001378,SEL00003
SKU001378,SEL00000
SKU001378,SEL00027
SKU001378,SEL00019
SKU001378,SEL00020
SKU001379,SEL00007
SKU001380,SEL00010
SKU001380,SEL00045
SKU001380,SEL00044
SKU001381,SEL00036
SKU001381,SEL00021
SKU001381,SEL00023
SKU001381,SEL00047
SKU001381,SEL00014
SKU001382,SEL00012
SKU001382,SEL00038
SKU001383,SEL00011
SKU001383,SEL00030
SKU001383,SEL00019
SKU001384,SEL00005
SKU001384,SEL00009
SKU001384,SEL00000
SKU001384,SEL00010
SKU001384,SEL00013
SKU001385,SEL00038
SKU001385,SEL00016
SKU001386,SEL00017
SKU001386,SEL00018
SKU001387,SEL00035
SKU001388,SEL00049
SKU001388,SEL00039
SKU001388,SEL00028
SKU001388,SEL00000
SKU001389,SEL00004
SKU001389,SEL00025
SKU001389,SEL00018
SKU001390,SEL00032
SKU001390,SEL00022
SKU001390,SEL00030
SKU001391,SEL00047
SKU001392,SEL00029
SKU001392,SEL00018
SKU001392,SEL00028
SKU001392,SEL00036
SKU001393,SEL00014
SKU001394,SEL00007
SKU001394,SEL00039
SKU001395,SEL00045
SKU001396,SEL00021
SKU001396,SEL00015
SKU001396,SEL00038
SKU001396,SEL00044
SKU001397,SEL00001
SKU001397,SEL00019
SKU001397,SEL00026
SKU001398,SEL00039
SKU001398,SEL00033
SKU001398,SEL00048
SKU001399,SEL00031
SKU001399,SEL00042
SKU001400,SEL00021
SKU001400,SEL00028
SKU001400,SEL00019
SKU001401,SEL00043
SKU001401,SEL00028
SKU001401,SEL00009
SKU001401,SEL00008
SKU001401,SEL00004
SKU001402,SEL00007
SKU001402,SEL00046
SKU001403,SEL00030
SKU001403,SEL00025
SKU001404,SEL00011
SKU001404,SEL00043
SKU001404,SEL00004
SKU001404,SEL00007
SKU001404,SEL00014
SKU001405,SEL00000
SKU001405,SEL00019
SKU001405,SEL00035
SKU001406,SEL00001
SKU001406,SEL00005
SKU001406,SEL00047
SKU001407,SEL00030
SKU001407,SEL00010
SKU001407,SEL00024
SKU001407,SEL00021
SKU001408,SEL00046
SKU001408,SEL00030
SKU001408,SEL00005
SKU001409,SEL00001
SKU001410,SEL00036
SKU001410,SEL00023
SKU001410,SEL00034
SKU001410,SEL00025
SKU001410,SEL00012
SKU001411,SEL00047
SKU001411,SEL00024
SKU001411,SEL00035
SKU001411,SEL00001
SKU001412,SEL00019
SKU001412,SEL00022
SKU001413,SEL00042
SKU001413,SEL00029
SKU001413,SEL00043
SKU001413,SEL00005
SKU001414,SEL00026
SKU001414,SEL00016
SKU001414,SEL00037
SKU001414,SEL00013
SKU001415,SEL00023
SKU001415,SEL00019
SKU001415,SEL00005
SKU001416,SEL00013
SKU001416,SEL00012
SKU001416,SEL00036
SKU001416,SEL00018
SKU001416,SEL00033
SKU001417,SEL00004
SKU001417,SEL00001
SKU001418,SEL00023
SKU001418,SEL00019
SKU001418,SEL00024
SKU001418,SEL00014
SKU001418,SEL00002
SKU001419,SEL00046
SKU001419,SEL00037
SKU001419,SEL00047
SKU001419,SEL00033
SKU001419,SEL00027
SKU001420,SEL00008
SKU001420,SEL00006
SKU001420,SEL00023
SKU001420,SEL00019
SKU001420,SEL00035
SKU001421,SEL00026
SKU001421,SEL00046
SKU001421,SEL00049
SKU001421,SEL00042
SKU001421,SEL00010
SKU001422,SEL00024
SKU001422,SEL00014
SKU001422,SEL00046
SKU001422,SEL00005
SKU001423,SEL00030
SKU001424,SEL00047
SKU001424,SEL00048
SKU001425,SEL00014
SKU001425,SEL00004
SKU001425,SEL00006
SKU001425,SEL00039
SKU001425,SEL00033
SKU001426,SEL00031
SKU001426,SEL00034
SKU001427,SEL00000
SKU001427,SEL00017
SKU001428,SEL00014
SKU001428,SEL00041
SKU001428,SEL00013
SKU001428,SEL00043
SKU001429,SEL00042
SKU001429,SEL00044
SKU001430,SEL00013
SKU001430,SEL00024
SKU001430,SEL00035
SKU001431,SEL00010
SKU001431,SEL00025
SKU001431,SEL00022
SKU001431,SEL00046
SKU001431,SEL00038
SKU001432,SEL00044
SKU001432,SEL00021
SKU001432,SEL00009
SKU001432,SEL00020
SKU001433,SEL00022
SKU001434,SEL00045
SKU001434,SEL00016
SKU001434,SEL00046
SKU001434,SEL00029
SKU001434,SEL00023
SKU001435,SEL00022
SKU001436,SEL00009
SKU001437,SEL00013
SKU001437,SEL00002
SKU001437,SEL00006
SKU001437,SEL00033
SKU001437,SEL00011
SKU001438,SEL00015
SKU001438,SEL00008
SKU001438,SEL00014
SKU001438,SEL00019
SKU001438,SEL00006
SKU001439,SEL00026
SKU001439,SEL00042
SKU001440,SEL00012
SKU001440,SEL00031
SKU001440,SEL00033
SKU001440,SEL00001
SKU001440,SEL00026
SKU001441,SEL00019
SKU001441,SEL00032
SKU001442,SEL00042
SKU001443,SEL00020
SKU001443,SEL00032
SKU001443,SEL00049
SKU001443,SEL00017
SKU001444,SEL00041
SKU001444,SEL00009
SKU001444,SEL00042
SKU001444,SEL00036
SKU001445,SEL00032
SKU001446,SEL00045
SKU001446,SEL00021
SKU001447,SEL00000
SKU001447,SEL00002
SKU001447,SEL00038
SKU001447,SEL00030
SKU001448,SEL00041
SKU001448,SEL00003
SKU001449,SEL00014
SKU001449,SEL00026
SKU001449,SEL00020
SKU001450,SEL00017
SKU001450,SEL00020
SKU001450,SEL00031
SKU001450,SEL00025
SKU001451,SEL00034
SKU001451,SEL00014
SKU001452,SEL00040
SKU001453,SEL00021
SKU001453,SEL00015
SKU001453,SEL00037
SKU001453,SEL00007
SKU001453,SEL00018
SKU001454,SEL00034
SKU001454,SEL00022
SKU001454,SEL00026
SKU001454,SEL00043
SKU001455,SEL00023
SKU001455,SEL00020
SKU001455,SEL00027
SKU001455,SEL00007
SKU001455,SEL00035
SKU001456,SEL00008
SKU001456,SEL00003
SKU001456,SEL00026
SKU001456,SEL00035
SKU001457,SEL00033
SKU001458,SEL00016
SKU001458,SEL00048
SKU001459,SEL00007
SKU001460,SEL00042
SKU001460,SEL00034
SKU001460,SEL00045
SKU001460,SEL00039
SKU001461,SEL00025
SKU001462,SEL00008
SKU001462,SEL00004
SKU001462,SEL00044
SKU001463,SEL00018
SKU001463,SEL00005
SKU001464,SEL00027
SKU001464,SEL00003
SKU001465,SEL00016
SKU001466,SEL00001
SKU001467,SEL00022
SKU001467,SEL00025
SKU001467,SEL00030
SKU001467,SEL00039
SKU001468,SEL00031
SKU001468,SEL00012
SKU001468,SEL00019
SKU001469,SEL00043
SKU001469,SEL00019
SKU001469,SEL00006
SKU001470,SEL00025
SKU001470,SEL00037
SKU001470,SEL00041
SKU001470,SEL00039
SKU001470,SEL00016
SKU001471,SEL00003
SKU001471,SEL00008
SKU001471,SEL00040
SKU001471,SEL00042
SKU001472,SEL00036
SKU001472,SEL00039
SKU001472,SEL00018
SKU001473,SEL00022
SKU001474,SEL00013
SKU001474,SEL00021
SKU001474,SEL00038
SKU001474,SEL00026
SKU001474,SEL00033
SKU001475,SEL00040
SKU001475,SEL00047
SKU001475,SEL00024
SKU001475,SEL00016
SKU001476,SEL00014
SKU001476,SEL00024
SKU001476,SEL00039
SKU001476,SEL00046
SKU001476,SEL00029
SKU001477,SEL00029
SKU001477,SEL00046
SKU001478,SEL00046
SKU001478,SEL00019
SKU001478,SEL00042
SKU001479,SEL00000
SKU001479,SEL00008
SKU001480,SEL00034
SKU001480,SEL00002
SKU001480,SEL00026
SKU001481,SEL00016
SKU001481,SEL00021
SKU001481,SEL00045
SKU001481,SEL00030
SKU001481,SEL00026
SKU001482,SEL00043
SKU001482,SEL00005
SKU001482,SEL00010
SKU001482,SEL00036
SKU001483,SEL00007
SKU001483,SEL00042
SKU001483,SEL00028
SKU001483,SEL00023
SKU001483,SEL00024
SKU001484,SEL00002
SKU001485,SEL00021
SKU001486,SEL00033
SKU001486,SEL00040
SKU001486,SEL00006
SKU001486,SEL00028
SKU001487,SEL00015
SKU001487,SEL00030
SKU001487,SEL00048
SKU001487,SEL00013
SKU001487,SEL00009
SKU001488,SEL00038
SKU001488,SEL00045
SKU001488,SEL00048
SKU001488,SEL00009
SKU001489,SEL00040
SKU001489,SEL00036
SKU001489,SEL00033
SKU001489,SEL00000
SKU001490,SEL00027
SKU001490,SEL00012
SKU001490,SEL00035
SKU001490,SEL00021
SKU001490,SEL00048
SKU001491,SEL00043
SKU001491,SEL00024
SKU001491,SEL00039
SKU001491,SEL00046
SKU001492,SEL00004
SKU001493,SEL00028
SKU001493,SEL00036
SKU001493,SEL00042
SKU001493,SEL00025
SKU001494,SEL00016
SKU001494,SEL00041
SKU001494,SEL00001
SKU001494,SEL00027
SKU001495,SEL00010
SKU001495,SEL00038
SKU001496,SEL00015
SKU001496,SEL00038
SKU001496,SEL00008
SKU001496,SEL00043
SKU001496,SEL00037
SKU001497,SEL00028
SKU001497,SEL00016
SKU001497,SEL00034
SKU001498,SEL00017
SKU001498,SEL00049
SKU001498,SEL00037
SKU001498,SEL00045
SKU001498,SEL00006
SKU001499,SEL00004
SKU001500,SEL00006
SKU001501,SEL00029
SKU001501,SEL00009
SKU001501,SEL00008
SKU001501,SEL00002
SKU001502,SEL00000
SKU001502,SEL00008
SKU001502,SEL00009
SKU001502,SEL00042
SKU001503,SEL00021
SKU001504,SEL00019
SKU001504,SEL00017
SKU001504,SEL00001
SKU001505,SEL00025
SKU001506,SEL00042
SKU001506,SEL00047
SKU001506,SEL00037
SKU001506,SEL00012
SKU001507,SEL00027
SKU001507,SEL00046
SKU001507,SEL00024
SKU001507,SEL00010
SKU001508,SEL00047
SKU001508,SEL00019
SKU001509,SEL00048
SKU001509,SEL00002
SKU001510,SEL00019
SKU001511,SEL00043
SKU001511,SEL00013
SKU001511,SEL00022
SKU001511,SEL00037
SKU001511,SEL00011
SKU001512,SEL00000
SKU001512,SEL00003
SKU001513,SEL00034
SKU001513,SEL00038
SKU001513,SEL00031
SKU001513,SEL00025
SKU001514,SEL00010
SKU001514,SEL00005
SKU001514,SEL00014
SKU001514,SEL00049
SKU001514,SEL00008
SKU001515,SEL00008
SKU001515,SEL00003
SKU001515,SEL00009
SKU001515,SEL00001
SKU001515,SEL00022
SKU001516,SEL00031
SKU001516,SEL00015
SKU001517,SEL00025
SKU001517,SEL00000
SKU001517,SEL00032
SKU001517,SEL00028
SKU001517,SEL00026
SKU001518,SEL00049
SKU001518,SEL00044
SKU001518,SEL00028
SKU001518,SEL00011
SKU001518,SEL00003
SKU001519,SEL00010
SKU001520,SEL00039
SKU001520,SEL00008
SKU001520,SEL00007
SKU001520,SEL00037
SKU001521,SEL00035
SKU001522,SEL00046
SKU001522,SEL00032
SKU001522,SEL00007
SKU001522,SEL00031
SKU001522,SEL00049
SKU001523,SEL00008
SKU001523,SEL00027
SKU001523,SEL00019
SKU001524,SEL00000
SKU001524,SEL00027
SKU001524,SEL00017
SKU001525,SEL00010
SKU001525,SEL00040
SKU001525,SEL00014
SKU001525,SEL00000
SKU001526,SEL00008
SKU001526,SEL00025
SKU001526,SEL00010
SKU001527,SEL00034
SKU001527,SEL00007
SKU001528,SEL00044
SKU001528,SEL00028
SKU001528,SEL00026
SKU001528,SEL00049
SKU001528,SEL00037
SKU001529,SEL00043
SKU001529,SEL00007
SKU001530,SEL00041
SKU001530,SEL00047
SKU001530,SEL00027
SKU001530,SEL00022
SKU001531,SEL00011
SKU001531,SEL00048
SKU001531,SEL00018
SKU001531,SEL00013
SKU001532,SEL00042
SKU001532,SEL00008
SKU001533,SEL00028
SKU001533,SEL00029
SKU001534,SEL00014
SKU001534,SEL00009
SKU001534,SEL00041
SKU001534,SEL00038
SKU001535,SEL00010
SKU001535,SEL00047
SKU001535,SEL00036
SKU001535,SEL00007
SKU001535,SEL00027
SKU001536,SEL00013
SKU001536,SEL00039
SKU001536,SEL00020
SKU001536,SEL00033
SKU001537,SEL00021
SKU001537,SEL00004
SKU001537,SEL00018
SKU001538,SEL00008
SKU001539,SEL00003
SKU001539,SEL00020
SKU001540,SEL00014
SKU001540,SEL00036
SKU001540,SEL00013
SKU001540,SEL00008
SKU001541,SEL00000
SKU001542,SEL00033
SKU001542,SEL00011
SKU001542,SEL00024
SKU001543,SEL00043
SKU001543,SEL00026
SKU001544,SEL00020
SKU001544,SEL00007
SKU001544,SEL00002
SKU001544,SEL00022
SKU001545,SEL00047
SKU001545,SEL00035
SKU001545,SEL00022
SKU001545,SEL00018
SKU001545,SEL00028
SKU001546,SEL00048
SKU001546,SEL00032
SKU001546,SEL00016
SKU001546,SEL00031
SKU001547,SEL00013
SKU001547,SEL00024
SKU001548,SEL00013
SKU001548,SEL00033
SKU001548,SEL00019
SKU001548,SEL00027
SKU001548,SEL00022
SKU001549,SEL00032
SKU001549,SEL00037
SKU001549,SEL00001
SKU001549,SEL00045
SKU001550,SEL00014
SKU001551,SEL00044
SKU001551,SEL00011
SKU001551,SEL00027
SKU001552,SEL00019
SKU001552,SEL00004
SKU001552,SEL00018
SKU001552,SEL00024
SKU001553,SEL00026
SKU001553,SEL00040
SKU001553,SEL00041
SKU001553,SEL00019
SKU001553,SEL00027
SKU001554,SEL00011
SKU001555,SEL00020
SKU001555,SEL00041
SKU001555,SEL00044
SKU001555,SEL00031
SKU001556,SEL00009
SKU001556,SEL00037
SKU001556,SEL00002
SKU001556,SEL00013
SKU001557,SEL00034
SKU001558,SEL00024
SKU001558,SEL00027
SKU001559,SEL00019
SKU001559,SEL00038
SKU001559,SEL00031
SKU001559,SEL00001
SKU001559,SEL00039
SKU001560,SEL00041
SKU001560,SEL00036
SKU001560,SEL00001
SKU001561,SEL00026
SKU001561,SEL00043
SKU001562,SEL00026
SKU001563,SEL00011
SKU001563,SEL00033
SKU001563,SEL00013
SKU001564,SEL00002
SKU001564,SEL00023
SKU001564,SEL00045
SKU001565,SEL00011
SKU001565,SEL00040
SKU001565,SEL00007
SKU001565,SEL00049
SKU001565,SEL00044
SKU001566,SEL00011
SKU001566,SEL00000
SKU001566,SEL00019
SKU001566,SEL00010
SKU001566,SEL00027
SKU001567,SEL00029
SKU001567,SEL00016
SKU001567,SEL00041
SKU001567,SEL00023
SKU001568,SEL00043
SKU001568,SEL00008
SKU001568,SEL00041
SKU001568,SEL00003
SKU001568,SEL00002
SKU001569,SEL00008
SKU001569,SEL00007
SKU001569,SEL00013
SKU001570,SEL00030
SKU001570,SEL00017
SKU001570,SEL00039
SKU001570,SEL00036
SKU001570,SEL00042
SKU001571,SEL00013
SKU001571,SEL00045
SKU001571,SEL00022
SKU001571,SEL00021
SKU001571,SEL00039
SKU001572,SEL00022
SKU001572,SEL00046
SKU001572,SEL00033
SKU001572,SEL00006
SKU001573,SEL00034
SKU001573,SEL00002
SKU001573,SEL00012
SKU001573,SEL00037
SKU001574,SEL00007
SKU001574,SEL00009
SKU001574,SEL00048
SKU001574,SEL00006
SKU001574,SEL00042
SKU001575,SEL00043
SKU001575,SEL00023
SKU001575,SEL00035
SKU001575,SEL00014
SKU001576,SEL00012
SKU001576,SEL00013
SKU001576,SEL00031
SKU001576,SEL00039
SKU001577,SEL00029
SKU001577,SEL00039
SKU001578,SEL00021
SKU001579,SEL00038
SKU001579,SEL00023
SKU001580,SEL00015
SKU001580,SEL00026
SKU001580,SEL00049
SKU001580,SEL00016
SKU001581,SEL00044
SKU001582,SEL00041
SKU001582,SEL00046
SKU001582,SEL00027
SKU001582,SEL00017
SKU001583,SEL00010
SKU001583,SEL00021
SKU001583,SEL00026
SKU001583,SEL00049
SKU001583,SEL00048
SKU001584,SEL00020
SKU001584,SEL00037
SKU001584,SEL00033
SKU001585,SEL00011
SKU001585,SEL00048
SKU001585,SEL00047
SKU001585,SEL00012
SKU001586,SEL00049
SKU001587,SEL00010
SKU001587,SEL00046
SKU001588,SEL00038
SKU001588,SEL00013
SKU001588,SEL00045
SKU001589,SEL00009
SKU001590,SEL00047
SKU001590,SEL00007
SKU001591,SEL00025
SKU001591,SEL00031
SKU001592,SEL00047
SKU001592,SEL00040
SKU001592,SEL00014
SKU001593,SEL00016
SKU001594,SEL00014
SKU001594,SEL00049
SKU001594,SEL00035
SKU001595,SEL00013
SKU001595,SEL00003
SKU001595,SEL00033
SKU001596,SEL00007
SKU001596,SEL00046
SKU001597,SEL00024
SKU001597,SEL00049
SKU001597,SEL00002
SKU001597,SEL00010
SKU001598,SEL00047
SKU001598,SEL00027
SKU001598,SEL00049
SKU001599,SEL00005
SKU001600,SEL00030
SKU001600,SEL00038
SKU001600,SEL00033
SKU001601,SEL00003
SKU001601,SEL00022
SKU001601,SEL00019
SKU001602,SEL00019
SKU001602,SEL00039
SKU001602,SEL00038
SKU001602,SEL00030
SKU001602,SEL00042
SKU001603,SEL00033
SKU001604,SEL00039
SKU001605,SEL00016
SKU001605,SEL00018
SKU001605,SEL00028
SKU001606,SEL00039
SKU001606,SEL00047
SKU001606,SEL00022
SKU001606,SEL00013
SKU001607,SEL00014
SKU001607,SEL00011
SKU001607,SEL00017
SKU001607,SEL00048
SKU001607,SEL00037
SKU001608,SEL00018
SKU001608,SEL00047
SKU001608,SEL00016
SKU001608,SEL00001
SKU001609,SEL00002
SKU001609,SEL00008
SKU001610,SEL00032
SKU001610,SEL00000
SKU001610,SEL00026
SKU001611,SEL00046
SKU001612,SEL00035
SKU001612,SEL00021
SKU001612,SEL00034
SKU001612,SEL00045
SKU001612,SEL00002
SKU001613,SEL00026
SKU001613,SEL00037
SKU001613,SEL00034
SKU001613,SEL00040
SKU001613,SEL00047
SKU001614,SEL00006
SKU001614,SEL00034
SKU001615,SEL00004
SKU001615,SEL00005
SKU001615,SEL00048
SKU001615,SEL00041
SKU001615,SEL00019
SKU001616,SEL00015
SKU001616,SEL00007
SKU001617,SEL00024
SKU001617,SEL00013
SKU001617,SEL00030
SKU001617,SEL00049
SKU001618,SEL00046
SKU001618,SEL00003
SKU001618,SEL00013
SKU001618,SEL00028
SKU001619,SEL00000
SKU001620,SEL00012
SKU001621,SEL00015
SKU001621,SEL00046
SKU001621,SEL00044
SKU001621,SEL00028
SKU001622,SEL00023
SKU001622,SEL00037
SKU001623,SEL00005
SKU001624,SEL00037
SKU001624,SEL00046
SKU001624,SEL00023
SKU001624,SEL00015
SKU001625,SEL00023
SKU001625,SEL00028
SKU001625,SEL00015
SKU001625,SEL00020
SKU001626,SEL00020
SKU001626,SEL00034
SKU001627,SEL00047
SKU001627,SEL00011
SKU001627,SEL00024
SKU001628,SEL00013
SKU001628,SEL00026
SKU001628,SEL00024
SKU001628,SEL00023
SKU001629,SEL00000
SKU001629,SEL00035
SKU001630,SEL00025
SKU001630,SEL00016
SKU001630,SEL00037
SKU001630,SEL00032
SKU001631,SEL00000
SKU001632,SEL00005
SKU001632,SEL00048
SKU001632,SEL00035
SKU001633,SEL00027
SKU001634,SEL00040
SKU001634,SEL00032
SKU001635,SEL00000
SKU001635,SEL00048
SKU001635,SEL00020
SKU001635,SEL00033
SKU001636,SEL00021
SKU001636,SEL00027
SKU001636,SEL00026
SKU001637,SEL00030
SKU001637,SEL00024
SKU001638,SEL00025
SKU001639,SEL00040
SKU001639,SEL00033
SKU001639,SEL00023
SKU001639,SEL00018
SKU001639,SEL00035
SKU001640,SEL00019
SKU001640,SEL00044
SKU001640,SEL00012
SKU001640,SEL00024
SKU001641,SEL00016
SKU001641,SEL00033
SKU001641,SEL00028
SKU001642,SEL00001
SKU001642,SEL00045
SKU001643,SEL00023
SKU001643,SEL00014
SKU001643,SEL00002
SKU001643,SEL00048
SKU001643,SEL00043
SKU001644,SEL00049
SKU001644,SEL00015
SKU001644,SEL00035
SKU001645,SEL00033
SKU001645,SEL00020
SKU001645,SEL00030
SKU001645,SEL00013
SKU001646,SEL00043
SKU001646,SEL00039
SKU001647,SEL00048
SKU001647,SEL00006
SKU001647,SEL00044
SKU001647,SEL00017
SKU001648,SEL00030
SKU001648,SEL00032
SKU001648,SEL00037
SKU001648,SEL00020
SKU001648,SEL00012
SKU001649,SEL00037
SKU001649,SEL00016
SKU001649,SEL00002
SKU001650,SEL00043
SKU001650,SEL00018
SKU001650,SEL00016
SKU001650,SEL00022
SKU001651,SEL00025
SKU001651,SEL00011
SKU001652,SEL00010
SKU001652,SEL00045
SKU001652,SEL00031
SKU001652,SEL00006
SKU001652,SEL00015
SKU001653,SEL00046
SKU001653,SEL00040
SKU001654,SEL00044
SKU001654,SEL00016
SKU001654,SEL00019
SKU001655,SEL00040
SKU001656,SEL00023
SKU001656,SEL00024
SKU001657,SEL00015
SKU001658,SEL00006
SKU001658,SEL00003
SKU001658,SEL00008
SKU001658,SEL00022
SKU001658,SEL00013
SKU001659,SEL00020
SKU001660,SEL00003
SKU001660,SEL00022
SKU001660,SEL00044
SKU001660,SEL00034
SKU001660,SEL00029
SKU001661,SEL00003
SKU001661,SEL00004
SKU001661,SEL00001
SKU001661,SEL00041
SKU001662,SEL00045
SKU001662,SEL00036
SKU001662,SEL00047
SKU001662,SEL00006
SKU001662,SEL00000
SKU001663,SEL00029
SKU001663,SEL00035
SKU001663,SEL00042
SKU001663,SEL00002
SKU001663,SEL00041
SKU001664,SEL00049
SKU001664,SEL00018
SKU001664,SEL00003
SKU001664,SEL00008
SKU001664,SEL00004
SKU001665,SEL00008
SKU001665,SEL00009
SKU001665,SEL00010
SKU001665,SEL00029
SKU001666,SEL00047
SKU001666,SEL00013
SKU001666,SEL00045
SKU001666,SEL00005
SKU001667,SEL00049
SKU001668,SEL00042
SKU001669,SEL00030
SKU001669,SEL00049
SKU001669,SEL00025
SKU001670,SEL00046
SKU001670,SEL00000
SKU001670,SEL00048
SKU001670,SEL00044
SKU001671,SEL00009
SKU001671,SEL00028
SKU001671,SEL00022
SKU001671,SEL00024
SKU001671,SEL00004
SKU001672,SEL00005
SKU001672,SEL00036
SKU001673,SEL00030
SKU001674,SEL00007
SKU001674,SEL00006
SKU001674,SEL00015
SKU001674,SEL00012
SKU001675,SEL00020
SKU001676,SEL00009
SKU001676,SEL00039
SKU001676,SEL00013
SKU001677,SEL00025
SKU001678,SEL00005
SKU001678,SEL00033
SKU001678,SEL00012
SKU001678,SEL00019
SKU001679,SEL00015
SKU001680,SEL00045
SKU001680,SEL00031
SKU001680,SEL00029
SKU001681,SEL00048
SKU001682,SEL00049
SKU001683,SEL00008
SKU001683,SEL00033
SKU001684,SEL00008
SKU001685,SEL00049
SKU001685,SEL00030
SKU001685,SEL00038
SKU001686,SEL00037
SKU001686,SEL00041
SKU001686,SEL00031
SKU001686,SEL00034
SKU001686,SEL00005
SKU001687,SEL00015
SKU001687,SEL00032
SKU001687,SEL00038
SKU001687,SEL00030
SKU001688,SEL00023
SKU001688,SEL00029
SKU001688,SEL00041
SKU001688,SEL00046
SKU001688,SEL00001
SKU001689,SEL00014
SKU001689,SEL00010
SKU001689,SEL00012
SKU001690,SEL00026
SKU001690,SEL00037
SKU001690,SEL00043
SKU001691,SEL00036
SKU001691,SEL00032
SKU001692,SEL00007
SKU001693,SEL00018
SKU001694,SEL00029
SKU001694,SEL00046
SKU001695,SEL00036
SKU001695,SEL00020
SKU001695,SEL00037
SKU001695,SEL00030
SKU001695,SEL00046
SKU001696,SEL00045
SKU001696,SEL00004
SKU001696,SEL00019
SKU001696,SEL00022
SKU001696,SEL00042
SKU001697,SEL00044
SKU001697,SEL00046
SKU001697,SEL00003
SKU001697,SEL00017
SKU001698,SEL00010
SKU001698,SEL00048
SKU001698,SEL00017
SKU001699,SEL00007
SKU001699,SEL00012
SKU001700,SEL00039
SKU001700,SEL00016
SKU001701,SEL00017
SKU001701,SEL00049
SKU001701,SEL00032
SKU001702,SEL00045
SKU001702,SEL00022
SKU001703,SEL00027
SKU001703,SEL00014
SKU001703,SEL00007
SKU001704,SEL00015
SKU001704,SEL00024
SKU001704,SEL00027
SKU001704,SEL00005
SKU001704,SEL00039
SKU001705,SEL00005
SKU001705,SEL00017
SKU001706,SEL00002
SKU001706,SEL00043
SKU001706,SEL00017
SKU001707,SEL00001
SKU001707,SEL00026
SKU001707,SEL00024
SKU001708,SEL00009
SKU001708,SEL00019
SKU001708,SEL00018
SKU001708,SEL00000
SKU001708,SEL00010
SKU001709,SEL00047
SKU001709,SEL00012
SKU001710,SEL00032
SKU001710,SEL00034
SKU001710,SEL00008
SKU001710,SEL00015
SKU001711,SEL00045
SKU001711,SEL00032
SKU001711,SEL00002
SKU001711,SEL00047
SKU001712,SEL00026
SKU001712,SEL00008
SKU001712,SEL00025
SKU001713,SEL00025
SKU001713,SEL00019
SKU001714,SEL00013
SKU001715,SEL00002
SKU001716,SEL00029
SKU001716,SEL00006
SKU001717,SEL00038
SKU001717,SEL00025
SKU001717,SEL00027
SKU001718,SEL00038
SKU001718,SEL00016
SKU001718,SEL00010
SKU001718,SEL00011
SKU001718,SEL00008
SKU001719,SEL00048
SKU001719,SEL00006
SKU001719,SEL00031
SKU001720,SEL00002
SKU001720,SEL00048
SKU001720,SEL00032
SKU001720,SEL00000
SKU001721,SEL00013
SKU001721,SEL00010
SKU001722,SEL00021
SKU001723,SEL00007
SKU001723,SEL00017
SKU001724,SEL00022
SKU001724,SEL00034
SKU001724,SEL00046
SKU001724,SEL00012
SKU001725,SEL00035
SKU001725,SEL00007
SKU001725,SEL00038
SKU001725,SEL00015
SKU001725,SEL00040
SKU001726,SEL00030
SKU001727,SEL00031
SKU001727,SEL00047
SKU001727,SEL00009
SKU001728,SEL00004
SKU001728,SEL00036
SKU001728,SEL00017
SKU001728,SEL00011
SKU001728,SEL00007
SKU001729,SEL00022
SKU001729,SEL00023
SKU001729,SEL00038
SKU001729,SEL00032
SKU001730,SEL00030
SKU001730,SEL00032
SKU001731,SEL00025
SKU001731,SEL00006
SKU001732,SEL00014
SKU001732,SEL00003
SKU001732,SEL00041
SKU001732,SEL00010
SKU001732,SEL00018
SKU001733,SEL00020
SKU001734,SEL00040
SKU001734,SEL00002
SKU001735,SEL00007
SKU001736,SEL00000
SKU001736,SEL00036
SKU001736,SEL00049
SKU001737,SEL00049
SKU001737,SEL00017
SKU001738,SEL00003
SKU001738,SEL00021
SKU001738,SEL00015
SKU001739,SEL00044
SKU001739,SEL00005
SKU001739,SEL00002
SKU001739,SEL00031
SKU001740,SEL00039
SKU001740,SEL00026
SKU001740,SEL00013
SKU001741,SEL00040
SKU001741,SEL00049
SKU001741,SEL00018
SKU001741,SEL00045
SKU001741,SEL00039
SKU001742,SEL00001
SKU001742,SEL00040
SKU001742,SEL00026
SKU001742,SEL00025
SKU001742,SEL00027
SKU001743,SEL00030
SKU001744,SEL00011
SKU001745,SEL00017
SKU001745,SEL00046
SKU001746,SEL00018
SKU001746,SEL00017
SKU001747,SEL00033
SKU001747,SEL00027
SKU001748,SEL00046
SKU001749,SEL00049
SKU001749,SEL00032
SKU001749,SEL00006
SKU001749,SEL00014
SKU001749,SEL00003
SKU001750,SEL00042
SKU001750,SEL00043
SKU001750,SEL00015
SKU001750,SEL00018
SKU001750,SEL00030
SKU001751,SEL00019
SKU001752,SEL00019
SKU001752,SEL00015
SKU001752,SEL00032
SKU001752,SEL00040
SKU001752,SEL00010
SKU001753,SEL00006
SKU001753,SEL00033
SKU001753,SEL00009
SKU001753,SEL00040
SKU001754,SEL00049
SKU001755,SEL00022
SKU001755,SEL00013
SKU001756,SEL00008
SKU001756,SEL00029
SKU001756,SEL00049
SKU001757,SEL00049
SKU001757,SEL00036
SKU001757,SEL00035
SKU001757,SEL00037
SKU001757,SEL00028
SKU001758,SEL00044
SKU001758,SEL00041
SKU001758,SEL00015
SKU001759,SEL00027
SKU001759,SEL00043
SKU001759,SEL00029
SKU001759,SEL00038
SKU001760,SEL00031
SKU001760,SEL00046
SKU001760,SEL00035
SKU001760,SEL00044
SKU001760,SEL00045
SKU001761,SEL00021
SKU001761,SEL00000
SKU001762,SEL00049
SKU001762,SEL00003
SKU001763,SEL00009
SKU001763,SEL00002
SKU001763,SEL00048
SKU001763,SEL00045
SKU001764,SEL00022
SKU001764,SEL00027
SKU001764,SEL00017
SKU001765,SEL00029
SKU001765,SEL00049
SKU001765,SEL00034
SKU001766,SEL00000
SKU001766,SEL00022
SKU001766,SEL00027
SKU001767,SEL00043
SKU001768,SEL00014
SKU001768,SEL00025
SKU001768,SEL00048
SKU001769,SEL00039
SKU001769,SEL00046
SKU001769,SEL00021
SKU001769,SEL00044
SKU001769,SEL00040
SKU001770,SEL00026
SKU001770,SEL00027
SKU001770,SEL00008
SKU001770,SEL00039
SKU001771,SEL00015
SKU001771,SEL00009
SKU001771,SEL00002
SKU001771,SEL00031
SKU001772,SEL00008
SKU001773,SEL00011
SKU001773,SEL00010
SKU001774,SEL00002
SKU001775,SEL00000
SKU001776,SEL00047
SKU001776,SEL00019
SKU001776,SEL00016
SKU001776,SEL00008
SKU001777,SEL00038
SKU001777,SEL00009
SKU001777,SEL00019
SKU001778,SEL00033
SKU001778,SEL00001
SKU001778,SEL00027
SKU001778,SEL00031
SKU001778,SEL00029
SKU001779,SEL00012
SKU001779,SEL00022
SKU001780,SEL00026
SKU001781,SEL00047
SKU001781,SEL00029
SKU001781,SEL00002
SKU001781,SEL00014
SKU001781,SEL00039
SKU001782,SEL00022
SKU001782,SEL00010
SKU001782,SEL00036
SKU001783,SEL00041
SKU001783,SEL00034
SKU001783,SEL00021
SKU001783,SEL00040
SKU001783,SEL00004
SKU001784,SEL00004
SKU001785,SEL00010
SKU001786,SEL00040
SKU001786,SEL00037
SKU001786,SEL00016
SKU001787,SEL00040
SKU001788,SEL00004
SKU001788,SEL00006
SKU001788,SEL00038
SKU001788,SEL00013
SKU001789,SEL00024
SKU001789,SEL00003
SKU001790,SEL00011
SKU001791,SEL00032
SKU001791,SEL00019
SKU001791,SEL00012
SKU001791,SEL00002
SKU001791,SEL00014
SKU001792,SEL00031
SKU001792,SEL00026
SKU001792,SEL00024
SKU001792,SEL00040
SKU001793,SEL00033
SKU001794,SEL00033
SKU001794,SEL00043
SKU001794,SEL00040
SKU001794,SEL00047
SKU001795,SEL00029
SKU001796,SEL00041
SKU001796,SEL00029
SKU001796,SEL00021
SKU001796,SEL00014
SKU001796,SEL00000
SKU001797,SEL00030
SKU001797,SEL00038
SKU001797,SEL00010
SKU001798,SEL00022
SKU001798,SEL00034
SKU001798,SEL00021
SKU001798,SEL00029
SKU001798,SEL00000
SKU001799,SEL00002
SKU001799,SEL00023
SKU001799,SEL00038
SKU001800,SEL00013
SKU001800,SEL00016
SKU001801,SEL00032
SKU001801,SEL00005
SKU001801,SEL00034
SKU001802,SEL00015
SKU001802,SEL00035
SKU001803,SEL00049
SKU001804,SEL00034
SKU001805,SEL00033
SKU001805,SEL00013
SKU001805,SEL00023
SKU001806,SEL00022
SKU001806,SEL00002
SKU001807,SEL00026
SKU001807,SEL00046
SKU001807,SEL00010
SKU001808,SEL00028
SKU001808,SEL00012
SKU001808,SEL00007
SKU001809,SEL00016
SKU001810,SEL00045
SKU001810,SEL00015
SKU001810,SEL00000
SKU001810,SEL00028
SKU001810,SEL00018
SKU001811,SEL00036
SKU001812,SEL00011
SKU001813,SEL00029
SKU001814,SEL00039
SKU001814,SEL00032
SKU001814,SEL00003
SKU001815,SEL00012
SKU001815,SEL00025
SKU001815,SEL00033
SKU001815,SEL00011
SKU001816,SEL00047
SKU001816,SEL00023
SKU001816,SEL00008
SKU001816,SEL00038
SKU001816,SEL00014
SKU001817,SEL00028
SKU001817,SEL00026
SKU001817,SEL00041
SKU001817,SEL00016
SKU001818,SEL00026
SKU001818,SEL00027
SKU001819,SEL00048
SKU001819,SEL00012
SKU001820,SEL00002
SKU001820,SEL00010
SKU001821,SEL00027
SKU001821,SEL00034
SKU001821,SEL00033
SKU001821,SEL00003
SKU001821,SEL00000
SKU001822,SEL00044
SKU001822,SEL00010
SKU001822,SEL00009
SKU001822,SEL00019
SKU001822,SEL00043
SKU001823,SEL00000
SKU001823,SEL00007
SKU001823,SEL00004
SKU001823,SEL00044
SKU001824,SEL00009
SKU001825,SEL00038
SKU001825,SEL00033
SKU001825,SEL00046
SKU001826,SEL00010
SKU001826,SEL00013
SKU001826,SEL00023
SKU001826,SEL00039
SKU001826,SEL00029
SKU001827,SEL00009
SKU001827,SEL00045
SKU001827,SEL00002
SKU001828,SEL00018
SKU001828,SEL00006
SKU001828,SEL00045
SKU001828,SEL00038
SKU001828,SEL00022
SKU001829,SEL00015
SKU001829,SEL00025
SKU001829,SEL00001
SKU001829,SEL00035
SKU001830,SEL00033
SKU001830,SEL00015
SKU001830,SEL00025
SKU001831,SEL00026
SKU001832,SEL00027
SKU001832,SEL00035
SKU001832,SEL00010
SKU001832,SEL00042
SKU001832,SEL00038
SKU001833,SEL00032
SKU001833,SEL00022
SKU001834,SEL00027
SKU001834,SEL00005
SKU001834,SEL00010
SKU001834,SEL00035
SKU001835,SEL00029
SKU001835,SEL00009
SKU001835,SEL00022
SKU001835,SEL00048
SKU001836,SEL00040
SKU001836,SEL00024
SKU001836,SEL00017
SKU001836,SEL00023
SKU001837,SEL00005
SKU001837,SEL00009
SKU001837,SEL00036
SKU001837,SEL00045
SKU001837,SEL00018
SKU001838,SEL00026
SKU001838,SEL00042
SKU001838,SEL00004
SKU001838,SEL00017
SKU001838,SEL00012
SKU001839,SEL00037
SKU001839,SEL00034
SKU001839,SEL00015
SKU001840,SEL00032
SKU001840,SEL00035
SKU001840,SEL00000
SKU001841,SEL00032
SKU001841,SEL00006
SKU001841,SEL00040
SKU001841,SEL00023
SKU001842,SEL00008
SKU001842,SEL00002
SKU001843,SEL00017
SKU001843,SEL00045
SKU001844,SEL00045
SKU001845,SEL00011
SKU001846,SEL00035
SKU001846,SEL00011
SKU001846,SEL00023
SKU001847,SEL00018
SKU001847,SEL00021
SKU001847,SEL00025
SKU001847,SEL00042
SKU001848,SEL00009
SKU001848,SEL00026
SKU001848,SEL00010
SKU001849,SEL00045
SKU001849,SEL00015
SKU001849,SEL00009
SKU001850,SEL00038
SKU001850,SEL00039
SKU001851,SEL00015
SKU001851,SEL00039
SKU001851,SEL00047
SKU001851,SEL00030
SKU001851,SEL00001
SKU001852,SEL00043
SKU001852,SEL00001
SKU001852,SEL00025
SKU001853,SEL00042
SKU001853,SEL00040
SKU001854,SEL00041
SKU001855,SEL00006
SKU001855,SEL00023
SKU001855,SEL00026
SKU001855,SEL00004
SKU001855,SEL00008
SKU001856,SEL00001
SKU001856,SEL00014
SKU001857,SEL00019
SKU001857,SEL00042
SKU001857,SEL00038
SKU001858,SEL00001
SKU001858,SEL00005
SKU001858,SEL00026
SKU001858,SEL00022
SKU001858,SEL00017
SKU001859,SEL00017
SKU001859,SEL00026
SKU001859,SEL00036
SKU001859,SEL00023
SKU001860,SEL00021
SKU001860,SEL00016
SKU001860,SEL00046
SKU001860,SEL00012
SKU001861,SEL00031
SKU001862,SEL00006
SKU001862,SEL00020
SKU001862,SEL00028
SKU001863,SEL00047
SKU001863,SEL00045
SKU001863,SEL00008
SKU001863,SEL00039
SKU001864,SEL00005
SKU001864,SEL00014
SKU001864,SEL00048
SKU001864,SEL00018
SKU001864,SEL00020
SKU001865,SEL00039
SKU001865,SEL00005
SKU001865,SEL00044
SKU001865,SEL00009
SKU001865,SEL00020
SKU001866,SEL00035
SKU001867,SEL00008
SKU001868,SEL00045
SKU001868,SEL00015
SKU001868,SEL00019
SKU001868,SEL00042
SKU001869,SEL00020
SKU001869,SEL00000
SKU001869,SEL00029
SKU001870,SEL00024
SKU001871,SEL00005
SKU001871,SEL00010
SKU001871,SEL00014
SKU001871,SEL00021
SKU001871,SEL00044
SKU001872,SEL00003
SKU001873,SEL00014
SKU001873,SEL00045
SKU001873,SEL00049
SKU001873,SEL00043
SKU001874,SEL00001
SKU001874,SEL00043
SKU001874,SEL00005
SKU001874,SEL00027
SKU001874,SEL00038
SKU001875,SEL00042
SKU001875,SEL00017
SKU001875,SEL00016
SKU001876,SEL00006
SKU001876,SEL00005
SKU001876,SEL00025
SKU001876,SEL00010
SKU001877,SEL00045
SKU001878,SEL00012
SKU001879,SEL00042
SKU001880,SEL00039
SKU001880,SEL00047
SKU001880,SEL00020
SKU001880,SEL00009
SKU001881,SEL00012
SKU001881,SEL00031
SKU001881,SEL00026
SKU001881,SEL00021
SKU001881,SEL00004
SKU001882,SEL00005
SKU001882,SEL00025
SKU001883,SEL00003
SKU001883,SEL00033
SKU001884,SEL00031
SKU001884,SEL00003
SKU001884,SEL00047
SKU001885,SEL00049
SKU001885,SEL00020
SKU001885,SEL00004
SKU001885,SEL00033
SKU001885,SEL00022
SKU001886,SEL00012
SKU001887,SEL00042
SKU001887,SEL00000
SKU001887,SEL00033
SKU001887,SEL00046
SKU001888,SEL00016
SKU001888,SEL00045
SKU001889,SEL00002
SKU001889,SEL00027
SKU001889,SEL00001
SKU001889,SEL00003
SKU001890,SEL00009
SKU001890,SEL00004
SKU001891,SEL00018
SKU001891,SEL00002
SKU001892,SEL00036
SKU001892,SEL00001
SKU001892,SEL00024
SKU001892,SEL00039
SKU001892,SEL00006
SKU001893,SEL00019
SKU001893,SEL00005
SKU001893,SEL00037
SKU001893,SEL00004
SKU001893,SEL00045
SKU001894,SEL00023
SKU001894,SEL00001
SKU001895,SEL00011
SKU001895,SEL00034
SKU001896,SEL00000
SKU001896,SEL00018
SKU001897,SEL00012
SKU001897,SEL00010
SKU001898,SEL00046
SKU001898,SEL00020
SKU001898,SEL00025
SKU001899,SEL00008
SKU001899,SEL00046
SKU001899,SEL00019
SKU001900,SEL00040
SKU001900,SEL00027
SKU001900,SEL00049
SKU001901,SEL00009
SKU001902,SEL00030
SKU001902,SEL00015
SKU001902,SEL00034
SKU001903,SEL00040
SKU001903,SEL00023
SKU001903,SEL00024
SKU001903,SEL00044
SKU001904,SEL00042
SKU001905,SEL00041
SKU001905,SEL00037
SKU001905,SEL00008
SKU001906,SEL00028
SKU001907,SEL00022
SKU001907,SEL00047
SKU001908,SEL00020
SKU001908,SEL00031
SKU001909,SEL00039
SKU001909,SEL00006
SKU001910,SEL00044
SKU001911,SEL00046
SKU001912,SEL00023
SKU001912,SEL00013
SKU001912,SEL00009
SKU001913,SEL00040
SKU001913,SEL00031
SKU001914,SEL00006
SKU001914,SEL00046
SKU001914,SEL00032
SKU001915,SEL00045
SKU001915,SEL00014
SKU001915,SEL00042
SKU001915,SEL00005
SKU001916,SEL00049
SKU001916,SEL00042
SKU001917,SEL00038
SKU001918,SEL00011
SKU001918,SEL00032
SKU001918,SEL00033
SKU001918,SEL00018
SKU001918,SEL00027
SKU001919,SEL00048
SKU001919,SEL00038
SKU001919,SEL00019
SKU001919,SEL00041
SKU001920,SEL00017
SKU001920,SEL00020
SKU001920,SEL00029
SKU001920,SEL00022
SKU001920,SEL00040
SKU001921,SEL00011
SKU001922,SEL00039
SKU001922,SEL00027
SKU001922,SEL00008
SKU001923,SEL00019
SKU001923,SEL00043
SKU001923,SEL00027
SKU001923,SEL00015
SKU001923,SEL00018
SKU001924,SEL00001
SKU001924,SEL00006
SKU001924,SEL00009
SKU001924,SEL00046
SKU001924,SEL00015
SKU001925,SEL00045
SKU001925,SEL00020
SKU001925,SEL00008
SKU001925,SEL00018
SKU001926,SEL00047
SKU001926,SEL00043
SKU001926,SEL00034
SKU001926,SEL00037
SKU001927,SEL00034
SKU001928,SEL00040
SKU001928,SEL00032
SKU001928,SEL00002
SKU001928,SEL00042
SKU001928,SEL00029
SKU001929,SEL00019
SKU001929,SEL00026
SKU001929,SEL00038
SKU001929,SEL00027
SKU001929,SEL00031
SKU001930,SEL00011
SKU001931,SEL00012
SKU001931,SEL00029
SKU001931,SEL00025
SKU001932,SEL00016
SKU001932,SEL00038
SKU001932,SEL00029
SKU001932,SEL00003
SKU001932,SEL00048
SKU001933,SEL00010
SKU001933,SEL00039
SKU001933,SEL00023
SKU001933,SEL00009
SKU001934,SEL00005
SKU001934,SEL00003
SKU001934,SEL00011
SKU001934,SEL00010
SKU001934,SEL00033
SKU001935,SEL00026
SKU001935,SEL00034
SKU001935,SEL00048
SKU001936,SEL00000
SKU001936,SEL00001
SKU001936,SEL00012
SKU001936,SEL00042
SKU001937,SEL00024
SKU001937,SEL00002
SKU001937,SEL00036
SKU001937,SEL00027
SKU001937,SEL00008
SKU001938,SEL00037
SKU001938,SEL00018
SKU001939,SEL00004
SKU001939,SEL00045
SKU001940,SEL00001
SKU001941,SEL00000
SKU001941,SEL00048
SKU001941,SEL00015
SKU001942,SEL00008
SKU001943,SEL00048
SKU001943,SEL00009
SKU001943,SEL00038
SKU001943,SEL00016
SKU001944,SEL00008
SKU001944,SEL00049
SKU001945,SEL00023
SKU001945,SEL00002
SKU001945,SEL00038
SKU001945,SEL00005
SKU001945,SEL00034
SKU001946,SEL00005
SKU001946,SEL00013
SKU001947,SEL00000
SKU001947,SEL00036
SKU001947,SEL00004
SKU001947,SEL00018
SKU001948,SEL00024
SKU001948,SEL00044
SKU001948,SEL00043
SKU001948,SEL00003
SKU001949,SEL00000
SKU001949,SEL00039
SKU001949,SEL00001
SKU001949,SEL00048
SKU001950,SEL00019
SKU001951,SEL00044
SKU001951,SEL00026
SKU001952,SEL00005
SKU001952,SEL00040
SKU001952,SEL00024
SKU001952,SEL00025
SKU001953,SEL00007
SKU001953,SEL00020
SKU001953,SEL00000
SKU001953,SEL00048
SKU001954,SEL00004
SKU001954,SEL00007
SKU001955,SEL00015
SKU001955,SEL00005
SKU001955,SEL00027
SKU001955,SEL00023
SKU001955,SEL00017
SKU001956,SEL00048
SKU001956,SEL00009
SKU001956,SEL00033
SKU001956,SEL00026
SKU001956,SEL00010
SKU001957,SEL00048
SKU001958,SEL00041
SKU001958,SEL00049
SKU001959,SEL00009
SKU001960,SEL00018
SKU001960,SEL00013
SKU001960,SEL00043
SKU001960,SEL00045
SKU001960,SEL00020
SKU001961,SEL00024
SKU001961,SEL00021
SKU001961,SEL00046
SKU001961,SEL00023
SKU001962,SEL00031
SKU001962,SEL00018
SKU001962,SEL00028
SKU001962,SEL00014
SKU001963,SEL00040
SKU001964,SEL00031
SKU001964,SEL00020
SKU001964,SEL00015
SKU001964,SEL00014
SKU001964,SEL00029
SKU001965,SEL00021
SKU001965,SEL00026
SKU001966,SEL00016
SKU001966,SEL00048
SKU001967,SEL00011
SKU001968,SEL00039
SKU001969,SEL00016
SKU001969,SEL00046
SKU001969,SEL00012
SKU001969,SEL00009
SKU001969,SEL00017
SKU001970,SEL00024
SKU001970,SEL00003
SKU001970,SEL00031
SKU001971,SEL00033
SKU001971,SEL00011
SKU001971,SEL00026
SKU001972,SEL00008
SKU001972,SEL00031
SKU001972,SEL00021
SKU001973,SEL00042
SKU001974,SEL00017
SKU001974,SEL00015
SKU001974,SEL00023
SKU001975,SEL00035
SKU001975,SEL00016
SKU001975,SEL00034
SKU001975,SEL00026
SKU001975,SEL00017
SKU001976,SEL00046
SKU001977,SEL00014
SKU001977,SEL00019
SKU001978,SEL00048
SKU001978,SEL00003
SKU001978,SEL00033
SKU001979,SEL00049
SKU001979,SEL00048
SKU001980,SEL00010
SKU001980,SEL00035
SKU001980,SEL00021
SKU001981,SEL00008
SKU001981,SEL00007
SKU001981,SEL00022
SKU001981,SEL00048
SKU001982,SEL00012
SKU001982,SEL00025
SKU001982,SEL00011
SKU001982,SEL00005
SKU001983,SEL00021
SKU001983,SEL00003
SKU001983,SEL00007
SKU001984,SEL00004
SKU001984,SEL00034
SKU001984,SEL00023
SKU001985,SEL00042
SKU001985,SEL00001
SKU001985,SEL00020
SKU001985,SEL00031
SKU001985,SEL00021
SKU001986,SEL00028
SKU001986,SEL00030
SKU001986,SEL00023
SKU001986,SEL00033
SKU001987,SEL00008
SKU001987,SEL00006
SKU001987,SEL00025
SKU001987,SEL00043
SKU001988,SEL00024
SKU001988,SEL00029
SKU001989,SEL00003
SKU001989,SEL00002
SKU001990,SEL00013
SKU001990,SEL00004
SKU001990,SEL00041
SKU001990,SEL00024
SKU001991,SEL00010
SKU001991,SEL00020
SKU001991,SEL00040
SKU001991,SEL00032
SKU001991,SEL00023
SKU001992,SEL00017
SKU001993,SEL00048
SKU001993,SEL00031
SKU001993,SEL00046
SKU001994,SEL00004
SKU001995,SEL00017
SKU001996,SEL00012
SKU001996,SEL00022
SKU001996,SEL00014
SKU001996,SEL00036
SKU001996,SEL00045
SKU001997,SEL00035
SKU001997,SEL00025
SKU001997,SEL00014
SKU001997,SEL00028
SKU001998,SEL00022
SKU001998,SEL00009
SKU001998,SEL00031
SKU001999,SEL00013
SKU001999,SEL00034
SKU001999,SEL00038
SKU002000,SEL00035
SKU002001,SEL00035
SKU002001,SEL00026
SKU002001,SEL00049
SKU002001,SEL00005
SKU002001,SEL00037
SKU002002,SEL00042
SKU002002,SEL00047
SKU002002,SEL00008
SKU002003,SEL00044
SKU002004,SEL00014
SKU002004,SEL00034
SKU002005,SEL00021
SKU002005,SEL00018
SKU002006,SEL00017
SKU002006,SEL00000
SKU002007,SEL00036
SKU002007,SEL00033
SKU002007,SEL00005
SKU002008,SEL00039
SKU002008,SEL00023
SKU002008,SEL00027
SKU002009,SEL00015
SKU002009,SEL00034
SKU002009,SEL00016
SKU002009,SEL00030
SKU002009,SEL00002
SKU002010,SEL00018
SKU002010,SEL00006
SKU002011,SEL00045
SKU002011,SEL00046
SKU002011,SEL00032
SKU002012,SEL00024
SKU002012,SEL00035
SKU002013,SEL00014
SKU002013,SEL00013
SKU002014,SEL00013
SKU002014,SEL00020
SKU002014,SEL00011
SKU002014,SEL00025
SKU002014,SEL00048
SKU002015,SEL00014
SKU002015,SEL00036
SKU002015,SEL00007
SKU002016,SEL00049
SKU002016,SEL00048
SKU002016,SEL00040
SKU002016,SEL00043
SKU002016,SEL00004
SKU002017,SEL00046
SKU002018,SEL00041
SKU002018,SEL00000
SKU002018,SEL00025
SKU002018,SEL00021
SKU002018,SEL00037
SKU002019,SEL00032
SKU002020,SEL00028
SKU002020,SEL00007
SKU002020,SEL00045
SKU002021,SEL00012
SKU002022,SEL00043
SKU002022,SEL00002
SKU002022,SEL00012
SKU002022,SEL00005
SKU002022,SEL00004
SKU002023,SEL00018
SKU002023,SEL00004
SKU002023,SEL00014
SKU002024,SEL00027
SKU002024,SEL00039
SKU002024,SEL00012
SKU002024,SEL00013
SKU002024,SEL00015
SKU002025,SEL00037
SKU002025,SEL00002
SKU002025,SEL00021
SKU002025,SEL00041
SKU002025,SEL00038
SKU002026,SEL00023
SKU002026,SEL00040
SKU002026,SEL00043
SKU002027,SEL00041
SKU002027,SEL00022
SKU002027,SEL00028
SKU002028,SEL00027
SKU002028,SEL00003
SKU002028,SEL00047
SKU002028,SEL00014
SKU002029,SEL00023
SKU002029,SEL00012
SKU002029,SEL00002
SKU002029,SEL00037
SKU002030,SEL00016
SKU002031,SEL00021
SKU002031,SEL00012
SKU002031,SEL00015
SKU002031,SEL00028
SKU002032,SEL00049
SKU002032,SEL00011
SKU002032,SEL00021
SKU002032,SEL00037
SKU002033,SEL00013
SKU002033,SEL00048
SKU002033,SEL00044
SKU002034,SEL00036
SKU002034,SEL00010
SKU002034,SEL00011
SKU002034,SEL00043
SKU002034,SEL00039
SKU002035,SEL00044
SKU002035,SEL00028
SKU002035,SEL00024
SKU002035,SEL00014
SKU002036,SEL00049
SKU002036,SEL00037
SKU002036,SEL00041
SKU002036,SEL00035
SKU002037,SEL00015
SKU002037,SEL00019
SKU002037,SEL00041
SKU002037,SEL00029
SKU002037,SEL00010
SKU002038,SEL00028
SKU002038,SEL00037
SKU002038,SEL00009
SKU002038,SEL00021
SKU002038,SEL00000
SKU002039,SEL00004
SKU002040,SEL00033
SKU002040,SEL00044
SKU002040,SEL00036
SKU002041,SEL00030
SKU002042,SEL00017
SKU002042,SEL00033
SKU002043,SEL00015
SKU002044,SEL00003
SKU002044,SEL00031
SKU002044,SEL00037
SKU002044,SEL00012
SKU002044,SEL00002
SKU002045,SEL00041
SKU002045,SEL00032
SKU002046,SEL00048
SKU002046,SEL00037
SKU002046,SEL00026
SKU002046,SEL00004
SKU002047,SEL00035
SKU002047,SEL00037
SKU002047,SEL00040
SKU002048,SEL00016
SKU002048,SEL00028
SKU002048,SEL00012
SKU002048,SEL00047
SKU002048,SEL00048
SKU002049,SEL00035
SKU002049,SEL00026
SKU002050,SEL00047
SKU002051,SEL00012
SKU002051,SEL00039
SKU002051,SEL00036
SKU002051,SEL00029
SKU002052,SEL00035
SKU002053,SEL00046
SKU002053,SEL00027
SKU002053,SEL00040
SKU002053,SEL00036
SKU002053,SEL00045
SKU002054,SEL00009
SKU002054,SEL00000
SKU002054,SEL00045
SKU002054,SEL00027
SKU002055,SEL00045
SKU002055,SEL00048
SKU002055,SEL00012
SKU002055,SEL00017
SKU002056,SEL00005
SKU002056,SEL00010
SKU002056,SEL00031
SKU002057,SEL00030
SKU002057,SEL00046
SKU002058,SEL00011
SKU002058,SEL00014
SKU002059,SEL00020
SKU002060,SEL00000
SKU002060,SEL00023
SKU002060,SEL00042
SKU002061,SEL00023
SKU002062,SEL00036
SKU002063,SEL00030
SKU002063,SEL00018
SKU002064,SEL00046
SKU002065,SEL00027
SKU002065,SEL00008
SKU002065,SEL00014
SKU002065,SEL00016
SKU002065,SEL00003
SKU002066,SEL00044
SKU002066,SEL00031
SKU002067,SEL00022
SKU002067,SEL00028
SKU002068,SEL00040
SKU002068,SEL00000
SKU002069,SEL00013
SKU002069,SEL00008
SKU002069,SEL00033
SKU002069,SEL00019
SKU002070,SEL00044
SKU002070,SEL00028
SKU002070,SEL00035
SKU002070,SEL00049
SKU002070,SEL00010
SKU002071,SEL00006
SKU002071,SEL00020
SKU002072,SEL00005
SKU002072,SEL00025
SKU002072,SEL00028
SKU002072,SEL00043
SKU002073,SEL00000
SKU002074,SEL00012
SKU002074,SEL00013
SKU002074,SEL00014
SKU002074,SEL00033
SKU002074,SEL00037
SKU002075,SEL00005
SKU002075,SEL00007
SKU002075,SEL00004
SKU002075,SEL00031
SKU002076,SEL00010
SKU002076,SEL00013
SKU002077,SEL00013
SKU002077,SEL00039
SKU002077,SEL00048
SKU002078,SEL00048
SKU002079,SEL00010
SKU002080,SEL00047
SKU002080,SEL00048
SKU002080,SEL00033
SKU002081,SEL00029
SKU002081,SEL00036
SKU002081,SEL00037
SKU002082,SEL00028
SKU002082,SEL00011
SKU002082,SEL00049
SKU002082,SEL00005
SKU002083,SEL00020
SKU002083,SEL00025
SKU002084,SEL00017
SKU002084,SEL00047
SKU002085,SEL00000
SKU002086,SEL00009
SKU002086,SEL00013
SKU002087,SEL00006
SKU002087,SEL00008
SKU002087,SEL00011
SKU002087,SEL00023
SKU002088,SEL00026
SKU002088,SEL00031
SKU002088,SEL00010
SKU002088,SEL00034
SKU002089,SEL00031
SKU002090,SEL00012
SKU002090,SEL00041
SKU002090,SEL00033
SKU002090,SEL00023
SKU002091,SEL00020
SKU002091,SEL00016
SKU002091,SEL00035
SKU002091,SEL00024
SKU002092,SEL00017
SKU002092,SEL00009
SKU002092,SEL00013
SKU002092,SEL00046
SKU002093,SEL00030
SKU002093,SEL00003
SKU002093,SEL00017
SKU002093,SEL00039
SKU002094,SEL00043
SKU002094,SEL00041
SKU002094,SEL00017
SKU002095,SEL00032
SKU002095,SEL00028
SKU002095,SEL00012
SKU002095,SEL00033
SKU002095,SEL00047
SKU002096,SEL00002
SKU002097,SEL00033
SKU002097,SEL00030
SKU002097,SEL00031
SKU002097,SEL00019
SKU002097,SEL00028
SKU002098,SEL00023
SKU002098,SEL00008
SKU002099,SEL00045
SKU002099,SEL00048
SKU002100,SEL00011
SKU002100,SEL00020
SKU002100,SEL00036
SKU002101,SEL00017
SKU002101,SEL00010
SKU002102,SEL00012
SKU002103,SEL00014
SKU002104,SEL00047
SKU002105,SEL00032
SKU002105,SEL00036
SKU002105,SEL00038
SKU002105,SEL00010
SKU002106,SEL00007
SKU002107,SEL00033
SKU002107,SEL00020
SKU002107,SEL00017
SKU002108,SEL00009
SKU002108,SEL00048
SKU002108,SEL00043
SKU002109,SEL00048
SKU002110,SEL00006
SKU002110,SEL00003
SKU002111,SEL00015
SKU002112,SEL00005
SKU002113,SEL00005
SKU002113,SEL00042
SKU002113,SEL00003
SKU002114,SEL00019
SKU002114,SEL00039
SKU002114,SEL00029
SKU002114,SEL00032
SKU002115,SEL00017
SKU002115,SEL00000
SKU002115,SEL00045
SKU002115,SEL00012
SKU002116,SEL00026
SKU002116,SEL00035
SKU002116,SEL00008
SKU002117,SEL00024
SKU002117,SEL00046
SKU002117,SEL00031
SKU002117,SEL00035
SKU002117,SEL00030
SKU002118,SEL00031
SKU002118,SEL00045
SKU002118,SEL00035
SKU002118,SEL00019
SKU002119,SEL00026
SKU002119,SEL00001
SKU002119,SEL00024
SKU002119,SEL00017
SKU002119,SEL00006
SKU002120,SEL00046
SKU002121,SEL00047
SKU002121,SEL00004
SKU002122,SEL00024
SKU002122,SEL00012
SKU002123,SEL00038
SKU002123,SEL00035
SKU002124,SEL00004
SKU002124,SEL00049
SKU002125,SEL00037
SKU002125,SEL00029
SKU002126,SEL00009
SKU002127,SEL00007
SKU002128,SEL00048
SKU002128,SEL00031
SKU002129,SEL00019
SKU002129,SEL00044
SKU002129,SEL00042
SKU002130,SEL00023
SKU002130,SEL00021
SKU002130,SEL00040
SKU002130,SEL00013
SKU002131,SEL00029
SKU002131,SEL00005
SKU002131,SEL00045
SKU002132,SEL00037
SKU002132,SEL00045
SKU002133,SEL00028
SKU002133,SEL00023
SKU002133,SEL00002
SKU002134,SEL00009
SKU002134,SEL00038
SKU002135,SEL00025
SKU002135,SEL00015
SKU002135,SEL00000
SKU002135,SEL00004
SKU002136,SEL00037
SKU002136,SEL00019
SKU002136,SEL00027
SKU002136,SEL00023
SKU002136,SEL00005
SKU002137,SEL00014
SKU002137,SEL00042
SKU002137,SEL00024
SKU002138,SEL00046
SKU002138,SEL00017
SKU002138,SEL00029
SKU002138,SEL00019
SKU002138,SEL00026
SKU002139,SEL00012
SKU002139,SEL00000
SKU002139,SEL00041
SKU002140,SEL00022
SKU002140,SEL00010
SKU002140,SEL00003
SKU002141,SEL00007
SKU002141,SEL00039
SKU002141,SEL00025
SKU002141,SEL00015
SKU002142,SEL00020
SKU002142,SEL00029
SKU002143,SEL00043
SKU002143,SEL00005
SKU002143,SEL00040
SKU002144,SEL00004
SKU002144,SEL00037
SKU002145,SEL00005
SKU002145,SEL00021
SKU002145,SEL00035
SKU002146,SEL00028
SKU002146,SEL00023
SKU002147,SEL00013
SKU002147,SEL00039
SKU002148,SEL00000
SKU002148,SEL00036
SKU002148,SEL00025
SKU002148,SEL00029
SKU002148,SEL00003
SKU002149,SEL00039
SKU002149,SEL00045
SKU002149,SEL00043
SKU002150,SEL00040
SKU002150,SEL00013
SKU002150,SEL00012
SKU002151,SEL00005
SKU002151,SEL00035
SKU002151,SEL00030
SKU002152,SEL00045
SKU002152,SEL00003
SKU002152,SEL00013
SKU002152,SEL00049
SKU002153,SEL00003
SKU002154,SEL00012
SKU002154,SEL00028
SKU002154,SEL00035
SKU002154,SEL00048
SKU002154,SEL00025
SKU002155,SEL00038
SKU002155,SEL00045
SKU002155,SEL00025
SKU002156,SEL00043
SKU002156,SEL00008
SKU002156,SEL00020
SKU002157,SEL00036
SKU002157,SEL00014
SKU002157,SEL00030
SKU002157,SEL00046
SKU002158,SEL00030
SKU002158,SEL00002
SKU002158,SEL00006
SKU002158,SEL00005
SKU002159,SEL00031
SKU002160,SEL00010
SKU002160,SEL00022
SKU002161,SEL00017
SKU002161,SEL00044
SKU002162,SEL00039
SKU002162,SEL00045
SKU002162,SEL00011
SKU002163,SEL00025
SKU002163,SEL00010
SKU002163,SEL00031
SKU002163,SEL00026
SKU002164,SEL00031
SKU002164,SEL00027
SKU002164,SEL00022
SKU002164,SEL00006
SKU002164,SEL00042
SKU002165,SEL00032
SKU002165,SEL00036
SKU002165,SEL00025
SKU002166,SEL00014
SKU002167,SEL00040
SKU002167,SEL00021
SKU002167,SEL00042
SKU002167,SEL00036
SKU002168,SEL00044
SKU002168,SEL00021
SKU002169,SEL00005
SKU002169,SEL00034
SKU002170,SEL00044
SKU002170,SEL00041
SKU002170,SEL00006
SKU002170,SEL00034
SKU002170,SEL00048
SKU002171,SEL00014
SKU002171,SEL00047
SKU002172,SEL00037
SKU002172,SEL00011
SKU002172,SEL00026
SKU002173,SEL00007
SKU002173,SEL00038
SKU002173,SEL00001
SKU002174,SEL00034
SKU002174,SEL00013
SKU002175,SEL00000
SKU002176,SEL00002
SKU002177,SEL00005
SKU002177,SEL00028
SKU002177,SEL00019
SKU002177,SEL00026
SKU002177,SEL00032
SKU002178,SEL00027
SKU002178,SEL00004
SKU002179,SEL00021
SKU002179,SEL00039
SKU002180,SEL00028
SKU002180,SEL00018
SKU002181,SEL00010
SKU002181,SEL00022
SKU002181,SEL00045
SKU002182,SEL00004
SKU002183,SEL00017
SKU002184,SEL00019
SKU002184,SEL00016
SKU002184,SEL00007
SKU002185,SEL00023
SKU002185,SEL00038
SKU002186,SEL00031
SKU002186,SEL00007
SKU002186,SEL00016
SKU002187,SEL00032
SKU002188,SEL00009
SKU002189,SEL00047
SKU002189,SEL00034
SKU002189,SEL00000
SKU002190,SEL00048
SKU002190,SEL00027
SKU002190,SEL00005
SKU002191,SEL00039
SKU002191,SEL00001
SKU002191,SEL00046
SKU002191,SEL00008
SKU002191,SEL00035
SKU002192,SEL00045
SKU002192,SEL00019
SKU002192,SEL00033
SKU002192,SEL00025
SKU002193,SEL00004
SKU002193,SEL00039
SKU002193,SEL00026
SKU002194,SEL00006
SKU002194,SEL00045
SKU002194,SEL00042
SKU002195,SEL00040
SKU002195,SEL00017
SKU002196,SEL00045
SKU002196,SEL00018
SKU002197,SEL00049
SKU002197,SEL00006
SKU002198,SEL00048
SKU002198,SEL00028
SKU002198,SEL00046
SKU002198,SEL00038
SKU002198,SEL00010
SKU002199,SEL00046
SKU002199,SEL00018
SKU002199,SEL00037
SKU002200,SEL00037
SKU002200,SEL00007
SKU002200,SEL00034
SKU002200,SEL00015
SKU002201,SEL00016
SKU002201,SEL00032
SKU002201,SEL00027
SKU002201,SEL00021
SKU002201,SEL00014
SKU002202,SEL00034
SKU002202,SEL00015
SKU002202,SEL00011
SKU002202,SEL00048
SKU002203,SEL00039
SKU002203,SEL00015
SKU002204,SEL00038
SKU002204,SEL00000
SKU002204,SEL00004
SKU002204,SEL00043
SKU002205,SEL00012
SKU002205,SEL00009
SKU002205,SEL00032
SKU002205,SEL00045
SKU002206,SEL00039
SKU002207,SEL00007
SKU002207,SEL00028
SKU002207,SEL00026
SKU002208,SEL00040
SKU002208,SEL00020
SKU002209,SEL00043
SKU002209,SEL00045
SKU002210,SEL00038
SKU002210,SEL00046
SKU002211,SEL00031
SKU002211,SEL00037
SKU002211,SEL00030
SKU002212,SEL00009
SKU002212,SEL00034
SKU002212,SEL00049
SKU002212,SEL00003
SKU002212,SEL00002
SKU002213,SEL00023
SKU002213,SEL00017
SKU002213,SEL00006
SKU002213,SEL00030
SKU002213,SEL00000
SKU002214,SEL00005
SKU002214,SEL00006
SKU002214,SEL00025
SKU002214,SEL00002
SKU002215,SEL00015
SKU002215,SEL00008
SKU002215,SEL00036
SKU002215,SEL00041
SKU002216,SEL00049
SKU002217,SEL00024
SKU002217,SEL00011
SKU002217,SEL00004
SKU002217,SEL00018
SKU002218,SEL00028
SKU002218,SEL00035
SKU002218,SEL00023
SKU002218,SEL00005
SKU002219,SEL00008
SKU002219,SEL00036
SKU002219,SEL00026
SKU002219,SEL00047
SKU002220,SEL00023
SKU002220,SEL00007
SKU002220,SEL00017
SKU002221,SEL00011
SKU002221,SEL00017
SKU002221,SEL00004
SKU002221,SEL00043
SKU002222,SEL00009
SKU002223,SEL00028
SKU002223,SEL00040
SKU002223,SEL00018
SKU002223,SEL00020
SKU002223,SEL00017
SKU002224,SEL00037
SKU002224,SEL00045
SKU002224,SEL00041
SKU002225,SEL00023
SKU002225,SEL00034
SKU002225,SEL00024
SKU002225,SEL00033
SKU002225,SEL00049
SKU002226,SEL00030
SKU002226,SEL00010
SKU002226,SEL00033
SKU002226,SEL00000
SKU002226,SEL00012
SKU002227,SEL00031
SKU002227,SEL00027
SKU002227,SEL00035
SKU002228,SEL00047
SKU002228,SEL00036
SKU002228,SEL00001
SKU002228,SEL00038
SKU002229,SEL00022
SKU002229,SEL00039
SKU002229,SEL00043
SKU002229,SEL00012
SKU002230,SEL00037
SKU002230,SEL00045
SKU002230,SEL00030
SKU002231,SEL00008
SKU002231,SEL00004
SKU002231,SEL00021
SKU002232,SEL00029
SKU002232,SEL00020
SKU002232,SEL00027
SKU002232,SEL00049
SKU002233,SEL00011
SKU002234,SEL00033
SKU002234,SEL00019
SKU002235,SEL00028
SKU002235,SEL00006
SKU002235,SEL00048
SKU002235,SEL00010
SKU002235,SEL00027
SKU002236,SEL00008
SKU002236,SEL00035
SKU002236,SEL00002
SKU002237,SEL00049
SKU002237,SEL00003
SKU002237,SEL00030
SKU002238,SEL00047
SKU002238,SEL00009
SKU002238,SEL00045
SKU002238,SEL00026
SKU002239,SEL00014
SKU002239,SEL00021
SKU002239,SEL00028
SKU002239,SEL00031
SKU002240,SEL00023
SKU002240,SEL00020
SKU002241,SEL00036
SKU002241,SEL00031
SKU002241,SEL00039
SKU002242,SEL00019
SKU002242,SEL00030
SKU002243,SEL00044
SKU002243,SEL00027
SKU002243,SEL00038
SKU002243,SEL00016
SKU002243,SEL00020
SKU002244,SEL00012
SKU002244,SEL00016
SKU002244,SEL00000
SKU002245,SEL00019
SKU002245,SEL00026
SKU002246,SEL00024
SKU002246,SEL00036
SKU002247,SEL00041
SKU002247,SEL00027
SKU002247,SEL00007
SKU002248,SEL00035
SKU002249,SEL00012
SKU002249,SEL00022
SKU002249,SEL00045
SKU002249,SEL00033
SKU002249,SEL00014
SKU002250,SEL00012
SKU002250,SEL00014
SKU002250,SEL00005
SKU002250,SEL00029
SKU002251,SEL00025
SKU002251,SEL00030
SKU002251,SEL00021
SKU002251,SEL00014
SKU002251,SEL00023
SKU002252,SEL00033
SKU002252,SEL00023
SKU002252,SEL00018
SKU002253,SEL00049
SKU002253,SEL00011
SKU002253,SEL00046
SKU002253,SEL00034
SKU002253,SEL00030
SKU002254,SEL00028
SKU002254,SEL00027
SKU002254,SEL00038
SKU002255,SEL00021
SKU002255,SEL00005
SKU002255,SEL00043
SKU002256,SEL00027
SKU002257,SEL00048
SKU002257,SEL00035
SKU002257,SEL00034
SKU002257,SEL00044
SKU002258,SEL00048
SKU002258,SEL00023
SKU002258,SEL00036
SKU002258,SEL00041
SKU002259,SEL00024
SKU002259,SEL00029
SKU002259,SEL00014
SKU002260,SEL00037
SKU002261,SEL00015
SKU002261,SEL00010
SKU002261,SEL00031
SKU002261,SEL00038
SKU002261,SEL00008
SKU002262,SEL00009
SKU002262,SEL00033
SKU002262,SEL00046
SKU002262,SEL00027
SKU002262,SEL00035
SKU002263,SEL00027
SKU002264,SEL00014
SKU002265,SEL00045
SKU002265,SEL00019
SKU002266,SEL00004
SKU002266,SEL00031
SKU002266,SEL00025
SKU002267,SEL00035
SKU002267,SEL00022
SKU002267,SEL00024
SKU002268,SEL00025
SKU002268,SEL00042
SKU002268,SEL00011
SKU002268,SEL00021
SKU002268,SEL00045
SKU002269,SEL00003
SKU002269,SEL00031
SKU002269,SEL00027
SKU002269,SEL00023
SKU002269,SEL00028
SKU002270,SEL00023
SKU002271,SEL00035
SKU002271,SEL00047
SKU002272,SEL00028
SKU002273,SEL00032
SKU002274,SEL00033
SKU002274,SEL00035
SKU002274,SEL00025
SKU002274,SEL00041
SKU002275,SEL00014
SKU002275,SEL00046
SKU002276,SEL00039
SKU002276,SEL00043
SKU002277,SEL00020
SKU002277,SEL00033
SKU002277,SEL00043
SKU002277,SEL00010
SKU002277,SEL00015
SKU002278,SEL00030
SKU002278,SEL00033
SKU002278,SEL00003
SKU002279,SEL00032
SKU002279,SEL00015
SKU002279,SEL00038
SKU002279,SEL00003
SKU002280,SEL00039
SKU002280,SEL00046
SKU002280,SEL00045
SKU002281,SEL00016
SKU002281,SEL00049
SKU002281,SEL00000
SKU002282,SEL00034
SKU002282,SEL00015
SKU002283,SEL00018
SKU002283,SEL00001
SKU002284,SEL00036
SKU002284,SEL00004
SKU002284,SEL00019
SKU002285,SEL00034
SKU002285,SEL00004
SKU002285,SEL00043
SKU002285,SEL00035
SKU002286,SEL00032
SKU002286,SEL00046
SKU002287,SEL00037
SKU002288,SEL00002
SKU002289,SEL00031
SKU002289,SEL00012
SKU002289,SEL00023
SKU002290,SEL00031
SKU002290,SEL00020
SKU002290,SEL00005
SKU002290,SEL00037
SKU002290,SEL00032
SKU002291,SEL00028
SKU002292,SEL00049
SKU002293,SEL00036
SKU002293,SEL00000
SKU002293,SEL00031
SKU002293,SEL00008
SKU002294,SEL00015
SKU002294,SEL00005
SKU002294,SEL00007
SKU002294,SEL00021
SKU002294,SEL00045
SKU002295,SEL00025
SKU002296,SEL00035
SKU002297,SEL00026
SKU002297,SEL00030
SKU002297,SEL00007
SKU002297,SEL00042
SKU002298,SEL00023
SKU002298,SEL00010
SKU002299,SEL00048
SKU002299,SEL00029
SKU002299,SEL00018
SKU002299,SEL00009
SKU002300,SEL00002
SKU002300,SEL00033
SKU002300,SEL00014
SKU002301,SEL00041
SKU002301,SEL00003
SKU002301,SEL00023
SKU002301,SEL00027
SKU002301,SEL00004
SKU002302,SEL00023
SKU002303,SEL00028
SKU002303,SEL00012
SKU002303,SEL00001
SKU002304,SEL00035
SKU002304,SEL00023
SKU002304,SEL00048
SKU002304,SEL00039
SKU002305,SEL00034
SKU002305,SEL00008
SKU002305,SEL00042
SKU002306,SEL00036
SKU002306,SEL00048
SKU002306,SEL00017
SKU002307,SEL00031
SKU002307,SEL00026
SKU002307,SEL00021
SKU002307,SEL00014
SKU002307,SEL00020
SKU002308,SEL00015
SKU002308,SEL00019
SKU002308,SEL00033
SKU002309,SEL00039
SKU002309,SEL00027
SKU002309,SEL00046
SKU002309,SEL00030
SKU002310,SEL00021
SKU002310,SEL00009
SKU002310,SEL00019
SKU002310,SEL00047
SKU002311,SEL00045
SKU002311,SEL00026
SKU002311,SEL00038
SKU002312,SEL00019
SKU002312,SEL00038
SKU002313,SEL00029
SKU002313,SEL00024
SKU002313,SEL00009
SKU002314,SEL00018
SKU002314,SEL00031
SKU002314,SEL00012
SKU002314,SEL00025
SKU002315,SEL00045
SKU002316,SEL00030
SKU002316,SEL00029
SKU002317,SEL00047
SKU002317,SEL00008
SKU002317,SEL00043
SKU002318,SEL00015
SKU002318,SEL00041
SKU002318,SEL00010
SKU002319,SEL00006
SKU002319,SEL00040
SKU002319,SEL00033
SKU002320,SEL00029
SKU002321,SEL00039
SKU002321,SEL00010
SKU002322,SEL00017
SKU002322,SEL00049
SKU002322,SEL00033
SKU002323,SEL00038
SKU002323,SEL00008
SKU002323,SEL00015
SKU002323,SEL00023
SKU002323,SEL00048
SKU002324,SEL00034
SKU002325,SEL00041
SKU002326,SEL00025
SKU002326,SEL00009
SKU002326,SEL00046
SKU002326,SEL00012
SKU002326,SEL00048
SKU002327,SEL00019
SKU002327,SEL00005
SKU002328,SEL00037
SKU002328,SEL00004
SKU002329,SEL00037
SKU002329,SEL00029
SKU002329,SEL00018
SKU002329,SEL00016
SKU002329,SEL00028
SKU002330,SEL00036
SKU002330,SEL00018
SKU002330,SEL00038
SKU002331,SEL00000
SKU002331,SEL00037
SKU002332,SEL00031
SKU002332,SEL00037
SKU002332,SEL00025
SKU002332,SEL00047
SKU002333,SEL00012
SKU002333,SEL00043
SKU002333,SEL00044
SKU002333,SEL00020
SKU002334,SEL00038
SKU002334,SEL00013
SKU002334,SEL00011
SKU002334,SEL00017
SKU002335,SEL00022
SKU002336,SEL00040
SKU002336,SEL00009
SKU002336,SEL00043
SKU002337,SEL00030
SKU002337,SEL00010
SKU002337,SEL00026
SKU002337,SEL00025
SKU002337,SEL00046
SKU002338,SEL00009
SKU002338,SEL00024
SKU002338,SEL00039
SKU002338,SEL00021
SKU002338,SEL00049
SKU002339,SEL00000
SKU002339,SEL00034
SKU002340,SEL00015
SKU002340,SEL00000
SKU002340,SEL00045
SKU002340,SEL00032
SKU002340,SEL00020
SKU002341,SEL00049
SKU002341,SEL00031
SKU002341,SEL00021
SKU002341,SEL00036
SKU002341,SEL00000
SKU002342,SEL00013
SKU002342,SEL00012
SKU002342,SEL00038
SKU002343,SEL00048
SKU002343,SEL00036
SKU002344,SEL00031
SKU002345,SEL00018
SKU002345,SEL00016
SKU002345,SEL00024
SKU002345,SEL00045
SKU002346,SEL00018
SKU002346,SEL00011
SKU002346,SEL00010
SKU002346,SEL00001
SKU002346,SEL00030
SKU002347,SEL00015
SKU002347,SEL00014
SKU002347,SEL00005
SKU002348,SEL00016
SKU002348,SEL00042
SKU002349,SEL00014
SKU002349,SEL00038
SKU002350,SEL00018
SKU002351,SEL00002
SKU002351,SEL00018
SKU002351,SEL00045
SKU002352,SEL00009
SKU002352,SEL00010
SKU002352,SEL00025
SKU002353,SEL00030
SKU002354,SEL00030
SKU002354,SEL00007
SKU002354,SEL00019
SKU002354,SEL00006
SKU002355,SEL00013
SKU002355,SEL00026
SKU002355,SEL00048
SKU002356,SEL00031
SKU002357,SEL00033
SKU002357,SEL00034
SKU002357,SEL00009
SKU002357,SEL00021
SKU002357,SEL00005
SKU002358,SEL00034
SKU002358,SEL00044
SKU002358,SEL00037
SKU002358,SEL00043
SKU002358,SEL00041
SKU002359,SEL00012
SKU002359,SEL00000
SKU002360,SEL00030
SKU002360,SEL00028
SKU002360,SEL00024
SKU002360,SEL00045
SKU002360,SEL00003
SKU002361,SEL00000
SKU002361,SEL00003
SKU002361,SEL00039
SKU002361,SEL00041
SKU002361,SEL00037
SKU002362,SEL00019
SKU002362,SEL00038
SKU002362,SEL00002
SKU002362,SEL00009
SKU002363,SEL00039
SKU002363,SEL00036
SKU002363,SEL00021
SKU002363,SEL00008
SKU002364,SEL00014
SKU002364,SEL00005
SKU002364,SEL00047
SKU002364,SEL00002
SKU002364,SEL00019
SKU002365,SEL00024
SKU002365,SEL00030
SKU002365,SEL00039
SKU002366,SEL00025
SKU002367,SEL00022
SKU002367,SEL00034
SKU002367,SEL00013
SKU002368,SEL00017
SKU002368,SEL00032
SKU002368,SEL00005
SKU002368,SEL00021
SKU002368,SEL00016
SKU002369,SEL00049
SKU002369,SEL00000
SKU002370,SEL00037
SKU002371,SEL00006
SKU002371,SEL00038
SKU002371,SEL00025
SKU002371,SEL00033
SKU002371,SEL00042
SKU002372,SEL00048
SKU002373,SEL00020
SKU002373,SEL00018
SKU002373,SEL00032
SKU002373,SEL00009
SKU002374,SEL00043
SKU002375,SEL00031
SKU002376,SEL00040
SKU002376,SEL00027
SKU002376,SEL00039
SKU002376,SEL00044
SKU002377,SEL00019
SKU002377,SEL00010
SKU002377,SEL00021
SKU002377,SEL00048
SKU002378,SEL00004
SKU002378,SEL00018
SKU002379,SEL00032
SKU002379,SEL00034
SKU002379,SEL00046
SKU002380,SEL00025
SKU002380,SEL00029
SKU002380,SEL00049
SKU002381,SEL00021
SKU002381,SEL00042
SKU002381,SEL00001
SKU002381,SEL00000
SKU002382,SEL00003
SKU002383,SEL00011
SKU002384,SEL00031
SKU002384,SEL00005
SKU002384,SEL00035
SKU002384,SEL00034
SKU002385,SEL00026
SKU002385,SEL00037
SKU002386,SEL00018
SKU002386,SEL00039
SKU002387,SEL00007
SKU002387,SEL00034
SKU002387,SEL00000
SKU002387,SEL00021
SKU002387,SEL00037
SKU002388,SEL00000
SKU002388,SEL00041
SKU002388,SEL00007
SKU002388,SEL00005
SKU002388,SEL00038
SKU002389,SEL00001
SKU002389,SEL00015
SKU002389,SEL00002
SKU002389,SEL00026
SKU002390,SEL00009
SKU002390,SEL00042
SKU002390,SEL00018
SKU002390,SEL00037
SKU002390,SEL00047
SKU002391,SEL00022
SKU002391,SEL00004
SKU002391,SEL00023
SKU002392,SEL00019
SKU002392,SEL00006
SKU002392,SEL00012
SKU002392,SEL00005
SKU002392,SEL00022
SKU002393,SEL00007
SKU002393,SEL00033
SKU002393,SEL00023
SKU002393,SEL00049
SKU002394,SEL00045
SKU002394,SEL00007
SKU002394,SEL00046
SKU002395,SEL00034
SKU002396,SEL00046
SKU002396,SEL00039
SKU002397,SEL00037
SKU002397,SEL00047
SKU002397,SEL00039
SKU002397,SEL00006
SKU002397,SEL00004
SKU002398,SEL00017
SKU002399,SEL00004
SKU002400,SEL00038
SKU002400,SEL00023
SKU002400,SEL00040
SKU002400,SEL00024
SKU002401,SEL00043
SKU002401,SEL00018
SKU002402,SEL00049
SKU002402,SEL00038
SKU002402,SEL00031
SKU002402,SEL00045
SKU002402,SEL00028
SKU002403,SEL00029
SKU002403,SEL00030
SKU002403,SEL00031
SKU002403,SEL00017
SKU002404,SEL00035
SKU002404,SEL00041
SKU002404,SEL00032
SKU002404,SEL00043
SKU002404,SEL00000
SKU002405,SEL00022
SKU002405,SEL00014
SKU002405,SEL00018
SKU002405,SEL00044
SKU002405,SEL00038
SKU002406,SEL00016
SKU002406,SEL00018
SKU002406,SEL00038
SKU002406,SEL00028
SKU002407,SEL00019
SKU002407,SEL00010
SKU002407,SEL00025
SKU002408,SEL00039
SKU002408,SEL00042
SKU002409,SEL00019
SKU002409,SEL00047
SKU002409,SEL00043
SKU002410,SEL00017
SKU002410,SEL00004
SKU002410,SEL00015
SKU002411,SEL00049
SKU002411,SEL00032
SKU002411,SEL00033
SKU002411,SEL00024
SKU002411,SEL00005
SKU002412,SEL00018
SKU002412,SEL00032
SKU002412,SEL00012
SKU002412,SEL00020
SKU002413,SEL00028
SKU002413,SEL00007
SKU002413,SEL00017
SKU002413,SEL00035
SKU002414,SEL00001
SKU002414,SEL00016
SKU002415,SEL00019
SKU002415,SEL00021
SKU002415,SEL00039
SKU002415,SEL00043
SKU002415,SEL00036
SKU002416,SEL00011
SKU002416,SEL00007
SKU002416,SEL00003
SKU002417,SEL00033
SKU002417,SEL00040
SKU002417,SEL00048
SKU002418,SEL00045
SKU002419,SEL00006
SKU002419,SEL00033
SKU002419,SEL00011
SKU002419,SEL00017
SKU002420,SEL00040
SKU002420,SEL00012
SKU002420,SEL00038
SKU002421,SEL00018
SKU002421,SEL00006
SKU002421,SEL00014
SKU002421,SEL00040
SKU002422,SEL00035
SKU002422,SEL00002
SKU002422,SEL00037
SKU002423,SEL00041
SKU002423,SEL00000
SKU002423,SEL00037
SKU002423,SEL00042
SKU002423,SEL00017
SKU002424,SEL00041
SKU002425,SEL00043
SKU002425,SEL00046
SKU002426,SEL00030
SKU002426,SEL00009
SKU002427,SEL00022
SKU002428,SEL00028
SKU002428,SEL00019
SKU002428,SEL00012
SKU002428,SEL00008
SKU002428,SEL00040
SKU002429,SEL00002
SKU002429,SEL00013
SKU002429,SEL00044
SKU002429,SEL00000
SKU002430,SEL00042
SKU002431,SEL00013
SKU002432,SEL00046
SKU002432,SEL00043
SKU002432,SEL00008
SKU002432,SEL00024
SKU002433,SEL00009
SKU002433,SEL00035
SKU002433,SEL00001
SKU002433,SEL00023
SKU002433,SEL00018
SKU002434,SEL00008
SKU002434,SEL00024
SKU002434,SEL00028
SKU002434,SEL00035
SKU002434,SEL00039
SKU002435,SEL00009
SKU002435,SEL00023
SKU002435,SEL00046
SKU002435,SEL00040
SKU002436,SEL00045
SKU002436,SEL00002
SKU002437,SEL00011
SKU002437,SEL00040
SKU002437,SEL00049
SKU002438,SEL00012
SKU002438,SEL00049
SKU002438,SEL00028
SKU002438,SEL00006
SKU002438,SEL00004
SKU002439,SEL00033
SKU002439,SEL00042
SKU002439,SEL00030
SKU002439,SEL00005
SKU002440,SEL00047
SKU002441,SEL00009
SKU002441,SEL00019
SKU002441,SEL00027
SKU002441,SEL00007
SKU002441,SEL00021
SKU002442,SEL00042
SKU002443,SEL00034
SKU002443,SEL00006
SKU002443,SEL00030
SKU002443,SEL00011
SKU002444,SEL00017
SKU002445,SEL00036
SKU002445,SEL00012
SKU002445,SEL00021
SKU002446,SEL00041
SKU002447,SEL00001
SKU002447,SEL00011
SKU002447,SEL00014
SKU002448,SEL00025
SKU002448,SEL00039
SKU002448,SEL00048
SKU002448,SEL00024
SKU002448,SEL00044
SKU002449,SEL00003
SKU002450,SEL00002
SKU002451,SEL00021
SKU002451,SEL00007
SKU002451,SEL00030
SKU002451,SEL00014
SKU002451,SEL00009
SKU002452,SEL00018
SKU002452,SEL00015
SKU002452,SEL00013
SKU002453,SEL00004
SKU002453,SEL00006
SKU002453,SEL00043
SKU002454,SEL00010
SKU002454,SEL00032
SKU002454,SEL00026
SKU002454,SEL00009
SKU002455,SEL00000
SKU002455,SEL00025
SKU002455,SEL00021
SKU002456,SEL00031
SKU002456,SEL00000
SKU002456,SEL00041
SKU002457,SEL00049
SKU002457,SEL00034
SKU002457,SEL00044
SKU002457,SEL00030
SKU002457,SEL00003
SKU002458,SEL00035
SKU002458,SEL00015
SKU002458,SEL00025
SKU002458,SEL00036
SKU002459,SEL00021
SKU002459,SEL00005
SKU002460,SEL00023
SKU002460,SEL00032
SKU002460,SEL00041
SKU002460,SEL00007
SKU002460,SEL00034
SKU002461,SEL00035
SKU002462,SEL00028
SKU002462,SEL00035
SKU002462,SEL00000
SKU002462,SEL00009
SKU002462,SEL00037
SKU002463,SEL00013
SKU002463,SEL00025
SKU002463,SEL00008
SKU002463,SEL00004
SKU002463,SEL00031
SKU002464,SEL00032
SKU002464,SEL00015
SKU002464,SEL00021
SKU002464,SEL00039
SKU002464,SEL00018
SKU002465,SEL00024
SKU002465,SEL00002
SKU002465,SEL00023
SKU002465,SEL00015
SKU002465,SEL00033
SKU002466,SEL00011
SKU002466,SEL00031
SKU002466,SEL00045
SKU002466,SEL00043
SKU002467,SEL00003
SKU002467,SEL00039
SKU002468,SEL00017
SKU002468,SEL00030
SKU002469,SEL00037
SKU002470,SEL00017
SKU002471,SEL00036
SKU002471,SEL00003
SKU002471,SEL00008
SKU002471,SEL00043
SKU002471,SEL00011
SKU002472,SEL00005
SKU002473,SEL00047
SKU002473,SEL00016
SKU002473,SEL00021
SKU002474,SEL00009
SKU002474,SEL00040
SKU002474,SEL00027
SKU002474,SEL00039
SKU002475,SEL00001
SKU002475,SEL00034
SKU002475,SEL00020
SKU002475,SEL00025
SKU002476,SEL00029
SKU002477,SEL00013
SKU002477,SEL00003
SKU002478,SEL00047
SKU002478,SEL00035
SKU002478,SEL00043
SKU002478,SEL00016
SKU002479,SEL00007
SKU002479,SEL00045
SKU002479,SEL00019
SKU002479,SEL00018
SKU002480,SEL00027
SKU002480,SEL00044
SKU002480,SEL00006
SKU002480,SEL00030
SKU002481,SEL00010
SKU002481,SEL00014
SKU002481,SEL00023
SKU002481,SEL00034
SKU002482,SEL00038
SKU002482,SEL00013
SKU002482,SEL00045
SKU002482,SEL00026
SKU002483,SEL00029
SKU002483,SEL00033
SKU002483,SEL00001
SKU002483,SEL00030
SKU002484,SEL00002
SKU002484,SEL00032
SKU002484,SEL00035
SKU002484,SEL00042
SKU002484,SEL00001
SKU002485,SEL00005
SKU002486,SEL00036
SKU002486,SEL00035
SKU002486,SEL00033
SKU002486,SEL00001
SKU002486,SEL00014
SKU002487,SEL00001
SKU002488,SEL00041
SKU002489,SEL00031
SKU002489,SEL00036
SKU002489,SEL00010
SKU002490,SEL00025
SKU002490,SEL00042
SKU002491,SEL00031
SKU002492,SEL00014
SKU002492,SEL00005
SKU002492,SEL00018
SKU002493,SEL00039
SKU002494,SEL00016
SKU002495,SEL00017
SKU002496,SEL00038
SKU002496,SEL00047
SKU002496,SEL00003
SKU002496,SEL00010
SKU002496,SEL00049
SKU002497,SEL00032
SKU002497,SEL00030
SKU002498,SEL00037
SKU002498,SEL00000
SKU002498,SEL00015
SKU002499,SEL00048
SKU002500,SEL00019
SKU002500,SEL00013
SKU002500,SEL00031
SKU002501,SEL00004
SKU002501,SEL00046
SKU002501,SEL00032
SKU002501,SEL00034
SKU002502,SEL00037
SKU002502,SEL00012
SKU002503,SEL00040
SKU002503,SEL00013
SKU002504,SEL00040
SKU002505,SEL00049
SKU002505,SEL00002
SKU002505,SEL00027
SKU002506,SEL00017
SKU002506,SEL00047
SKU002507,SEL00020
SKU002508,SEL00044
SKU002508,SEL00011
SKU002508,SEL00040
SKU002508,SEL00006
SKU002508,SEL00014
SKU002509,SEL00042
SKU002509,SEL00049
SKU002509,SEL00024
SKU002509,SEL00036
SKU002509,SEL00048
SKU002510,SEL00040
SKU002510,SEL00000
SKU002510,SEL00035
SKU002511,SEL00020
SKU002511,SEL00010
SKU002511,SEL00024
SKU002512,SEL00022
SKU002513,SEL00038
SKU002513,SEL00029
SKU002513,SEL00016
SKU002514,SEL00029
SKU002514,SEL00017
SKU002514,SEL00003
SKU002514,SEL00023
SKU002515,SEL00018
SKU002515,SEL00005
SKU002516,SEL00013
SKU002516,SEL00005
SKU002517,SEL00028
SKU002518,SEL00037
SKU002518,SEL00046
SKU002519,SEL00029
SKU002519,SEL00027
SKU002519,SEL00020
SKU002519,SEL00030
SKU002520,SEL00001
SKU002520,SEL00027
SKU002520,SEL00007
SKU002521,SEL00049
SKU002522,SEL00004
SKU002522,SEL00016
SKU002522,SEL00025
SKU002522,SEL00033
SKU002523,SEL00029
SKU002524,SEL00015
SKU002524,SEL00033
SKU002524,SEL00018
SKU002525,SEL00036
SKU002525,SEL00015
SKU002525,SEL00028
SKU002525,SEL00009
SKU002525,SEL00004
SKU002526,SEL00023
SKU002526,SEL00047
SKU002526,SEL00032
SKU002526,SEL00048
SKU002527,SEL00002
SKU002527,SEL00023
SKU002527,SEL00005
SKU002527,SEL00024
SKU002528,SEL00039
SKU002529,SEL00045
SKU002529,SEL00015
SKU002529,SEL00027
SKU002529,SEL00031
SKU002529,SEL00016
SKU002530,SEL00048
SKU002530,SEL00015
SKU002531,SEL00011
SKU002532,SEL00032
SKU002532,SEL00048
SKU002532,SEL00019
SKU002532,SEL00020
SKU002533,SEL00018
SKU002533,SEL00039
SKU002533,SEL00043
SKU002533,SEL00010
SKU002533,SEL00048
SKU002534,SEL00007
SKU002534,SEL00006
SKU002534,SEL00027
SKU002534,SEL00019
SKU002535,SEL00024
SKU002535,SEL00015
SKU002535,SEL00026
SKU002535,SEL00049
SKU002536,SEL00035
SKU002536,SEL00044
SKU002536,SEL00000
SKU002537,SEL00018
SKU002537,SEL00037
SKU002537,SEL00008
SKU002538,SEL00026
SKU002538,SEL00015
SKU002538,SEL00031
SKU002538,SEL00025
SKU002538,SEL00046
SKU002539,SEL00003
SKU002539,SEL00022
SKU002539,SEL00020
SKU002539,SEL00026
SKU002539,SEL00036
SKU002540,SEL00013
SKU002541,SEL00007
SKU002541,SEL00046
SKU002541,SEL00013
SKU002542,SEL00006
SKU002542,SEL00015
SKU002542,SEL00010
SKU002542,SEL00045
SKU002543,SEL00027
SKU002543,SEL00022
SKU002543,SEL00016
SKU002544,SEL00004
SKU002544,SEL00041
SKU002544,SEL00007
SKU002544,SEL00034
SKU002544,SEL00047
SKU002545,SEL00031
SKU002545,SEL00004
SKU002545,SEL00027
SKU002545,SEL00041
SKU002545,SEL00003
SKU002546,SEL00029
SKU002546,SEL00024
SKU002546,SEL00034
SKU002546,SEL00019
SKU002546,SEL00022
SKU002547,SEL00042
SKU002547,SEL00011
SKU002548,SEL00006
SKU002548,SEL00030
SKU002548,SEL00021
SKU002549,SEL00015
SKU002550,SEL00047
SKU002550,SEL00010
SKU002550,SEL00021
SKU002550,SEL00004
SKU002550,SEL00014
SKU002551,SEL00012
SKU002551,SEL00018
SKU002551,SEL00011
SKU002551,SEL00004
SKU002552,SEL00034
SKU002552,SEL00015
SKU002553,SEL00022
SKU002553,SEL00010
SKU002554,SEL00017
SKU002554,SEL00035
SKU002554,SEL00039
SKU002554,SEL00019
SKU002554,SEL00023
SKU002555,SEL00019
SKU002555,SEL00036
SKU002555,SEL00022
SKU002555,SEL00030
SKU002556,SEL00015
SKU002556,SEL00022
SKU002556,SEL00037
SKU002557,SEL00020
SKU002557,SEL00036
SKU002557,SEL00049
SKU002557,SEL00019
SKU002558,SEL00014
SKU002558,SEL00009
SKU002558,SEL00001
SKU002559,SEL00026
SKU002559,SEL00021
SKU002560,SEL00010
SKU002560,SEL00034
SKU002561,SEL00047
SKU002562,SEL00003
SKU002562,SEL00008
SKU002562,SEL00019
SKU002562,SEL00035
SKU002563,SEL00035
SKU002564,SEL00032
SKU002564,SEL00045
SKU002564,SEL00049
SKU002564,SEL00003
SKU002565,SEL00037
SKU002565,SEL00006
SKU002565,SEL00005
SKU002566,SEL00043
SKU002566,SEL00048
SKU002566,SEL00014
SKU002566,SEL00020
SKU002567,SEL00017
SKU002568,SEL00012
SKU002568,SEL00033
SKU002569,SEL00010
SKU002569,SEL00047
SKU002569,SEL00032
SKU002570,SEL00027
SKU002570,SEL00023
SKU002571,SEL00020
SKU002571,SEL00001
SKU002571,SEL00002
SKU002572,SEL00023
SKU002572,SEL00018
SKU002572,SEL00027
SKU002572,SEL00009
SKU002572,SEL00028
SKU002573,SEL00012
SKU002574,SEL00019
SKU002574,SEL00010
SKU002574,SEL00041
SKU002575,SEL00025
SKU002575,SEL00002
SKU002576,SEL00048
SKU002576,SEL00022
SKU002577,SEL00034
SKU002577,SEL00024
SKU002577,SEL00039
SKU002578,SEL00010
SKU002578,SEL00014
SKU002578,SEL00004
SKU002578,SEL00042
SKU002578,SEL00031
SKU002579,SEL00036
SKU002579,SEL00006
SKU002579,SEL00024
SKU002580,SEL00018
SKU002580,SEL00049
SKU002580,SEL00028
SKU002581,SEL00028
SKU002582,SEL00012
SKU002582,SEL00032
SKU002582,SEL00048
SKU002582,SEL00005
SKU002582,SEL00018
SKU002583,SEL00047
SKU002583,SEL00015
SKU002584,SEL00047
SKU002584,SEL00036
SKU002584,SEL00006
SKU002585,SEL00025
SKU002585,SEL00038
SKU002585,SEL00036
SKU002585,SEL00027
SKU002585,SEL00024
SKU002586,SEL00006
SKU002586,SEL00029
SKU002586,SEL00016
SKU002586,SEL00043
SKU002586,SEL00000
SKU002587,SEL00030
SKU002587,SEL00027
SKU002587,SEL00025
SKU002588,SEL00030
SKU002589,SEL00010
SKU002590,SEL00029
SKU002590,SEL00034
SKU002590,SEL00002
SKU002590,SEL00017
SKU002590,SEL00045
SKU002591,SEL00022
SKU002591,SEL00023
SKU002591,SEL00003
SKU002591,SEL00032
SKU002591,SEL00045
SKU002592,SEL00013
SKU002593,SEL00030
SKU002593,SEL00044
SKU002593,SEL00019
SKU002594,SEL00013
SKU002595,SEL00043
SKU002595,SEL00041
SKU002595,SEL00007
SKU002595,SEL00040
SKU002595,SEL00021
SKU002596,SEL00043
SKU002597,SEL00023
SKU002597,SEL00027
SKU002597,SEL00008
SKU002597,SEL00042
SKU002597,SEL00038
SKU002598,SEL00033
SKU002598,SEL00041
SKU002598,SEL00047
SKU002598,SEL00036
SKU002599,SEL00020
SKU002599,SEL00039
SKU002599,SEL00024
SKU002599,SEL00012
SKU002599,SEL00006
SKU002600,SEL00026
SKU002601,SEL00039
SKU002601,SEL00006
SKU002601,SEL00015
SKU002601,SEL00010
SKU002601,SEL00016
SKU002602,SEL00030
SKU002602,SEL00023
SKU002603,SEL00041
SKU002603,SEL00033
SKU002603,SEL00035
SKU002604,SEL00046
SKU002604,SEL00034
SKU002604,SEL00007
SKU002604,SEL00037
SKU002605,SEL00006
SKU002605,SEL00023
SKU002605,SEL00036
SKU002606,SEL00019
SKU002607,SEL00034
SKU002607,SEL00039
SKU002608,SEL00039
SKU002608,SEL00044
SKU002608,SEL00040
SKU002609,SEL00030
SKU002609,SEL00027
SKU002609,SEL00023
SKU002610,SEL00039
SKU002610,SEL00038
SKU002610,SEL00030
SKU002610,SEL00047
SKU002610,SEL00031
SKU002611,SEL00019
SKU002611,SEL00040
SKU002611,SEL00046
SKU002611,SEL00000
SKU002612,SEL00035
SKU002612,SEL00008
SKU002612,SEL00037
SKU002613,SEL00024
SKU002613,SEL00004
SKU002613,SEL00021
SKU002613,SEL00000
SKU002614,SEL00037
SKU002614,SEL00018
SKU002614,SEL00021
SKU002615,SEL00006
SKU002615,SEL00044
SKU002615,SEL00042
SKU002615,SEL00021
SKU002616,SEL00038
SKU002616,SEL00047
SKU002616,SEL00008
SKU002617,SEL00006
SKU002618,SEL00012
SKU002618,SEL00025
SKU002618,SEL00029
SKU002618,SEL00021
SKU002619,SEL00040
SKU002620,SEL00036
SKU002621,SEL00013
SKU002621,SEL00012
SKU002621,SEL00034
SKU002621,SEL00030
SKU002622,SEL00011
SKU002622,SEL00023
SKU002622,SEL00009
SKU002623,SEL00007
SKU002623,SEL00035
SKU002624,SEL00044
SKU002625,SEL00006
SKU002626,SEL00005
SKU002626,SEL00024
SKU002626,SEL00008
SKU002626,SEL00009
SKU002627,SEL00022
SKU002628,SEL00009
SKU002629,SEL00004
SKU002629,SEL00017
SKU002629,SEL00010
SKU002629,SEL00046
SKU002629,SEL00007
SKU002630,SEL00039
SKU002630,SEL00034
SKU002631,SEL00000
SKU002632,SEL00028
SKU002632,SEL00027
SKU002632,SEL00041
SKU002632,SEL00012
SKU002633,SEL00008
SKU002633,SEL00013
SKU002633,SEL00006
SKU002633,SEL00025
SKU002633,SEL00028
SKU002634,SEL00007
SKU002634,SEL00017
SKU002634,SEL00004
SKU002634,SEL00031
SKU002635,SEL00048
SKU002636,SEL00015
SKU002636,SEL00041
SKU002637,SEL00025
SKU002637,SEL00006
SKU002637,SEL00011
SKU002637,SEL00027
SKU002638,SEL00035
SKU002638,SEL00007
SKU002638,SEL00041
SKU002639,SEL00034
SKU002640,SEL00036
SKU002641,SEL00028
SKU002641,SEL00009
SKU002642,SEL00009
SKU002642,SEL00046
SKU002642,SEL00008
SKU002642,SEL00029
SKU002642,SEL00006
SKU002643,SEL00028
SKU002643,SEL00039
SKU002643,SEL00045
SKU002643,SEL00026
SKU002644,SEL00009
SKU002645,SEL00040
SKU002646,SEL00017
SKU002646,SEL00037
SKU002646,SEL00039
SKU002647,SEL00000
SKU002648,SEL00028
SKU002649,SEL00001
SKU002649,SEL00005
SKU002649,SEL00028
SKU002649,SEL00041
SKU002649,SEL00017
SKU002650,SEL00017
SKU002650,SEL00044
SKU002650,SEL00034
SKU002650,SEL00007
SKU002651,SEL00048
SKU002651,SEL00006
SKU002651,SEL00036
SKU002651,SEL00033
SKU002652,SEL00049
SKU002652,SEL00006
SKU002653,SEL00032
SKU002654,SEL00014
SKU002654,SEL00034
SKU002654,SEL00026
SKU002654,SEL00010
SKU002654,SEL00041
SKU002655,SEL00049
SKU002655,SEL00007
SKU002655,SEL00013
SKU002655,SEL00009
SKU002655,SEL00031
SKU002656,SEL00014
SKU002656,SEL00005
SKU002657,SEL00040
SKU002657,SEL00012
SKU002657,SEL00001
SKU002657,SEL00037
SKU002657,SEL00030
SKU002658,SEL00002
SKU002658,SEL00001
SKU002658,SEL00011
SKU002659,SEL00043
SKU002659,SEL00032
SKU002660,SEL00049
SKU002661,SEL00027
SKU002661,SEL00039
SKU002661,SEL00002
SKU002661,SEL00040
SKU002661,SEL00008
SKU002662,SEL00048
SKU002662,SEL00003
SKU002662,SEL00022
SKU002662,SEL00018
SKU002663,SEL00018
SKU002664,SEL00000
SKU002664,SEL00010
SKU002664,SEL00048
SKU002665,SEL00029
SKU002665,SEL00001
SKU002665,SEL00000
SKU002665,SEL00018
SKU002666,SEL00020
SKU002667,SEL00013
SKU002667,SEL00041
SKU002667,SEL00045
SKU002668,SEL00001
SKU002669,SEL00039
SKU002669,SEL00015
SKU002670,SEL00027
SKU002671,SEL00032
SKU002671,SEL00043
SKU002671,SEL00005
SKU002672,SEL00044
SKU002672,SEL00039
SKU002672,SEL00016
SKU002673,SEL00039
SKU002673,SEL00033
SKU002674,SEL00041
SKU002674,SEL00037
SKU002674,SEL00015
SKU002675,SEL00021
SKU002675,SEL00024
SKU002676,SEL00031
SKU002676,SEL00045
SKU002676,SEL00001
SKU002676,SEL00010
SKU002676,SEL00000
SKU002677,SEL00045
SKU002677,SEL00000
SKU002677,SEL00009
SKU002677,SEL00014
SKU002677,SEL00028
SKU002678,SEL00004
SKU002678,SEL00030
SKU002678,SEL00045
SKU002678,SEL00036
SKU002678,SEL00024
SKU002679,SEL00027
SKU002679,SEL00011
SKU002679,SEL00048
SKU002680,SEL00047
SKU002681,SEL00041
SKU002681,SEL00039
SKU002682,SEL00018
SKU002682,SEL00031
SKU002682,SEL00019
SKU002682,SEL00007
SKU002682,SEL00003
SKU002683,SEL00009
SKU002683,SEL00021
SKU002683,SEL00006
SKU002683,SEL00025
SKU002683,SEL00030
SKU002684,SEL00043
SKU002684,SEL00036
SKU002684,SEL00018
SKU002685,SEL00005
SKU002685,SEL00038
SKU002685,SEL00024
SKU002685,SEL00049
SKU002686,SEL00033
SKU002686,SEL00022
SKU002686,SEL00036
SKU002687,SEL00043
SKU002687,SEL00046
SKU002688,SEL00031
SKU002688,SEL00029
SKU002688,SEL00004
SKU002688,SEL00043
SKU002688,SEL00011
SKU002689,SEL00014
SKU002689,SEL00045
SKU002689,SEL00029
SKU002689,SEL00005
SKU002689,SEL00007
SKU002690,SEL00046
SKU002690,SEL00011
SKU002690,SEL00020
SKU002691,SEL00041
SKU002691,SEL00033
SKU002691,SEL00020
SKU002691,SEL00047
SKU002691,SEL00015
SKU002692,SEL00019
SKU002692,SEL00010
SKU002692,SEL00038
SKU002692,SEL00012
SKU002692,SEL00049
SKU002693,SEL00024
SKU002694,SEL00045
SKU002695,SEL00014
SKU002695,SEL00046
SKU002695,SEL00019
SKU002696,SEL00030
SKU002696,SEL00012
SKU002697,SEL00042
SKU002698,SEL00003
SKU002699,SEL00027
SKU002699,SEL00018
SKU002699,SEL00025
SKU002699,SEL00035
SKU002699,SEL00033
SKU002700,SEL00042
SKU002700,SEL00017
SKU002701,SEL00001
SKU002701,SEL00023
SKU002701,SEL00004
SKU002701,SEL00043
SKU002701,SEL00038
SKU002702,SEL00016
SKU002702,SEL00048
SKU002702,SEL00043
SKU002702,SEL00040
SKU002703,SEL00000
SKU002703,SEL00033
SKU002703,SEL00018
SKU002703,SEL00036
SKU002703,SEL00012
SKU002704,SEL00049
SKU002705,SEL00030
SKU002705,SEL00008
SKU002706,SEL00045
SKU002706,SEL00011
SKU002706,SEL00038
SKU002706,SEL00007
SKU002706,SEL00016
SKU002707,SEL00003
SKU002707,SEL00048
SKU002707,SEL00046
SKU002708,SEL00005
SKU002708,SEL00032
SKU002708,SEL00018
SKU002708,SEL00033
SKU002708,SEL00048
SKU002709,SEL00013
SKU002709,SEL00014
SKU002709,SEL00018
SKU002709,SEL00033
SKU002709,SEL00024
SKU002710,SEL00007
SKU002710,SEL00003
SKU002710,SEL00014
SKU002711,SEL00036
SKU002711,SEL00004
SKU002712,SEL00002
SKU002712,SEL00014
SKU002712,SEL00004
SKU002712,SEL00047
SKU002712,SEL00006
SKU002713,SEL00003
SKU002713,SEL00048
SKU002713,SEL00024
SKU002713,SEL00047
SKU002713,SEL00017
SKU002714,SEL00003
SKU002714,SEL00015
SKU002714,SEL00024
SKU002714,SEL00002
SKU002715,SEL00027
SKU002715,SEL00036
SKU002715,SEL00033
SKU002715,SEL00020
SKU002715,SEL00007
SKU002716,SEL00000
SKU002716,SEL00011
SKU002716,SEL00027
SKU002716,SEL00014
SKU002717,SEL00037
SKU002717,SEL00003
SKU002718,SEL00045
SKU002719,SEL00047
SKU002719,SEL00016
SKU002719,SEL00000
SKU002720,SEL00034
SKU002720,SEL00008
SKU002720,SEL00040
SKU002720,SEL00003
SKU002721,SEL00021
SKU002721,SEL00012
SKU002721,SEL00025
SKU002722,SEL00026
SKU002723,SEL00049
SKU002724,SEL00047
SKU002725,SEL00027
SKU002725,SEL00017
SKU002725,SEL00005
SKU002725,SEL00001
SKU002725,SEL00047
SKU002726,SEL00014
SKU002726,SEL00005
SKU002727,SEL00031
SKU002728,SEL00026
SKU002728,SEL00010
SKU002728,SEL00043
SKU002728,SEL00048
SKU002729,SEL00029
SKU002729,SEL00011
SKU002730,SEL00013
SKU002730,SEL00018
SKU002730,SEL00034
SKU002730,SEL00045
SKU002730,SEL00021
SKU002731,SEL00009
SKU002731,SEL00035
SKU002732,SEL00044
SKU002732,SEL00011
SKU002732,SEL00028
SKU002733,SEL00030
SKU002733,SEL00009
SKU002734,SEL00039
SKU002734,SEL00040
SKU002734,SEL00046
SKU002735,SEL00031
SKU002736,SEL00007
SKU002736,SEL00033
SKU002736,SEL00028
SKU002736,SEL00047
SKU002736,SEL00005
SKU002737,SEL00009
SKU002737,SEL00049
SKU002737,SEL00033
SKU002737,SEL00042
SKU002737,SEL00031
SKU002738,SEL00003
SKU002738,SEL00029
SKU002739,SEL00037
SKU002740,SEL00023
SKU002740,SEL00012
SKU002740,SEL00035
SKU002740,SEL00000
SKU002740,SEL00042
SKU002741,SEL00001
SKU002741,SEL00047
SKU002741,SEL00038
SKU002741,SEL00032
SKU002742,SEL00009
SKU002742,SEL00038
SKU002742,SEL00002
SKU002742,SEL00037
SKU002743,SEL00004
SKU002743,SEL00023
SKU002744,SEL00046
SKU002745,SEL00027
SKU002745,SEL00040
SKU002746,SEL00023
SKU002746,SEL00010
SKU002746,SEL00044
SKU002746,SEL00013
SKU002747,SEL00025
SKU002747,SEL00046
SKU002747,SEL00029
SKU002747,SEL00015
SKU002748,SEL00032
SKU002748,SEL00044
SKU002748,SEL00040
SKU002748,SEL00017
SKU002749,SEL00039
SKU002750,SEL00008
SKU002751,SEL00012
SKU002751,SEL00019
SKU002751,SEL00017
SKU002752,SEL00046
SKU002752,SEL00028
SKU002752,SEL00023
SKU002753,SEL00049
SKU002754,SEL00008
SKU002754,SEL00046
SKU002755,SEL00010
SKU002755,SEL00005
SKU002755,SEL00026
SKU002755,SEL00000
SKU002755,SEL00039
SKU002756,SEL00027
SKU002756,SEL00025
SKU002757,SEL00026
SKU002757,SEL00011
SKU002757,SEL00043
SKU002757,SEL00017
SKU002757,SEL00027
SKU002758,SEL00019
SKU002759,SEL00040
SKU002759,SEL00025
SKU002759,SEL00019
SKU002759,SEL00012
SKU002759,SEL00027
SKU002760,SEL00021
SKU002760,SEL00001
SKU002761,SEL00031
SKU002761,SEL00011
SKU002761,SEL00007
SKU002761,SEL00000
SKU002761,SEL00043
SKU002762,SEL00049
SKU002762,SEL00035
SKU002762,SEL00048
SKU002762,SEL00007
SKU002762,SEL00039
SKU002763,SEL00018
SKU002763,SEL00048
SKU002764,SEL00047
SKU002764,SEL00039
SKU002764,SEL00040
SKU002764,SEL00036
SKU002765,SEL00027
SKU002765,SEL00031
SKU002765,SEL00016
SKU002765,SEL00001
SKU002766,SEL00006
SKU002766,SEL00010
SKU002766,SEL00041
SKU002766,SEL00046
SKU002767,SEL00007
SKU002767,SEL00018
SKU002768,SEL00048
SKU002768,SEL00035
SKU002769,SEL00015
SKU002770,SEL00006
SKU002770,SEL00005
SKU002770,SEL00030
SKU002770,SEL00001
SKU002771,SEL00025
SKU002771,SEL00042
SKU002771,SEL00043
SKU002772,SEL00019
SKU002772,SEL00046
SKU002772,SEL00005
SKU002773,SEL00028
SKU002773,SEL00010
SKU002774,SEL00004
SKU002774,SEL00048
SKU002774,SEL00031
SKU002774,SEL00020
SKU002775,SEL00041
SKU002775,SEL00018
SKU002775,SEL00031
SKU002775,SEL00044
SKU002775,SEL00028
SKU002776,SEL00016
SKU002777,SEL00037
SKU002777,SEL00003
SKU002777,SEL00044
SKU002778,SEL00039
SKU002778,SEL00031
SKU002778,SEL00024
SKU002778,SEL00022
SKU002779,SEL00032
SKU002780,SEL00004
SKU002780,SEL00013
SKU002780,SEL00015
SKU002780,SEL00033
SKU002781,SEL00004
SKU002781,SEL00040
SKU002781,SEL00048
SKU002781,SEL00014
SKU002782,SEL00004
SKU002782,SEL00027
SKU002782,SEL00041
SKU002783,SEL00026
SKU002783,SEL00020
SKU002783,SEL00013
SKU002783,SEL00000
SKU002784,SEL00016
SKU002784,SEL00035
SKU002784,SEL00019
SKU002784,SEL00045
SKU002785,SEL00026
SKU002786,SEL00012
SKU002786,SEL00028
SKU002786,SEL00026
SKU002787,SEL00010
SKU002787,SEL00024
SKU002787,SEL00014
SKU002787,SEL00004
SKU002787,SEL00026
SKU002788,SEL00016
SKU002788,SEL00045
SKU002788,SEL00040
SKU002788,SEL00031
SKU002788,SEL00000
SKU002789,SEL00046
SKU002789,SEL00003
SKU002789,SEL00039
SKU002789,SEL00020
SKU002789,SEL00041
SKU002790,SEL00013
SKU002790,SEL00035
SKU002790,SEL00008
SKU002790,SEL00036
SKU002790,SEL00044
SKU002791,SEL00024
SKU002791,SEL00014
SKU002791,SEL00042
SKU002791,SEL00000
SKU002792,SEL00030
SKU002792,SEL00005
SKU002792,SEL00027
SKU002792,SEL00033
SKU002793,SEL00039
SKU002793,SEL00024
SKU002793,SEL00031
SKU002793,SEL00013
SKU002794,SEL00034
SKU002794,SEL00044
SKU002795,SEL00020
SKU002795,SEL00039
SKU002796,SEL00022
SKU002796,SEL00028
SKU002796,SEL00019
SKU002796,SEL00018
SKU002797,SEL00024
SKU002797,SEL00046
SKU002798,SEL00038
SKU002798,SEL00008
SKU002799,SEL00001
SKU002799,SEL00030
SKU002799,SEL00032
SKU002799,SEL00011
SKU002799,SEL00022
SKU002800,SEL00001
SKU002800,SEL00039
SKU002801,SEL00018
SKU002801,SEL00025
SKU002801,SEL00022
SKU002802,SEL00045
SKU002802,SEL00006
SKU002802,SEL00014
SKU002803,SEL00005
SKU002803,SEL00022
SKU002804,SEL00033
SKU002804,SEL00032
SKU002804,SEL00021
SKU002805,SEL00033
SKU002806,SEL00025
SKU002807,SEL00007
SKU002807,SEL00006
SKU002807,SEL00018
SKU002807,SEL00012
SKU002808,SEL00043
SKU002808,SEL00024
SKU002808,SEL00003
SKU002808,SEL00028
SKU002808,SEL00004
SKU002809,SEL00028
SKU002809,SEL00006
SKU002810,SEL00032
SKU002810,SEL00004
SKU002810,SEL00042
SKU002810,SEL00013
SKU002811,SEL00005
SKU002812,SEL00048
SKU002812,SEL00021
SKU002812,SEL00010
SKU002812,SEL00004
SKU002812,SEL00029
SKU002813,SEL00044
SKU002813,SEL00012
SKU002813,SEL00027
SKU002813,SEL00025
SKU002814,SEL00042
SKU002814,SEL00049
SKU002814,SEL00009
SKU002814,SEL00021
SKU002815,SEL00008
SKU002815,SEL00029
SKU002815,SEL00044
SKU002815,SEL00025
SKU002815,SEL00006
SKU002816,SEL00002
SKU002816,SEL00039
SKU002816,SEL00034
SKU002816,SEL00020
SKU002817,SEL00039
SKU002817,SEL00030
SKU002817,SEL00027
SKU002817,SEL00004
SKU002818,SEL00041
SKU002818,SEL00036
SKU002819,SEL00045
SKU002819,SEL00027
SKU002819,SEL00012
SKU002820,SEL00010
SKU002820,SEL00027
SKU002820,SEL00035
SKU002821,SEL00025
SKU002821,SEL00018
SKU002822,SEL00022
SKU002823,SEL00009
SKU002823,SEL00032
SKU002823,SEL00001
SKU002823,SEL00031
SKU002823,SEL00047
SKU002824,SEL00015
SKU002824,SEL00020
SKU002824,SEL00029
SKU002824,SEL00040
SKU002824,SEL00012
SKU002825,SEL00045
SKU002825,SEL00046
SKU002826,SEL00019
SKU002826,SEL00031
SKU002826,SEL00021
SKU002826,SEL00017
SKU002826,SEL00009
SKU002827,SEL00043
SKU002828,SEL00042
SKU002828,SEL00037
SKU002828,SEL00006
SKU002829,SEL00008
SKU002829,SEL00001
SKU002829,SEL00049
SKU002830,SEL00016
SKU002830,SEL00030
SKU002830,SEL00005
SKU002831,SEL00014
SKU002831,SEL00019
SKU002831,SEL00024
SKU002831,SEL00049
SKU002831,SEL00038
SKU002832,SEL00028
SKU002832,SEL00013
SKU002833,SEL00015
SKU002834,SEL00013
SKU002834,SEL00014
SKU002834,SEL00027
SKU002834,SEL00049
SKU002835,SEL00019
SKU002836,SEL00048
SKU002836,SEL00000
SKU002836,SEL00037
SKU002836,SEL00031
SKU002837,SEL00011
SKU002837,SEL00029
SKU002837,SEL00045
SKU002837,SEL00015
SKU002838,SEL00048
SKU002839,SEL00009
SKU002839,SEL00019
SKU002840,SEL00026
SKU002840,SEL00010
SKU002840,SEL00014
SKU002840,SEL00023
SKU002840,SEL00012
SKU002841,SEL00032
SKU002841,SEL00029
SKU002841,SEL00044
SKU002841,SEL00045
SKU002842,SEL00024
SKU002842,SEL00043
SKU002842,SEL00042
SKU002842,SEL00046
SKU002842,SEL00030
SKU002843,SEL00038
SKU002844,SEL00000
SKU002844,SEL00032
SKU002844,SEL00026
SKU002845,SEL00022
SKU002845,SEL00037
SKU002846,SEL00010
SKU002847,SEL00007
SKU002847,SEL00022
SKU002848,SEL00016
SKU002849,SEL00035
SKU002850,SEL00039
SKU002850,SEL00034
SKU002850,SEL00020
SKU002851,SEL00041
SKU002851,SEL00045
SKU002851,SEL00033
SKU002851,SEL00028
SKU002852,SEL00011
SKU002853,SEL00012
SKU002853,SEL00024
SKU002853,SEL00028
SKU002853,SEL00014
SKU002854,SEL00029
SKU002854,SEL00044
SKU002855,SEL00041
SKU002855,SEL00021
SKU002855,SEL00010
SKU002855,SEL00003
SKU002855,SEL00039
SKU002856,SEL00038
SKU002856,SEL00005
SKU002857,SEL00030
SKU002857,SEL00015
SKU002858,SEL00016
SKU002858,SEL00042
SKU002858,SEL00017
SKU002858,SEL00026
SKU002859,SEL00039
SKU002859,SEL00049
SKU002860,SEL00028
SKU002860,SEL00047
SKU002861,SEL00002
SKU002861,SEL00040
SKU002862,SEL00018
SKU002862,SEL00007
SKU002862,SEL00023
SKU002862,SEL00019
SKU002863,SEL00027
SKU002864,SEL00043
SKU002864,SEL00023
SKU002864,SEL00012
SKU002865,SEL00048
SKU002865,SEL00016
SKU002865,SEL00037
SKU002866,SEL00016
SKU002867,SEL00012
SKU002868,SEL00026
SKU002868,SEL00024
SKU002868,SEL00025
SKU002868,SEL00033
SKU002868,SEL00001
SKU002869,SEL00022
SKU002869,SEL00008
SKU002869,SEL00020
SKU002869,SEL00007
SKU002869,SEL00018
SKU002870,SEL00019
SKU002870,SEL00043
SKU002870,SEL00037
SKU002871,SEL00040
SKU002871,SEL00048
SKU002871,SEL00038
SKU002871,SEL00015
SKU002872,SEL00003
SKU002872,SEL00013
SKU002873,SEL00037
SKU002873,SEL00019
SKU002874,SEL00037
SKU002874,SEL00028
SKU002875,SEL00008
SKU002875,SEL00004
SKU002875,SEL00007
SKU002875,SEL00026
SKU002876,SEL00034
SKU002877,SEL00040
SKU002877,SEL00017
SKU002878,SEL00012
SKU002878,SEL00045
SKU002878,SEL00001
SKU002878,SEL00005
SKU002879,SEL00003
SKU002879,SEL00033
SKU002879,SEL00026
SKU002879,SEL00012
SKU002879,SEL00044
SKU002880,SEL00029
SKU002881,SEL00047
SKU002881,SEL00004
SKU002882,SEL00049
SKU002882,SEL00021
SKU002883,SEL00040
SKU002884,SEL00017
SKU002884,SEL00033
SKU002885,SEL00018
SKU002885,SEL00013
SKU002885,SEL00044
SKU002886,SEL00001
SKU002886,SEL00029
SKU002886,SEL00049
SKU002886,SEL00047
SKU002887,SEL00008
SKU002887,SEL00039
SKU002888,SEL00027
SKU002889,SEL00037
SKU002889,SEL00046
SKU002889,SEL00022
SKU002889,SEL00000
SKU002889,SEL00011
SKU002890,SEL00044
SKU002890,SEL00001
SKU002890,SEL00038
SKU002890,SEL00015
SKU002890,SEL00031
SKU002891,SEL00017
SKU002891,SEL00039
SKU002891,SEL00011
SKU002891,SEL00037
SKU002891,SEL00010
SKU002892,SEL00038
SKU002892,SEL00018
SKU002892,SEL00017
SKU002892,SEL00020
SKU002892,SEL00035
SKU002893,SEL00001
SKU002893,SEL00012
SKU002893,SEL00003
SKU002894,SEL00011
SKU002894,SEL00016
SKU002894,SEL00026
SKU002894,SEL00032
SKU002894,SEL00037
SKU002895,SEL00015
SKU002895,SEL00024
SKU002895,SEL00009
SKU002896,SEL00047
SKU002896,SEL00026
SKU002896,SEL00009
SKU002896,SEL00027
SKU002897,SEL00018
SKU002897,SEL00001
SKU002897,SEL00000
SKU002897,SEL00039
SKU002898,SEL00022
SKU002898,SEL00034
SKU002898,SEL00002
SKU002898,SEL00047
SKU002898,SEL00044
SKU002899,SEL00037
SKU002900,SEL00010
SKU002900,SEL00049
SKU002901,SEL00033
SKU002901,SEL00029
SKU002901,SEL00023
SKU002901,SEL00016
SKU002901,SEL00032
SKU002902,SEL00039
SKU002902,SEL00032
SKU002903,SEL00019
SKU002904,SEL00030
SKU002905,SEL00011
SKU002905,SEL00036
SKU002905,SEL00033
SKU002905,SEL00002
SKU002906,SEL00026
SKU002906,SEL00016
SKU002906,SEL00004
SKU002907,SEL00040
SKU002908,SEL00046
SKU002908,SEL00011
SKU002908,SEL00030
SKU002909,SEL00032
SKU002909,SEL00034
SKU002909,SEL00014
SKU002909,SEL00039
SKU002910,SEL00036
SKU002910,SEL00022
SKU002910,SEL00039
SKU002910,SEL00026
SKU002910,SEL00027
SKU002911,SEL00045
SKU002911,SEL00043
SKU002911,SEL00024
SKU002911,SEL00026
SKU002912,SEL00046
SKU002912,SEL00009
SKU002912,SEL00002
SKU002913,SEL00031
SKU002913,SEL00005
SKU002913,SEL00041
SKU002913,SEL00030
SKU002913,SEL00009
SKU002914,SEL00044
SKU002914,SEL00022
SKU002914,SEL00028
SKU002914,SEL00034
SKU002914,SEL00039
SKU002915,SEL00032
SKU002915,SEL00014
SKU002915,SEL00016
SKU002915,SEL00023
SKU002916,SEL00015
SKU002916,SEL00000
SKU002917,SEL00009
SKU002917,SEL00036
SKU002917,SEL00024
SKU002917,SEL00007
SKU002917,SEL00008
SKU002918,SEL00049
SKU002918,SEL00001
SKU002918,SEL00044
SKU002918,SEL00008
SKU002919,SEL00003
SKU002920,SEL00025
SKU002920,SEL00006
SKU002920,SEL00001
SKU002920,SEL00004
SKU002921,SEL00044
SKU002921,SEL00037
SKU002922,SEL00004
SKU002922,SEL00030
SKU002922,SEL00033
SKU002922,SEL00032
SKU002923,SEL00046
SKU002924,SEL00032
SKU002925,SEL00027
SKU002925,SEL00035
SKU002926,SEL00012
SKU002926,SEL00039
SKU002926,SEL00031
SKU002926,SEL00014
SKU002927,SEL00015
SKU002928,SEL00037
SKU002928,SEL00035
SKU002929,SEL00014
SKU002930,SEL00000
SKU002930,SEL00024
SKU002930,SEL00032
SKU002930,SEL00040
SKU002931,SEL00047
SKU002931,SEL00046
SKU002931,SEL00045
SKU002931,SEL00009
SKU002932,SEL00010
SKU002933,SEL00017
SKU002933,SEL00002
SKU002933,SEL00047
SKU002933,SEL00004
SKU002933,SEL00029
SKU002934,SEL00027
SKU002934,SEL00040
SKU002934,SEL00013
SKU002935,SEL00030
SKU002935,SEL00048
SKU002936,SEL00036
SKU002937,SEL00009
SKU002937,SEL00021
SKU002937,SEL00006
SKU002938,SEL00041
SKU002938,SEL00035
SKU002938,SEL00001
SKU002938,SEL00017
SKU002938,SEL00015
SKU002939,SEL00000
SKU002939,SEL00010
SKU002939,SEL00011
SKU002940,SEL00028
SKU002940,SEL00006
SKU002940,SEL00043
SKU002940,SEL00023
SKU002940,SEL00001
SKU002941,SEL00027
SKU002941,SEL00034
SKU002942,SEL00032
SKU002942,SEL00022
SKU002942,SEL00006
SKU002942,SEL00037
SKU002942,SEL00025
SKU002943,SEL00009
SKU002943,SEL00001
SKU002944,SEL00018
SKU002944,SEL00012
SKU002944,SEL00011
SKU002945,SEL00025
SKU002946,SEL00049
SKU002946,SEL00037
SKU002946,SEL00047
SKU002947,SEL00028
SKU002947,SEL00006
SKU002947,SEL00043
SKU002947,SEL00022
SKU002947,SEL00042
SKU002948,SEL00045
SKU002948,SEL00021
SKU002948,SEL00009
SKU002948,SEL00044
SKU002948,SEL00001
SKU002949,SEL00009
SKU002949,SEL00042
SKU002950,SEL00014
SKU002951,SEL00005
SKU002951,SEL00042
SKU002951,SEL00001
SKU002952,SEL00016
SKU002952,SEL00029
SKU002952,SEL00046
SKU002952,SEL00038
SKU002953,SEL00037
SKU002953,SEL00034
SKU002953,SEL00001
SKU002954,SEL00047
SKU002954,SEL00049
SKU002955,SEL00006
SKU002955,SEL00030
SKU002955,SEL00019
SKU002955,SEL00041
SKU002956,SEL00020
SKU002956,SEL00003
SKU002956,SEL00044
SKU002957,SEL00014
SKU002957,SEL00020
SKU002957,SEL00030
SKU002958,SEL00029
SKU002958,SEL00026
SKU002958,SEL00007
SKU002959,SEL00041
SKU002959,SEL00021
SKU002959,SEL00011
SKU002959,SEL00000
SKU002960,SEL00014
SKU002961,SEL00032
SKU002962,SEL00009
SKU002962,SEL00001
SKU002962,SEL00005
SKU002962,SEL00034
SKU002962,SEL00033
SKU002963,SEL00028
SKU002964,SEL00014
SKU002964,SEL00031
SKU002965,SEL00024
SKU002965,SEL00028
SKU002965,SEL00006
SKU002966,SEL00003
SKU002967,SEL00007
SKU002968,SEL00028
SKU002968,SEL00048
SKU002968,SEL00011
SKU002968,SEL00033
SKU002969,SEL00040
SKU002969,SEL00039
SKU002969,SEL00046
SKU002969,SEL00011
SKU002970,SEL00027
SKU002971,SEL00027
SKU002971,SEL00000
SKU002972,SEL00029
SKU002972,SEL00047
SKU002972,SEL00008
SKU002972,SEL00012
SKU002972,SEL00039
SKU002973,SEL00012
SKU002973,SEL00030
SKU002974,SEL00045
SKU002974,SEL00042
SKU002974,SEL00027
SKU002974,SEL00040
SKU002974,SEL00029
SKU002975,SEL00028
SKU002975,SEL00020
SKU002975,SEL00049
SKU002975,SEL00031
SKU002976,SEL00039
SKU002976,SEL00011
SKU002976,SEL00034
SKU002977,SEL00049
SKU002977,SEL00032
SKU002977,SEL00043
SKU002977,SEL00047
SKU002977,SEL00014
SKU002978,SEL00034
SKU002978,SEL00046
SKU002978,SEL00033
SKU002979,SEL00011
SKU002979,SEL00007
SKU002980,SEL00033
SKU002981,SEL00016
SKU002982,SEL00032
SKU002982,SEL00038
SKU002982,SEL00011
SKU002983,SEL00027
SKU002984,SEL00017
SKU002984,SEL00034
SKU002985,SEL00040
SKU002985,SEL00030
SKU002985,SEL00019
SKU002986,SEL00018
SKU002987,SEL00030
SKU002987,SEL00029
SKU002987,SEL00016
SKU002987,SEL00035
SKU002988,SEL00034
SKU002988,SEL00016
SKU002988,SEL00000
SKU002989,SEL00022
SKU002989,SEL00040
SKU002990,SEL00014
SKU002990,SEL00045
SKU002990,SEL00023
SKU002990,SEL00006
SKU002990,SEL00026
SKU002991,SEL00037
SKU002991,SEL00041
SKU002991,SEL00040
SKU002991,SEL00025
SKU002991,SEL00029
SKU002992,SEL00021
SKU002992,SEL00048
SKU002992,SEL00008
SKU002992,SEL00011
SKU002992,SEL00009
SKU002993,SEL00010
SKU002993,SEL00004
SKU002993,SEL00015
SKU002993,SEL00031
SKU002993,SEL00001
SKU002994,SEL00012
SKU002994,SEL00037
SKU002995,SEL00020
SKU002995,SEL00010
SKU002995,SEL00016
SKU002995,SEL00002
SKU002996,SEL00014
SKU002996,SEL00039
SKU002996,SEL00033
SKU002997,SEL00038
SKU002997,SEL00005
SKU002998,SEL00005
SKU002999,SEL00036
SKU002999,SEL00014
SKU002999,SEL00009
SKU002999,SEL00030
SKU003000,SEL00002
SKU003001,SEL00029
SKU003001,SEL00046
SKU003001,SEL00005
SKU003001,SEL00008
SKU003001,SEL00024
SKU003002,SEL00020
SKU003002,SEL00000
SKU003002,SEL00011
SKU003002,SEL00022
SKU003003,SEL00043
SKU003003,SEL00029
SKU003003,SEL00026
SKU003003,SEL00017
SKU003004,SEL00027
SKU003004,SEL00022
SKU003004,SEL00013
SKU003004,SEL00020
SKU003005,SEL00002
SKU003005,SEL00022
SKU003006,SEL00030
SKU003006,SEL00018
SKU003006,SEL00033
SKU003007,SEL00048
SKU003007,SEL00039
SKU003007,SEL00047
SKU003007,SEL00046
SKU003008,SEL00020
SKU003008,SEL00038
SKU003009,SEL00008
SKU003009,SEL00000
SKU003009,SEL00048
SKU003010,SEL00041
SKU003010,SEL00000
SKU003010,SEL00025
SKU003010,SEL00046
SKU003010,SEL00006
SKU003011,SEL00016
SKU003011,SEL00033
SKU003011,SEL00022
SKU003012,SEL00014
SKU003012,SEL00000
SKU003013,SEL00009
SKU003013,SEL00038
SKU003013,SEL00001
SKU003013,SEL00025
SKU003013,SEL00018
SKU003014,SEL00025
SKU003014,SEL00005
SKU003015,SEL00032
SKU003016,SEL00038
SKU003017,SEL00000
SKU003017,SEL00029
SKU003017,SEL00037
SKU003017,SEL00014
SKU003017,SEL00019
SKU003018,SEL00004
SKU003018,SEL00008
SKU003018,SEL00013
SKU003018,SEL00001
SKU003018,SEL00039
SKU003019,SEL00036
SKU003019,SEL00028
SKU003019,SEL00035
SKU003019,SEL00026
SKU003019,SEL00004
SKU003020,SEL00034
SKU003020,SEL00012
SKU003020,SEL00036
SKU003021,SEL00013
SKU003022,SEL00032
SKU003022,SEL00001
SKU003022,SEL00023
SKU003022,SEL00028
SKU003023,SEL00019
SKU003024,SEL00012
SKU003024,SEL00001
SKU003024,SEL00029
SKU003025,SEL00037
SKU003025,SEL00020
SKU003025,SEL00009
SKU003025,SEL00003
SKU003026,SEL00037
SKU003026,SEL00045
SKU003026,SEL00042
SKU003026,SEL00006
SKU003027,SEL00017
SKU003027,SEL00021
SKU003027,SEL00019
SKU003027,SEL00033
SKU003028,SEL00037
SKU003028,SEL00012
SKU003028,SEL00018
SKU003029,SEL00030
SKU003029,SEL00022
SKU003029,SEL00047
SKU003029,SEL00023
SKU003029,SEL00036
SKU003030,SEL00014
SKU003030,SEL00008
SKU003030,SEL00021
SKU003030,SEL00046
SKU003031,SEL00027
SKU003031,SEL00010
SKU003031,SEL00029
SKU003031,SEL00017
SKU003031,SEL00045
SKU003032,SEL00015
SKU003032,SEL00022
SKU003032,SEL00005
SKU003033,SEL00014
SKU003033,SEL00036
SKU003033,SEL00015
SKU003034,SEL00020
SKU003034,SEL00007
SKU003034,SEL00038
SKU003034,SEL00027
SKU003035,SEL00005
SKU003035,SEL00024
SKU003035,SEL00043
SKU003035,SEL00028
SKU003035,SEL00032
SKU003036,SEL00015
SKU003037,SEL00037
SKU003037,SEL00047
SKU003037,SEL00032
SKU003037,SEL00042
SKU003038,SEL00017
SKU003038,SEL00005
SKU003039,SEL00021
SKU003039,SEL00011
SKU003040,SEL00041
SKU003040,SEL00005
SKU003040,SEL00042
SKU003040,SEL00018
SKU003041,SEL00035
SKU003042,SEL00037
SKU003043,SEL00038
SKU003043,SEL00005
SKU003043,SEL00014
SKU003043,SEL00044
SKU003043,SEL00041
SKU003044,SEL00005
SKU003044,SEL00019
SKU003044,SEL00034
SKU003044,SEL00032
SKU003045,SEL00012
SKU003045,SEL00004
SKU003046,SEL00006
SKU003046,SEL00009
SKU003047,SEL00033
SKU003047,SEL00023
SKU003047,SEL00039
SKU003048,SEL00009
SKU003048,SEL00002
SKU003048,SEL00048
SKU003048,SEL00018
SKU003049,SEL00033
SKU003049,SEL00022
SKU003049,SEL00026
SKU003049,SEL00029
SKU003049,SEL00041
SKU003050,SEL00041
SKU003050,SEL00018
SKU003050,SEL00023
SKU003050,SEL00040
SKU003051,SEL00005
SKU003051,SEL00043
SKU003051,SEL00049
SKU003051,SEL00017
SKU003052,SEL00038
SKU003053,SEL00008
SKU003053,SEL00001
SKU003053,SEL00000
SKU003053,SEL00041
SKU003054,SEL00001
SKU003054,SEL00034
SKU003054,SEL00010
SKU003054,SEL00035
SKU003055,SEL00035
SKU003055,SEL00019
SKU003055,SEL00007
SKU003056,SEL00046
SKU003056,SEL00029
SKU003056,SEL00034
SKU003056,SEL00018
SKU003057,SEL00000
SKU003057,SEL00032
SKU003057,SEL00001
SKU003057,SEL00006
SKU003058,SEL00035
SKU003059,SEL00033
SKU003059,SEL00017
SKU003059,SEL00003
SKU003060,SEL00046
SKU003060,SEL00016
SKU003060,SEL00001
SKU003060,SEL00034
SKU003060,SEL00025
SKU003061,SEL00045
SKU003061,SEL00026
SKU003061,SEL00044
SKU003062,SEL00019
SKU003063,SEL00005
SKU003064,SEL00004
SKU003064,SEL00024
SKU003064,SEL00048
SKU003064,SEL00038
SKU003065,SEL00013
SKU003065,SEL00048
SKU003066,SEL00033
SKU003066,SEL00037
SKU003066,SEL00004
SKU003066,SEL00010
SKU003067,SEL00024
SKU003067,SEL00048
SKU003067,SEL00034
SKU003067,SEL00046
SKU003067,SEL00001
SKU003068,SEL00012
SKU003068,SEL00014
SKU003068,SEL00048
SKU003068,SEL00027
SKU003069,SEL00033
SKU003069,SEL00032
SKU003069,SEL00022
SKU003069,SEL00037
SKU003069,SEL00008
SKU003070,SEL00039
SKU003071,SEL00042
SKU003071,SEL00011
SKU003071,SEL00040
SKU003072,SEL00008
SKU003073,SEL00036
SKU003073,SEL00041
SKU003073,SEL00042
SKU003073,SEL00045
SKU003074,SEL00013
SKU003074,SEL00048
SKU003074,SEL00005
SKU003074,SEL00031
SKU003075,SEL00014
SKU003075,SEL00025
SKU003075,SEL00049
SKU003075,SEL00038
SKU003076,SEL00017
SKU003076,SEL00001
SKU003076,SEL00023
SKU003076,SEL00029
SKU003076,SEL00048
SKU003077,SEL00021
SKU003077,SEL00039
SKU003077,SEL00004
SKU003077,SEL00040
SKU003077,SEL00048
SKU003078,SEL00036
SKU003078,SEL00034
SKU003079,SEL00047
SKU003079,SEL00022
SKU003079,SEL00045
SKU003080,SEL00024
SKU003080,SEL00018
SKU003080,SEL00037
SKU003081,SEL00028
SKU003082,SEL00015
SKU003082,SEL00038
SKU003083,SEL00039
SKU003084,SEL00013
SKU003084,SEL00045
SKU003084,SEL00048
SKU003085,SEL00022
SKU003086,SEL00009
SKU003086,SEL00001
SKU003086,SEL00010
SKU003086,SEL00045
SKU003086,SEL00023
SKU003087,SEL00003
SKU003087,SEL00005
SKU003087,SEL00035
SKU003088,SEL00033
SKU003088,SEL00002
SKU003088,SEL00009
SKU003088,SEL00043
SKU003089,SEL00006
SKU003089,SEL00019
SKU003089,SEL00009
SKU003089,SEL00002
SKU003089,SEL00043
SKU003090,SEL00034
SKU003091,SEL00029
SKU003091,SEL00035
SKU003091,SEL00047
SKU003092,SEL00026
SKU003093,SEL00038
SKU003093,SEL00049
SKU003093,SEL00027
SKU003094,SEL00007
SKU003094,SEL00017
SKU003094,SEL00005
SKU003094,SEL00019
SKU003094,SEL00038
SKU003095,SEL00008
SKU003095,SEL00044
SKU003095,SEL00005
SKU003095,SEL00010
SKU003096,SEL00020
SKU003096,SEL00047
SKU003096,SEL00005
SKU003097,SEL00018
SKU003097,SEL00031
SKU003097,SEL00048
SKU003097,SEL00036
SKU003098,SEL00038
SKU003098,SEL00001
SKU003098,SEL00015
SKU003098,SEL00023
SKU003098,SEL00047
SKU003099,SEL00044
SKU003099,SEL00022
SKU003099,SEL00021
SKU003100,SEL00010
SKU003101,SEL00031
SKU003102,SEL00027
SKU003102,SEL00003
SKU003103,SEL00043
SKU003104,SEL00019
SKU003104,SEL00002
SKU003105,SEL00049
SKU003105,SEL00041
SKU003105,SEL00027
SKU003106,SEL00004
SKU003107,SEL00025
SKU003108,SEL00022
SKU003108,SEL00027
SKU003108,SEL00005
SKU003109,SEL00011
SKU003109,SEL00009
SKU003109,SEL00007
SKU003109,SEL00006
SKU003110,SEL00024
SKU003110,SEL00020
SKU003110,SEL00044
SKU003110,SEL00041
SKU003111,SEL00035
SKU003111,SEL00001
SKU003111,SEL00031
SKU003111,SEL00022
SKU003111,SEL00024
SKU003112,SEL00030
SKU003112,SEL00045
SKU003112,SEL00017
SKU003113,SEL00032
SKU003113,SEL00048
SKU003113,SEL00012
SKU003113,SEL00015
SKU003114,SEL00017
SKU003114,SEL00037
SKU003114,SEL00001
SKU003114,SEL00009
SKU003115,SEL00028
SKU003116,SEL00035
SKU003116,SEL00043
SKU003117,SEL00039
SKU003117,SEL00044
SKU003118,SEL00045
SKU003118,SEL00019
SKU003119,SEL00032
SKU003119,SEL00015
SKU003119,SEL00038
SKU003119,SEL00031
SKU003119,SEL00014
SKU003120,SEL00021
SKU003120,SEL00035
SKU003121,SEL00044
SKU003121,SEL00029
SKU003122,SEL00013
SKU003122,SEL00037
SKU003122,SEL00046
SKU003122,SEL00049
SKU003123,SEL00022
SKU003123,SEL00014
SKU003123,SEL00036
SKU003123,SEL00033
SKU003123,SEL00032
SKU003124,SEL00002
SKU003125,SEL00040
SKU003125,SEL00049
SKU003126,SEL00040
SKU003126,SEL00005
SKU003126,SEL00026
SKU003126,SEL00019
SKU003127,SEL00009
SKU003127,SEL00030
SKU003127,SEL00038
SKU003128,SEL00008
SKU003128,SEL00009
SKU003128,SEL00043
SKU003128,SEL00034
SKU003129,SEL00003
SKU003130,SEL00027
SKU003131,SEL00046
SKU003131,SEL00031
SKU003132,SEL00032
SKU003132,SEL00024
SKU003133,SEL00000
SKU003133,SEL00034
SKU003133,SEL00023
SKU003133,SEL00042
SKU003134,SEL00048
SKU003134,SEL00007
SKU003134,SEL00022
SKU003134,SEL00044
SKU003134,SEL00020
SKU003135,SEL00037
SKU003136,SEL00010
SKU003136,SEL00014
SKU003136,SEL00026
SKU003137,SEL00002
SKU003138,SEL00023
SKU003138,SEL00036
SKU003138,SEL00028
SKU003138,SEL00024
SKU003138,SEL00012
SKU003139,SEL00009
SKU003139,SEL00039
SKU003139,SEL00013
SKU003140,SEL00010
SKU003140,SEL00049
SKU003140,SEL00004
SKU003141,SEL00048
SKU003141,SEL00028
SKU003141,SEL00003
SKU003142,SEL00003
SKU003143,SEL00023
SKU003144,SEL00008
SKU003144,SEL00030
SKU003144,SEL00011
SKU003145,SEL00007
SKU003145,SEL00043
SKU003146,SEL00046
SKU003146,SEL00044
SKU003146,SEL00037
SKU003146,SEL00010
SKU003146,SEL00039
SKU003147,SEL00047
SKU003147,SEL00004
SKU003147,SEL00023
SKU003147,SEL00022
SKU003147,SEL00011
SKU003148,SEL00026
SKU003148,SEL00011
SKU003148,SEL00025
SKU003149,SEL00029
SKU003149,SEL00030
SKU003150,SEL00018
SKU003150,SEL00001
SKU003151,SEL00014
SKU003151,SEL00002
SKU003151,SEL00006
SKU003152,SEL00022
SKU003153,SEL00029
SKU003153,SEL00045
SKU003153,SEL00024
SKU003153,SEL00014
SKU003153,SEL00037
SKU003154,SEL00033
SKU003155,SEL00042
SKU003155,SEL00034
SKU003156,SEL00033
SKU003156,SEL00024
SKU003157,SEL00011
SKU003157,SEL00031
SKU003157,SEL00028
SKU003157,SEL00041
SKU003157,SEL00049
SKU003158,SEL00027
SKU003158,SEL00040
SKU003158,SEL00004
SKU003159,SEL00031
SKU003160,SEL00027
SKU003160,SEL00036
SKU003160,SEL00005
SKU003160,SEL00044
SKU003161,SEL00039
SKU003161,SEL00019
SKU003161,SEL00049
SKU003162,SEL00000
SKU003162,SEL00040
SKU003162,SEL00048
SKU003162,SEL00042
SKU003163,SEL00034
SKU003163,SEL00014
SKU003163,SEL00007
SKU003164,SEL00013
SKU003164,SEL00039
SKU003164,SEL00027
SKU003165,SEL00024
SKU003165,SEL00041
SKU003165,SEL00021
SKU003166,SEL00010
SKU003167,SEL00041
SKU003167,SEL00036
SKU003167,SEL00037
SKU003167,SEL00031
SKU003168,SEL00024
SKU003168,SEL00011
SKU003168,SEL00036
SKU003169,SEL00031
SKU003169,SEL00001
SKU003169,SEL00007
SKU003169,SEL00000
SKU003170,SEL00017
SKU003170,SEL00032
SKU003170,SEL00040
SKU003171,SEL00034
SKU003172,SEL00006
SKU003172,SEL00039
SKU003172,SEL00023
SKU003173,SEL00006
SKU003174,SEL00029
SKU003174,SEL00033
SKU003174,SEL00027
SKU003174,SEL00045
SKU003174,SEL00037
SKU003175,SEL00048
SKU003175,SEL00031
SKU003175,SEL00014
SKU003176,SEL00046
SKU003176,SEL00023
SKU003176,SEL00018
SKU003176,SEL00005
SKU003176,SEL00019
SKU003177,SEL00021
SKU003177,SEL00011
SKU003177,SEL00032
SKU003177,SEL00036
SKU003177,SEL00042
SKU003178,SEL00015
SKU003178,SEL00029
SKU003178,SEL00019
SKU003178,SEL00013
SKU003178,SEL00021
SKU003179,SEL00018
SKU003180,SEL00049
SKU003180,SEL00029
SKU003180,SEL00034
SKU003180,SEL00011
SKU003181,SEL00034
SKU003181,SEL00035
SKU003181,SEL00010
SKU003181,SEL00045
SKU003181,SEL00018
SKU003182,SEL00030
SKU003182,SEL00024
SKU003182,SEL00047
SKU003182,SEL00038
SKU003182,SEL00004
SKU003183,SEL00022
SKU003184,SEL00032
SKU003184,SEL00003
SKU003184,SEL00031
SKU003184,SEL00015
SKU003185,SEL00007
SKU003185,SEL00016
SKU003186,SEL00014
SKU003186,SEL00008
SKU003186,SEL00045
SKU003186,SEL00026
SKU003186,SEL00002
SKU003187,SEL00022
SKU003187,SEL00017
SKU003187,SEL00018
SKU003188,SEL00037
SKU003188,SEL00040
SKU003188,SEL00029
SKU003189,SEL00025
SKU003190,SEL00023
SKU003190,SEL00046
SKU003190,SEL00016
SKU003190,SEL00048
SKU003190,SEL00047
SKU003191,SEL00048
SKU003191,SEL00010
SKU003191,SEL00020
SKU003191,SEL00030
SKU003192,SEL00001
SKU003192,SEL00035
SKU003192,SEL00003
SKU003192,SEL00032
SKU003192,SEL00029
SKU003193,SEL00011
SKU003193,SEL00017
SKU003193,SEL00049
SKU003193,SEL00008
SKU003194,SEL00042
SKU003194,SEL00036
SKU003194,SEL00015
SKU003195,SEL00035
SKU003195,SEL00044
SKU003195,SEL00003
SKU003196,SEL00034
SKU003196,SEL00003
SKU003197,SEL00026
SKU003197,SEL00008
SKU003197,SEL00046
SKU003198,SEL00028
SKU003198,SEL00048
SKU003198,SEL00034
SKU003198,SEL00026
SKU003198,SEL00041
SKU003199,SEL00018
SKU003200,SEL00049
SKU003201,SEL00030
SKU003201,SEL00024
SKU003201,SEL00022
SKU003202,SEL00017
SKU003202,SEL00049
SKU003202,SEL00021
SKU003202,SEL00007
SKU003202,SEL00008
SKU003203,SEL00004
SKU003204,SEL00030
SKU003205,SEL00003
SKU003205,SEL00029
SKU003206,SEL00008
SKU003206,SEL00011
SKU003207,SEL00036
SKU003207,SEL00044
SKU003208,SEL00011
SKU003209,SEL00037
SKU003209,SEL00044
SKU003209,SEL00020
SKU003209,SEL00032
SKU003209,SEL00021
SKU003210,SEL00046
SKU003210,SEL00034
SKU003210,SEL00036
SKU003211,SEL00041
SKU003211,SEL00008
SKU003211,SEL00016
SKU003211,SEL00036
SKU003211,SEL00027
SKU003212,SEL00020
SKU003212,SEL00036
SKU003212,SEL00049
SKU003212,SEL00003
SKU003212,SEL00010
SKU003213,SEL00015
SKU003214,SEL00034
SKU003214,SEL00007
SKU003214,SEL00021
SKU003214,SEL00039
SKU003214,SEL00020
SKU003215,SEL00028
SKU003215,SEL00004
SKU003215,SEL00022
SKU003215,SEL00010
SKU003216,SEL00047
SKU003216,SEL00030
SKU003216,SEL00034
SKU003217,SEL00005
SKU003217,SEL00008
SKU003218,SEL00003
SKU003218,SEL00030
SKU003218,SEL00043
SKU003218,SEL00016
SKU003218,SEL00037
SKU003219,SEL00019
SKU003219,SEL00039
SKU003219,SEL00028
SKU003219,SEL00004
SKU003220,SEL00005
SKU003220,SEL00045
SKU003220,SEL00002
SKU003220,SEL00004
SKU003220,SEL00007
SKU003221,SEL00042
SKU003221,SEL00002
SKU003221,SEL00011
SKU003221,SEL00022
SKU003221,SEL00039
SKU003222,SEL00023
SKU003222,SEL00005
SKU003222,SEL00039
SKU003222,SEL00034
SKU003222,SEL00038
SKU003223,SEL00029
SKU003223,SEL00041
SKU003223,SEL00036
SKU003223,SEL00007
SKU003223,SEL00047
SKU003224,SEL00023
SKU003225,SEL00013
SKU003225,SEL00023
SKU003225,SEL00009
SKU003225,SEL00029
SKU003226,SEL00046
SKU003226,SEL00036
SKU003226,SEL00042
SKU003226,SEL00009
SKU003226,SEL00045
SKU003227,SEL00023
SKU003227,SEL00042
SKU003227,SEL00021
SKU003227,SEL00001
SKU003228,SEL00036
SKU003228,SEL00026
SKU003228,SEL00038
SKU003228,SEL00022
SKU003228,SEL00033
SKU003229,SEL00006
SKU003229,SEL00010
SKU003229,SEL00004
SKU003229,SEL00042
SKU003230,SEL00026
SKU003230,SEL00035
SKU003230,SEL00046
SKU003230,SEL00009
SKU003230,SEL00028
SKU003231,SEL00006
SKU003231,SEL00030
SKU003231,SEL00020
SKU003231,SEL00035
SKU003231,SEL00005
SKU003232,SEL00030
SKU003232,SEL00010
SKU003232,SEL00034
SKU003233,SEL00014
SKU003233,SEL00020
SKU003233,SEL00025
SKU003233,SEL00004
SKU003234,SEL00026
SKU003235,SEL00039
SKU003236,SEL00006
SKU003236,SEL00009
SKU003236,SEL00014
SKU003236,SEL00037
SKU003236,SEL00036
SKU003237,SEL00030
SKU003238,SEL00020
SKU003239,SEL00041
SKU003239,SEL00001
SKU003240,SEL00036
SKU003240,SEL00031
SKU003240,SEL00037
SKU003241,SEL00001
SKU003241,SEL00045
SKU003241,SEL00002
SKU003241,SEL00035
SKU003242,SEL00010
SKU003242,SEL00045
SKU003242,SEL00040
SKU003242,SEL00031
SKU003242,SEL00033
SKU003243,SEL00024
SKU003244,SEL00037
SKU003244,SEL00038
SKU003244,SEL00006
SKU003244,SEL00040
SKU003244,SEL00024
SKU003245,SEL00030
SKU003245,SEL00037
SKU003245,SEL00014
SKU003246,SEL00012
SKU003246,SEL00011
SKU003247,SEL00024
SKU003248,SEL00043
SKU003248,SEL00036
SKU003248,SEL00013
SKU003248,SEL00028
SKU003248,SEL00016
SKU003249,SEL00041
SKU003249,SEL00031
SKU003249,SEL00015
SKU003250,SEL00038
SKU003251,SEL00040
SKU003251,SEL00030
SKU003251,SEL00035
SKU003251,SEL00036
SKU003252,SEL00014
SKU003252,SEL00041
SKU003252,SEL00042
SKU003252,SEL00037
SKU003252,SEL00030
SKU003253,SEL00015
SKU003253,SEL00009
SKU003253,SEL00000
SKU003254,SEL00009
SKU003254,SEL00045
SKU003254,SEL00043
SKU003254,SEL00037
SKU003255,SEL00012
SKU003255,SEL00024
SKU003256,SEL00001
SKU003256,SEL00028
SKU003256,SEL00007
SKU003256,SEL00027
SKU003257,SEL00016
SKU003257,SEL00008
SKU003257,SEL00034
SKU003257,SEL00041
SKU003258,SEL00045
SKU003258,SEL00022
SKU003258,SEL00013
SKU003258,SEL00016
SKU003259,SEL00014
SKU003260,SEL00001
SKU003260,SEL00008
SKU003260,SEL00033
SKU003261,SEL00023
SKU003261,SEL00005
SKU003261,SEL00006
SKU003261,SEL00043
SKU003262,SEL00036
SKU003262,SEL00034
SKU003262,SEL00030
SKU003262,SEL00032
SKU003262,SEL00039
SKU003263,SEL00005
SKU003264,SEL00041
SKU003264,SEL00022
SKU003265,SEL00021
SKU003265,SEL00011
SKU003265,SEL00042
SKU003265,SEL00038
SKU003266,SEL00030
SKU003266,SEL00015
SKU003266,SEL00002
SKU003267,SEL00034
SKU003267,SEL00020
SKU003267,SEL00047
SKU003267,SEL00028
SKU003268,SEL00002
SKU003268,SEL00049
SKU003268,SEL00005
SKU003268,SEL00012
SKU003269,SEL00009
SKU003269,SEL00003
SKU003269,SEL00021
SKU003269,SEL00038
SKU003270,SEL00017
SKU003271,SEL00020
SKU003271,SEL00031
SKU003271,SEL00006
SKU003272,SEL00001
SKU003272,SEL00034
SKU003272,SEL00036
SKU003273,SEL00014
SKU003274,SEL00029
SKU003274,SEL00005
SKU003274,SEL00019
SKU003274,SEL00004
SKU003275,SEL00015
SKU003276,SEL00002
SKU003276,SEL00047
SKU003277,SEL00019
SKU003277,SEL00003
SKU003277,SEL00031
SKU003278,SEL00046
SKU003279,SEL00008
SKU003279,SEL00033
SKU003279,SEL00013
SKU003279,SEL00027
SKU003280,SEL00008
SKU003280,SEL00036
SKU003280,SEL00006
SKU003281,SEL00005
SKU003281,SEL00041
SKU003282,SEL00037
SKU003283,SEL00006
SKU003283,SEL00023
SKU003283,SEL00036
SKU003283,SEL00039
SKU003284,SEL00021
SKU003285,SEL00008
SKU003286,SEL00025
SKU003286,SEL00047
SKU003287,SEL00006
SKU003287,SEL00000
SKU003287,SEL00001
SKU003288,SEL00048
SKU003288,SEL00036
SKU003288,SEL00010
SKU003288,SEL00049
SKU003288,SEL00016
SKU003289,SEL00036
SKU003290,SEL00036
SKU003290,SEL00017
SKU003290,SEL00025
SKU003291,SEL00020
SKU003291,SEL00046
SKU003291,SEL00011
SKU003292,SEL00005
SKU003292,SEL00044
SKU003293,SEL00008
SKU003293,SEL00024
SKU003293,SEL00026
SKU003293,SEL00027
SKU003293,SEL00030
SKU003294,SEL00045
SKU003294,SEL00013
SKU003295,SEL00045
SKU003295,SEL00002
SKU003295,SEL00027
SKU003295,SEL00007
SKU003295,SEL00018
SKU003296,SEL00001
SKU003296,SEL00036
SKU003296,SEL00044
SKU003296,SEL00012
SKU003296,SEL00008
SKU003297,SEL00044
SKU003297,SEL00021
SKU003297,SEL00041
SKU003297,SEL00047
SKU003298,SEL00022
SKU003298,SEL00034
SKU003299,SEL00049
SKU003299,SEL00030
SKU003299,SEL00003
SKU003300,SEL00045
SKU003300,SEL00017
SKU003300,SEL00008
SKU003300,SEL00004
SKU003300,SEL00019
SKU003301,SEL00043
SKU003301,SEL00009
SKU003301,SEL00026
SKU003302,SEL00013
SKU003302,SEL00030
SKU003302,SEL00021
SKU003302,SEL00031
SKU003303,SEL00034
SKU003303,SEL00010
SKU003304,SEL00028
SKU003304,SEL00006
SKU003304,SEL00009
SKU003304,SEL00038
SKU003304,SEL00019
SKU003305,SEL00002
SKU003305,SEL00003
SKU003305,SEL00030
SKU003306,SEL00047
SKU003306,SEL00039
SKU003306,SEL00013
SKU003306,SEL00001
SKU003306,SEL00017
SKU003307,SEL00015
SKU003307,SEL00044
SKU003307,SEL00041
SKU003307,SEL00042
SKU003308,SEL00013
SKU003309,SEL00033
SKU003309,SEL00029
SKU003309,SEL00044
SKU003309,SEL00049
SKU003310,SEL00043
SKU003310,SEL00019
SKU003310,SEL00047
SKU003310,SEL00004
SKU003310,SEL00036
SKU003311,SEL00048
SKU003311,SEL00002
SKU003312,SEL00029
SKU003312,SEL00014
SKU003312,SEL00025
SKU003313,SEL00029
SKU003313,SEL00012
SKU003313,SEL00043
SKU003313,SEL00016
SKU003313,SEL00041
SKU003314,SEL00048
SKU003314,SEL00001
SKU003314,SEL00019
SKU003314,SEL00020
SKU003315,SEL00010
SKU003315,SEL00013
SKU003315,SEL00014
SKU003316,SEL00009
SKU003317,SEL00012
SKU003317,SEL00009
SKU003317,SEL00002
SKU003318,SEL00030
SKU003318,SEL00009
SKU003319,SEL00028
SKU003319,SEL00039
SKU003319,SEL00015
SKU003319,SEL00025
SKU003320,SEL00014
SKU003320,SEL00017
SKU003320,SEL00011
SKU003320,SEL00038
SKU003321,SEL00037
SKU003321,SEL00044
SKU003322,SEL00015
SKU003322,SEL00007
SKU003322,SEL00032
SKU003322,SEL00027
SKU003322,SEL00029
SKU003323,SEL00022
SKU003324,SEL00049
SKU003324,SEL00004
SKU003325,SEL00033
SKU003326,SEL00001
SKU003327,SEL00023
SKU003328,SEL00022
SKU003328,SEL00004
SKU003328,SEL00044
SKU003329,SEL00037
SKU003329,SEL00039
SKU003329,SEL00043
SKU003329,SEL00012
SKU003329,SEL00023
SKU003330,SEL00023
SKU003330,SEL00027
SKU003331,SEL00047
SKU003331,SEL00039
SKU003331,SEL00026
SKU003332,SEL00014
SKU003332,SEL00004
SKU003332,SEL00002
SKU003332,SEL00029
SKU003332,SEL00022
SKU003333,SEL00029
SKU003333,SEL00005
SKU003333,SEL00045
SKU003333,SEL00036
SKU003333,SEL00039
SKU003334,SEL00044
SKU003335,SEL00029
SKU003335,SEL00027
SKU003335,SEL00008
SKU003336,SEL00037
SKU003336,SEL00046
SKU003337,SEL00035
SKU003337,SEL00020
SKU003337,SEL00040
SKU003338,SEL00000
SKU003339,SEL00012
SKU003339,SEL00013
SKU003339,SEL00039
SKU003340,SEL00023
SKU003340,SEL00038
SKU003341,SEL00037
SKU003341,SEL00004
SKU003342,SEL00024
SKU003343,SEL00042
SKU003344,SEL00001
SKU003344,SEL00012
SKU003344,SEL00038
SKU003344,SEL00003
SKU003345,SEL00005
SKU003345,SEL00009
SKU003345,SEL00024
SKU003345,SEL00008
SKU003346,SEL00048
SKU003346,SEL00026
SKU003346,SEL00025
SKU003346,SEL00043
SKU003347,SEL00013
SKU003347,SEL00029
SKU003347,SEL00023
SKU003348,SEL00034
SKU003349,SEL00016
SKU003349,SEL00049
SKU003349,SEL00006
SKU003349,SEL00015
SKU003349,SEL00028
SKU003350,SEL00048
SKU003350,SEL00017
SKU003351,SEL00034
SKU003351,SEL00042
SKU003351,SEL00008
SKU003351,SEL00014
SKU003351,SEL00003
SKU003352,SEL00048
SKU003353,SEL00013
SKU003353,SEL00007
SKU003353,SEL00021
SKU003354,SEL00019
SKU003354,SEL00013
SKU003354,SEL00049
SKU003354,SEL00034
SKU003354,SEL00016
SKU003355,SEL00025
SKU003355,SEL00031
SKU003356,SEL00038
SKU003357,SEL00009
SKU003357,SEL00013
SKU003357,SEL00002
SKU003357,SEL00046
SKU003357,SEL00031
SKU003358,SEL00034
SKU003358,SEL00026
SKU003358,SEL00020
SKU003359,SEL00016
SKU003359,SEL00043
SKU003359,SEL00036
SKU003359,SEL00031
SKU003360,SEL00020
SKU003360,SEL00033
SKU003360,SEL00015
SKU003360,SEL00023
SKU003361,SEL00024
SKU003362,SEL00038
SKU003362,SEL00048
SKU003362,SEL00031
SKU003363,SEL00023
SKU003363,SEL00008
SKU003363,SEL00035
SKU003363,SEL00028
SKU003363,SEL00031
SKU003364,SEL00033
SKU003364,SEL00041
SKU003364,SEL00019
SKU003365,SEL00039
SKU003365,SEL00005
SKU003365,SEL00030
SKU003365,SEL00006
SKU003365,SEL00044
SKU003366,SEL00029
SKU003366,SEL00042
SKU003366,SEL00036
SKU003366,SEL00040
SKU003367,SEL00038
SKU003367,SEL00000
SKU003368,SEL00004
SKU003369,SEL00006
SKU003369,SEL00036
SKU003370,SEL00033
SKU003370,SEL00020
SKU003371,SEL00007
SKU003371,SEL00042
SKU003372,SEL00009
SKU003372,SEL00039
SKU003372,SEL00023
SKU003373,SEL00039
SKU003373,SEL00029
SKU003374,SEL00005
SKU003375,SEL00036
SKU003376,SEL00018
SKU003376,SEL00016
SKU003376,SEL00029
SKU003377,SEL00026
SKU003377,SEL00016
SKU003377,SEL00000
SKU003378,SEL00038
SKU003378,SEL00014
SKU003378,SEL00021
SKU003378,SEL00015
SKU003379,SEL00014
SKU003379,SEL00007
SKU003380,SEL00012
SKU003381,SEL00013
SKU003381,SEL00041
SKU003381,SEL00021
SKU003381,SEL00048
SKU003381,SEL00027
SKU003382,SEL00037
SKU003382,SEL00017
SKU003383,SEL00003
SKU003383,SEL00035
SKU003383,SEL00036
SKU003383,SEL00019
SKU003384,SEL00042
SKU003384,SEL00016
SKU003384,SEL00011
SKU003384,SEL00032
SKU003384,SEL00004
SKU003385,SEL00041
SKU003385,SEL00045
SKU003385,SEL00036
SKU003386,SEL00004
SKU003386,SEL00043
SKU003386,SEL00029
SKU003387,SEL00020
SKU003387,SEL00048
SKU003388,SEL00025
SKU003388,SEL00016
SKU003388,SEL00012
SKU003389,SEL00007
SKU003389,SEL00004
SKU003389,SEL00016
SKU003390,SEL00004
SKU003391,SEL00044
SKU003391,SEL00013
SKU003391,SEL00012
SKU003391,SEL00010
SKU003392,SEL00043
SKU003392,SEL00015
SKU003392,SEL00009
SKU003392,SEL00040
SKU003393,SEL00001
SKU003393,SEL00015
SKU003393,SEL00008
SKU003393,SEL00028
SKU003393,SEL00020
SKU003394,SEL00047
SKU003394,SEL00046
SKU003394,SEL00015
SKU003394,SEL00017
SKU003395,SEL00035
SKU003395,SEL00043
SKU003395,SEL00028
SKU003395,SEL00026
SKU003395,SEL00007
SKU003396,SEL00047
SKU003397,SEL00038
SKU003397,SEL00021
SKU003397,SEL00032
SKU003397,SEL00003
SKU003398,SEL00005
SKU003399,SEL00032
SKU003399,SEL00015
SKU003400,SEL00009
SKU003401,SEL00020
SKU003401,SEL00029
SKU003401,SEL00001
SKU003401,SEL00026
SKU003401,SEL00025
SKU003402,SEL00001
SKU003402,SEL00042
SKU003402,SEL00045
SKU003402,SEL00028
SKU003402,SEL00019
SKU003403,SEL00048
SKU003403,SEL00013
SKU003403,SEL00028
SKU003403,SEL00005
SKU003403,SEL00033
SKU003404,SEL00016
SKU003404,SEL00035
SKU003404,SEL00010
SKU003404,SEL00036
SKU003404,SEL00011
SKU003405,SEL00006
SKU003405,SEL00032
SKU003405,SEL00009
SKU003405,SEL00029
SKU003405,SEL00023
SKU003406,SEL00034
SKU003406,SEL00048
SKU003406,SEL00030
SKU003406,SEL00013
SKU003406,SEL00046
SKU003407,SEL00042
SKU003407,SEL00022
SKU003407,SEL00004
SKU003408,SEL00013
SKU003408,SEL00036
SKU003408,SEL00008
SKU003408,SEL00028
SKU003409,SEL00017
SKU003410,SEL00024
SKU003410,SEL00047
SKU003410,SEL00016
SKU003410,SEL00020
SKU003410,SEL00038
SKU003411,SEL00010
SKU003411,SEL00019
SKU003411,SEL00031
SKU003411,SEL00049
SKU003412,SEL00008
SKU003412,SEL00040
SKU003412,SEL00002
SKU003412,SEL00015
SKU003413,SEL00003
SKU003413,SEL00008
SKU003413,SEL00017
SKU003413,SEL00047
SKU003413,SEL00012
SKU003414,SEL00014
SKU003414,SEL00017
SKU003415,SEL00046
SKU003415,SEL00033
SKU003416,SEL00005
SKU003417,SEL00039
SKU003417,SEL00045
SKU003417,SEL00036
SKU003417,SEL00018
SKU003417,SEL00028
SKU003418,SEL00045
SKU003418,SEL00005
SKU003418,SEL00032
SKU003418,SEL00033
SKU003419,SEL00020
SKU003420,SEL00013
SKU003420,SEL00048
SKU003420,SEL00006
SKU003420,SEL00010
SKU003420,SEL00020
SKU003421,SEL00034
SKU003421,SEL00021
SKU003421,SEL00010
SKU003421,SEL00016
SKU003421,SEL00013
SKU003422,SEL00001
SKU003422,SEL00012
SKU003423,SEL00002
SKU003423,SEL00008
SKU003423,SEL00032
SKU003423,SEL00043
SKU003423,SEL00049
SKU003424,SEL00034
SKU003424,SEL00024
SKU003424,SEL00012
SKU003424,SEL00043
SKU003425,SEL00048
SKU003425,SEL00024
SKU003426,SEL00024
SKU003427,SEL00005
SKU003427,SEL00025
SKU003427,SEL00049
SKU003427,SEL00006
SKU003428,SEL00019
SKU003428,SEL00022
SKU003429,SEL00030
SKU003429,SEL00018
SKU003429,SEL00024
SKU003429,SEL00048
SKU003430,SEL00009
SKU003430,SEL00039
SKU003430,SEL00027
SKU003430,SEL00005
SKU003431,SEL00029
SKU003431,SEL00013
SKU003431,SEL00006
SKU003431,SEL00036
SKU003431,SEL00016
SKU003432,SEL00034
SKU003432,SEL00011
SKU003432,SEL00029
SKU003432,SEL00013
SKU003432,SEL00030
SKU003433,SEL00033
SKU003433,SEL00031
SKU003433,SEL00032
SKU003433,SEL00019
SKU003433,SEL00046
SKU003434,SEL00016
SKU003435,SEL00032
SKU003435,SEL00045
SKU003435,SEL00014
SKU003435,SEL00046
SKU003436,SEL00005
SKU003437,SEL00048
SKU003437,SEL00013
SKU003437,SEL00044
SKU003437,SEL00039
SKU003438,SEL00005
SKU003438,SEL00000
SKU003438,SEL00045
SKU003438,SEL00013
SKU003438,SEL00038
SKU003439,SEL00012
SKU003439,SEL00025
SKU003439,SEL00023
SKU003439,SEL00030
SKU003440,SEL00007
SKU003440,SEL00025
SKU003440,SEL00010
SKU003440,SEL00014
SKU003440,SEL00026
SKU003441,SEL00025
SKU003441,SEL00021
SKU003441,SEL00019
SKU003441,SEL00030
SKU003441,SEL00016
SKU003442,SEL00042
SKU003443,SEL00004
SKU003444,SEL00008
SKU003444,SEL00028
SKU003444,SEL00017
SKU003444,SEL00018
SKU003445,SEL00013
SKU003445,SEL00007
SKU003445,SEL00033
SKU003445,SEL00040
SKU003446,SEL00012
SKU003446,SEL00029
SKU003446,SEL00018
SKU003446,SEL00005
SKU003447,SEL00004
SKU003447,SEL00010
SKU003447,SEL00036
SKU003447,SEL00017
SKU003448,SEL00009
SKU003448,SEL00010
SKU003448,SEL00022
SKU003449,SEL00033
SKU003449,SEL00002
SKU003449,SEL00012
SKU003449,SEL00047
SKU003449,SEL00037
SKU003450,SEL00049
SKU003450,SEL00028
SKU003450,SEL00039
SKU003450,SEL00008
SKU003451,SEL00026
SKU003452,SEL00039
SKU003452,SEL00022
SKU003453,SEL00041
SKU003453,SEL00045
SKU003453,SEL00005
SKU003453,SEL00000
SKU003453,SEL00007
SKU003454,SEL00008
SKU003454,SEL00019
SKU003454,SEL00049
SKU003454,SEL00023
SKU003455,SEL00039
SKU003455,SEL00011
SKU003455,SEL00033
SKU003455,SEL00035
SKU003455,SEL00034
SKU003456,SEL00031
SKU003456,SEL00011
SKU003456,SEL00014
SKU003456,SEL00033
SKU003457,SEL00017
SKU003457,SEL00047
SKU003458,SEL00005
SKU003458,SEL00025
SKU003458,SEL00021
SKU003459,SEL00032
SKU003459,SEL00021
SKU003459,SEL00007
SKU003459,SEL00015
SKU003459,SEL00027
SKU003460,SEL00019
SKU003461,SEL00045
SKU003462,SEL00006
SKU003462,SEL00008
SKU003462,SEL00023
SKU003463,SEL00010
SKU003463,SEL00032
SKU003463,SEL00024
SKU003463,SEL00046
SKU003464,SEL00004
SKU003464,SEL00021
SKU003465,SEL00044
SKU003465,SEL00032
SKU003466,SEL00037
SKU003467,SEL00027
SKU003467,SEL00014
SKU003467,SEL00003
SKU003467,SEL00033
SKU003468,SEL00048
SKU003468,SEL00032
SKU003468,SEL00037
SKU003468,SEL00003
SKU003469,SEL00000
SKU003469,SEL00038
SKU003469,SEL00005
SKU003469,SEL00004
SKU003469,SEL00017
SKU003470,SEL00030
SKU003471,SEL00017
SKU003471,SEL00029
SKU003471,SEL00018
SKU003472,SEL00006
SKU003472,SEL00021
SKU003472,SEL00024
SKU003472,SEL00010
SKU003473,SEL00042
SKU003474,SEL00015
SKU003474,SEL00044
SKU003474,SEL00011
SKU003474,SEL00033
SKU003475,SEL00026
SKU003475,SEL00035
SKU003475,SEL00049
SKU003476,SEL00005
SKU003476,SEL00037
SKU003476,SEL00002
SKU003477,SEL00012
SKU003477,SEL00014
SKU003477,SEL00040
SKU003478,SEL00024
SKU003479,SEL00004
SKU003479,SEL00006
SKU003479,SEL00046
SKU003479,SEL00049
SKU003480,SEL00012
SKU003480,SEL00013
SKU003480,SEL00018
SKU003480,SEL00045
SKU003480,SEL00016
SKU003481,SEL00034
SKU003481,SEL00012
SKU003481,SEL00014
SKU003481,SEL00024
SKU003481,SEL00018
SKU003482,SEL00032
SKU003482,SEL00034
SKU003482,SEL00033
SKU003483,SEL00011
SKU003483,SEL00029
SKU003484,SEL00000
SKU003484,SEL00003
SKU003484,SEL00015
SKU003484,SEL00029
SKU003484,SEL00031
SKU003485,SEL00049
SKU003485,SEL00001
SKU003485,SEL00033
SKU003485,SEL00015
SKU003486,SEL00021
SKU003486,SEL00036
SKU003487,SEL00032
SKU003487,SEL00025
SKU003488,SEL00020
SKU003488,SEL00024
SKU003488,SEL00028
SKU003488,SEL00015
SKU003488,SEL00034
SKU003489,SEL00030
SKU003489,SEL00001
SKU003489,SEL00029
SKU003489,SEL00044
SKU003489,SEL00025
SKU003490,SEL00042
SKU003490,SEL00007
SKU003490,SEL00047
SKU003490,SEL00018
SKU003491,SEL00040
SKU003491,SEL00035
SKU003491,SEL00031
SKU003491,SEL00049
SKU003492,SEL00044
SKU003493,SEL00047
SKU003493,SEL00025
SKU003493,SEL00015
SKU003493,SEL00013
SKU003493,SEL00046
SKU003494,SEL00020
SKU003494,SEL00045
SKU003494,SEL00017
SKU003494,SEL00021
SKU003495,SEL00033
SKU003495,SEL00024
SKU003495,SEL00035
SKU003495,SEL00040
SKU003496,SEL00035
SKU003496,SEL00048
SKU003496,SEL00019
SKU003496,SEL00030
SKU003496,SEL00026
SKU003497,SEL00015
SKU003498,SEL00040
SKU003499,SEL00008
SKU003499,SEL00000
SKU003499,SEL00003
SKU003499,SEL00004
SKU003500,SEL00019
SKU003500,SEL00033
SKU003500,SEL00046
SKU003500,SEL00040
SKU003500,SEL00008
SKU003501,SEL00026
SKU003501,SEL00045
SKU003501,SEL00005
SKU003502,SEL00048
SKU003502,SEL00012
SKU003502,SEL00031
SKU003502,SEL00023
SKU003503,SEL00029
SKU003504,SEL00014
SKU003504,SEL00042
SKU003504,SEL00021
SKU003505,SEL00017
SKU003506,SEL00025
SKU003506,SEL00042
SKU003506,SEL00023
SKU003506,SEL00019
SKU003507,SEL00001
SKU003507,SEL00042
SKU003508,SEL00024
SKU003508,SEL00021
SKU003508,SEL00007
SKU003508,SEL00034
SKU003508,SEL00045
SKU003509,SEL00048
SKU003509,SEL00010
SKU003510,SEL00016
SKU003510,SEL00006
SKU003511,SEL00048
SKU003512,SEL00017
SKU003512,SEL00024
SKU003513,SEL00007
SKU003514,SEL00028
SKU003514,SEL00004
SKU003514,SEL00013
SKU003514,SEL00003
SKU003514,SEL00011
SKU003515,SEL00024
SKU003515,SEL00004
SKU003516,SEL00014
SKU003516,SEL00040
SKU003516,SEL00042
SKU003517,SEL00027
SKU003518,SEL00006
SKU003518,SEL00004
SKU003518,SEL00033
SKU003519,SEL00044
SKU003519,SEL00003
SKU003519,SEL00010
SKU003520,SEL00025
SKU003520,SEL00032
SKU003521,SEL00031
SKU003521,SEL00008
SKU003521,SEL00042
SKU003521,SEL00040
SKU003522,SEL00014
SKU003522,SEL00015
SKU003522,SEL00006
SKU003523,SEL00044
SKU003524,SEL00034
SKU003524,SEL00033
SKU003524,SEL00028
SKU003525,SEL00005
SKU003526,SEL00018
SKU003526,SEL00004
SKU003526,SEL00031
SKU003527,SEL00042
SKU003528,SEL00030
SKU003528,SEL00039
SKU003528,SEL00033
SKU003528,SEL00004
SKU003529,SEL00003
SKU003529,SEL00046
SKU003530,SEL00024
SKU003531,SEL00002
SKU003531,SEL00037
SKU003531,SEL00022
SKU003532,SEL00047
SKU003533,SEL00044
SKU003534,SEL00000
SKU003534,SEL00039
SKU003535,SEL00026
SKU003535,SEL00000
SKU003536,SEL00000
SKU003536,SEL00048
SKU003536,SEL00042
SKU003536,SEL00012
SKU003536,SEL00017
SKU003537,SEL00021
SKU003537,SEL00027
SKU003537,SEL00033
SKU003537,SEL00029
SKU003537,SEL00020
SKU003538,SEL00029
SKU003538,SEL00016
SKU003538,SEL00032
SKU003538,SEL00002
SKU003538,SEL00021
SKU003539,SEL00030
SKU003539,SEL00044
SKU003539,SEL00048
SKU003540,SEL00027
SKU003540,SEL00017
SKU003540,SEL00043
SKU003540,SEL00002
SKU003541,SEL00007
SKU003541,SEL00018
SKU003541,SEL00006
SKU003542,SEL00006
SKU003542,SEL00000
SKU003542,SEL00025
SKU003542,SEL00009
SKU003542,SEL00003
SKU003543,SEL00040
SKU003544,SEL00000
SKU003544,SEL00002
SKU003544,SEL00011
SKU003544,SEL00013
SKU003544,SEL00025
SKU003545,SEL00027
SKU003545,SEL00033
SKU003545,SEL00031
SKU003545,SEL00005
SKU003546,SEL00038
SKU003546,SEL00036
SKU003546,SEL00047
SKU003546,SEL00045
SKU003547,SEL00042
SKU003547,SEL00022
SKU003548,SEL00010
SKU003548,SEL00000
SKU003548,SEL00002
SKU003548,SEL00032
SKU003548,SEL00027
SKU003549,SEL00046
SKU003549,SEL00006
SKU003550,SEL00044
SKU003551,SEL00024
SKU003551,SEL00040
SKU003551,SEL00043
SKU003551,SEL00007
SKU003551,SEL00032
SKU003552,SEL00034
SKU003553,SEL00043
SKU003553,SEL00006
SKU003553,SEL00021
SKU003553,SEL00024
SKU003554,SEL00034
SKU003554,SEL00035
SKU003554,SEL00022
SKU003554,SEL00039
SKU003554,SEL00045
SKU003555,SEL00017
SKU003555,SEL00012
SKU003556,SEL00039
SKU003556,SEL00001
SKU003556,SEL00021
SKU003557,SEL00005
SKU003557,SEL00028
SKU003557,SEL00045
SKU003558,SEL00046
SKU003558,SEL00034
SKU003558,SEL00027
SKU003558,SEL00045
SKU003559,SEL00020
SKU003560,SEL00001
SKU003560,SEL00031
SKU003560,SEL00036
SKU003560,SEL00024
SKU003561,SEL00040
SKU003561,SEL00014
SKU003562,SEL00026
SKU003562,SEL00020
SKU003562,SEL00007
SKU003562,SEL00002
SKU003563,SEL00035
SKU003563,SEL00025
SKU003563,SEL00028
SKU003563,SEL00008
SKU003564,SEL00000
SKU003564,SEL00042
SKU003564,SEL00008
SKU003564,SEL00014
SKU003565,SEL00002
SKU003565,SEL00015
SKU003565,SEL00005
SKU003566,SEL00014
SKU003567,SEL00015
SKU003567,SEL00040
SKU003567,SEL00007
SKU003567,SEL00016
SKU003568,SEL00037
SKU003568,SEL00036
SKU003569,SEL00034
SKU003569,SEL00012
SKU003569,SEL00020
SKU003569,SEL00026
SKU003569,SEL00006
SKU003570,SEL00040
SKU003571,SEL00011
SKU003572,SEL00020
SKU003572,SEL00031
SKU003572,SEL00041
SKU003573,SEL00038
SKU003574,SEL00039
SKU003574,SEL00022
SKU003574,SEL00011
SKU003574,SEL00030
SKU003574,SEL00027
SKU003575,SEL00049
SKU003575,SEL00046
SKU003575,SEL00003
SKU003576,SEL00038
SKU003576,SEL00048
SKU003577,SEL00035
SKU003577,SEL00037
SKU003577,SEL00038
SKU003577,SEL00029
SKU003578,SEL00046
SKU003578,SEL00011
SKU003578,SEL00023
SKU003578,SEL00045
SKU003579,SEL00037
SKU003579,SEL00002
SKU003579,SEL00047
SKU003579,SEL00046
SKU003579,SEL00007
SKU003580,SEL00010
SKU003580,SEL00020
SKU003581,SEL00017
SKU003581,SEL00028
SKU003582,SEL00015
SKU003583,SEL00028
SKU003583,SEL00018
SKU003583,SEL00031
SKU003584,SEL00012
SKU003584,SEL00042
SKU003584,SEL00029
SKU003584,SEL00028
SKU003585,SEL00049
SKU003586,SEL00042
SKU003587,SEL00026
SKU003587,SEL00005
SKU003587,SEL00027
SKU003587,SEL00013
SKU003587,SEL00036
SKU003588,SEL00044
SKU003588,SEL00032
SKU003589,SEL00039
SKU003589,SEL00036
SKU003590,SEL00045
SKU003590,SEL00027
SKU003590,SEL00009
SKU003590,SEL00046
SKU003590,SEL00011
SKU003591,SEL00000
SKU003592,SEL00044
SKU003592,SEL00019
SKU003592,SEL00048
SKU003592,SEL00037
SKU003592,SEL00025
SKU003593,SEL00038
SKU003593,SEL00032
SKU003594,SEL00022
SKU003594,SEL00042
SKU003594,SEL00028
SKU003595,SEL00012
SKU003595,SEL00017
SKU003595,SEL00005
SKU003596,SEL00039
SKU003596,SEL00000
SKU003596,SEL00031
SKU003597,SEL00044
SKU003597,SEL00015
SKU003598,SEL00027
SKU003598,SEL00036
SKU003598,SEL00003
SKU003598,SEL00042
SKU003599,SEL00026
SKU003599,SEL00010
SKU003599,SEL00015
SKU003600,SEL00047
SKU003601,SEL00032
SKU003601,SEL00021
SKU003601,SEL00038
SKU003602,SEL00006
SKU003602,SEL00049
SKU003602,SEL00028
SKU003602,SEL00019
SKU003603,SEL00034
SKU003603,SEL00004
SKU003603,SEL00028
SKU003603,SEL00048
SKU003603,SEL00009
SKU003604,SEL00028
SKU003604,SEL00040
SKU003605,SEL00009
SKU003605,SEL00003
SKU003605,SEL00034
SKU003606,SEL00026
SKU003607,SEL00043
SKU003607,SEL00000
SKU003607,SEL00037
SKU003608,SEL00010
SKU003608,SEL00029
SKU003608,SEL00040
SKU003608,SEL00016
SKU003608,SEL00024
SKU003609,SEL00010
SKU003610,SEL00036
SKU003610,SEL00047
SKU003611,SEL00044
SKU003612,SEL00002
SKU003612,SEL00035
SKU003612,SEL00047
SKU003612,SEL00039
SKU003612,SEL00031
SKU003613,SEL00045
SKU003613,SEL00034
SKU003613,SEL00049
SKU003613,SEL00025
SKU003613,SEL00013
SKU003614,SEL00036
SKU003614,SEL00004
SKU003614,SEL00047
SKU003614,SEL00035
SKU003615,SEL00030
SKU003616,SEL00037
SKU003616,SEL00008
SKU003617,SEL00027
SKU003617,SEL00026
SKU003617,SEL00007
SKU003617,SEL00046
SKU003617,SEL00001
SKU003618,SEL00006
SKU003618,SEL00037
SKU003619,SEL00042
SKU003619,SEL00031
SKU003620,SEL00016
SKU003620,SEL00029
SKU003620,SEL00015
SKU003620,SEL00040
SKU003620,SEL00030
SKU003621,SEL00011
SKU003621,SEL00015
SKU003622,SEL00010
SKU003622,SEL00028
SKU003623,SEL00025
SKU003623,SEL00033
SKU003624,SEL00029
SKU003624,SEL00020
SKU003624,SEL00030
SKU003625,SEL00036
SKU003625,SEL00049
SKU003625,SEL00041
SKU003626,SEL00048
SKU003626,SEL00038
SKU003626,SEL00014
SKU003626,SEL00020
SKU003626,SEL00030
SKU003627,SEL00004
SKU003627,SEL00044
SKU003627,SEL00036
SKU003627,SEL00022
SKU003628,SEL00004
SKU003629,SEL00008
SKU003629,SEL00009
SKU003630,SEL00043
SKU003630,SEL00011
SKU003630,SEL00018
SKU003630,SEL00003
SKU003631,SEL00025
SKU003631,SEL00021
SKU003631,SEL00015
SKU003631,SEL00001
SKU003632,SEL00013
SKU003632,SEL00044
SKU003632,SEL00039
SKU003632,SEL00041
SKU003632,SEL00035
SKU003633,SEL00041
SKU003633,SEL00018
SKU003633,SEL00026
SKU003633,SEL00025
SKU003633,SEL00028
SKU003634,SEL00046
SKU003634,SEL00031
SKU003634,SEL00017
SKU003634,SEL00021
SKU003634,SEL00018
SKU003635,SEL00013
SKU003635,SEL00029
SKU003635,SEL00003
SKU003636,SEL00007
SKU003636,SEL00015
SKU003636,SEL00047
SKU003637,SEL00047
SKU003637,SEL00034
SKU003637,SEL00011
SKU003638,SEL00048
SKU003638,SEL00026
SKU003638,SEL00016
SKU003638,SEL00023
SKU003638,SEL00029
SKU003639,SEL00008
SKU003639,SEL00012
SKU003639,SEL00019
SKU003639,SEL00024
SKU003640,SEL00021
SKU003641,SEL00012
SKU003641,SEL00022
SKU003641,SEL00018
SKU003641,SEL00023
SKU003641,SEL00009
SKU003642,SEL00013
SKU003642,SEL00007
SKU003642,SEL00045
SKU003643,SEL00012
SKU003643,SEL00006
SKU003643,SEL00045
SKU003643,SEL00029
SKU003644,SEL00014
SKU003644,SEL00017
SKU003644,SEL00031
SKU003645,SEL00001
SKU003645,SEL00018
SKU003646,SEL00007
SKU003646,SEL00008
SKU003646,SEL00038
SKU003646,SEL00042
SKU003646,SEL00010
SKU003647,SEL00026
SKU003648,SEL00034
SKU003649,SEL00020
SKU003649,SEL00032
SKU003649,SEL00043
SKU003649,SEL00023
SKU003649,SEL00030
SKU003650,SEL00038
SKU003650,SEL00032
SKU003650,SEL00025
SKU003650,SEL00023
SKU003650,SEL00011
SKU003651,SEL00025
SKU003651,SEL00000
SKU003651,SEL00044
SKU003651,SEL00033
SKU003651,SEL00032
SKU003652,SEL00000
SKU003652,SEL00022
SKU003652,SEL00013
SKU003652,SEL00028
SKU003653,SEL00048
SKU003653,SEL00017
SKU003653,SEL00019
SKU003654,SEL00047
SKU003655,SEL00035
SKU003655,SEL00033
SKU003655,SEL00002
SKU003655,SEL00019
SKU003655,SEL00036
SKU003656,SEL00008
SKU003657,SEL00041
SKU003657,SEL00018
SKU003657,SEL00006
SKU003657,SEL00036
SKU003657,SEL00049
SKU003658,SEL00006
SKU003658,SEL00028
SKU003658,SEL00021
SKU003659,SEL00046
SKU003659,SEL00013
SKU003659,SEL00030
SKU003659,SEL00027
SKU003659,SEL00049
SKU003660,SEL00032
SKU003660,SEL00038
SKU003660,SEL00047
SKU003660,SEL00044
SKU003661,SEL00025
SKU003661,SEL00030
SKU003661,SEL00039
SKU003661,SEL00028
SKU003661,SEL00020
SKU003662,SEL00035
SKU003662,SEL00002
SKU003662,SEL00017
SKU003662,SEL00005
SKU003662,SEL00018
SKU003663,SEL00018
SKU003664,SEL00045
SKU003665,SEL00044
SKU003665,SEL00018
SKU003665,SEL00039
SKU003666,SEL00047
SKU003666,SEL00021
SKU003667,SEL00018
SKU003667,SEL00047
SKU003667,SEL00014
SKU003667,SEL00022
SKU003667,SEL00027
SKU003668,SEL00045
SKU003668,SEL00026
SKU003668,SEL00007
SKU003668,SEL00020
SKU003669,SEL00006
SKU003669,SEL00003
SKU003669,SEL00033
SKU003670,SEL00026
SKU003670,SEL00005
SKU003670,SEL00023
SKU003670,SEL00038
SKU003670,SEL00045
SKU003671,SEL00007
SKU003671,SEL00014
SKU003671,SEL00038
SKU003672,SEL00038
SKU003672,SEL00026
SKU003672,SEL00030
SKU003672,SEL00028
SKU003672,SEL00008
SKU003673,SEL00041
SKU003673,SEL00044
SKU003673,SEL00020
SKU003674,SEL00003
SKU003675,SEL00003
SKU003675,SEL00013
SKU003675,SEL00017
SKU003675,SEL00020
SKU003676,SEL00003
SKU003676,SEL00049
SKU003676,SEL00048
SKU003676,SEL00045
SKU003677,SEL00048
SKU003677,SEL00002
SKU003678,SEL00043
SKU003678,SEL00002
SKU003678,SEL00046
SKU003678,SEL00020
SKU003678,SEL00015
SKU003679,SEL00026
SKU003679,SEL00014
SKU003680,SEL00020
SKU003680,SEL00001
SKU003680,SEL00017
SKU003680,SEL00029
SKU003680,SEL00012
SKU003681,SEL00015
SKU003681,SEL00032
SKU003681,SEL00040
SKU003681,SEL00047
SKU003682,SEL00014
SKU003682,SEL00008
SKU003682,SEL00032
SKU003682,SEL00027
SKU003683,SEL00038
SKU003683,SEL00004
SKU003683,SEL00009
SKU003684,SEL00012
SKU003684,SEL00003
SKU003684,SEL00047
SKU003685,SEL00012
SKU003686,SEL00025
SKU003686,SEL00048
SKU003686,SEL00035
SKU003687,SEL00036
SKU003687,SEL00048
SKU003687,SEL00027
SKU003688,SEL00021
SKU003689,SEL00038
SKU003690,SEL00006
SKU003690,SEL00011
SKU003691,SEL00004
SKU003691,SEL00035
SKU003691,SEL00022
SKU003691,SEL00024
SKU003692,SEL00046
SKU003692,SEL00045
SKU003692,SEL00047
SKU003693,SEL00032
SKU003693,SEL00008
SKU003694,SEL00048
SKU003694,SEL00007
SKU003694,SEL00002
SKU003694,SEL00001
SKU003694,SEL00029
SKU003695,SEL00001
SKU003696,SEL00018
SKU003697,SEL00001
SKU003697,SEL00004
SKU003697,SEL00037
SKU003698,SEL00044
SKU003698,SEL00043
SKU003698,SEL00047
SKU003699,SEL00008
SKU003699,SEL00017
SKU003699,SEL00011
SKU003699,SEL00043
SKU003699,SEL00016
SKU003700,SEL00017
SKU003701,SEL00008
SKU003701,SEL00017
SKU003701,SEL00020
SKU003702,SEL00002
SKU003702,SEL00049
SKU003703,SEL00035
SKU003703,SEL00020
SKU003703,SEL00046
SKU003703,SEL00029
SKU003704,SEL00038
SKU003704,SEL00030
SKU003705,SEL00015
SKU003706,SEL00039
SKU003706,SEL00027
SKU003706,SEL00024
SKU003706,SEL00044
SKU003706,SEL00019
SKU003707,SEL00007
SKU003707,SEL00043
SKU003707,SEL00008
SKU003708,SEL00015
SKU003708,SEL00027
SKU003708,SEL00047
SKU003708,SEL00028
SKU003709,SEL00035
SKU003709,SEL00016
SKU003709,SEL00033
SKU003709,SEL00049
SKU003709,SEL00023
SKU003710,SEL00036
SKU003710,SEL00017
SKU003711,SEL00032
SKU003712,SEL00038
SKU003712,SEL00044
SKU003713,SEL00036
SKU003713,SEL00006
SKU003714,SEL00021
SKU003714,SEL00002
SKU003714,SEL00004
SKU003714,SEL00012
SKU003715,SEL00049
SKU003715,SEL00000
SKU003715,SEL00025
SKU003716,SEL00041
SKU003716,SEL00044
SKU003716,SEL00024
SKU003716,SEL00026
SKU003717,SEL00038
SKU003717,SEL00029
SKU003717,SEL00009
SKU003717,SEL00031
SKU003717,SEL00043
SKU003718,SEL00034
SKU003718,SEL00010
SKU003718,SEL00019
SKU003718,SEL00022
SKU003718,SEL00006
SKU003719,SEL00011
SKU003719,SEL00023
SKU003720,SEL00049
SKU003720,SEL00025
SKU003720,SEL00046
SKU003720,SEL00009
SKU003720,SEL00015
SKU003721,SEL00000
SKU003721,SEL00034
SKU003722,SEL00039
SKU003722,SEL00014
SKU003722,SEL00025
SKU003722,SEL00013
SKU003723,SEL00036
SKU003723,SEL00011
SKU003723,SEL00029
SKU003723,SEL00022
SKU003724,SEL00001
SKU003725,SEL00034
SKU003726,SEL00006
SKU003726,SEL00001
SKU003726,SEL00033
SKU003726,SEL00028
SKU003727,SEL00018
SKU003727,SEL00033
SKU003727,SEL00006
SKU003727,SEL00019
SKU003728,SEL00019
SKU003728,SEL00031
SKU003728,SEL00011
SKU003728,SEL00049
SKU003728,SEL00001
SKU003729,SEL00048
SKU003730,SEL00012
SKU003730,SEL00031
SKU003730,SEL00011
SKU003730,SEL00034
SKU003731,SEL00006
SKU003731,SEL00046
SKU003731,SEL00018
SKU003732,SEL00012
SKU003733,SEL00037
SKU003733,SEL00003
SKU003733,SEL00036
SKU003734,SEL00019
SKU003734,SEL00013
SKU003734,SEL00035
SKU003734,SEL00039
SKU003735,SEL00041
SKU003735,SEL00048
SKU003735,SEL00019
SKU003735,SEL00042
SKU003736,SEL00043
SKU003736,SEL00007
SKU003736,SEL00049
SKU003737,SEL00015
SKU003737,SEL00035
SKU003737,SEL00016
SKU003737,SEL00028
SKU003737,SEL00032
SKU003738,SEL00008
SKU003738,SEL00032
SKU003739,SEL00007
SKU003739,SEL00003
SKU003739,SEL00043
SKU003739,SEL00011
SKU003739,SEL00000
SKU003740,SEL00035
SKU003740,SEL00047
SKU003740,SEL00009
SKU003740,SEL00014
SKU003741,SEL00042
SKU003741,SEL00028
SKU003741,SEL00037
SKU003741,SEL00033
SKU003742,SEL00029
SKU003742,SEL00021
SKU003742,SEL00031
SKU003743,SEL00006
SKU003743,SEL00040
SKU003743,SEL00005
SKU003743,SEL00015
SKU003744,SEL00001
SKU003744,SEL00048
SKU003745,SEL00028
SKU003745,SEL00008
SKU003746,SEL00008
SKU003746,SEL00035
SKU003746,SEL00038
SKU003746,SEL00015
SKU003747,SEL00014
SKU003747,SEL00023
SKU003747,SEL00009
SKU003748,SEL00025
SKU003748,SEL00029
SKU003749,SEL00024
SKU003749,SEL00000
SKU003749,SEL00016
SKU003750,SEL00018
SKU003750,SEL00032
SKU003751,SEL00004
SKU003751,SEL00014
SKU003751,SEL00023
SKU003752,SEL00000
SKU003753,SEL00014
SKU003754,SEL00010
SKU003754,SEL00015
SKU003754,SEL00013
SKU003754,SEL00035
SKU003754,SEL00020
SKU003755,SEL00046
SKU003756,SEL00010
SKU003756,SEL00005
SKU003756,SEL00022
SKU003756,SEL00017
SKU003756,SEL00027
SKU003757,SEL00037
SKU003757,SEL00041
SKU003758,SEL00022
SKU003758,SEL00018
SKU003758,SEL00015
SKU003758,SEL00009
SKU003758,SEL00011
SKU003759,SEL00002
SKU003760,SEL00045
SKU003760,SEL00004
SKU003761,SEL00000
SKU003762,SEL00044
SKU003762,SEL00036
SKU003763,SEL00004
SKU003763,SEL00005
SKU003763,SEL00037
SKU003763,SEL00035
SKU003764,SEL00048
SKU003765,SEL00038
SKU003765,SEL00011
SKU003765,SEL00034
SKU003765,SEL00014
SKU003766,SEL00044
SKU003766,SEL00018
SKU003767,SEL00040
SKU003767,SEL00014
SKU003767,SEL00002
SKU003768,SEL00015
SKU003768,SEL00019
SKU003769,SEL00026
SKU003770,SEL00002
SKU003771,SEL00014
SKU003771,SEL00020
SKU003772,SEL00036
SKU003772,SEL00043
SKU003772,SEL00041
SKU003772,SEL00033
SKU003772,SEL00047
SKU003773,SEL00022
SKU003773,SEL00044
SKU003773,SEL00009
SKU003773,SEL00026
SKU003774,SEL00018
SKU003774,SEL00000
SKU003774,SEL00013
SKU003775,SEL00006
SKU003775,SEL00028
SKU003776,SEL00047
SKU003776,SEL00018
SKU003776,SEL00002
SKU003776,SEL00021
SKU003777,SEL00049
SKU003777,SEL00033
SKU003777,SEL00004
SKU003778,SEL00020
SKU003778,SEL00047
SKU003778,SEL00016
SKU003779,SEL00035
SKU003779,SEL00042
SKU003780,SEL00005
SKU003780,SEL00018
SKU003780,SEL00039
SKU003781,SEL00049
SKU003781,SEL00000
SKU003781,SEL00018
SKU003781,SEL00028
SKU003781,SEL00022
SKU003782,SEL00028
SKU003782,SEL00022
SKU003783,SEL00018
SKU003784,SEL00029
SKU003784,SEL00045
SKU003785,SEL00048
SKU003785,SEL00015
SKU003786,SEL00032
SKU003786,SEL00046
SKU003786,SEL00025
SKU003786,SEL00040
SKU003786,SEL00022
SKU003787,SEL00043
SKU003788,SEL00022
SKU003788,SEL00004
SKU003789,SEL00001
SKU003789,SEL00002
SKU003789,SEL00027
SKU003789,SEL00031
SKU003790,SEL00013
SKU003790,SEL00045
SKU003790,SEL00010
SKU003790,SEL00009
SKU003791,SEL00028
SKU003791,SEL00005
SKU003792,SEL00022
SKU003793,SEL00044
SKU003793,SEL00046
SKU003793,SEL00025
SKU003793,SEL00047
SKU003793,SEL00019
SKU003794,SEL00000
SKU003795,SEL00048
SKU003795,SEL00039
SKU003795,SEL00040
SKU003795,SEL00044
SKU003796,SEL00017
SKU003796,SEL00018
SKU003796,SEL00040
SKU003797,SEL00031
SKU003798,SEL00040
SKU003799,SEL00006
SKU003799,SEL00015
SKU003799,SEL00002
SKU003799,SEL00048
SKU003800,SEL00031
SKU003800,SEL00041
SKU003800,SEL00027
SKU003801,SEL00031
SKU003801,SEL00018
SKU003801,SEL00036
SKU003801,SEL00049
SKU003802,SEL00049
SKU003803,SEL00036
SKU003803,SEL00030
SKU003803,SEL00019
SKU003804,SEL00040
SKU003804,SEL00023
SKU003804,SEL00006
SKU003805,SEL00033
SKU003805,SEL00017
SKU003805,SEL00009
SKU003806,SEL00049
SKU003806,SEL00043
SKU003806,SEL00034
SKU003807,SEL00039
SKU003807,SEL00003
SKU003807,SEL00013
SKU003807,SEL00021
SKU003808,SEL00020
SKU003808,SEL00030
SKU003808,SEL00000
SKU003809,SEL00029
SKU003809,SEL00040
SKU003809,SEL00014
SKU003810,SEL00013
SKU003810,SEL00040
SKU003811,SEL00020
SKU003811,SEL00046
SKU003811,SEL00021
SKU003811,SEL00028
SKU003811,SEL00039
SKU003812,SEL00003
SKU003812,SEL00043
SKU003812,SEL00041
SKU003812,SEL00023
SKU003812,SEL00025
SKU003813,SEL00027
SKU003813,SEL00006
SKU003813,SEL00029
SKU003814,SEL00016
SKU003814,SEL00039
SKU003814,SEL00046
SKU003814,SEL00011
SKU003815,SEL00020
SKU003815,SEL00032
SKU003816,SEL00042
SKU003816,SEL00010
SKU003817,SEL00039
SKU003818,SEL00010
SKU003818,SEL00025
SKU003818,SEL00003
SKU003818,SEL00029
SKU003818,SEL00000
SKU003819,SEL00004
SKU003820,SEL00003
SKU003820,SEL00044
SKU003820,SEL00025
SKU003820,SEL00011
SKU003820,SEL00020
SKU003821,SEL00025
SKU003821,SEL00035
SKU003822,SEL00047
SKU003822,SEL00015
SKU003823,SEL00045
SKU003824,SEL00046
SKU003824,SEL00020
SKU003824,SEL00027
SKU003824,SEL00015
SKU003824,SEL00025
SKU003825,SEL00031
SKU003825,SEL00033
SKU003825,SEL00003
SKU003825,SEL00026
SKU003826,SEL00033
SKU003826,SEL00015
SKU003826,SEL00017
SKU003826,SEL00018
SKU003827,SEL00011
SKU003827,SEL00004
SKU003827,SEL00024
SKU003827,SEL00036
SKU003828,SEL00046
SKU003828,SEL00002
SKU003828,SEL00036
SKU003829,SEL00015
SKU003829,SEL00034
SKU003829,SEL00017
SKU003830,SEL00027
SKU003830,SEL00013
SKU003830,SEL00034
SKU003830,SEL00006
SKU003831,SEL00035
SKU003831,SEL00028
SKU003831,SEL00027
SKU003831,SEL00033
SKU003831,SEL00046
SKU003832,SEL00024
SKU003833,SEL00017
SKU003834,SEL00037
SKU003835,SEL00010
SKU003835,SEL00011
SKU003835,SEL00014
SKU003836,SEL00049
SKU003836,SEL00015
SKU003836,SEL00032
SKU003836,SEL00009
SKU003836,SEL00025
SKU003837,SEL00012
SKU003837,SEL00026
SKU003837,SEL00006
SKU003837,SEL00033
SKU003838,SEL00035
SKU003838,SEL00044
SKU003838,SEL00041
SKU003838,SEL00018
SKU003839,SEL00015
SKU003839,SEL00003
SKU003840,SEL00029
SKU003840,SEL00047
SKU003840,SEL00045
SKU003840,SEL00038
SKU003840,SEL00034
SKU003841,SEL00034
SKU003841,SEL00049
SKU003841,SEL00010
SKU003841,SEL00019
SKU003841,SEL00038
SKU003842,SEL00042
SKU003843,SEL00034
SKU003843,SEL00024
SKU003844,SEL00002
SKU003844,SEL00023
SKU003844,SEL00032
SKU003845,SEL00034
SKU003845,SEL00009
SKU003846,SEL00030
SKU003846,SEL00000
SKU003846,SEL00025
SKU003846,SEL00003
SKU003846,SEL00043
SKU003847,SEL00037
SKU003847,SEL00042
SKU003848,SEL00004
SKU003848,SEL00042
SKU003848,SEL00011
SKU003848,SEL00009
SKU003848,SEL00031
SKU003849,SEL00009
SKU003850,SEL00020
SKU003850,SEL00023
SKU003850,SEL00032
SKU003850,SEL00029
SKU003850,SEL00017
SKU003851,SEL00025
SKU003851,SEL00028
SKU003851,SEL00044
SKU003852,SEL00042
SKU003852,SEL00035
SKU003852,SEL00031
SKU003852,SEL00007
SKU003852,SEL00020
SKU003853,SEL00001
SKU003853,SEL00023
SKU003854,SEL00026
SKU003854,SEL00004
SKU003854,SEL00010
SKU003854,SEL00002
SKU003854,SEL00025
SKU003855,SEL00016
SKU003856,SEL00041
SKU003856,SEL00014
SKU003857,SEL00014
SKU003858,SEL00036
SKU003859,SEL00007
SKU003859,SEL00020
SKU003859,SEL00010
SKU003859,SEL00000
SKU003860,SEL00025
SKU003860,SEL00043
SKU003860,SEL00011
SKU003860,SEL00015
SKU003861,SEL00041
SKU003861,SEL00019
SKU003861,SEL00043
SKU003862,SEL00041
SKU003863,SEL00019
SKU003863,SEL00038
SKU003863,SEL00012
SKU003864,SEL00021
SKU003864,SEL00025
SKU003864,SEL00004
SKU003864,SEL00009
SKU003865,SEL00032
SKU003865,SEL00043
SKU003865,SEL00003
SKU003866,SEL00018
SKU003867,SEL00022
SKU003867,SEL00004
SKU003868,SEL00041
SKU003869,SEL00014
SKU003869,SEL00021
SKU003869,SEL00000
SKU003869,SEL00046
SKU003869,SEL00001
SKU003870,SEL00025
SKU003870,SEL00041
SKU003870,SEL00016
SKU003871,SEL00030
SKU003872,SEL00009
SKU003872,SEL00015
SKU003872,SEL00018
SKU003873,SEL00032
SKU003873,SEL00046
SKU003873,SEL00017
SKU003873,SEL00020
SKU003873,SEL00003
SKU003874,SEL00026
SKU003874,SEL00016
SKU003874,SEL00001
SKU003875,SEL00021
SKU003876,SEL00025
SKU003876,SEL00035
SKU003876,SEL00017
SKU003876,SEL00003
SKU003876,SEL00043
SKU003877,SEL00005
SKU003877,SEL00046
SKU003877,SEL00048
SKU003878,SEL00036
SKU003879,SEL00038
SKU003879,SEL00021
SKU003879,SEL00022
SKU003879,SEL00000
SKU003880,SEL00025
SKU003881,SEL00021
SKU003881,SEL00031
SKU003881,SEL00045
SKU003881,SEL00040
SKU003882,SEL00009
SKU003882,SEL00047
SKU003882,SEL00035
SKU003882,SEL00027
SKU003882,SEL00033
SKU003883,SEL00028
SKU003883,SEL00016
SKU003883,SEL00046
SKU003884,SEL00043
SKU003884,SEL00015
SKU003884,SEL00035
SKU003884,SEL00025
SKU003885,SEL00036
SKU003885,SEL00047
SKU003885,SEL00035
SKU003886,SEL00031
SKU003886,SEL00014
SKU003887,SEL00035
SKU003887,SEL00006
SKU003887,SEL00026
SKU003887,SEL00033
SKU003888,SEL00035
SKU003889,SEL00023
SKU003889,SEL00000
SKU003889,SEL00021
SKU003889,SEL00012
SKU003889,SEL00032
SKU003890,SEL00023
SKU003890,SEL00025
SKU003890,SEL00020
SKU003890,SEL00035
SKU003890,SEL00032
SKU003891,SEL00006
SKU003891,SEL00001
SKU003891,SEL00009
SKU003891,SEL00027
SKU003892,SEL00029
SKU003892,SEL00011
SKU003892,SEL00013
SKU003893,SEL00005
SKU003894,SEL00018
SKU003894,SEL00049
SKU003894,SEL00010
SKU003895,SEL00029
SKU003896,SEL00020
SKU003897,SEL00048
SKU003897,SEL00043
SKU003897,SEL00040
SKU003897,SEL00000
SKU003898,SEL00018
SKU003899,SEL00011
SKU003899,SEL00000
SKU003899,SEL00049
SKU003900,SEL00039
SKU003900,SEL00044
SKU003901,SEL00041
SKU003901,SEL00007
SKU003901,SEL00016
SKU003901,SEL00038
SKU003902,SEL00029
SKU003902,SEL00032
SKU003902,SEL00002
SKU003902,SEL00030
SKU003902,SEL00008
SKU003903,SEL00015
SKU003903,SEL00013
SKU003903,SEL00034
SKU003904,SEL00048
SKU003904,SEL00041
SKU003905,SEL00036
SKU003905,SEL00034
SKU003905,SEL00039
SKU003906,SEL00018
SKU003906,SEL00017
SKU003906,SEL00006
SKU003906,SEL00038
SKU003907,SEL00031
SKU003907,SEL00039
SKU003907,SEL00024
SKU003907,SEL00037
SKU003907,SEL00045
SKU003908,SEL00008
SKU003909,SEL00004
SKU003909,SEL00032
SKU003910,SEL00010
SKU003910,SEL00026
SKU003910,SEL00033
SKU003910,SEL00038
SKU003910,SEL00012
SKU003911,SEL00003
SKU003912,SEL00049
SKU003912,SEL00043
SKU003912,SEL00028
SKU003912,SEL00048
SKU003913,SEL00002
SKU003913,SEL00022
SKU003914,SEL00047
SKU003914,SEL00017
SKU003914,SEL00037
SKU003915,SEL00030
SKU003915,SEL00006
SKU003915,SEL00033
SKU003915,SEL00001
SKU003916,SEL00020
SKU003917,SEL00043
SKU003917,SEL00018
SKU003917,SEL00041
SKU003917,SEL00032
SKU003918,SEL00035
SKU003918,SEL00040
SKU003918,SEL00041
SKU003918,SEL00034
SKU003918,SEL00030
SKU003919,SEL00005
SKU003919,SEL00002
SKU003919,SEL00038
SKU003920,SEL00027
SKU003920,SEL00048
SKU003920,SEL00031
SKU003920,SEL00007
SKU003921,SEL00010
SKU003922,SEL00027
SKU003922,SEL00047
SKU003922,SEL00015
SKU003923,SEL00017
SKU003923,SEL00027
SKU003924,SEL00036
SKU003924,SEL00010
SKU003924,SEL00023
SKU003925,SEL00037
SKU003925,SEL00046
SKU003926,SEL00026
SKU003926,SEL00008
SKU003927,SEL00036
SKU003927,SEL00006
SKU003927,SEL00000
SKU003928,SEL00049
SKU003928,SEL00022
SKU003928,SEL00001
SKU003928,SEL00015
SKU003928,SEL00009
SKU003929,SEL00023
SKU003929,SEL00047
SKU003929,SEL00046
SKU003929,SEL00003
SKU003930,SEL00014
SKU003930,SEL00043
SKU003931,SEL00028
SKU003931,SEL00042
SKU003931,SEL00044
SKU003932,SEL00001
SKU003932,SEL00010
SKU003932,SEL00023
SKU003932,SEL00016
SKU003932,SEL00011
SKU003933,SEL00003
SKU003933,SEL00026
SKU003933,SEL00028
SKU003933,SEL00035
SKU003933,SEL00015
SKU003934,SEL00003
SKU003934,SEL00034
SKU003934,SEL00031
SKU003934,SEL00028
SKU003935,SEL00021
SKU003936,SEL00041
SKU003936,SEL00029
SKU003936,SEL00009
SKU003936,SEL00036
SKU003937,SEL00039
SKU003937,SEL00047
SKU003938,SEL00029
SKU003938,SEL00006
SKU003938,SEL00048
SKU003939,SEL00035
SKU003939,SEL00037
SKU003940,SEL00005
SKU003941,SEL00047
SKU003941,SEL00038
SKU003941,SEL00026
SKU003942,SEL00011
SKU003942,SEL00048
SKU003942,SEL00010
SKU003942,SEL00009
SKU003943,SEL00006
SKU003943,SEL00007
SKU003944,SEL00014
SKU003944,SEL00020
SKU003945,SEL00000
SKU003945,SEL00031
SKU003945,SEL00033
SKU003945,SEL00003
SKU003945,SEL00002
SKU003946,SEL00009
SKU003946,SEL00044
SKU003946,SEL00008
SKU003946,SEL00048
SKU003946,SEL00012
SKU003947,SEL00038
SKU003947,SEL00028
SKU003948,SEL00040
SKU003949,SEL00011
SKU003950,SEL00005
SKU003950,SEL00043
SKU003950,SEL00035
SKU003950,SEL00025
SKU003950,SEL00021
SKU003951,SEL00006
SKU003951,SEL00023
SKU003951,SEL00047
SKU003951,SEL00041
SKU003951,SEL00028
SKU003952,SEL00041
SKU003952,SEL00011
SKU003953,SEL00033
SKU003953,SEL00007
SKU003953,SEL00037
SKU003954,SEL00043
SKU003954,SEL00004
SKU003954,SEL00018
SKU003954,SEL00019
SKU003955,SEL00033
SKU003955,SEL00035
SKU003955,SEL00034
SKU003956,SEL00049
SKU003956,SEL00027
SKU003956,SEL00045
SKU003957,SEL00025
SKU003958,SEL00008
SKU003959,SEL00009
SKU003959,SEL00044
SKU003959,SEL00003
SKU003959,SEL00023
SKU003960,SEL00034
SKU003960,SEL00037
SKU003960,SEL00024
SKU003960,SEL00007
SKU003960,SEL00018
SKU003961,SEL00006
SKU003961,SEL00025
SKU003962,SEL00026
SKU003962,SEL00034
SKU003963,SEL00001
SKU003963,SEL00012
SKU003963,SEL00005
SKU003964,SEL00013
SKU003964,SEL00003
SKU003964,SEL00040
SKU003964,SEL00009
SKU003964,SEL00039
SKU003965,SEL00031
SKU003966,SEL00049
SKU003966,SEL00043
SKU003967,SEL00035
SKU003967,SEL00001
SKU003967,SEL00000
SKU003968,SEL00015
SKU003968,SEL00036
SKU003968,SEL00045
SKU003968,SEL00027
SKU003968,SEL00018
SKU003969,SEL00016
SKU003970,SEL00030
SKU003970,SEL00040
SKU003970,SEL00006
SKU003970,SEL00038
SKU003970,SEL00036
SKU003971,SEL00047
SKU003971,SEL00048
SKU003971,SEL00010
SKU003971,SEL00012
SKU003971,SEL00005
SKU003972,SEL00013
SKU003973,SEL00018
SKU003973,SEL00007
SKU003974,SEL00008
SKU003974,SEL00028
SKU003974,SEL00017
SKU003974,SEL00002
SKU003974,SEL00030
SKU003975,SEL00008
SKU003975,SEL00013
SKU003976,SEL00021
SKU003976,SEL00027
SKU003976,SEL00034
SKU003976,SEL00030
SKU003977,SEL00010
SKU003977,SEL00005
SKU003978,SEL00047
SKU003978,SEL00013
SKU003978,SEL00018
SKU003978,SEL00038
SKU003979,SEL00034
SKU003980,SEL00041
SKU003980,SEL00024
SKU003980,SEL00032
SKU003980,SEL00031
SKU003981,SEL00022
SKU003981,SEL00016
SKU003982,SEL00046
SKU003982,SEL00025
SKU003983,SEL00021
SKU003984,SEL00047
SKU003985,SEL00034
SKU003986,SEL00027
SKU003986,SEL00045
SKU003986,SEL00029
SKU003987,SEL00045
SKU003987,SEL00026
SKU003987,SEL00024
SKU003987,SEL00049
SKU003988,SEL00043
SKU003988,SEL00040
SKU003988,SEL00031
SKU003988,SEL00017
SKU003989,SEL00033
SKU003989,SEL00040
SKU003989,SEL00043
SKU003989,SEL00042
SKU003989,SEL00046
SKU003990,SEL00019
SKU003990,SEL00022
SKU003990,SEL00032
SKU003991,SEL00018
SKU003991,SEL00015
SKU003991,SEL00010
SKU003992,SEL00024
SKU003993,SEL00020
SKU003993,SEL00012
SKU003994,SEL00032
SKU003994,SEL00024
SKU003994,SEL00046
SKU003995,SEL00001
SKU003995,SEL00008
SKU003995,SEL00009
SKU003995,SEL00041
SKU003996,SEL00031
SKU003996,SEL00012
SKU003996,SEL00006
SKU003996,SEL00022
SKU003996,SEL00048
SKU003997,SEL00024
SKU003997,SEL00005
SKU003997,SEL00001
SKU003997,SEL00029
SKU003997,SEL00033
SKU003998,SEL00039
SKU003998,SEL00030
SKU003999,SEL00014
SKU003999,SEL00035
SKU003999,SEL00034
SKU004000,SEL00034
SKU004001,SEL00032
SKU004002,SEL00038
SKU004002,SEL00024
SKU004002,SEL00036
SKU004002,SEL00006
SKU004002,SEL00041
SKU004003,SEL00041
SKU004003,SEL00022
SKU004003,SEL00042
SKU004004,SEL00028
SKU004004,SEL00004
SKU004004,SEL00018
SKU004004,SEL00022
SKU004004,SEL00015
SKU004005,SEL00030
SKU004005,SEL00045
SKU004006,SEL00046
SKU004007,SEL00023
SKU004007,SEL00012
SKU004007,SEL00002
SKU004007,SEL00036
SKU004007,SEL00010
SKU004008,SEL00007
SKU004009,SEL00036
SKU004009,SEL00029
SKU004009,SEL00018
SKU004009,SEL00038
SKU004009,SEL00026
SKU004010,SEL00018
SKU004010,SEL00006
SKU004010,SEL00011
SKU004010,SEL00012
SKU004011,SEL00018
SKU004011,SEL00013
SKU004012,SEL00045
SKU004012,SEL00046
SKU004012,SEL00011
SKU004012,SEL00002
SKU004013,SEL00018
SKU004013,SEL00033
SKU004013,SEL00028
SKU004014,SEL00024
SKU004014,SEL00002
SKU004015,SEL00018
SKU004015,SEL00033
SKU004016,SEL00047
SKU004016,SEL00017
SKU004016,SEL00032
SKU004017,SEL00045
SKU004017,SEL00021
SKU004018,SEL00006
SKU004018,SEL00032
SKU004018,SEL00012
SKU004018,SEL00041
SKU004019,SEL00038
SKU004019,SEL00020
SKU004019,SEL00043
SKU004020,SEL00031
SKU004020,SEL00024
SKU004020,SEL00039
SKU004020,SEL00038
SKU004020,SEL00049
SKU004021,SEL00040
SKU004022,SEL00006
SKU004022,SEL00046
SKU004022,SEL00009
SKU004022,SEL00035
SKU004022,SEL00028
SKU004023,SEL00036
SKU004023,SEL00000
SKU004023,SEL00011
SKU004023,SEL00015
SKU004024,SEL00030
SKU004024,SEL00048
SKU004024,SEL00005
SKU004024,SEL00039
SKU004024,SEL00017
SKU004025,SEL00003
SKU004025,SEL00039
SKU004026,SEL00018
SKU004026,SEL00015
SKU004026,SEL00012
SKU004027,SEL00012
SKU004028,SEL00022
SKU004028,SEL00014
SKU004029,SEL00043
SKU004029,SEL00048
SKU004030,SEL00033
SKU004031,SEL00012
SKU004031,SEL00020
SKU004031,SEL00006
SKU004031,SEL00030
SKU004032,SEL00009
SKU004032,SEL00024
SKU004032,SEL00039
SKU004032,SEL00016
SKU004032,SEL00010
SKU004033,SEL00021
SKU004033,SEL00047
SKU004033,SEL00034
SKU004033,SEL00008
SKU004034,SEL00042
SKU004034,SEL00025
SKU004035,SEL00020
SKU004035,SEL00012
SKU004035,SEL00011
SKU004036,SEL00037
SKU004036,SEL00005
SKU004036,SEL00007
SKU004036,SEL00012
SKU004036,SEL00016
SKU004037,SEL00012
SKU004037,SEL00000
SKU004037,SEL00003
SKU004037,SEL00040
SKU004038,SEL00012
SKU004038,SEL00023
SKU004038,SEL00036
SKU004038,SEL00041
SKU004039,SEL00021
SKU004039,SEL00041
SKU004040,SEL00001
SKU004040,SEL00044
SKU004040,SEL00022
SKU004040,SEL00017
SKU004041,SEL00007
SKU004041,SEL00033
SKU004041,SEL00020
SKU004041,SEL00037
SKU004041,SEL00039
SKU004042,SEL00023
SKU004042,SEL00029
SKU004042,SEL00030
SKU004042,SEL00012
SKU004042,SEL00039
SKU004043,SEL00032
SKU004043,SEL00031
SKU004043,SEL00045
SKU004043,SEL00025
SKU004043,SEL00006
SKU004044,SEL00000
SKU004044,SEL00048
SKU004044,SEL00011
SKU004044,SEL00021
SKU004044,SEL00018
SKU004045,SEL00030
SKU004045,SEL00013
SKU004045,SEL00022
SKU004045,SEL00021
SKU004046,SEL00013
SKU004046,SEL00018
SKU004046,SEL00042
SKU004046,SEL00041
SKU004046,SEL00029
SKU004047,SEL00028
SKU004047,SEL00026
SKU004048,SEL00031
SKU004049,SEL00019
SKU004050,SEL00009
SKU004050,SEL00002
SKU004050,SEL00032
SKU004050,SEL00043
SKU004050,SEL00015
SKU004051,SEL00041
SKU004051,SEL00025
SKU004052,SEL00030
SKU004052,SEL00016
SKU004052,SEL00005
SKU004053,SEL00012
SKU004053,SEL00028
SKU004053,SEL00006
SKU004054,SEL00010
SKU004054,SEL00031
SKU004054,SEL00028
SKU004055,SEL00025
SKU004055,SEL00035
SKU004055,SEL00029
SKU004055,SEL00046
SKU004055,SEL00048
SKU004056,SEL00033
SKU004057,SEL00024
SKU004057,SEL00031
SKU004057,SEL00027
SKU004058,SEL00049
SKU004059,SEL00024
SKU004059,SEL00014
SKU004059,SEL00017
SKU004059,SEL00029
SKU004060,SEL00010
SKU004060,SEL00041
SKU004060,SEL00022
SKU004060,SEL00019
SKU004060,SEL00008
SKU004061,SEL00041
SKU004061,SEL00047
SKU004062,SEL00009
SKU004062,SEL00020
SKU004063,SEL00014
SKU004063,SEL00040
SKU004063,SEL00010
SKU004063,SEL00042
SKU004064,SEL00022
SKU004065,SEL00010
SKU004066,SEL00030
SKU004066,SEL00018
SKU004066,SEL00033
SKU004066,SEL00021
SKU004066,SEL00046
SKU004067,SEL00020
SKU004067,SEL00030
SKU004067,SEL00037
SKU004068,SEL00007
SKU004068,SEL00025
SKU004068,SEL00010
SKU004069,SEL00025
SKU004069,SEL00031
SKU004069,SEL00013
SKU004069,SEL00046
SKU004070,SEL00030
SKU004070,SEL00027
SKU004071,SEL00025
SKU004071,SEL00032
SKU004071,SEL00018
SKU004071,SEL00016
SKU004071,SEL00023
SKU004072,SEL00045
SKU004072,SEL00008
SKU004073,SEL00021
SKU004073,SEL00040
SKU004073,SEL00043
SKU004074,SEL00039
SKU004074,SEL00010
SKU004074,SEL00021
SKU004074,SEL00034
SKU004075,SEL00018
SKU004076,SEL00045
SKU004076,SEL00003
SKU004076,SEL00010
SKU004076,SEL00041
SKU004076,SEL00022
SKU004077,SEL00011
SKU004077,SEL00044
SKU004077,SEL00038
SKU004077,SEL00005
SKU004078,SEL00049
SKU004078,SEL00012
SKU004078,SEL00047
SKU004079,SEL00042
SKU004079,SEL00002
SKU004079,SEL00031
SKU004079,SEL00032
SKU004080,SEL00025
SKU004080,SEL00030
SKU004081,SEL00041
SKU004082,SEL00001
SKU004082,SEL00014
SKU004083,SEL00018
SKU004084,SEL00034
SKU004084,SEL00020
SKU004084,SEL00009
SKU004084,SEL00000
SKU004084,SEL00006
SKU004085,SEL00011
SKU004086,SEL00042
SKU004086,SEL00009
SKU004086,SEL00029
SKU004086,SEL00022
SKU004087,SEL00006
SKU004088,SEL00041
SKU004088,SEL00013
SKU004088,SEL00004
SKU004088,SEL00023
SKU004088,SEL00026
SKU004089,SEL00047
SKU004090,SEL00047
SKU004090,SEL00006
SKU004090,SEL00032
SKU004090,SEL00005
SKU004091,SEL00035
SKU004091,SEL00046
SKU004091,SEL00003
SKU004092,SEL00014
SKU004092,SEL00026
SKU004092,SEL00019
SKU004092,SEL00017
SKU004092,SEL00004
SKU004093,SEL00003
SKU004093,SEL00029
SKU004094,SEL00036
SKU004094,SEL00049
SKU004094,SEL00009
SKU004094,SEL00000
SKU004094,SEL00040
SKU004095,SEL00023
SKU004095,SEL00035
SKU004096,SEL00020
SKU004097,SEL00023
SKU004097,SEL00003
SKU004097,SEL00029
SKU004098,SEL00043
SKU004099,SEL00047
SKU004099,SEL00014
SKU004099,SEL00035
SKU004099,SEL00024
SKU004100,SEL00024
SKU004100,SEL00017
SKU004100,SEL00011
SKU004100,SEL00028
SKU004100,SEL00049
SKU004101,SEL00023
SKU004101,SEL00028
SKU004101,SEL00041
SKU004101,SEL00038
SKU004102,SEL00017
SKU004102,SEL00047
SKU004102,SEL00032
SKU004102,SEL00042
SKU004102,SEL00001
SKU004103,SEL00048
SKU004103,SEL00030
SKU004104,SEL00039
SKU004105,SEL00026
SKU004105,SEL00035
SKU004105,SEL00025
SKU004106,SEL00027
SKU004107,SEL00007
SKU004107,SEL00012
SKU004107,SEL00010
SKU004108,SEL00020
SKU004108,SEL00008
SKU004108,SEL00017
SKU004109,SEL00043
SKU004109,SEL00045
SKU004109,SEL00028
SKU004109,SEL00046
SKU004109,SEL00026
SKU004110,SEL00015
SKU004111,SEL00041
SKU004111,SEL00025
SKU004112,SEL00004
SKU004112,SEL00009
SKU004113,SEL00023
SKU004113,SEL00020
SKU004113,SEL00019
SKU004113,SEL00015
SKU004113,SEL00026
SKU004114,SEL00008
SKU004114,SEL00033
SKU004114,SEL00022
SKU004115,SEL00035
SKU004116,SEL00012
SKU004116,SEL00008
SKU004116,SEL00035
SKU004117,SEL00041
SKU004117,SEL00030
SKU004117,SEL00010
SKU004118,SEL00027
SKU004118,SEL00014
SKU004119,SEL00003
SKU004119,SEL00002
SKU004120,SEL00036
SKU004120,SEL00035
SKU004120,SEL00028
SKU004121,SEL00027
SKU004121,SEL00046
SKU004121,SEL00043
SKU004121,SEL00013
SKU004122,SEL00040
SKU004122,SEL00032
SKU004122,SEL00022
SKU004123,SEL00020
SKU004124,SEL00048
SKU004124,SEL00030
SKU004124,SEL00010
SKU004124,SEL00017
SKU004125,SEL00029
SKU004126,SEL00034
SKU004126,SEL00028
SKU004126,SEL00025
SKU004127,SEL00027
SKU004127,SEL00009
SKU004127,SEL00038
SKU004128,SEL00031
SKU004128,SEL00046
SKU004128,SEL00017
SKU004129,SEL00048
SKU004129,SEL00024
SKU004129,SEL00025
SKU004130,SEL00000
SKU004130,SEL00032
SKU004130,SEL00029
SKU004130,SEL00047
SKU004131,SEL00029
SKU004131,SEL00003
SKU004132,SEL00022
SKU004132,SEL00034
SKU004132,SEL00027
SKU004132,SEL00028
SKU004132,SEL00042
SKU004133,SEL00039
SKU004133,SEL00027
SKU004133,SEL00005
SKU004134,SEL00035
SKU004134,SEL00004
SKU004134,SEL00011
SKU004134,SEL00008
SKU004134,SEL00012
SKU004135,SEL00016
SKU004136,SEL00042
SKU004137,SEL00010
SKU004137,SEL00040
SKU004137,SEL00017
SKU004138,SEL00030
SKU004138,SEL00044
SKU004139,SEL00014
SKU004139,SEL00037
SKU004139,SEL00000
SKU004140,SEL00004
SKU004140,SEL00044
SKU004140,SEL00006
SKU004141,SEL00044
SKU004141,SEL00027
SKU004142,SEL00032
SKU004142,SEL00048
SKU004142,SEL00040
SKU004143,SEL00022
SKU004143,SEL00047
SKU004143,SEL00019
SKU004143,SEL00000
SKU004144,SEL00049
SKU004145,SEL00005
SKU004146,SEL00048
SKU004147,SEL00017
SKU004147,SEL00009
SKU004147,SEL00006
SKU004148,SEL00017
SKU004148,SEL00042
SKU004149,SEL00007
SKU004149,SEL00044
SKU004149,SEL00043
SKU004149,SEL00025
SKU004150,SEL00040
SKU004150,SEL00027
SKU004150,SEL00030
SKU004150,SEL00028
SKU004151,SEL00019
SKU004151,SEL00012
SKU004151,SEL00025
SKU004151,SEL00038
SKU004152,SEL00011
SKU004152,SEL00026
SKU004152,SEL00033
SKU004152,SEL00039
SKU004153,SEL00049
SKU004154,SEL00010
SKU004154,SEL00031
SKU004154,SEL00009
SKU004154,SEL00006
SKU004155,SEL00008
SKU004155,SEL00011
SKU004155,SEL00049
SKU004156,SEL00011
SKU004156,SEL00020
SKU004157,SEL00027
SKU004158,SEL00016
SKU004159,SEL00028
SKU004160,SEL00020
SKU004160,SEL00021
SKU004161,SEL00006
SKU004161,SEL00029
SKU004161,SEL00036
SKU004161,SEL00008
SKU004161,SEL00000
SKU004162,SEL00028
SKU004162,SEL00023
SKU004162,SEL00048
SKU004163,SEL00008
SKU004163,SEL00019
SKU004163,SEL00031
SKU004164,SEL00031
SKU004164,SEL00044
SKU004164,SEL00029
SKU004165,SEL00024
SKU004165,SEL00029
SKU004165,SEL00013
SKU004165,SEL00005
SKU004166,SEL00042
SKU004167,SEL00013
SKU004168,SEL00025
SKU004169,SEL00014
SKU004170,SEL00010
SKU004170,SEL00032
SKU004170,SEL00033
SKU004170,SEL00027
SKU004171,SEL00024
SKU004172,SEL00006
SKU004173,SEL00038
SKU004174,SEL00029
SKU004174,SEL00043
SKU004175,SEL00048
SKU004175,SEL00014
SKU004175,SEL00026
SKU004176,SEL00010
SKU004176,SEL00023
SKU004176,SEL00024
SKU004176,SEL00022
SKU004177,SEL00042
SKU004177,SEL00012
SKU004178,SEL00041
SKU004178,SEL00045
SKU004178,SEL00035
SKU004178,SEL00003
SKU004179,SEL00027
SKU004179,SEL00011
SKU004179,SEL00048
SKU004179,SEL00028
SKU004179,SEL00041
SKU004180,SEL00044
SKU004180,SEL00023
SKU004180,SEL00045
SKU004180,SEL00034
SKU004180,SEL00005
SKU004181,SEL00046
SKU004181,SEL00033
SKU004181,SEL00020
SKU004181,SEL00025
SKU004182,SEL00044
SKU004182,SEL00001
SKU004182,SEL00006
SKU004182,SEL00020
SKU004183,SEL00049
SKU004183,SEL00033
SKU004184,SEL00004
SKU004184,SEL00038
SKU004185,SEL00005
SKU004185,SEL00029
SKU004185,SEL00036
SKU004186,SEL00040
SKU004186,SEL00021
SKU004187,SEL00009
SKU004187,SEL00018
SKU004187,SEL00030
SKU004188,SEL00029
SKU004188,SEL00011
SKU004188,SEL00005
SKU004188,SEL00026
SKU004189,SEL00040
SKU004189,SEL00000
SKU004189,SEL00013
SKU004189,SEL00042
SKU004190,SEL00044
SKU004191,SEL00044
SKU004191,SEL00034
SKU004191,SEL00031
SKU004192,SEL00008
SKU004192,SEL00030
SKU004193,SEL00019
SKU004193,SEL00023
SKU004193,SEL00028
SKU004193,SEL00006
SKU004193,SEL00033
SKU004194,SEL00023
SKU004194,SEL00016
SKU004195,SEL00018
SKU004195,SEL00046
SKU004196,SEL00040
SKU004196,SEL00048
SKU004196,SEL00035
SKU004196,SEL00036
SKU004196,SEL00030
SKU004197,SEL00018
SKU004198,SEL00019
SKU004198,SEL00039
SKU004198,SEL00034
SKU004199,SEL00017
SKU004200,SEL00036
SKU004200,SEL00019
SKU004200,SEL00017
SKU004200,SEL00039
SKU004200,SEL00001
SKU004201,SEL00045
SKU004201,SEL00012
SKU004201,SEL00003
SKU004201,SEL00019
SKU004201,SEL00007
SKU004202,SEL00009
SKU004202,SEL00037
SKU004203,SEL00027
SKU004203,SEL00041
SKU004203,SEL00002
SKU004204,SEL00024
SKU004204,SEL00047
SKU004204,SEL00015
SKU004205,SEL00039
SKU004206,SEL00012
SKU004206,SEL00021
SKU004206,SEL00025
SKU004207,SEL00034
SKU004207,SEL00030
SKU004208,SEL00019
SKU004209,SEL00026
SKU004210,SEL00023
SKU004211,SEL00003
SKU004212,SEL00013
SKU004212,SEL00020
SKU004212,SEL00044
SKU004213,SEL00008
SKU004213,SEL00046
SKU004213,SEL00029
SKU004213,SEL00028
SKU004213,SEL00013
SKU004214,SEL00027
SKU004214,SEL00040
SKU004214,SEL00036
SKU004215,SEL00042
SKU004215,SEL00045
SKU004215,SEL00020
SKU004215,SEL00009
SKU004215,SEL00048
SKU004216,SEL00007
SKU004216,SEL00016
SKU004216,SEL00034
SKU004216,SEL00028
SKU004217,SEL00033
SKU004217,SEL00002
SKU004217,SEL00030
SKU004217,SEL00047
SKU004218,SEL00006
SKU004218,SEL00036
SKU004218,SEL00044
SKU004218,SEL00025
SKU004218,SEL00027
SKU004219,SEL00046
SKU004219,SEL00002
SKU004219,SEL00048
SKU004219,SEL00021
SKU004219,SEL00009
SKU004220,SEL00011
SKU004220,SEL00006
SKU004220,SEL00048
SKU004220,SEL00028
SKU004220,SEL00037
SKU004221,SEL00042
SKU004221,SEL00001
SKU004221,SEL00046
SKU004221,SEL00016
SKU004222,SEL00014
SKU004222,SEL00023
SKU004222,SEL00004
SKU004222,SEL00028
SKU004223,SEL00017
SKU004223,SEL00007
SKU004223,SEL00015
SKU004224,SEL00003
SKU004224,SEL00007
SKU004224,SEL00040
SKU004225,SEL00011
SKU004225,SEL00038
SKU004225,SEL00046
SKU004225,SEL00044
SKU004226,SEL00003
SKU004226,SEL00013
SKU004226,SEL00032
SKU004226,SEL00007
SKU004227,SEL00022
SKU004227,SEL00002
SKU004227,SEL00003
SKU004228,SEL00016
SKU004229,SEL00004
SKU004229,SEL00020
SKU004229,SEL00015
SKU004229,SEL00002
SKU004230,SEL00041
SKU004230,SEL00024
SKU004230,SEL00039
SKU004230,SEL00021
SKU004231,SEL00007
SKU004231,SEL00003
SKU004231,SEL00034
SKU004231,SEL00024
SKU004232,SEL00002
SKU004232,SEL00013
SKU004232,SEL00025
SKU004232,SEL00014
SKU004232,SEL00017
SKU004233,SEL00015
SKU004233,SEL00023
SKU004233,SEL00007
SKU004234,SEL00015
SKU004234,SEL00013
SKU004234,SEL00041
SKU004234,SEL00027
SKU004235,SEL00030
SKU004235,SEL00044
SKU004235,SEL00031
SKU004236,SEL00011
SKU004236,SEL00017
SKU004236,SEL00012
SKU004237,SEL00032
SKU004237,SEL00013
SKU004237,SEL00027
SKU004237,SEL00039
SKU004238,SEL00027
SKU004239,SEL00014
SKU004239,SEL00000
SKU004239,SEL00019
SKU004239,SEL00023
SKU004240,SEL00029
SKU004240,SEL00018
SKU004240,SEL00033
SKU004240,SEL00034
SKU004241,SEL00018
SKU004242,SEL00036
SKU004242,SEL00012
SKU004242,SEL00035
SKU004242,SEL00031
SKU004242,SEL00024
SKU004243,SEL00019
SKU004243,SEL00044
SKU004244,SEL00035
SKU004244,SEL00047
SKU004244,SEL00031
SKU004244,SEL00003
SKU004245,SEL00032
SKU004245,SEL00037
SKU004246,SEL00037
SKU004246,SEL00036
SKU004246,SEL00023
SKU004246,SEL00015
SKU004247,SEL00001
SKU004247,SEL00035
SKU004247,SEL00015
SKU004247,SEL00034
SKU004247,SEL00011
SKU004248,SEL00022
SKU004248,SEL00009
SKU004248,SEL00045
SKU004248,SEL00046
SKU004248,SEL00015
SKU004249,SEL00019
SKU004249,SEL00029
SKU004250,SEL00014
SKU004251,SEL00014
SKU004252,SEL00038
SKU004253,SEL00023
SKU004254,SEL00049
SKU004254,SEL00004
SKU004255,SEL00017
SKU004255,SEL00029
SKU004256,SEL00035
SKU004256,SEL00027
SKU004256,SEL00014
SKU004256,SEL00046
SKU004256,SEL00004
SKU004257,SEL00031
SKU004257,SEL00002
SKU004258,SEL00000
SKU004258,SEL00041
SKU004259,SEL00005
SKU004259,SEL00030
SKU004259,SEL00042
SKU004259,SEL00003
SKU004259,SEL00009
SKU004260,SEL00044
SKU004260,SEL00020
SKU004260,SEL00015
SKU004260,SEL00014
SKU004260,SEL00042
SKU004261,SEL00005
SKU004261,SEL00006
SKU004261,SEL00038
SKU004262,SEL00033
SKU004262,SEL00027
SKU004262,SEL00043
SKU004262,SEL00010
SKU004262,SEL00003
SKU004263,SEL00007
SKU004263,SEL00020
SKU004263,SEL00012
SKU004263,SEL00019
SKU004264,SEL00033
SKU004265,SEL00028
SKU004265,SEL00030
SKU004265,SEL00010
SKU004266,SEL00009
SKU004266,SEL00022
SKU004267,SEL00011
SKU004267,SEL00028
SKU004267,SEL00048
SKU004267,SEL00026
SKU004267,SEL00021
SKU004268,SEL00030
SKU004268,SEL00022
SKU004268,SEL00035
SKU004268,SEL00023
SKU004268,SEL00008
SKU004269,SEL00001
SKU004269,SEL00003
SKU004269,SEL00015
SKU004269,SEL00013
SKU004269,SEL00029
SKU004270,SEL00032
SKU004270,SEL00038
SKU004271,SEL00010
SKU004272,SEL00042
SKU004272,SEL00008
SKU004272,SEL00006
SKU004272,SEL00004
SKU004272,SEL00030
SKU004273,SEL00020
SKU004273,SEL00034
SKU004273,SEL00026
SKU004274,SEL00032
SKU004274,SEL00002
SKU004274,SEL00047
SKU004275,SEL00015
SKU004275,SEL00010
SKU004275,SEL00024
SKU004275,SEL00031
SKU004276,SEL00010
SKU004276,SEL00016
SKU004276,SEL00034
SKU004276,SEL00003
SKU004277,SEL00029
SKU004277,SEL00001
SKU004277,SEL00022
SKU004277,SEL00005
SKU004277,SEL00030
SKU004278,SEL00046
SKU004278,SEL00048
SKU004278,SEL00029
SKU004278,SEL00049
SKU004278,SEL00021
SKU004279,SEL00002
SKU004279,SEL00029
SKU004280,SEL00043
SKU004281,SEL00025
SKU004281,SEL00026
SKU004281,SEL00036
SKU004282,SEL00027
SKU004283,SEL00008
SKU004283,SEL00035
SKU004283,SEL00023
SKU004283,SEL00040
SKU004284,SEL00017
SKU004284,SEL00034
SKU004284,SEL00022
SKU004284,SEL00023
SKU004285,SEL00043
SKU004285,SEL00015
SKU004285,SEL00005
SKU004285,SEL00009
SKU004286,SEL00023
SKU004286,SEL00014
SKU004286,SEL00041
SKU004287,SEL00006
SKU004287,SEL00033
SKU004287,SEL00037
SKU004287,SEL00042
SKU004287,SEL00035
SKU004288,SEL00041
SKU004288,SEL00044
SKU004288,SEL00049
SKU004288,SEL00008
SKU004289,SEL00005
SKU004289,SEL00027
SKU004290,SEL00031
SKU004290,SEL00037
SKU004290,SEL00015
SKU004291,SEL00009
SKU004292,SEL00007
SKU004292,SEL00042
SKU004292,SEL00023
SKU004293,SEL00016
SKU004293,SEL00044
SKU004293,SEL00007
SKU004293,SEL00043
SKU004293,SEL00045
SKU004294,SEL00003
SKU004294,SEL00044
SKU004295,SEL00024
SKU004296,SEL00008
SKU004296,SEL00042
SKU004297,SEL00021
SKU004298,SEL00032
SKU004299,SEL00023
SKU004299,SEL00022
SKU004299,SEL00048
SKU004299,SEL00020
SKU004300,SEL00016
SKU004300,SEL00045
SKU004301,SEL00029
SKU004301,SEL00004
SKU004301,SEL00000
SKU004301,SEL00013
SKU004301,SEL00027
SKU004302,SEL00014
SKU004302,SEL00031
SKU004302,SEL00028
SKU004303,SEL00019
SKU004303,SEL00015
SKU004303,SEL00008
SKU004304,SEL00023
SKU004304,SEL00015
SKU004305,SEL00036
SKU004305,SEL00047
SKU004306,SEL00029
SKU004306,SEL00004
SKU004306,SEL00010
SKU004307,SEL00045
SKU004307,SEL00026
SKU004307,SEL00011
SKU004307,SEL00021
SKU004307,SEL00046
SKU004308,SEL00029
SKU004309,SEL00028
SKU004309,SEL00032
SKU004309,SEL00018
SKU004309,SEL00044
SKU004310,SEL00022
SKU004310,SEL00039
SKU004311,SEL00035
SKU004311,SEL00015
SKU004312,SEL00011
SKU004312,SEL00039
SKU004312,SEL00020
SKU004312,SEL00025
SKU004312,SEL00042
SKU004313,SEL00023
SKU004313,SEL00024
SKU004313,SEL00000
SKU004313,SEL00010
SKU004313,SEL00008
SKU004314,SEL00008
SKU004314,SEL00041
SKU004314,SEL00024
SKU004314,SEL00007
SKU004314,SEL00048
SKU004315,SEL00018
SKU004315,SEL00016
SKU004315,SEL00002
SKU004315,SEL00041
SKU004316,SEL00023
SKU004317,SEL00046
SKU004317,SEL00038
SKU004317,SEL00043
SKU004318,SEL00044
SKU004318,SEL00003
SKU004318,SEL00042
SKU004318,SEL00008
SKU004318,SEL00046
SKU004319,SEL00007
SKU004320,SEL00030
SKU004320,SEL00017
SKU004320,SEL00014
SKU004321,SEL00030
SKU004321,SEL00013
SKU004321,SEL00038
SKU004321,SEL00014
SKU004322,SEL00039
SKU004322,SEL00033
SKU004323,SEL00026
SKU004324,SEL00034
SKU004324,SEL00021
SKU004324,SEL00031
SKU004324,SEL00008
SKU004325,SEL00032
SKU004325,SEL00035
SKU004325,SEL00025
SKU004325,SEL00038
SKU004325,SEL00005
SKU004326,SEL00023
SKU004326,SEL00025
SKU004327,SEL00015
SKU004327,SEL00029
SKU004327,SEL00034
SKU004327,SEL00011
SKU004328,SEL00003
SKU004329,SEL00003
SKU004329,SEL00015
SKU004330,SEL00001
SKU004330,SEL00032
SKU004330,SEL00045
SKU004330,SEL00031
SKU004330,SEL00028
SKU004331,SEL00047
SKU004331,SEL00022
SKU004332,SEL00001
SKU004332,SEL00019
SKU004332,SEL00048
SKU004332,SEL00005
SKU004332,SEL00012
SKU004333,SEL00030
SKU004333,SEL00040
SKU004333,SEL00003
SKU004333,SEL00001
SKU004333,SEL00020
SKU004334,SEL00041
SKU004334,SEL00047
SKU004334,SEL00044
SKU004334,SEL00025
SKU004334,SEL00023
SKU004335,SEL00027
SKU004335,SEL00006
SKU004335,SEL00005
SKU004335,SEL00008
SKU004335,SEL00011
SKU004336,SEL00031
SKU004336,SEL00009
SKU004336,SEL00011
SKU004336,SEL00016
SKU004336,SEL00034
SKU004337,SEL00045
SKU004337,SEL00018
SKU004337,SEL00010
SKU004337,SEL00039
SKU004337,SEL00048
SKU004338,SEL00012
SKU004338,SEL00044
SKU004339,SEL00000
SKU004340,SEL00039
SKU004340,SEL00000
SKU004340,SEL00034
SKU004340,SEL00006
SKU004340,SEL00026
SKU004341,SEL00045
SKU004341,SEL00019
SKU004341,SEL00035
SKU004341,SEL00042
SKU004342,SEL00005
SKU004343,SEL00024
SKU004343,SEL00009
SKU004343,SEL00047
SKU004344,SEL00023
SKU004344,SEL00012
SKU004344,SEL00021
SKU004345,SEL00000
SKU004345,SEL00039
SKU004345,SEL00020
SKU004345,SEL00041
SKU004345,SEL00010
SKU004346,SEL00038
SKU004346,SEL00036
SKU004346,SEL00049
SKU004346,SEL00040
SKU004347,SEL00023
SKU004348,SEL00009
SKU004349,SEL00011
SKU004349,SEL00016
SKU004349,SEL00043
SKU004349,SEL00018
SKU004349,SEL00005
SKU004350,SEL00044
SKU004351,SEL00030
SKU004352,SEL00032
SKU004353,SEL00009
SKU004353,SEL00041
SKU004353,SEL00030
SKU004353,SEL00047
SKU004353,SEL00036
SKU004354,SEL00004
SKU004354,SEL00020
SKU004354,SEL00037
SKU004354,SEL00026
SKU004354,SEL00030
SKU004355,SEL00047
SKU004355,SEL00006
SKU004355,SEL00008
SKU004355,SEL00011
SKU004355,SEL00035
SKU004356,SEL00042
SKU004356,SEL00038
SKU004356,SEL00011
SKU004356,SEL00004
SKU004356,SEL00002
SKU004357,SEL00045
SKU004358,SEL00001
SKU004358,SEL00036
SKU004358,SEL00014
SKU004359,SEL00020
SKU004359,SEL00031
SKU004359,SEL00001
SKU004360,SEL00011
SKU004360,SEL00039
SKU004360,SEL00033
SKU004360,SEL00019
SKU004360,SEL00038
SKU004361,SEL00000
SKU004361,SEL00034
SKU004361,SEL00024
SKU004361,SEL00032
SKU004362,SEL00037
SKU004362,SEL00031
SKU004362,SEL00004
SKU004363,SEL00007
SKU004363,SEL00034
SKU004363,SEL00006
SKU004364,SEL00014
SKU004365,SEL00043
SKU004366,SEL00027
SKU004366,SEL00011
SKU004366,SEL00002
SKU004366,SEL00000
SKU004366,SEL00024
SKU004367,SEL00014
SKU004368,SEL00029
SKU004368,SEL00045
SKU004369,SEL00029
SKU004369,SEL00021
SKU004369,SEL00024
SKU004369,SEL00028
SKU004370,SEL00007
SKU004370,SEL00014
SKU004370,SEL00037
SKU004370,SEL00042
SKU004371,SEL00045
SKU004371,SEL00000
SKU004372,SEL00044
SKU004372,SEL00011
SKU004373,SEL00041
SKU004373,SEL00013
SKU004374,SEL00032
SKU004374,SEL00011
SKU004374,SEL00006
SKU004374,SEL00022
SKU004375,SEL00033
SKU004375,SEL00006
SKU004375,SEL00037
SKU004376,SEL00012
SKU004377,SEL00018
SKU004377,SEL00048
SKU004377,SEL00019
SKU004377,SEL00038
SKU004377,SEL00032
SKU004378,SEL00032
SKU004379,SEL00048
SKU004379,SEL00008
SKU004379,SEL00007
SKU004380,SEL00042
SKU004380,SEL00004
SKU004380,SEL00001
SKU004381,SEL00024
SKU004382,SEL00028
SKU004383,SEL00048
SKU004383,SEL00045
SKU004383,SEL00004
SKU004383,SEL00006
SKU004383,SEL00044
SKU004384,SEL00046
SKU004384,SEL00034
SKU004384,SEL00012
SKU004385,SEL00039
SKU004385,SEL00004
SKU004386,SEL00002
SKU004387,SEL00031
SKU004387,SEL00046
SKU004387,SEL00030
SKU004387,SEL00034
SKU004388,SEL00020
SKU004388,SEL00024
SKU004388,SEL00030
SKU004389,SEL00049
SKU004389,SEL00022
SKU004390,SEL00031
SKU004390,SEL00037
SKU004390,SEL00014
SKU004391,SEL00012
SKU004391,SEL00037
SKU004391,SEL00000
SKU004392,SEL00027
SKU004392,SEL00024
SKU004392,SEL00042
SKU004393,SEL00037
SKU004393,SEL00036
SKU004394,SEL00003
SKU004394,SEL00001
SKU004394,SEL00010
SKU004395,SEL00016
SKU004396,SEL00004
SKU004397,SEL00015
SKU004397,SEL00043
SKU004397,SEL00039
SKU004397,SEL00007
SKU004397,SEL00016
SKU004398,SEL00025
SKU004398,SEL00010
SKU004398,SEL00000
SKU004398,SEL00032
SKU004399,SEL00001
SKU004399,SEL00000
SKU004400,SEL00005
SKU004400,SEL00028
SKU004400,SEL00027
SKU004400,SEL00001
SKU004401,SEL00049
SKU004401,SEL00042
SKU004402,SEL00029
SKU004402,SEL00013
SKU004402,SEL00011
SKU004403,SEL00023
SKU004403,SEL00003
SKU004403,SEL00002
SKU004403,SEL00034
SKU004403,SEL00006
SKU004404,SEL00024
SKU004404,SEL00048
SKU004404,SEL00034
SKU004404,SEL00021
SKU004404,SEL00013
SKU004405,SEL00022
SKU004405,SEL00048
SKU004406,SEL00013
SKU004406,SEL00047
SKU004406,SEL00007
SKU004406,SEL00012
SKU004407,SEL00021
SKU004407,SEL00040
SKU004407,SEL00014
SKU004407,SEL00036
SKU004408,SEL00019
SKU004408,SEL00031
SKU004409,SEL00031
SKU004409,SEL00039
SKU004409,SEL00004
SKU004410,SEL00036
SKU004410,SEL00041
SKU004410,SEL00015
SKU004411,SEL00022
SKU004411,SEL00029
SKU004411,SEL00018
SKU004412,SEL00034
SKU004412,SEL00003
SKU004412,SEL00008
SKU004412,SEL00043
SKU004413,SEL00002
SKU004413,SEL00013
SKU004413,SEL00019
SKU004413,SEL00031
SKU004413,SEL00007
SKU004414,SEL00018
SKU004414,SEL00020
SKU004414,SEL00011
SKU004414,SEL00033
SKU004415,SEL00038
SKU004415,SEL00002
SKU004415,SEL00016
SKU004415,SEL00033
SKU004416,SEL00015
SKU004417,SEL00005
SKU004418,SEL00022
SKU004418,SEL00012
SKU004418,SEL00047
SKU004418,SEL00005
SKU004419,SEL00000
SKU004419,SEL00021
SKU004419,SEL00013
SKU004419,SEL00030
SKU004420,SEL00003
SKU004420,SEL00027
SKU004420,SEL00008
SKU004420,SEL00030
SKU004421,SEL00043
SKU004421,SEL00038
SKU004421,SEL00040
SKU004421,SEL00006
SKU004421,SEL00031
SKU004422,SEL00033
SKU004422,SEL00030
SKU004422,SEL00028
SKU004423,SEL00029
SKU004423,SEL00017
SKU004423,SEL00015
SKU004423,SEL00012
SKU004423,SEL00037
SKU004424,SEL00012
SKU004424,SEL00003
SKU004425,SEL00029
SKU004425,SEL00013
SKU004426,SEL00025
SKU004426,SEL00047
SKU004426,SEL00007
SKU004426,SEL00041
SKU004426,SEL00020
SKU004427,SEL00041
SKU004428,SEL00002
SKU004428,SEL00031
SKU004429,SEL00006
SKU004429,SEL00010
SKU004429,SEL00008
SKU004429,SEL00003
SKU004430,SEL00000
SKU004430,SEL00027
SKU004430,SEL00041
SKU004431,SEL00007
SKU004431,SEL00008
SKU004432,SEL00039
SKU004433,SEL00007
SKU004433,SEL00008
SKU004433,SEL00009
SKU004433,SEL00016
SKU004433,SEL00032
SKU004434,SEL00013
SKU004435,SEL00026
SKU004435,SEL00001
SKU004436,SEL00012
SKU004436,SEL00027
SKU004436,SEL00031
SKU004437,SEL00005
SKU004437,SEL00046
SKU004437,SEL00016
SKU004437,SEL00041
SKU004438,SEL00025
SKU004438,SEL00045
SKU004438,SEL00010
SKU004438,SEL00043
SKU004439,SEL00035
SKU004439,SEL00010
SKU004439,SEL00015
SKU004439,SEL00024
SKU004439,SEL00023
SKU004440,SEL00022
SKU004440,SEL00049
SKU004440,SEL00035
SKU004441,SEL00035
SKU004441,SEL00007
SKU004441,SEL00006
SKU004441,SEL00041
SKU004441,SEL00014
SKU004442,SEL00049
SKU004442,SEL00002
SKU004442,SEL00025
SKU004443,SEL00037
SKU004443,SEL00030
SKU004443,SEL00015
SKU004443,SEL00010
SKU004444,SEL00001
SKU004444,SEL00049
SKU004444,SEL00015
SKU004444,SEL00046
SKU004444,SEL00006
SKU004445,SEL00015
SKU004445,SEL00039
SKU004445,SEL00032
SKU004445,SEL00022
SKU004445,SEL00043
SKU004446,SEL00031
SKU004446,SEL00030
SKU004446,SEL00024
SKU004447,SEL00004
SKU004447,SEL00022
SKU004448,SEL00000
SKU004448,SEL00015
SKU004448,SEL00020
SKU004448,SEL00025
SKU004449,SEL00011
SKU004449,SEL00021
SKU004449,SEL00045
SKU004449,SEL00034
SKU004449,SEL00049
SKU004450,SEL00017
SKU004451,SEL00000
SKU004451,SEL00031
SKU004451,SEL00032
SKU004451,SEL00013
SKU004451,SEL00038
SKU004452,SEL00041
SKU004452,SEL00016
SKU004452,SEL00021
SKU004452,SEL00003
SKU004453,SEL00001
SKU004453,SEL00010
SKU004454,SEL00012
SKU004454,SEL00047
SKU004454,SEL00044
SKU004454,SEL00049
SKU004454,SEL00017
SKU004455,SEL00024
SKU004455,SEL00047
SKU004455,SEL00040
SKU004455,SEL00025
SKU004455,SEL00046
SKU004456,SEL00045
SKU004456,SEL00019
SKU004456,SEL00033
SKU004456,SEL00005
SKU004457,SEL00010
SKU004458,SEL00000
SKU004458,SEL00010
SKU004458,SEL00034
SKU004458,SEL00015
SKU004459,SEL00014
SKU004460,SEL00027
SKU004460,SEL00049
SKU004461,SEL00024
SKU004461,SEL00033
SKU004461,SEL00008
SKU004461,SEL00025
SKU004462,SEL00029
SKU004462,SEL00011
SKU004462,SEL00002
SKU004462,SEL00009
SKU004463,SEL00036
SKU004464,SEL00006
SKU004464,SEL00026
SKU004464,SEL00038
SKU004464,SEL00044
SKU004465,SEL00042
SKU004466,SEL00028
SKU004466,SEL00037
SKU004467,SEL00039
SKU004467,SEL00024
SKU004467,SEL00008
SKU004468,SEL00036
SKU004468,SEL00003
SKU004468,SEL00009
SKU004469,SEL00042
SKU004469,SEL00013
SKU004470,SEL00049
SKU004471,SEL00035
SKU004471,SEL00026
SKU004471,SEL00011
SKU004471,SEL00047
SKU004471,SEL00009
SKU004472,SEL00013
SKU004473,SEL00027
SKU004473,SEL00010
SKU004473,SEL00018
SKU004473,SEL00023
SKU004474,SEL00044
SKU004474,SEL00031
SKU004475,SEL00029
SKU004476,SEL00018
SKU004476,SEL00005
SKU004476,SEL00020
SKU004476,SEL00013
SKU004477,SEL00001
SKU004477,SEL00019
SKU004477,SEL00017
SKU004478,SEL00001
SKU004478,SEL00005
SKU004479,SEL00045
SKU004479,SEL00034
SKU004479,SEL00041
SKU004479,SEL00040
SKU004479,SEL00044
SKU004480,SEL00039
SKU004480,SEL00004
SKU004480,SEL00046
SKU004480,SEL00018
SKU004481,SEL00023
SKU004481,SEL00026
SKU004481,SEL00029
SKU004481,SEL00013
SKU004482,SEL00020
SKU004482,SEL00012
SKU004482,SEL00042
SKU004483,SEL00021
SKU004483,SEL00049
SKU004484,SEL00032
SKU004485,SEL00036
SKU004485,SEL00008
SKU004486,SEL00021
SKU004486,SEL00007
SKU004486,SEL00018
SKU004486,SEL00019
SKU004487,SEL00038
SKU004487,SEL00042
SKU004487,SEL00024
SKU004487,SEL00034
SKU004487,SEL00011
SKU004488,SEL00033
SKU004488,SEL00048
SKU004489,SEL00041
SKU004489,SEL00032
SKU004490,SEL00015
SKU004490,SEL00002
SKU004490,SEL00033
SKU004490,SEL00017
SKU004491,SEL00006
SKU004491,SEL00049
SKU004491,SEL00028
SKU004491,SEL00025
SKU004492,SEL00038
SKU004492,SEL00028
SKU004492,SEL00043
SKU004492,SEL00045
SKU004492,SEL00047
SKU004493,SEL00012
SKU004493,SEL00010
SKU004493,SEL00023
SKU004493,SEL00020
SKU004494,SEL00017
SKU004494,SEL00013
SKU004495,SEL00019
SKU004495,SEL00038
SKU004495,SEL00049
SKU004496,SEL00027
SKU004496,SEL00011
SKU004496,SEL00040
SKU004496,SEL00047
SKU004496,SEL00041
SKU004497,SEL00042
SKU004497,SEL00040
SKU004497,SEL00016
SKU004497,SEL00022
SKU004497,SEL00008
SKU004498,SEL00047
SKU004498,SEL00007
SKU004498,SEL00045
SKU004499,SEL00038
SKU004499,SEL00046
SKU004499,SEL00035
SKU004499,SEL00004
SKU004500,SEL00048
SKU004501,SEL00022
SKU004502,SEL00023
SKU004502,SEL00010
SKU004502,SEL00049
SKU004502,SEL00045
SKU004503,SEL00011
SKU004503,SEL00007
SKU004503,SEL00013
SKU004503,SEL00012
SKU004504,SEL00000
SKU004504,SEL00042
SKU004504,SEL00049
SKU004504,SEL00006
SKU004505,SEL00013
SKU004506,SEL00026
SKU004506,SEL00041
SKU004506,SEL00019
SKU004506,SEL00016
SKU004506,SEL00014
SKU004507,SEL00047
SKU004507,SEL00036
SKU004507,SEL00021
SKU004508,SEL00036
SKU004508,SEL00040
SKU004508,SEL00014
SKU004508,SEL00023
SKU004509,SEL00007
SKU004509,SEL00032
SKU004510,SEL00021
SKU004510,SEL00033
SKU004511,SEL00024
SKU004512,SEL00028
SKU004512,SEL00008
SKU004512,SEL00015
SKU004512,SEL00002
SKU004512,SEL00013
SKU004513,SEL00034
SKU004513,SEL00017
SKU004513,SEL00042
SKU004513,SEL00006
SKU004514,SEL00010
SKU004514,SEL00011
SKU004514,SEL00007
SKU004514,SEL00047
SKU004514,SEL00027
SKU004515,SEL00046
SKU004515,SEL00040
SKU004515,SEL00008
SKU004515,SEL00013
SKU004515,SEL00010
SKU004516,SEL00003
SKU004516,SEL00042
SKU004516,SEL00028
SKU004517,SEL00013
SKU004517,SEL00010
SKU004517,SEL00032
SKU004517,SEL00037
SKU004518,SEL00025
SKU004518,SEL00043
SKU004518,SEL00026
SKU004518,SEL00031
SKU004518,SEL00038
SKU004519,SEL00034
SKU004519,SEL00025
SKU004519,SEL00008
SKU004519,SEL00011
SKU004520,SEL00012
SKU004520,SEL00038
SKU004520,SEL00025
SKU004521,SEL00017
SKU004521,SEL00042
SKU004522,SEL00011
SKU004522,SEL00006
SKU004522,SEL00023
SKU004523,SEL00021
SKU004523,SEL00044
SKU004523,SEL00015
SKU004524,SEL00025
SKU004524,SEL00010
SKU004525,SEL00016
SKU004525,SEL00037
SKU004525,SEL00010
SKU004526,SEL00031
SKU004526,SEL00002
SKU004526,SEL00027
SKU004526,SEL00038
SKU004527,SEL00007
SKU004527,SEL00019
SKU004527,SEL00010
SKU004527,SEL00026
SKU004527,SEL00017
SKU004528,SEL00011
SKU004528,SEL00025
SKU004528,SEL00022
SKU004529,SEL00025
SKU004530,SEL00030
SKU004530,SEL00019
SKU004530,SEL00008
SKU004530,SEL00003
SKU004530,SEL00004
SKU004531,SEL00019
SKU004532,SEL00003
SKU004532,SEL00042
SKU004532,SEL00027
SKU004532,SEL00034
SKU004533,SEL00012
SKU004533,SEL00007
SKU004533,SEL00021
SKU004534,SEL00015
SKU004534,SEL00021
SKU004534,SEL00042
SKU004534,SEL00013
SKU004535,SEL00036
SKU004535,SEL00026
SKU004535,SEL00049
SKU004535,SEL00034
SKU004535,SEL00035
SKU004536,SEL00023
SKU004537,SEL00049
SKU004537,SEL00036
SKU004538,SEL00015
SKU004538,SEL00028
SKU004539,SEL00006
SKU004539,SEL00038
SKU004540,SEL00018
SKU004540,SEL00046
SKU004540,SEL00006
SKU004541,SEL00033
SKU004542,SEL00013
SKU004542,SEL00048
SKU004543,SEL00042
SKU004543,SEL00013
SKU004543,SEL00041
SKU004543,SEL00032
SKU004544,SEL00025
SKU004544,SEL00014
SKU004544,SEL00042
SKU004544,SEL00043
SKU004544,SEL00020
SKU004545,SEL00010
SKU004545,SEL00035
SKU004545,SEL00041
SKU004546,SEL00037
SKU004546,SEL00017
SKU004546,SEL00018
SKU004546,SEL00015
SKU004547,SEL00022
SKU004547,SEL00009
SKU004548,SEL00045
SKU004548,SEL00027
SKU004549,SEL00034
SKU004549,SEL00010
SKU004549,SEL00024
SKU004550,SEL00013
SKU004550,SEL00032
SKU004551,SEL00039
SKU004551,SEL00025
SKU004552,SEL00002
SKU004552,SEL00027
SKU004552,SEL00034
SKU004552,SEL00005
SKU004553,SEL00018
SKU004553,SEL00008
SKU004553,SEL00005
SKU004553,SEL00048
SKU004553,SEL00000
SKU004554,SEL00028
SKU004554,SEL00026
SKU004554,SEL00007
SKU004554,SEL00032
SKU004554,SEL00020
SKU004555,SEL00002
SKU004555,SEL00048
SKU004555,SEL00037
SKU004556,SEL00014
SKU004556,SEL00032
SKU004556,SEL00012
SKU004557,SEL00035
SKU004557,SEL00043
SKU004557,SEL00001
SKU004557,SEL00044
SKU004558,SEL00039
SKU004558,SEL00001
SKU004559,SEL00007
SKU004559,SEL00005
SKU004559,SEL00006
SKU004559,SEL00013
SKU004560,SEL00001
SKU004560,SEL00006
SKU004560,SEL00008
SKU004560,SEL00014
SKU004560,SEL00037
SKU004561,SEL00028
SKU004561,SEL00002
SKU004561,SEL00006
SKU004561,SEL00010
SKU004562,SEL00002
SKU004562,SEL00014
SKU004562,SEL00005
SKU004562,SEL00038
SKU004563,SEL00012
SKU004563,SEL00044
SKU004563,SEL00032
SKU004564,SEL00018
SKU004564,SEL00041
SKU004565,SEL00024
SKU004565,SEL00044
SKU004565,SEL00025
SKU004565,SEL00048
SKU004566,SEL00011
SKU004566,SEL00040
SKU004567,SEL00005
SKU004567,SEL00045
SKU004567,SEL00049
SKU004568,SEL00049
SKU004568,SEL00038
SKU004568,SEL00003
SKU004568,SEL00000
SKU004569,SEL00049
SKU004570,SEL00032
SKU004571,SEL00001
SKU004571,SEL00030
SKU004571,SEL00003
SKU004571,SEL00034
SKU004572,SEL00043
SKU004572,SEL00017
SKU004572,SEL00002
SKU004572,SEL00004
SKU004573,SEL00019
SKU004574,SEL00041
SKU004574,SEL00043
SKU004574,SEL00027
SKU004574,SEL00012
SKU004575,SEL00024
SKU004575,SEL00036
SKU004575,SEL00049
SKU004576,SEL00000
SKU004576,SEL00038
SKU004576,SEL00005
SKU004577,SEL00000
SKU004577,SEL00025
SKU004577,SEL00021
SKU004577,SEL00006
SKU004577,SEL00011
SKU004578,SEL00020
SKU004578,SEL00030
SKU004578,SEL00026
SKU004578,SEL00028
SKU004578,SEL00014
SKU004579,SEL00031
SKU004579,SEL00017
SKU004579,SEL00048
SKU004579,SEL00009
SKU004580,SEL00046
SKU004580,SEL00028
SKU004581,SEL00002
SKU004582,SEL00027
SKU004582,SEL00010
SKU004582,SEL00016
SKU004583,SEL00026
SKU004584,SEL00036
SKU004584,SEL00004
SKU004585,SEL00022
SKU004585,SEL00021
SKU004586,SEL00025
SKU004586,SEL00021
SKU004586,SEL00001
SKU004587,SEL00024
SKU004587,SEL00002
SKU004587,SEL00016
SKU004588,SEL00028
SKU004588,SEL00000
SKU004588,SEL00024
SKU004589,SEL00012
SKU004590,SEL00014
SKU004591,SEL00025
SKU004591,SEL00018
SKU004591,SEL00007
SKU004591,SEL00038
SKU004592,SEL00025
SKU004592,SEL00019
SKU004593,SEL00025
SKU004593,SEL00018
SKU004594,SEL00039
SKU004595,SEL00013
SKU004596,SEL00009
SKU004597,SEL00019
SKU004597,SEL00032
SKU004597,SEL00003
SKU004597,SEL00039
SKU004597,SEL00028
SKU004598,SEL00032
SKU004598,SEL00013
SKU004598,SEL00029
SKU004598,SEL00010
SKU004598,SEL00011
SKU004599,SEL00029
SKU004600,SEL00004
SKU004600,SEL00007
SKU004600,SEL00002
SKU004600,SEL00039
SKU004601,SEL00025
SKU004601,SEL00013
SKU004601,SEL00004
SKU004602,SEL00018
SKU004602,SEL00034
SKU004602,SEL00016
SKU004602,SEL00029
SKU004602,SEL00031
SKU004603,SEL00001
SKU004603,SEL00003
SKU004603,SEL00032
SKU004603,SEL00021
SKU004603,SEL00027
SKU004604,SEL00015
SKU004604,SEL00042
SKU004604,SEL00046
SKU004604,SEL00014
SKU004605,SEL00047
SKU004606,SEL00001
SKU004606,SEL00011
SKU004607,SEL00033
SKU004607,SEL00023
SKU004607,SEL00013
SKU004607,SEL00014
SKU004608,SEL00034
SKU004608,SEL00015
SKU004609,SEL00043
SKU004609,SEL00001
SKU004609,SEL00004
SKU004609,SEL00024
SKU004609,SEL00009
SKU004610,SEL00000
SKU004610,SEL00039
SKU004610,SEL00022
SKU004610,SEL00035
SKU004610,SEL00031
SKU004611,SEL00042
SKU004611,SEL00033
SKU004612,SEL00003
SKU004613,SEL00017
SKU004613,SEL00033
SKU004614,SEL00025
SKU004614,SEL00044
SKU004615,SEL00033
SKU004615,SEL00004
SKU004616,SEL00046
SKU004616,SEL00015
SKU004617,SEL00022
SKU004617,SEL00049
SKU004617,SEL00018
SKU004617,SEL00014
SKU004617,SEL00044
SKU004618,SEL00018
SKU004618,SEL00034
SKU004619,SEL00005
SKU004619,SEL00004
SKU004619,SEL00011
SKU004619,SEL00013
SKU004619,SEL00041
SKU004620,SEL00023
SKU004621,SEL00031
SKU004622,SEL00031
SKU004623,SEL00010
SKU004623,SEL00045
SKU004624,SEL00016
SKU004624,SEL00043
SKU004624,SEL00014
SKU004625,SEL00016
SKU004625,SEL00036
SKU004626,SEL00006
SKU004626,SEL00022
SKU004627,SEL00014
SKU004627,SEL00027
SKU004627,SEL00015
SKU004627,SEL00044
SKU004628,SEL00017
SKU004628,SEL00046
SKU004628,SEL00033
SKU004628,SEL00025
SKU004628,SEL00030
SKU004629,SEL00045
SKU004629,SEL00049
SKU004630,SEL00012
SKU004631,SEL00032
SKU004631,SEL00000
SKU004632,SEL00026
SKU004632,SEL00044
SKU004632,SEL00024
SKU004632,SEL00004
SKU004633,SEL00004
SKU004634,SEL00005
SKU004635,SEL00031
SKU004635,SEL00015
SKU004635,SEL00000
SKU004635,SEL00003
SKU004635,SEL00043
SKU004636,SEL00024
SKU004636,SEL00002
SKU004636,SEL00017
SKU004637,SEL00011
SKU004637,SEL00043
SKU004637,SEL00002
SKU004638,SEL00007
SKU004638,SEL00024
SKU004638,SEL00034
SKU004638,SEL00019
SKU004638,SEL00032
SKU004639,SEL00040
SKU004639,SEL00047
SKU004639,SEL00000
SKU004640,SEL00004
SKU004641,SEL00005
SKU004641,SEL00037
SKU004641,SEL00027
SKU004641,SEL00009
SKU004642,SEL00005
SKU004642,SEL00037
SKU004642,SEL00023
SKU004642,SEL00006
SKU004643,SEL00029
SKU004644,SEL00039
SKU004644,SEL00011
SKU004644,SEL00023
SKU004644,SEL00026
SKU004645,SEL00031
SKU004645,SEL00027
SKU004645,SEL00042
SKU004646,SEL00015
SKU004646,SEL00017
SKU004646,SEL00039
SKU004646,SEL00019
SKU004647,SEL00022
SKU004648,SEL00002
SKU004648,SEL00029
SKU004648,SEL00000
SKU004648,SEL00048
SKU004648,SEL00028
SKU004649,SEL00032
SKU004649,SEL00047
SKU004649,SEL00014
SKU004649,SEL00025
SKU004650,SEL00042
SKU004650,SEL00010
SKU004651,SEL00041
SKU004651,SEL00012
SKU004651,SEL00036
SKU004651,SEL00047
SKU004652,SEL00002
SKU004652,SEL00049
SKU004652,SEL00046
SKU004652,SEL00017
SKU004652,SEL00013
SKU004653,SEL00039
SKU004654,SEL00049
SKU004654,SEL00026
SKU004655,SEL00041
SKU004655,SEL00043
SKU004655,SEL00049
SKU004655,SEL00046
SKU004656,SEL00018
SKU004656,SEL00030
SKU004657,SEL00026
SKU004658,SEL00029
SKU004658,SEL00003
SKU004659,SEL00039
SKU004659,SEL00012
SKU004659,SEL00026
SKU004659,SEL00017
SKU004660,SEL00017
SKU004661,SEL00041
SKU004661,SEL00037
SKU004662,SEL00036
SKU004662,SEL00021
SKU004662,SEL00009
SKU004662,SEL00044
SKU004662,SEL00027
SKU004663,SEL00018
SKU004663,SEL00044
SKU004664,SEL00016
SKU004665,SEL00029
SKU004665,SEL00006
SKU004665,SEL00027
SKU004666,SEL00006
SKU004666,SEL00018
SKU004666,SEL00038
SKU004666,SEL00044
SKU004667,SEL00031
SKU004667,SEL00011
SKU004667,SEL00026
SKU004667,SEL00043
SKU004667,SEL00037
SKU004668,SEL00001
SKU004668,SEL00008
SKU004668,SEL00011
SKU004669,SEL00046
SKU004670,SEL00039
SKU004670,SEL00028
SKU004670,SEL00043
SKU004670,SEL00021
SKU004670,SEL00032
SKU004671,SEL00036
SKU004672,SEL00032
SKU004672,SEL00029
SKU004673,SEL00003
SKU004673,SEL00027
SKU004673,SEL00022
SKU004673,SEL00018
SKU004674,SEL00011
SKU004675,SEL00013
SKU004675,SEL00015
SKU004675,SEL00010
SKU004675,SEL00007
SKU004676,SEL00046
SKU004676,SEL00037
SKU004677,SEL00012
SKU004677,SEL00021
SKU004678,SEL00012
SKU004678,SEL00021
SKU004678,SEL00046
SKU004678,SEL00005
SKU004679,SEL00004
SKU004680,SEL00042
SKU004681,SEL00012
SKU004681,SEL00015
SKU004682,SEL00014
SKU004683,SEL00012
SKU004683,SEL00006
SKU004683,SEL00018
SKU004683,SEL00028
SKU004684,SEL00039
SKU004685,SEL00020
SKU004685,SEL00049
SKU004685,SEL00028
SKU004685,SEL00040
SKU004686,SEL00025
SKU004686,SEL00031
SKU004686,SEL00048
SKU004687,SEL00011
SKU004687,SEL00025
SKU004687,SEL00038
SKU004688,SEL00012
SKU004688,SEL00011
SKU004688,SEL00019
SKU004688,SEL00040
SKU004688,SEL00036
SKU004689,SEL00048
SKU004689,SEL00039
SKU004690,SEL00039
SKU004691,SEL00037
SKU004691,SEL00025
SKU004691,SEL00039
SKU004691,SEL00001
SKU004691,SEL00010
SKU004692,SEL00025
SKU004692,SEL00046
SKU004692,SEL00032
SKU004693,SEL00030
SKU004694,SEL00038
SKU004694,SEL00019
SKU004694,SEL00040
SKU004694,SEL00022
SKU004694,SEL00043
SKU004695,SEL00046
SKU004696,SEL00036
SKU004696,SEL00044
SKU004696,SEL00002
SKU004696,SEL00028
SKU004697,SEL00016
SKU004697,SEL00049
SKU004698,SEL00004
SKU004698,SEL00030
SKU004698,SEL00045
SKU004698,SEL00011
SKU004698,SEL00000
SKU004699,SEL00041
SKU004699,SEL00021
SKU004699,SEL00019
SKU004700,SEL00040
SKU004700,SEL00011
SKU004700,SEL00044
SKU004701,SEL00040
SKU004701,SEL00044
SKU004701,SEL00026
SKU004701,SEL00029
SKU004702,SEL00023
SKU004702,SEL00047
SKU004702,SEL00022
SKU004703,SEL00041
SKU004703,SEL00022
SKU004704,SEL00020
SKU004704,SEL00028
SKU004704,SEL00025
SKU004704,SEL00032
SKU004705,SEL00015
SKU004705,SEL00043
SKU004705,SEL00029
SKU004705,SEL00049
SKU004706,SEL00020
SKU004706,SEL00004
SKU004707,SEL00032
SKU004707,SEL00021
SKU004707,SEL00027
SKU004708,SEL00013
SKU004708,SEL00033
SKU004708,SEL00011
SKU004709,SEL00023
SKU004709,SEL00027
SKU004709,SEL00035
SKU004710,SEL00004
SKU004710,SEL00009
SKU004710,SEL00037
SKU004710,SEL00006
SKU004711,SEL00005
SKU004711,SEL00024
SKU004712,SEL00014
SKU004712,SEL00000
SKU004712,SEL00012
SKU004712,SEL00041
SKU004713,SEL00048
SKU004713,SEL00018
SKU004714,SEL00027
SKU004714,SEL00039
SKU004714,SEL00023
SKU004714,SEL00007
SKU004714,SEL00006
SKU004715,SEL00006
SKU004715,SEL00012
SKU004715,SEL00017
SKU004715,SEL00023
SKU004715,SEL00005
SKU004716,SEL00013
SKU004716,SEL00008
SKU004716,SEL00009
SKU004716,SEL00043
SKU004717,SEL00018
SKU004717,SEL00020
SKU004717,SEL00035
SKU004717,SEL00005
SKU004717,SEL00044
SKU004718,SEL00047
SKU004718,SEL00006
SKU004718,SEL00021
SKU004718,SEL00018
SKU004718,SEL00048
SKU004719,SEL00010
SKU004720,SEL00041
SKU004720,SEL00026
SKU004721,SEL00038
SKU004722,SEL00007
SKU004722,SEL00029
SKU004722,SEL00002
SKU004722,SEL00005
SKU004723,SEL00039
SKU004723,SEL00021
SKU004723,SEL00024
SKU004723,SEL00002
SKU004724,SEL00028
SKU004724,SEL00029
SKU004724,SEL00034
SKU004724,SEL00039
SKU004724,SEL00004
SKU004725,SEL00048
SKU004725,SEL00020
SKU004725,SEL00046
SKU004725,SEL00049
SKU004725,SEL00016
SKU004726,SEL00003
SKU004726,SEL00016
SKU004727,SEL00049
SKU004727,SEL00021
SKU004727,SEL00041
SKU004728,SEL00017
SKU004728,SEL00014
SKU004728,SEL00045
SKU004728,SEL00012
SKU004729,SEL00001
SKU004730,SEL00048
SKU004730,SEL00033
SKU004730,SEL00035
SKU004730,SEL00020
SKU004731,SEL00009
SKU004731,SEL00042
SKU004731,SEL00017
SKU004731,SEL00007
SKU004731,SEL00047
SKU004732,SEL00043
SKU004732,SEL00004
SKU004733,SEL00021
SKU004733,SEL00034
SKU004733,SEL00002
SKU004734,SEL00027
SKU004734,SEL00040
SKU004734,SEL00043
SKU004734,SEL00010
SKU004735,SEL00044
SKU004735,SEL00013
SKU004735,SEL00032
SKU004735,SEL00045
SKU004736,SEL00016
SKU004737,SEL00011
SKU004738,SEL00047
SKU004738,SEL00030
SKU004738,SEL00005
SKU004739,SEL00023
SKU004739,SEL00013
SKU004739,SEL00038
SKU004739,SEL00025
SKU004740,SEL00032
SKU004741,SEL00048
SKU004741,SEL00044
SKU004741,SEL00028
SKU004742,SEL00001
SKU004743,SEL00014
SKU004743,SEL00029
SKU004744,SEL00024
SKU004744,SEL00000
SKU004744,SEL00048
SKU004744,SEL00019
SKU004745,SEL00005
SKU004746,SEL00046
SKU004746,SEL00036
SKU004746,SEL00027
SKU004747,SEL00039
SKU004747,SEL00048
SKU004748,SEL00002
SKU004748,SEL00034
SKU004748,SEL00018
SKU004748,SEL00037
SKU004748,SEL00022
SKU004749,SEL00017
SKU004749,SEL00047
SKU004749,SEL00044
SKU004750,SEL00030
SKU004751,SEL00006
SKU004751,SEL00001
SKU004752,SEL00038
SKU004752,SEL00049
SKU004752,SEL00005
SKU004752,SEL00007
SKU004753,SEL00038
SKU004753,SEL00033
SKU004753,SEL00024
SKU004753,SEL00018
SKU004753,SEL00006
SKU004754,SEL00042
SKU004755,SEL00011
SKU004756,SEL00048
SKU004757,SEL00004
SKU004757,SEL00003
SKU004758,SEL00024
SKU004758,SEL00021
SKU004758,SEL00042
SKU004758,SEL00010
SKU004759,SEL00038
SKU004759,SEL00020
SKU004759,SEL00035
SKU004760,SEL00015
SKU004760,SEL00039
SKU004760,SEL00023
SKU004760,SEL00047
SKU004760,SEL00006
SKU004761,SEL00040
SKU004761,SEL00039
SKU004761,SEL00010
SKU004761,SEL00027
SKU004761,SEL00036
SKU004762,SEL00038
SKU004763,SEL00049
SKU004763,SEL00048
SKU004763,SEL00024
SKU004763,SEL00001
SKU004763,SEL00019
SKU004764,SEL00032
SKU004764,SEL00033
SKU004764,SEL00047
SKU004764,SEL00037
SKU004765,SEL00034
SKU004765,SEL00015
SKU004766,SEL00041
SKU004766,SEL00048
SKU004766,SEL00011
SKU004766,SEL00022
SKU004767,SEL00039
SKU004767,SEL00040
SKU004768,SEL00040
SKU004768,SEL00001
SKU004769,SEL00020
SKU004769,SEL00017
SKU004769,SEL00016
SKU004769,SEL00031
SKU004770,SEL00014
SKU004770,SEL00000
SKU004770,SEL00017
SKU004770,SEL00047
SKU004771,SEL00028
SKU004771,SEL00009
SKU004771,SEL00039
SKU004771,SEL00008
SKU004772,SEL00040
SKU004772,SEL00043
SKU004772,SEL00042
SKU004772,SEL00022
SKU004772,SEL00006
SKU004773,SEL00044
SKU004773,SEL00001
SKU004773,SEL00024
SKU004774,SEL00038
SKU004774,SEL00045
SKU004774,SEL00010
SKU004775,SEL00015
SKU004776,SEL00031
SKU004776,SEL00009
SKU004776,SEL00025
SKU004776,SEL00004
SKU004777,SEL00030
SKU004778,SEL00034
SKU004778,SEL00038
SKU004778,SEL00014
SKU004778,SEL00032
SKU004779,SEL00030
SKU004779,SEL00023
SKU004779,SEL00024
SKU004779,SEL00013
SKU004779,SEL00039
SKU004780,SEL00026
SKU004780,SEL00003
SKU004780,SEL00006
SKU004780,SEL00024
SKU004780,SEL00017
SKU004781,SEL00035
SKU004781,SEL00020
SKU004781,SEL00025
SKU004782,SEL00016
SKU004783,SEL00028
SKU004784,SEL00026
SKU004784,SEL00006
SKU004785,SEL00048
SKU004785,SEL00037
SKU004785,SEL00030
SKU004785,SEL00033
SKU004786,SEL00015
SKU004787,SEL00037
SKU004787,SEL00045
SKU004787,SEL00038
SKU004787,SEL00039
SKU004787,SEL00022
SKU004788,SEL00032
SKU004788,SEL00035
SKU004789,SEL00000
SKU004789,SEL00011
SKU004790,SEL00024
SKU004790,SEL00013
SKU004791,SEL00027
SKU004791,SEL00043
SKU004791,SEL00028
SKU004791,SEL00041
SKU004791,SEL00029
SKU004792,SEL00024
SKU004792,SEL00022
SKU004792,SEL00033
SKU004792,SEL00036
SKU004793,SEL00036
SKU004793,SEL00000
SKU004793,SEL00035
SKU004794,SEL00011
SKU004794,SEL00044
SKU004795,SEL00011
SKU004795,SEL00002
SKU004795,SEL00010
SKU004795,SEL00025
SKU004796,SEL00003
SKU004796,SEL00022
SKU004796,SEL00004
SKU004797,SEL00031
SKU004797,SEL00011
SKU004797,SEL00036
SKU004797,SEL00026
SKU004798,SEL00048
SKU004799,SEL00019
SKU004799,SEL00006
SKU004799,SEL00027
SKU004800,SEL00009
SKU004800,SEL00049
SKU004800,SEL00013
SKU004801,SEL00039
SKU004801,SEL00004
SKU004801,SEL00007
SKU004802,SEL00017
SKU004802,SEL00045
SKU004802,SEL00021
SKU004802,SEL00000
SKU004803,SEL00029
SKU004803,SEL00007
SKU004803,SEL00049
SKU004803,SEL00000
SKU004804,SEL00018
SKU004804,SEL00016
SKU004804,SEL00017
SKU004805,SEL00009
SKU004806,SEL00010
SKU004806,SEL00042
SKU004806,SEL00024
SKU004806,SEL00013
SKU004807,SEL00009
SKU004807,SEL00010
SKU004807,SEL00012
SKU004807,SEL00038
SKU004808,SEL00036
SKU004808,SEL00049
SKU004808,SEL00041
SKU004809,SEL00010
SKU004810,SEL00033
SKU004810,SEL00047
SKU004810,SEL00018
SKU004811,SEL00027
SKU004811,SEL00002
SKU004811,SEL00008
SKU004811,SEL00040
SKU004811,SEL00014
SKU004812,SEL00009
SKU004812,SEL00031
SKU004813,SEL00035
SKU004813,SEL00013
SKU004813,SEL00002
SKU004813,SEL00030
SKU004814,SEL00045
SKU004815,SEL00004
SKU004816,SEL00011
SKU004816,SEL00014
SKU004816,SEL00046
SKU004816,SEL00047
SKU004817,SEL00007
SKU004817,SEL00016
SKU004817,SEL00001
SKU004817,SEL00037
SKU004818,SEL00045
SKU004818,SEL00036
SKU004818,SEL00018
SKU004818,SEL00031
SKU004819,SEL00034
SKU004819,SEL00007
SKU004819,SEL00037
SKU004819,SEL00044
SKU004819,SEL00001
SKU004820,SEL00013
SKU004820,SEL00038
SKU004820,SEL00000
SKU004820,SEL00045
SKU004821,SEL00008
SKU004821,SEL00021
SKU004821,SEL00042
SKU004821,SEL00022
SKU004821,SEL00015
SKU004822,SEL00006
SKU004822,SEL00013
SKU004822,SEL00020
SKU004822,SEL00041
SKU004822,SEL00048
SKU004823,SEL00035
SKU004823,SEL00012
SKU004823,SEL00048
SKU004824,SEL00030
SKU004824,SEL00029
SKU004824,SEL00041
SKU004824,SEL00046
SKU004824,SEL00042
SKU004825,SEL00014
SKU004825,SEL00016
SKU004825,SEL00001
SKU004825,SEL00010
SKU004825,SEL00015
SKU004826,SEL00046
SKU004826,SEL00008
SKU004826,SEL00009
SKU004827,SEL00013
SKU004827,SEL00046
SKU004827,SEL00048
SKU004827,SEL00001
SKU004827,SEL00018
SKU004828,SEL00006
SKU004828,SEL00042
SKU004829,SEL00034
SKU004829,SEL00042
SKU004829,SEL00035
SKU004829,SEL00045
SKU004829,SEL00031
SKU004830,SEL00042
SKU004830,SEL00010
SKU004831,SEL00015
SKU004831,SEL00048
SKU004832,SEL00021
SKU004832,SEL00048
SKU004832,SEL00022
SKU004833,SEL00017
SKU004833,SEL00010
SKU004833,SEL00006
SKU004833,SEL00039
SKU004834,SEL00019
SKU004834,SEL00033
SKU004834,SEL00045
SKU004834,SEL00007
SKU004835,SEL00041
SKU004835,SEL00035
SKU004835,SEL00006
SKU004835,SEL00032
SKU004835,SEL00034
SKU004836,SEL00030
SKU004837,SEL00001
SKU004837,SEL00033
SKU004838,SEL00040
SKU004838,SEL00007
SKU004838,SEL00038
SKU004838,SEL00000
SKU004838,SEL00048
SKU004839,SEL00023
SKU004839,SEL00032
SKU004839,SEL00005
SKU004839,SEL00033
SKU004840,SEL00014
SKU004841,SEL00020
SKU004841,SEL00014
SKU004841,SEL00032
SKU004841,SEL00040
SKU004842,SEL00029
SKU004842,SEL00020
SKU004842,SEL00028
SKU004842,SEL00006
SKU004842,SEL00005
SKU004843,SEL00003
SKU004843,SEL00009
SKU004843,SEL00039
SKU004843,SEL00016
SKU004843,SEL00047
SKU004844,SEL00045
SKU004845,SEL00009
SKU004845,SEL00038
SKU004845,SEL00045
SKU004846,SEL00047
SKU004846,SEL00045
SKU004846,SEL00006
SKU004846,SEL00025
SKU004847,SEL00039
SKU004848,SEL00019
SKU004848,SEL00032
SKU004849,SEL00009
SKU004849,SEL00027
SKU004849,SEL00016
SKU004850,SEL00049
SKU004850,SEL00016
SKU004850,SEL00005
SKU004850,SEL00007
SKU004851,SEL00014
SKU004852,SEL00048
SKU004852,SEL00018
SKU004852,SEL00008
SKU004852,SEL00000
SKU004853,SEL00017
SKU004853,SEL00013
SKU004853,SEL00005
SKU004853,SEL00016
SKU004854,SEL00028
SKU004854,SEL00030
SKU004854,SEL00039
SKU004854,SEL00042
SKU004854,SEL00012
SKU004855,SEL00023
SKU004855,SEL00019
SKU004856,SEL00024
SKU004856,SEL00028
SKU004856,SEL00046
SKU004856,SEL00025
SKU004857,SEL00022
SKU004857,SEL00001
SKU004858,SEL00009
SKU004858,SEL00034
SKU004858,SEL00044
SKU004859,SEL00001
SKU004859,SEL00027
SKU004859,SEL00016
SKU004859,SEL00030
SKU004860,SEL00027
SKU004861,SEL00036
SKU004862,SEL00000
SKU004862,SEL00041
SKU004862,SEL00019
SKU004862,SEL00040
SKU004863,SEL00003
SKU004863,SEL00045
SKU004863,SEL00040
SKU004863,SEL00038
SKU004864,SEL00014
SKU004864,SEL00020
SKU004864,SEL00009
SKU004864,SEL00029
SKU004864,SEL00048
SKU004865,SEL00033
SKU004865,SEL00041
SKU004865,SEL00019
SKU004866,SEL00010
SKU004866,SEL00032
SKU004866,SEL00033
SKU004867,SEL00013
SKU004867,SEL00020
SKU004867,SEL00010
SKU004868,SEL00028
SKU004869,SEL00000
SKU004869,SEL00027
SKU004869,SEL00042
SKU004869,SEL00021
SKU004870,SEL00017
SKU004870,SEL00040
SKU004870,SEL00002
SKU004870,SEL00004
SKU004871,SEL00019
SKU004871,SEL00013
SKU004872,SEL00009
SKU004872,SEL00035
SKU004872,SEL00020
SKU004872,SEL00046
SKU004872,SEL00004
SKU004873,SEL00002
SKU004873,SEL00049
SKU004873,SEL00001
SKU004873,SEL00018
SKU004873,SEL00012
SKU004874,SEL00012
SKU004875,SEL00048
SKU004875,SEL00016
SKU004876,SEL00033
SKU004876,SEL00000
SKU004876,SEL00030
SKU004876,SEL00018
SKU004876,SEL00039
SKU004877,SEL00031
SKU004877,SEL00029
SKU004878,SEL00037
SKU004879,SEL00006
SKU004879,SEL00007
SKU004879,SEL00022
SKU004879,SEL00030
SKU004879,SEL00017
SKU004880,SEL00011
SKU004880,SEL00033
SKU004881,SEL00002
SKU004881,SEL00049
SKU004881,SEL00047
SKU004881,SEL00001
SKU004882,SEL00020
SKU004883,SEL00008
SKU004884,SEL00028
SKU004884,SEL00004
SKU004885,SEL00025
SKU004886,SEL00007
SKU004886,SEL00016
SKU004886,SEL00021
SKU004886,SEL00042
SKU004886,SEL00044
SKU004887,SEL00021
SKU004887,SEL00045
SKU004887,SEL00007
SKU004887,SEL00020
SKU004887,SEL00024
SKU004888,SEL00021
SKU004888,SEL00020
SKU004888,SEL00041
SKU004888,SEL00046
SKU004889,SEL00021
SKU004890,SEL00023
SKU004890,SEL00001
SKU004890,SEL00048
SKU004890,SEL00028
SKU004891,SEL00043
SKU004891,SEL00044
SKU004891,SEL00042
SKU004891,SEL00035
SKU004892,SEL00018
SKU004892,SEL00030
SKU004892,SEL00049
SKU004893,SEL00009
SKU004893,SEL00033
SKU004893,SEL00046
SKU004893,SEL00045
SKU004893,SEL00030
SKU004894,SEL00047
SKU004894,SEL00010
SKU004894,SEL00015
SKU004894,SEL00017
SKU004895,SEL00024
SKU004895,SEL00031
SKU004896,SEL00016
SKU004896,SEL00041
SKU004897,SEL00011
SKU004897,SEL00009
SKU004897,SEL00005
SKU004898,SEL00004
SKU004898,SEL00042
SKU004898,SEL00032
SKU004899,SEL00023
SKU004900,SEL00041
SKU004900,SEL00017
SKU004900,SEL00038
SKU004900,SEL00006
SKU004901,SEL00047
SKU004901,SEL00012
SKU004902,SEL00023
SKU004902,SEL00019
SKU004902,SEL00044
SKU004902,SEL00008
SKU004902,SEL00020
SKU004903,SEL00048
SKU004903,SEL00027
SKU004904,SEL00037
SKU004904,SEL00023
SKU004904,SEL00048
SKU004904,SEL00040
SKU004905,SEL00021
SKU004905,SEL00015
SKU004905,SEL00004
SKU004906,SEL00040
SKU004906,SEL00007
SKU004906,SEL00008
SKU004907,SEL00032
SKU004907,SEL00021
SKU004908,SEL00007
SKU004908,SEL00024
SKU004908,SEL00030
SKU004908,SEL00021
SKU004908,SEL00049
SKU004909,SEL00027
SKU004910,SEL00036
SKU004910,SEL00022
SKU004910,SEL00030
SKU004910,SEL00048
SKU004910,SEL00031
SKU004911,SEL00049
SKU004911,SEL00015
SKU004911,SEL00028
SKU004911,SEL00036
SKU004912,SEL00007
SKU004912,SEL00035
SKU004912,SEL00009
SKU004912,SEL00008
SKU004912,SEL00002
SKU004913,SEL00035
SKU004913,SEL00046
SKU004914,SEL00028
SKU004914,SEL00043
SKU004914,SEL00031
SKU004914,SEL00017
SKU004915,SEL00005
SKU004915,SEL00046
SKU004915,SEL00030
SKU004915,SEL00018
SKU004916,SEL00023
SKU004917,SEL00038
SKU004917,SEL00011
SKU004917,SEL00046
SKU004917,SEL00003
SKU004917,SEL00006
SKU004918,SEL00029
SKU004918,SEL00006
SKU004918,SEL00012
SKU004918,SEL00043
SKU004919,SEL00046
SKU004919,SEL00016
SKU004920,SEL00007
SKU004920,SEL00041
SKU004920,SEL00002
SKU004921,SEL00021
SKU004921,SEL00026
SKU004921,SEL00022
SKU004921,SEL00043
SKU004922,SEL00004
SKU004922,SEL00038
SKU004923,SEL00003
SKU004924,SEL00002
SKU004925,SEL00042
SKU004925,SEL00019
SKU004925,SEL00029
SKU004925,SEL00023
SKU004925,SEL00033
SKU004926,SEL00032
SKU004926,SEL00021
SKU004926,SEL00048
SKU004926,SEL00031
SKU004927,SEL00047
SKU004927,SEL00008
SKU004928,SEL00034
SKU004929,SEL00021
SKU004929,SEL00004
SKU004929,SEL00005
SKU004930,SEL00002
SKU004931,SEL00026
SKU004931,SEL00033
SKU004931,SEL00029
SKU004932,SEL00025
SKU004932,SEL00040
SKU004932,SEL00014
SKU004933,SEL00032
SKU004933,SEL00029
SKU004933,SEL00039
SKU004934,SEL00042
SKU004935,SEL00032
SKU004935,SEL00045
SKU004935,SEL00028
SKU004936,SEL00045
SKU004936,SEL00029
SKU004936,SEL00038
SKU004936,SEL00015
SKU004936,SEL00032
SKU004937,SEL00009
SKU004938,SEL00046
SKU004938,SEL00048
SKU004938,SEL00018
SKU004938,SEL00006
SKU004939,SEL00002
SKU004939,SEL00026
SKU004939,SEL00046
SKU004939,SEL00020
SKU004940,SEL00032
SKU004940,SEL00044
SKU004940,SEL00047
SKU004940,SEL00023
SKU004941,SEL00015
SKU004941,SEL00033
SKU004942,SEL00044
SKU004942,SEL00024
SKU004942,SEL00015
SKU004943,SEL00043
SKU004943,SEL00033
SKU004943,SEL00032
SKU004943,SEL00036
SKU004943,SEL00008
SKU004944,SEL00017
SKU004944,SEL00013
SKU004944,SEL00007
SKU004944,SEL00033
SKU004945,SEL00037
SKU004946,SEL00026
SKU004946,SEL00020
SKU004947,SEL00019
SKU004947,SEL00020
SKU004947,SEL00013
SKU004947,SEL00025
SKU004948,SEL00025
SKU004949,SEL00042
SKU004950,SEL00024
SKU004950,SEL00032
SKU004951,SEL00044
SKU004952,SEL00014
SKU004952,SEL00011
SKU004953,SEL00027
SKU004953,SEL00045
SKU004953,SEL00030
SKU004953,SEL00000
SKU004954,SEL00006
SKU004954,SEL00047
SKU004954,SEL00004
SKU004955,SEL00008
SKU004955,SEL00022
SKU004955,SEL00021
SKU004956,SEL00006
SKU004956,SEL00030
SKU004956,SEL00042
SKU004957,SEL00003
SKU004957,SEL00026
SKU004957,SEL00034
SKU004957,SEL00024
SKU004957,SEL00039
SKU004958,SEL00034
SKU004958,SEL00009
SKU004958,SEL00005
SKU004959,SEL00013
SKU004959,SEL00034
SKU004959,SEL00017
SKU004960,SEL00018
SKU004960,SEL00000
SKU004960,SEL00017
SKU004960,SEL00005
SKU004960,SEL00045
SKU004961,SEL00028
SKU004962,SEL00023
SKU004962,SEL00022
SKU004962,SEL00047
SKU004963,SEL00027
SKU004963,SEL00047
SKU004964,SEL00013
SKU004964,SEL00044
SKU004964,SEL00004
SKU004964,SEL00019
SKU004964,SEL00020
SKU004965,SEL00014
SKU004965,SEL00015
SKU004966,SEL00025
SKU004966,SEL00033
SKU004966,SEL00019
SKU004966,SEL00013
SKU004967,SEL00018
SKU004968,SEL00036
SKU004968,SEL00030
SKU004969,SEL00026
SKU004970,SEL00027
SKU004970,SEL00020
SKU004970,SEL00009
SKU004971,SEL00029
SKU004971,SEL00001
SKU004971,SEL00022
SKU004971,SEL00045
SKU004971,SEL00023
SKU004972,SEL00014
SKU004972,SEL00028
SKU004972,SEL00046
SKU004973,SEL00000
SKU004974,SEL00020
SKU004974,SEL00021
SKU004974,SEL00015
SKU004975,SEL00037
SKU004975,SEL00013
SKU004976,SEL00028
SKU004976,SEL00034
SKU004976,SEL00016
SKU004977,SEL00027
SKU004978,SEL00025
SKU004979,SEL00022
SKU004979,SEL00017
SKU004980,SEL00032
SKU004980,SEL00025
SKU004980,SEL00005
SKU004980,SEL00019
SKU004980,SEL00015
SKU004981,SEL00028
SKU004981,SEL00022
SKU004981,SEL00026
SKU004981,SEL00007
SKU004981,SEL00000
SKU004982,SEL00023
SKU004982,SEL00040
SKU004982,SEL00043
SKU004982,SEL00008
SKU004983,SEL00028
SKU004983,SEL00002
SKU004983,SEL00047
SKU004983,SEL00040
SKU004983,SEL00025
SKU004984,SEL00024
SKU004984,SEL00032
SKU004984,SEL00000
SKU004985,SEL00028
SKU004985,SEL00045
SKU004985,SEL00048
SKU004986,SEL00003
SKU004986,SEL00004
SKU004986,SEL00028
SKU004987,SEL00019
SKU004987,SEL00045
SKU004988,SEL00014
SKU004988,SEL00001
SKU004988,SEL00039
SKU004988,SEL00026
SKU004989,SEL00028
SKU004989,SEL00003
SKU004989,SEL00033
SKU004989,SEL00049
SKU004989,SEL00011
SKU004990,SEL00029
SKU004991,SEL00007
SKU004991,SEL00018
SKU004991,SEL00027
SKU004992,SEL00035
SKU004992,SEL00010
SKU004992,SEL00002
SKU004992,SEL00000
SKU004993,SEL00029
SKU004993,SEL00044
SKU004993,SEL00020
SKU004993,SEL00008
SKU004993,SEL00034
SKU004994,SEL00019
SKU004994,SEL00013
SKU004994,SEL00039
SKU004994,SEL00044
SKU004995,SEL00024
SKU004995,SEL00005
SKU004995,SEL00029
SKU004995,SEL00006
SKU004995,SEL00000
SKU004996,SEL00035
SKU004996,SEL00021
SKU004996,SEL00040
SKU004996,SEL00041
SKU004996,SEL00033
SKU004997,SEL00008
SKU004997,SEL00000
SKU004997,SEL00030
SKU004997,SEL00043
SKU004997,SEL00037
SKU004998,SEL00008
SKU004999,SEL00009
SKU004999,SEL00047
SKU004999,SEL00001
SKU004999,SEL00028
