seller_id,seller_name,seller_type,city,state,rating
SEL00000,"Jones, Keller and Robinson",BRAND,North Jaredshire,New Mexico,3.01
SEL00001,Adams-Miller,BRAND,Port Brandonberg,Virginia,4.33
SEL00002,Estrada-Martin,MARKETPLACE,Beckton,Wisconsin,2.97
SEL00003,"Jennings, Stafford and Alvarez",DISTRIBUTOR,Port Danielbury,North Carolina,3.81
SEL00004,Hurley-Wang,BRAND,Amyberg,New Mexico,4.34
SEL00005,White-Ramirez,BRAND,South Jamieside,Minnesota,3.38
SEL00006,Barnes-Hansen,BRAND,Gonzalezmouth,Alabama,3.7
SEL00007,Murillo-Nguyen,MARKETPLACE,East Tiffany,Ohio,4.93
SEL00008,"Davis, Fisher and Miller",MARKETPLACE,Samuelport,Iowa,3.63
SEL00009,King-Cole,MARKETPLACE,Cuevasmouth,New Mexico,4.0
SEL00010,David-Hunt,DISTRIBUTOR,East Becky,Connecticut,2.92
SEL00011,Craig-Ramirez,MARKETPLACE,Carriemouth,North Carolina,4.57
SEL00012,Barker-Gomez,BRAND,Jacksonmouth,Ohio,2.93
SEL00013,"Hobbs, Koch and Griffin",BRAND,Willistown,Iowa,3.62
SEL00014,Michael Group,DISTRIBUTOR,Lake Sandrabury,South Dakota,3.55
SEL00015,"Thomas, Aguirre and Parker",MARKETPLACE,Christopherbury,Hawaii,2.66
SEL00016,"Herrera, Perez and Stephens",MARKETPLACE,Wilkinsonmouth,Tennessee,3.74
SEL00017,"Garcia, Arnold and Snyder",DISTRIBUTOR,Raymondbury,Oregon,3.8
SEL00018,"Elliott, Rosario and Mcgee",DISTRIBUTOR,Sheltonport,Rhode Island,4.21
SEL00019,Rush PLC,MARKETPLACE,Darrellberg,Oklahoma,4.04
SEL00020,"Robinson, Garcia and Flores",MARKETPLACE,Lisatown,Illinois,3.08
SEL00021,Pearson Group,DISTRIBUTOR,East Charlenebury,Alaska,4.75
SEL00022,"Weaver, Hernandez and Holder",DISTRIBUTOR,Port Ashleyfurt,Illinois,2.58
SEL00023,Adams LLC,BRAND,Aliceburgh,Alaska,3.87
SEL00024,Mitchell Inc,BRAND,East Rebecca,Virginia,2.79
SEL00025,Mills-Davis,BRAND,Port Mark,West Virginia,3.83
SEL00026,"Barnes, Burton and Petersen",BRAND,South Kevin,Texas,3.37
SEL00027,Peters Ltd,MARKETPLACE,Oscarchester,Virginia,3.48
SEL00028,Hernandez Ltd,MARKETPLACE,Franklinside,Wisconsin,4.58
SEL00029,Brown PLC,BRAND,Mejiaport,Nevada,3.2
SEL00030,Fox-Wallace,MARKETPLACE,Sullivanborough,Iowa,3.55
SEL00031,Hammond-Berry,DISTRIBUTOR,Jessicaton,Tennessee,3.63
SEL00032,"Wheeler, Brown and Davis",DISTRIBUTOR,North Amandaburgh,Maine,4.93
SEL00033,Underwood Ltd,MARKETPLACE,Port Robert,Delaware,4.09
SEL00034,Sandoval and Sons,DISTRIBUTOR,Port Jonathan,Missouri,4.43
SEL00035,Franklin-Schultz,DISTRIBUTOR,Wyattshire,North Dakota,4.63
SEL00036,"Garcia, Garcia and Turner",MARKETPLACE,Port Julieshire,Utah,4.37
SEL00037,Johnson-Whitaker,MARKETPLACE,Waltonburgh,Delaware,3.39
SEL00038,"Garrett, Hansen and Tyler",MARKETPLACE,Emilyville,Alabama,4.43
SEL00039,Ramos-Rosales,BRAND,Rodriguezville,Oregon,4.1
SEL00040,House LLC,BRAND,North Destiny,North Dakota,3.84
SEL00041,Harrington-Morales,BRAND,North James,Indiana,3.15
SEL00042,"Whitehead, Sanders and Morgan",DISTRIBUTOR,Port Autumn,Pennsylvania,3.91
SEL00043,Frye-Osborne,BRAND,Rachelburgh,South Dakota,2.86
SEL00044,Mccarty-Contreras,DISTRIBUTOR,North Desireestad,Georgia,4.34
SEL00045,George-Walker,BRAND,East Michael,Maine,3.79
SEL00046,Cortez Ltd,BRAND,Johnsonfurt,Wisconsin,4.97
SEL00047,Welch-Miller,MARKETPLACE,Tammyfort,Wyoming,2.64
SEL00048,Mullins-Wood,DISTRIBUTOR,Heidifort,Washington,2.73
SEL00049,Diaz Group,MARKETPLACE,Port Russellfort,New Hampshire,3.95
SEL00050,Hill-Finley,MARKETPLACE,East Nicoleland,Oregon,4.24
SEL00051,"Williams, Schmidt and Chase",MARKETPLACE,Kelseymouth,Missouri,2.68
SEL00052,"Reynolds, Pena and Murray",MARKETPLACE,Debraside,Nevada,3.65
SEL00053,Wilkins and Sons,MARKETPLACE,Hendricksside,Montana,4.47
SEL00054,"Mays, Jackson and Gray",DISTRIBUTOR,Jacksonview,Colorado,3.87
SEL00055,Byrd-Bruce,MARKETPLACE,Phamton,Maryland,2.9
SEL00056,Marsh-Garrison,MARKETPLACE,Whitehaven,Washington,3.06
SEL00057,Gonzalez Ltd,MARKETPLACE,Caitlynfurt,South Dakota,4.08
SEL00058,"Christian, Morales and Huang",DISTRIBUTOR,Danielleport,Alabama,4.98
SEL00059,Patton PLC,DISTRIBUTOR,Jaytown,Illinois,4.31
SEL00060,"Jensen, Tran and Black",DISTRIBUTOR,South Karen,Minnesota,3.5
SEL00061,"Mann, Gibson and Jones",BRAND,Johnmouth,Arkansas,4.7
SEL00062,Martinez-Reyes,DISTRIBUTOR,Port Justin,Minnesota,4.39
SEL00063,Ramirez-Rodriguez,DISTRIBUTOR,New David,Connecticut,3.23
SEL00064,Mcneil-Allen,BRAND,Baileyfort,Nevada,2.86
SEL00065,"Cline, French and Smith",MARKETPLACE,Jessestad,Minnesota,4.4
SEL00066,Harmon-White,MARKETPLACE,North Brandontown,Washington,2.96
SEL00067,Fernandez-Johnston,MARKETPLACE,West Katherine,Connecticut,4.11
SEL00068,"Richardson, Jacobson and Spencer",DISTRIBUTOR,South Stephenstad,Indiana,4.26
SEL00069,"Dunlap, Johnson and White",MARKETPLACE,Hicksshire,South Carolina,3.04
SEL00070,Perez Inc,MARKETPLACE,Heatherchester,North Dakota,4.57
SEL00071,Johnston PLC,BRAND,East Scottstad,South Dakota,3.92
SEL00072,Ferguson-Anderson,DISTRIBUTOR,North Kelseyfort,New York,3.1
SEL00073,Moore-Hughes,BRAND,Lake Jessicaside,Kansas,3.32
SEL00074,"Cox, Higgins and Davis",BRAND,East Christopherville,Nevada,4.03
SEL00075,"Dixon, Sharp and Taylor",MARKETPLACE,West Omar,Washington,4.63
SEL00076,"Brewer, Walker and Tapia",BRAND,West Donna,New York,4.86
SEL00077,Conner-Knight,BRAND,Youngfurt,Illinois,3.08
SEL00078,Gardner-Wiley,MARKETPLACE,Port Cindy,Utah,3.36
SEL00079,Gordon-Nichols,BRAND,West Laura,New Jersey,3.15
SEL00080,Garcia-Aguirre,DISTRIBUTOR,Hernandezbury,Nebraska,2.57
SEL00081,"Smith, Rasmussen and Stevens",MARKETPLACE,Bellfort,Washington,2.92
SEL00082,"Fritz, Kelly and Nguyen",BRAND,Parkerchester,Arkansas,3.27
SEL00083,Anderson Ltd,BRAND,Port Julia,Montana,4.38
SEL00084,"Cox, Villa and Myers",DISTRIBUTOR,Jacobfort,Washington,3.72
SEL00085,Martin Inc,BRAND,Lake Mackenzie,Hawaii,4.11
SEL00086,"White, Wilkerson and Duncan",MARKETPLACE,South Daniel,Connecticut,2.59
SEL00087,"Walker, Jordan and Weber",MARKETPLACE,Simpsonmouth,Florida,4.2
SEL00088,Hale-Barrett,BRAND,North Christinaburgh,Oregon,3.22
SEL00089,Evans-Hammond,DISTRIBUTOR,South Martin,Mississippi,3.27
SEL00090,"Le, Gilbert and Adams",DISTRIBUTOR,Martinezberg,Virginia,3.54
SEL00091,"Bell, Adams and Mckee",MARKETPLACE,Rodriguezland,Louisiana,4.86
SEL00092,Melendez Group,BRAND,South Patrickstad,Rhode Island,3.89
SEL00093,Sanders-Powers,DISTRIBUTOR,North Kathleenmouth,New York,4.57
SEL00094,Jimenez-Edwards,MARKETPLACE,South Jackson,Indiana,4.76
SEL00095,Myers-Fuentes,DISTRIBUTOR,Tonyaview,West Virginia,3.34
SEL00096,Mclaughlin Ltd,MARKETPLACE,Boyerchester,California,3.67
SEL00097,Mccann Inc,DISTRIBUTOR,Clementstown,Arizona,4.68
SEL00098,"Brooks, Harris and Wright",MARKETPLACE,Rasmussenbury,Massachusetts,4.46
SEL00099,"Soto, Smith and Williams",DISTRIBUTOR,New Josephhaven,West Virginia,3.6
SEL00100,Rivera-Ho,BRAND,North Kevin,North Dakota,3.54
SEL00101,Santos Ltd,MARKETPLACE,Fletchershire,Arkansas,2.55
SEL00102,Santiago-Davis,DISTRIBUTOR,East Juan,New York,3.33
SEL00103,Reynolds PLC,DISTRIBUTOR,Alexanderland,Arkansas,4.93
SEL00104,"Reeves, Bradford and Simon",BRAND,East Katrina,Arizona,3.79
SEL00105,Ryan-Acosta,BRAND,Loriburgh,South Carolina,4.32
SEL00106,"Adams, Hughes and Hansen",BRAND,Currystad,Florida,3.36
SEL00107,Grant-Adams,BRAND,Princeview,Washington,4.46
SEL00108,"Smith, Sparks and Rhodes",MARKETPLACE,Port Anafort,Oklahoma,4.62
SEL00109,"Hernandez, Mcconnell and Horton",DISTRIBUTOR,Lake Sandrabury,Idaho,4.0
SEL00110,Collier-Moyer,DISTRIBUTOR,Marcuschester,Florida,3.43
SEL00111,Morales-Nielsen,BRAND,New Lisa,Florida,4.12
SEL00112,"Fuller, Wilkins and Williams",BRAND,Lake Kevin,Alaska,4.53
SEL00113,"Kelley, Brown and Turner",BRAND,Port Cynthia,Georgia,3.13
SEL00114,"Porter, Smith and Olson",BRAND,Sotoside,Idaho,4.52
SEL00115,"Gonzalez, Watson and Garcia",DISTRIBUTOR,North Patriciafort,Oklahoma,4.56
SEL00116,Miller-Kirk,MARKETPLACE,Brownbury,Indiana,4.81
SEL00117,"Flynn, Savage and Horton",DISTRIBUTOR,Kimberlyburgh,Texas,3.2
SEL00118,"Castillo, Cox and Miller",DISTRIBUTOR,Lake Ericaburgh,Pennsylvania,2.94
SEL00119,"Farmer, Chavez and Romero",MARKETPLACE,Charlesmouth,Tennessee,3.65
SEL00120,Chen Group,MARKETPLACE,East Elizabeth,Texas,3.94
SEL00121,Jenkins Ltd,DISTRIBUTOR,Kellymouth,New Jersey,3.19
SEL00122,Herman-Diaz,BRAND,South Colleen,New Hampshire,4.11
SEL00123,Miller-Lewis,BRAND,East Brenda,West Virginia,3.66
SEL00124,White-Osborn,BRAND,Lauraberg,South Carolina,3.96
SEL00125,Smith-Chambers,DISTRIBUTOR,West Morgantown,California,3.92
SEL00126,"Patterson, Wilson and Rogers",DISTRIBUTOR,Barberview,Pennsylvania,4.82
SEL00127,King Inc,MARKETPLACE,South Jenny,Utah,4.38
SEL00128,Swanson-Hernandez,MARKETPLACE,Mendezhaven,Virginia,4.65
SEL00129,Webster Group,MARKETPLACE,Jenningsfurt,Arizona,2.97
SEL00130,Johnson PLC,DISTRIBUTOR,South Katrina,Wisconsin,2.88
SEL00131,"Chapman, Crosby and Garcia",MARKETPLACE,Williamside,Ohio,2.68
SEL00132,Solis Inc,MARKETPLACE,Williamshire,Alabama,4.16
SEL00133,"Michael, Hansen and Jones",BRAND,Pamelaburgh,Arkansas,3.84
SEL00134,Ross Group,DISTRIBUTOR,North Joshua,North Dakota,3.98
SEL00135,"King, Wiggins and Livingston",DISTRIBUTOR,Port Mitchellmouth,Montana,4.66
SEL00136,Brown Inc,MARKETPLACE,Lambury,Alabama,3.16
SEL00137,"Burns, Horne and Richard",DISTRIBUTOR,North Kathleenland,New Jersey,3.93
SEL00138,Chavez Inc,DISTRIBUTOR,South Patrickborough,Massachusetts,2.51
SEL00139,"Hamilton, Jones and Wheeler",BRAND,West Nicholasport,Nebraska,3.1
SEL00140,Bradley-Young,MARKETPLACE,Port Williammouth,Maryland,4.17
SEL00141,"Mooney, Smith and Edwards",MARKETPLACE,Leslieburgh,Arkansas,3.86
SEL00142,Phillips Group,MARKETPLACE,Pettyfort,Iowa,4.01
SEL00143,Harris-Padilla,BRAND,Port Stephanie,Indiana,2.91
SEL00144,Phillips-Jenkins,BRAND,Batesstad,Minnesota,3.83
SEL00145,Howard Group,BRAND,West Robertborough,Ohio,4.97
SEL00146,Sosa-Smith,DISTRIBUTOR,New Kenneth,New York,3.9
SEL00147,Chavez LLC,BRAND,Maldonadoside,New York,3.93
SEL00148,Perkins-Brown,MARKETPLACE,New Jessicatown,Alabama,3.48
SEL00149,"Gray, Cannon and Parrish",BRAND,East Christinahaven,Minnesota,4.14
SEL00150,Irwin LLC,BRAND,Lake Katherineview,Illinois,4.52
SEL00151,Johnson LLC,BRAND,East Frank,New Jersey,2.94
SEL00152,"Berg, White and Williams",DISTRIBUTOR,Port Brettborough,Illinois,2.8
SEL00153,"Hernandez, Johnson and Brown",DISTRIBUTOR,New Kristenburgh,Nebraska,2.9
SEL00154,"Gomez, Stevens and Alvarez",DISTRIBUTOR,East Carmen,West Virginia,2.65
SEL00155,Thomas Ltd,BRAND,Guzmanborough,Arizona,2.52
SEL00156,"Byrd, Haas and Knight",MARKETPLACE,Bishopburgh,Ohio,4.15
SEL00157,Wilson-Munoz,BRAND,Tristanport,New Jersey,3.62
SEL00158,Frazier-Mcdonald,BRAND,Lake Eric,Maine,3.55
SEL00159,Waller PLC,BRAND,Lutzhaven,North Carolina,2.69
SEL00160,Bridges Inc,DISTRIBUTOR,New Brandon,Florida,3.09
SEL00161,Mays Ltd,MARKETPLACE,North Dennisshire,Idaho,3.44
SEL00162,Lewis-Manning,MARKETPLACE,North Jesus,Maryland,4.68
SEL00163,Berry-Santos,BRAND,Lake Tyler,Maine,4.85
SEL00164,"Lozano, Rose and Gonzalez",MARKETPLACE,Joychester,Iowa,3.74
SEL00165,Gardner and Sons,BRAND,West Brandonport,Kansas,4.73
SEL00166,Hansen-Cantrell,DISTRIBUTOR,South Antoniochester,Montana,4.92
SEL00167,"Nelson, Williams and Stewart",BRAND,Davidtown,Georgia,4.33
SEL00168,Larson-Smith,BRAND,New Jasmineview,South Dakota,4.08
SEL00169,Moore and Sons,BRAND,New Kaylaland,Alaska,3.66
SEL00170,"Bryan, Christensen and Kennedy",MARKETPLACE,South Alexandriabury,Indiana,3.25
SEL00171,Hurst-Foley,DISTRIBUTOR,Barbaraton,Virginia,3.93
SEL00172,"Thomas, Vance and Clayton",DISTRIBUTOR,Lake Emilyhaven,Rhode Island,4.89
SEL00173,Davis Ltd,DISTRIBUTOR,Lindseymouth,North Dakota,2.68
SEL00174,"Phillips, Cook and Jones",BRAND,Rogerside,North Carolina,3.45
SEL00175,"Jackson, Lopez and Hayes",DISTRIBUTOR,Johnsonshire,Hawaii,4.33
SEL00176,Drake-Jackson,MARKETPLACE,Hoganhaven,New Mexico,3.7
SEL00177,Smith Group,BRAND,Leeberg,Virginia,4.79
SEL00178,"White, Wood and Williams",DISTRIBUTOR,North Kevin,Washington,3.92
SEL00179,Brooks and Sons,DISTRIBUTOR,North Kristyville,Montana,4.97
SEL00180,"Mason, Martinez and Cruz",MARKETPLACE,Sandraville,Michigan,3.43
SEL00181,Martinez LLC,DISTRIBUTOR,Lisaton,Pennsylvania,3.05
SEL00182,"Wells, Nguyen and Walton",BRAND,Henryport,Virginia,4.53
SEL00183,"Lee, Reynolds and Blankenship",BRAND,Mariaton,Colorado,2.78
SEL00184,Lewis-Harris,MARKETPLACE,Bradfordton,Minnesota,3.33
SEL00185,"Harris, Blackburn and Gonzalez",MARKETPLACE,Lake Elizabeth,Kentucky,3.33
SEL00186,Romero Group,BRAND,Staceyton,Michigan,2.94
SEL00187,Liu-Johnson,MARKETPLACE,Lake Daniel,Hawaii,4.0
SEL00188,"Graham, Manning and King",MARKETPLACE,Mcclainland,Ohio,4.64
SEL00189,Hamilton-Schneider,DISTRIBUTOR,Amandahaven,Nevada,4.32
SEL00190,Alvarez-Reyes,MARKETPLACE,Taylorview,West Virginia,4.5
SEL00191,Goodwin-Conley,MARKETPLACE,Karinaborough,Montana,4.66
SEL00192,Alexander PLC,MARKETPLACE,Kennethhaven,Washington,3.55
SEL00193,Ali Ltd,DISTRIBUTOR,Tammyshire,Kansas,4.83
SEL00194,Salinas-Murray,MARKETPLACE,New Eduardo,Montana,4.17
SEL00195,Smith-Little,DISTRIBUTOR,Lake Chelsea,Washington,4.51
SEL00196,"Robinson, White and Johnson",MARKETPLACE,West Robertstad,West Virginia,4.79
SEL00197,"Murphy, Johnson and Cunningham",MARKETPLACE,Thompsonbury,Kentucky,3.64
SEL00198,Ward-Gonzales,BRAND,East Nicolestad,Massachusetts,4.68
SEL00199,Bailey-Meadows,DISTRIBUTOR,Brandimouth,Alaska,3.13
SEL00200,"Lambert, Mckenzie and Marks",BRAND,East Bethanyside,Montana,2.76
SEL00201,Zuniga-Brown,BRAND,East Staceyfort,Alaska,3.75
SEL00202,"Anthony, Dorsey and Alexander",DISTRIBUTOR,Gregoryhaven,Kansas,4.92
SEL00203,"Roth, Scott and Beard",MARKETPLACE,West Tinatown,Connecticut,4.17
SEL00204,Hoffman Ltd,BRAND,Kathrynview,California,4.57
SEL00205,"Harrison, Gregory and Rojas",DISTRIBUTOR,West Amanda,Oklahoma,3.9
SEL00206,Anderson Inc,BRAND,South Jody,Oregon,3.12
SEL00207,Martin LLC,MARKETPLACE,North Donald,Alabama,3.27
SEL00208,Wallace-Humphrey,DISTRIBUTOR,Silvamouth,Minnesota,3.64
SEL00209,Foster Ltd,DISTRIBUTOR,Rayshire,Missouri,3.75
SEL00210,Brown LLC,DISTRIBUTOR,Reyesstad,Utah,3.63
SEL00211,Terry and Sons,BRAND,Chandlerstad,Connecticut,4.91
SEL00212,Tapia-Soto,BRAND,Lake Jason,Ohio,3.26
SEL00213,Joseph and Sons,DISTRIBUTOR,Briannafurt,Illinois,4.52
SEL00214,Suarez-Chapman,MARKETPLACE,Dariusberg,Maine,3.6
SEL00215,Nelson-Lee,MARKETPLACE,Ashleyside,Illinois,4.17
SEL00216,Beasley Ltd,DISTRIBUTOR,Hendersonton,Rhode Island,3.95
SEL00217,Zuniga-Martinez,DISTRIBUTOR,Taylorview,West Virginia,3.93
SEL00218,Williams and Sons,DISTRIBUTOR,Mccarthytown,Utah,3.47
SEL00219,Bradford PLC,BRAND,East Valerieville,Connecticut,3.67
SEL00220,"Lee, Mccormick and Ward",DISTRIBUTOR,Rebeccastad,Virginia,4.45
SEL00221,Chan and Sons,MARKETPLACE,Raymouth,South Dakota,2.59
SEL00222,"Turner, Monroe and Jackson",MARKETPLACE,South Amyport,New York,3.17
SEL00223,Bean Ltd,DISTRIBUTOR,West Kellyview,Illinois,4.45
SEL00224,Campbell-Walker,DISTRIBUTOR,Martinezside,Utah,4.33
SEL00225,May-Perez,BRAND,Curtisbury,Iowa,2.57
SEL00226,Miller-Ellis,BRAND,Lake Aprilshire,Arkansas,2.76
SEL00227,Martin and Sons,DISTRIBUTOR,Sandramouth,Tennessee,4.6
SEL00228,Cook PLC,MARKETPLACE,Martinborough,Alaska,4.14
SEL00229,Schneider and Sons,MARKETPLACE,Contrerasborough,Nevada,3.98
SEL00230,Rush-Fischer,MARKETPLACE,Lake Christophershire,Nebraska,4.56
SEL00231,Wise-Brewer,DISTRIBUTOR,Barbarafort,California,3.66
SEL00232,"Young, Henry and Greene",DISTRIBUTOR,South Kevin,Missouri,2.99
SEL00233,Cannon and Sons,BRAND,Baileyton,Indiana,4.27
SEL00234,"Hutchinson, Wood and Williams",BRAND,Port Aliciaborough,Colorado,2.6
SEL00235,Koch Group,MARKETPLACE,Berryshire,Wyoming,2.8
SEL00236,Gomez LLC,DISTRIBUTOR,Meganmouth,Maine,2.66
SEL00237,Meyer LLC,MARKETPLACE,Emilyberg,California,4.34
SEL00238,Downs LLC,BRAND,Hartmouth,Utah,3.91
SEL00239,Aguilar Inc,BRAND,New Gabriella,Louisiana,2.69
SEL00240,"Solomon, Kerr and Williams",DISTRIBUTOR,North Katherineville,Arizona,4.9
SEL00241,Martin-Ruiz,DISTRIBUTOR,South Annashire,New York,2.5
SEL00242,"Holland, Scott and Ellis",MARKETPLACE,Candiceland,Rhode Island,2.82
SEL00243,"Cowan, Ford and Galvan",MARKETPLACE,East Christina,Illinois,4.02
SEL00244,Keith-Cannon,DISTRIBUTOR,North Courtneyside,Florida,4.95
SEL00245,Brady Group,MARKETPLACE,Kylieborough,Maryland,3.91
SEL00246,Monroe LLC,BRAND,West Michelleville,Maine,4.71
SEL00247,Underwood-Goodman,MARKETPLACE,Lake Cynthia,Wisconsin,3.35
SEL00248,"Arroyo, Cole and Cooper",DISTRIBUTOR,Philipbury,Montana,3.87
SEL00249,"Glover, Villarreal and Cardenas",DISTRIBUTOR,Port Kennethberg,West Virginia,4.87
SEL00250,Smith-Bryan,MARKETPLACE,South Christinastad,New Jersey,4.59
SEL00251,"Gomez, Moore and Torres",DISTRIBUTOR,South Leebury,Oklahoma,2.65
SEL00252,"Ellis, Cunningham and Lewis",DISTRIBUTOR,West Saraside,Arkansas,4.49
SEL00253,"Anderson, Freeman and Brown",DISTRIBUTOR,Lake Jay,Massachusetts,2.72
SEL00254,Roberts-Holmes,BRAND,East Amber,Arkansas,2.87
SEL00255,"Sanders, Howe and Monroe",BRAND,South Bruceburgh,Wyoming,3.07
SEL00256,"Dunlap, Brown and Bullock",BRAND,South Davidberg,Vermont,4.9
SEL00257,"Rangel, Simmons and Burke",DISTRIBUTOR,Leestad,Nevada,3.99
SEL00258,"Washington, Spencer and Patel",MARKETPLACE,South Veronica,Michigan,4.87
SEL00259,Simmons Ltd,BRAND,West Melissa,Pennsylvania,2.85
SEL00260,Solis-Riley,BRAND,Markland,Hawaii,2.77
SEL00261,Carter LLC,DISTRIBUTOR,Andrewhaven,Idaho,4.36
SEL00262,Wolfe and Sons,DISTRIBUTOR,North Micheleside,Georgia,4.75
SEL00263,Acosta-Brown,MARKETPLACE,West Meredith,South Carolina,3.28
SEL00264,"Potts, Ellis and Johnson",MARKETPLACE,New David,Ohio,3.18
SEL00265,"Hawkins, Navarro and Rodriguez",DISTRIBUTOR,Michaelshire,South Carolina,4.42
SEL00266,"Wright, West and Chambers",DISTRIBUTOR,Buckland,Connecticut,4.34
SEL00267,Ramsey Group,BRAND,East Amandafort,Tennessee,4.63
SEL00268,Bradley-Reed,DISTRIBUTOR,East Lisa,South Carolina,4.2
SEL00269,"Obrien, Pugh and Ball",BRAND,North Brittany,Delaware,3.87
SEL00270,"Williams, Lucas and Griffin",BRAND,Port Thomas,Connecticut,4.34
SEL00271,Dyer Inc,MARKETPLACE,North Shannon,Washington,2.51
SEL00272,Brown Inc,BRAND,North Stacyton,New Hampshire,2.73
SEL00273,"Chan, Curry and Hardy",BRAND,Jessemouth,Ohio,4.4
SEL00274,"Campbell, Thompson and Brown",DISTRIBUTOR,North Kyle,Washington,4.33
SEL00275,"Bean, Anthony and Perry",BRAND,North Robert,Kentucky,2.92
SEL00276,"Cherry, Simpson and Green",DISTRIBUTOR,North Toddport,Minnesota,3.34
SEL00277,"Wright, Schneider and Thomas",MARKETPLACE,New Gabrielaborough,New Mexico,3.81
SEL00278,"Gilbert, Wright and Gonzales",DISTRIBUTOR,Lake Ethanstad,Texas,3.14
SEL00279,"Reyes, Myers and Hernandez",BRAND,Lake Leon,Maine,3.3
SEL00280,George Inc,BRAND,North Scott,Kansas,4.68
SEL00281,Graham Group,BRAND,Derrickburgh,Illinois,3.79
SEL00282,"Garcia, Cobb and Gaines",MARKETPLACE,East Jasonhaven,Arkansas,2.83
SEL00283,Dudley Ltd,BRAND,Lauraview,Arkansas,4.23
SEL00284,Jones Group,BRAND,Gregoryview,North Dakota,4.1
SEL00285,Price LLC,MARKETPLACE,Port Cheryl,West Virginia,4.26
SEL00286,Smith-Maxwell,DISTRIBUTOR,New Debra,Wyoming,4.46
SEL00287,Edwards-Brown,DISTRIBUTOR,North Seanton,Wyoming,3.26
SEL00288,Hernandez Group,MARKETPLACE,Comptonburgh,Kansas,2.53
SEL00289,"Herrera, Ramirez and Jones",MARKETPLACE,Jacksonland,Nebraska,4.71
SEL00290,"Castro, Weaver and Burton",BRAND,East Marcside,Missouri,4.62
SEL00291,Thomas-Walker,BRAND,Lake Stephanie,Oklahoma,3.33
SEL00292,Garcia-Cook,MARKETPLACE,New Susan,Colorado,2.81
SEL00293,"Reed, Cameron and Farrell",MARKETPLACE,North Lindseyton,Florida,4.98
SEL00294,Graham-Cox,DISTRIBUTOR,Lake Richardland,Florida,4.42
SEL00295,Atkinson Ltd,MARKETPLACE,Bryanburgh,New Mexico,3.95
SEL00296,Kerr Inc,DISTRIBUTOR,Floreshaven,Alaska,4.39
SEL00297,Solomon-Gibson,BRAND,Alvarezborough,West Virginia,3.83
SEL00298,"Taylor, Green and Hinton",DISTRIBUTOR,Chanport,Michigan,3.48
SEL00299,Frey and Sons,BRAND,Tammyburgh,Tennessee,3.55
SEL00300,Harris-Hernandez,BRAND,Lake Heatherland,Massachusetts,2.58
SEL00301,Garcia LLC,BRAND,Jamesburgh,Iowa,3.59
SEL00302,Le-Dodson,BRAND,Danielshire,Tennessee,3.02
SEL00303,"Harris, Walker and Boyer",DISTRIBUTOR,Lake Katelyn,West Virginia,2.51
SEL00304,Scott-Campbell,BRAND,East Jason,California,2.65
SEL00305,Walker Group,BRAND,Lake Dennis,New Hampshire,4.28
SEL00306,"Young, Williams and Bennett",BRAND,Mcbrideside,Alabama,3.22
SEL00307,Ford and Sons,MARKETPLACE,South Virginia,Washington,2.75
SEL00308,"Watson, Burch and Green",MARKETPLACE,Bushburgh,Utah,3.68
SEL00309,Nolan-Donovan,MARKETPLACE,New Davidmouth,Oregon,4.37
SEL00310,"Graham, Kemp and Jackson",MARKETPLACE,Mullinsville,Arizona,3.19
SEL00311,Arnold PLC,BRAND,Thomasborough,New Hampshire,4.37
SEL00312,"Williams, Welch and Hoffman",BRAND,West Travis,Indiana,2.81
SEL00313,"Bauer, Murillo and Wu",MARKETPLACE,New Ronald,New Mexico,3.15
SEL00314,Moore-Morales,BRAND,Cherylland,Nevada,3.04
SEL00315,Blankenship-Humphrey,BRAND,Robertburgh,Maine,2.92
SEL00316,Young-Wells,DISTRIBUTOR,North Tara,Missouri,3.32
SEL00317,Bryant Group,BRAND,East Justin,Arkansas,3.68
SEL00318,Stevenson Inc,BRAND,North Rachel,Georgia,3.51
SEL00319,Brown-Santiago,BRAND,Wheelerberg,New York,3.49
SEL00320,Jones Ltd,MARKETPLACE,Harperhaven,Pennsylvania,3.04
SEL00321,"Anderson, Mcclain and Hunter",MARKETPLACE,Harmonchester,Kansas,3.72
SEL00322,"Robles, Burns and Pacheco",DISTRIBUTOR,Port Michaelshire,Michigan,4.85
SEL00323,"Walters, Anderson and Morris",BRAND,South Nicholasborough,Michigan,4.45
SEL00324,Mcdonald and Sons,MARKETPLACE,East Brandy,New Jersey,3.07
SEL00325,Meyer Group,MARKETPLACE,Franklinview,Minnesota,3.49
SEL00326,Franklin LLC,MARKETPLACE,Ayalaton,Wisconsin,3.21
SEL00327,Clark and Sons,BRAND,New Lisashire,Vermont,3.35
SEL00328,"Nielsen, Hill and Allison",DISTRIBUTOR,Evansborough,Kentucky,3.64
SEL00329,Roberts-Kramer,MARKETPLACE,East Coreyside,Washington,4.28
SEL00330,"Coffey, Cowan and Adams",DISTRIBUTOR,Andrewville,Idaho,3.12
SEL00331,"Kent, Jones and Ferrell",DISTRIBUTOR,Joelchester,Arkansas,3.76
SEL00332,"Rodriguez, Jenkins and Rodriguez",BRAND,North Donaldborough,North Carolina,4.34
SEL00333,Chang PLC,DISTRIBUTOR,Perezton,Arkansas,3.56
SEL00334,Jones Ltd,DISTRIBUTOR,South Joshuachester,Montana,2.94
SEL00335,Owens-Young,BRAND,South Meganshire,Washington,4.77
SEL00336,Johnson Inc,DISTRIBUTOR,South Roberttown,South Carolina,4.72
SEL00337,Edwards-Anderson,MARKETPLACE,Woodton,Texas,4.32
SEL00338,Scott LLC,BRAND,West Christopher,New Jersey,4.56
SEL00339,Wilkinson-Rowe,MARKETPLACE,Sarahview,Massachusetts,3.93
SEL00340,Murphy-Kelly,BRAND,Port Christopher,Missouri,3.15
SEL00341,Turner-Miller,DISTRIBUTOR,Lake Christophermouth,Hawaii,3.06
SEL00342,Burns Inc,DISTRIBUTOR,New Joseph,Wyoming,4.23
SEL00343,Lawrence Ltd,DISTRIBUTOR,New Joseph,Connecticut,3.51
SEL00344,"Ortiz, Garrett and Ellis",BRAND,Baileyburgh,Texas,3.84
SEL00345,Parker-Frederick,DISTRIBUTOR,Andersonfort,Maine,4.65
SEL00346,Evans Group,MARKETPLACE,Thomasburgh,Rhode Island,4.41
SEL00347,"Fry, Lee and Walker",MARKETPLACE,New Eric,Alabama,4.16
SEL00348,Ruiz-Downs,DISTRIBUTOR,Josephshire,Maine,4.74
SEL00349,Walker PLC,DISTRIBUTOR,Davidside,North Carolina,3.24
SEL00350,Howard-Oliver,MARKETPLACE,Port Juanview,New Jersey,4.78
SEL00351,"Smith, Martinez and Fuentes",BRAND,New Angelafurt,Ohio,4.76
SEL00352,Miller Ltd,DISTRIBUTOR,Patriciamouth,Pennsylvania,2.55
SEL00353,Daniel and Sons,BRAND,Lake Ryanland,New Jersey,3.56
SEL00354,"Barnett, Lutz and Durham",BRAND,East Shelby,Oregon,3.52
SEL00355,Hodges PLC,DISTRIBUTOR,Joanneville,Tennessee,4.58
SEL00356,King PLC,MARKETPLACE,New Jessicastad,Florida,3.23
SEL00357,"Gentry, Nguyen and Rodriguez",DISTRIBUTOR,Port Rachel,Florida,3.83
SEL00358,"Wolfe, Greer and Parrish",BRAND,Jeffreystad,Vermont,4.83
SEL00359,Turner Group,DISTRIBUTOR,Weaverton,Washington,2.62
SEL00360,"Sawyer, Oliver and Miller",DISTRIBUTOR,North Justin,Oregon,4.49
SEL00361,Rasmussen LLC,DISTRIBUTOR,Johnsonstad,Michigan,4.8
SEL00362,Roberts PLC,BRAND,Vegashire,Washington,4.77
SEL00363,Griffith and Sons,BRAND,Amymouth,Idaho,3.53
SEL00364,Moore LLC,MARKETPLACE,North James,North Dakota,3.63
SEL00365,Bryant and Sons,DISTRIBUTOR,North Christopher,Montana,2.56
SEL00366,Roman Inc,DISTRIBUTOR,Port Erinmouth,Oklahoma,3.41
SEL00367,Henderson-Key,BRAND,Port Jennifermouth,South Dakota,3.44
SEL00368,"Nichols, Gray and Scott",MARKETPLACE,West Elizabethbury,Arizona,4.85
SEL00369,Chen Ltd,MARKETPLACE,Kristenville,Texas,4.03
SEL00370,Ortiz-Benitez,MARKETPLACE,Kathrynbury,Oregon,2.83
SEL00371,Bauer-Wallace,MARKETPLACE,New Mikaylachester,Kentucky,3.2
SEL00372,"Robinson, Williams and Caldwell",BRAND,North Tiffany,New Hampshire,4.71
SEL00373,"Lee, Burch and Collins",DISTRIBUTOR,East Dianamouth,Maryland,3.43
SEL00374,Flores Inc,DISTRIBUTOR,Reynoldsville,Arizona,3.53
SEL00375,Strong-Gordon,BRAND,Johnsonshire,Alaska,4.3
SEL00376,Mitchell-Chavez,BRAND,Williamchester,Kansas,2.8
SEL00377,Gill Ltd,DISTRIBUTOR,Hayesside,Ohio,3.28
SEL00378,Green Group,BRAND,Richardmouth,Virginia,4.95
SEL00379,"Abbott, Moore and Miller",BRAND,Hansenville,Iowa,4.34
SEL00380,Meyers-Burton,DISTRIBUTOR,Lake Chad,Florida,4.89
SEL00381,Lopez Inc,MARKETPLACE,Andreaport,Massachusetts,3.84
SEL00382,Johnson Ltd,MARKETPLACE,Nelsonfurt,Delaware,4.72
SEL00383,"Harvey, Baker and Gallegos",MARKETPLACE,West Jenniferstad,New Hampshire,2.7
SEL00384,"Davila, Valdez and Stevens",BRAND,Lake Stacyborough,Iowa,3.05
SEL00385,Johnson PLC,BRAND,New Cassandra,California,3.11
SEL00386,Baker-Smith,DISTRIBUTOR,Stoutstad,Texas,3.51
SEL00387,Mccoy-Wilson,MARKETPLACE,Gwendolynmouth,Wisconsin,2.97
SEL00388,Anderson and Sons,MARKETPLACE,Hudsonport,Iowa,2.68
SEL00389,Alexander PLC,MARKETPLACE,New Kevinfort,Pennsylvania,2.7
SEL00390,Navarro Group,MARKETPLACE,East Denise,Kentucky,3.71
SEL00391,Velazquez-Harris,DISTRIBUTOR,West Alisonshire,Iowa,3.13
SEL00392,Anthony-Wilson,BRAND,New Brenda,Texas,3.17
SEL00393,Baker and Sons,BRAND,South Christopherstad,Michigan,4.97
SEL00394,"Reyes, Huff and Spencer",DISTRIBUTOR,Richborough,Vermont,3.85
SEL00395,Foster Group,DISTRIBUTOR,Frankbury,Iowa,2.83
SEL00396,Juarez-Powell,MARKETPLACE,Port Amandamouth,Nebraska,2.51
SEL00397,Cruz-Anderson,BRAND,Lake Luis,Pennsylvania,3.45
SEL00398,"Marshall, Jones and Mendoza",BRAND,Lake Jeffreytown,New Mexico,4.98
SEL00399,"Dixon, Morrow and Reed",DISTRIBUTOR,Darrellburgh,New Jersey,3.59
SEL00400,"Meyer, Martinez and Velazquez",DISTRIBUTOR,East Amyville,Florida,3.35
SEL00401,Roman-Wood,DISTRIBUTOR,Tanyashire,Georgia,2.97
SEL00402,"Lucas, Robinson and Hamilton",BRAND,New Bernard,South Carolina,3.96
SEL00403,Gray PLC,MARKETPLACE,New Alan,Alaska,3.36
SEL00404,Hebert-Valdez,BRAND,Jenniferfurt,New Hampshire,4.65
SEL00405,Stevens-Bullock,BRAND,Baileychester,Tennessee,3.66
SEL00406,Mercer-Reid,BRAND,Parkermouth,Colorado,4.7
SEL00407,Marquez-Hansen,BRAND,Andrewmouth,Alabama,3.05
SEL00408,Payne-Figueroa,BRAND,Emilychester,Minnesota,3.27
SEL00409,Smith LLC,MARKETPLACE,Nashmouth,Illinois,3.41
SEL00410,Scott-Evans,MARKETPLACE,Mitchellfort,Kansas,3.91
SEL00411,Fleming-Miller,MARKETPLACE,East Shawn,Georgia,4.79
SEL00412,Nelson Group,DISTRIBUTOR,Jeremyhaven,Oregon,4.5
SEL00413,"Beck, Brennan and Chase",BRAND,South Michelle,Texas,4.49
SEL00414,"Gentry, Fritz and Mcdaniel",MARKETPLACE,Marquezfort,Nevada,3.79
SEL00415,Mason Group,BRAND,Christopherfort,Louisiana,4.69
SEL00416,"Williams, Williams and Snyder",MARKETPLACE,North Laurenchester,Alabama,2.53
SEL00417,"Logan, Carpenter and Frazier",BRAND,New Rachaelhaven,Texas,3.09
SEL00418,Jackson LLC,BRAND,Kimberlyshire,Iowa,4.4
SEL00419,"Castillo, Mckee and Jackson",DISTRIBUTOR,Douglasview,New Hampshire,4.7
SEL00420,Abbott-Stewart,MARKETPLACE,New Abigail,Virginia,3.74
SEL00421,"Wiley, Duncan and Cole",DISTRIBUTOR,North Adam,Tennessee,3.5
SEL00422,Barron Group,DISTRIBUTOR,New Michaelland,Wisconsin,3.03
SEL00423,Hartman Inc,BRAND,Evansport,Alaska,3.47
SEL00424,"Burns, Sellers and Armstrong",DISTRIBUTOR,Norrisland,Kentucky,4.11
SEL00425,Campbell-Park,DISTRIBUTOR,Christopherville,Colorado,3.17
SEL00426,Murphy PLC,MARKETPLACE,East Thomas,Idaho,4.06
SEL00427,Calderon and Sons,BRAND,Loriland,New York,4.19
SEL00428,"Hill, Robinson and Ross",BRAND,Lake Nancyport,Iowa,4.27
SEL00429,"Ellis, Hahn and Ortiz",DISTRIBUTOR,East Xavier,New York,3.35
SEL00430,"Jenkins, Allen and Sullivan",MARKETPLACE,Karenshire,New Hampshire,3.03
SEL00431,"Pratt, Fields and Lambert",DISTRIBUTOR,Amyshire,Mississippi,3.79
SEL00432,Meza PLC,BRAND,Daughertyville,California,3.1
SEL00433,Morris Ltd,DISTRIBUTOR,West Scottfurt,Alabama,3.93
SEL00434,Taylor-Wyatt,MARKETPLACE,East Michaela,Kansas,3.52
SEL00435,Martinez-Rodriguez,DISTRIBUTOR,Moorehaven,Massachusetts,4.4
SEL00436,Norton-Faulkner,BRAND,Brooksview,Missouri,4.18
SEL00437,Galloway-York,BRAND,Schwartzport,Maine,3.38
SEL00438,"Cole, Johnson and Duarte",BRAND,Hernandezburgh,New Hampshire,4.45
SEL00439,Campbell-Baker,DISTRIBUTOR,Romanfurt,California,3.55
SEL00440,Wilson-Hayden,DISTRIBUTOR,Hensleymouth,Tennessee,2.85
SEL00441,Brooks and Sons,MARKETPLACE,Stewartmouth,North Dakota,3.7
SEL00442,Johnston-Sanchez,BRAND,Scottview,Mississippi,4.7
SEL00443,"Allen, Jones and Morris",BRAND,Angelicaview,Idaho,3.87
SEL00444,Morgan-James,BRAND,Port Pamela,West Virginia,3.69
SEL00445,Lawson Ltd,DISTRIBUTOR,Mariabury,Rhode Island,3.61
SEL00446,"Rios, Johnson and Mathews",BRAND,Port Kelseymouth,Arizona,3.92
SEL00447,"Krueger, Garrett and Stephens",BRAND,Lake Brandi,Kansas,3.12
SEL00448,"Warner, Scott and Newton",MARKETPLACE,South Danielville,Minnesota,4.4
SEL00449,Rodriguez-Gomez,DISTRIBUTOR,Gardnerstad,Minnesota,3.19
SEL00450,Stewart LLC,DISTRIBUTOR,New Beckyfort,Alabama,4.5
SEL00451,Thomas Inc,DISTRIBUTOR,Griffintown,Vermont,4.76
SEL00452,Cervantes Inc,BRAND,Port Charlesburgh,Maine,4.88
SEL00453,Mason-Hale,DISTRIBUTOR,Lake James,South Carolina,4.02
SEL00454,Green-Garner,DISTRIBUTOR,Dickersonville,West Virginia,3.04
SEL00455,Johnson Inc,BRAND,North Richardville,Ohio,3.7
SEL00456,Lopez-Garcia,DISTRIBUTOR,Anneland,Illinois,4.59
SEL00457,Holder LLC,BRAND,Brownport,North Dakota,3.57
SEL00458,Hansen and Sons,MARKETPLACE,West Tammyshire,Michigan,4.83
SEL00459,Christian-Clark,BRAND,Port Wanda,Maryland,2.83
SEL00460,Brown-Phillips,DISTRIBUTOR,Larsenville,Colorado,3.96
SEL00461,"Harris, Mercado and Martinez",BRAND,Amyborough,Vermont,3.03
SEL00462,Logan and Sons,DISTRIBUTOR,New Peggyland,Vermont,4.61
SEL00463,"Rodriguez, Pearson and Richardson",MARKETPLACE,Port Joshua,South Dakota,4.03
SEL00464,Serrano-Harris,BRAND,West Jamiebury,Washington,2.56
SEL00465,Smith and Sons,MARKETPLACE,Ramirezville,Idaho,3.59
SEL00466,Manning Ltd,BRAND,Robinland,Wyoming,4.01
SEL00467,Kaiser and Sons,BRAND,South Olivia,Kentucky,2.73
SEL00468,Brandt Inc,MARKETPLACE,Daniellefurt,Louisiana,4.18
SEL00469,"Sparks, Torres and Mcgee",MARKETPLACE,New Thomas,Colorado,4.97
SEL00470,Burgess PLC,BRAND,North Lauraborough,South Dakota,3.2
SEL00471,Griffin-Garcia,BRAND,East Hunterville,Virginia,2.57
SEL00472,Taylor-Thompson,BRAND,Markbury,Michigan,3.43
SEL00473,Moore-Ray,DISTRIBUTOR,New Jennifer,Kansas,3.4
SEL00474,"Hamilton, Brown and Nelson",DISTRIBUTOR,West Mary,Iowa,4.29
SEL00475,"Thomas, Garcia and Travis",DISTRIBUTOR,South Jenniferville,Tennessee,4.8
SEL00476,Liu-Padilla,DISTRIBUTOR,Port Kimberlyfort,South Carolina,3.63
SEL00477,Mcdonald Ltd,BRAND,West Heiditown,Arizona,3.04
SEL00478,"Jones, Mendez and Miller",BRAND,Angelatown,Louisiana,2.85
SEL00479,Johnson-Pace,MARKETPLACE,Port Troy,Ohio,3.33
SEL00480,Terry-Brandt,DISTRIBUTOR,South Kathryn,Wyoming,2.95
SEL00481,Wright-Walker,DISTRIBUTOR,Milesmouth,Washington,3.8
SEL00482,Barnes Ltd,DISTRIBUTOR,Fuentesmouth,New Mexico,4.59
SEL00483,Salazar-George,BRAND,Westborough,South Carolina,4.66
SEL00484,"Watkins, Lewis and Sharp",DISTRIBUTOR,Colemanville,Maine,3.9
SEL00485,Cain PLC,DISTRIBUTOR,North Matthew,Kansas,4.18
SEL00486,"Griffin, Howell and Bond",MARKETPLACE,Jonesport,Colorado,4.79
SEL00487,Lee and Sons,BRAND,North Anna,Louisiana,3.15
SEL00488,Huber Inc,DISTRIBUTOR,West Shelly,Michigan,4.6
SEL00489,Adkins-Schmitt,MARKETPLACE,Cynthiaville,Connecticut,2.97
SEL00490,Moore-Miller,BRAND,Barnesville,Nebraska,3.78
SEL00491,"Perez, Mann and Mcguire",MARKETPLACE,Port Jenniferstad,Nevada,4.93
SEL00492,Allen-Williamson,BRAND,Lake James,Idaho,2.66
SEL00493,"Moore, Warren and Guzman",BRAND,Port Pamela,Texas,3.93
SEL00494,Williams-Parsons,BRAND,Vanessaville,New York,4.25
SEL00495,Sexton-Wilson,DISTRIBUTOR,Baileyfort,Virginia,3.97
SEL00496,Evans Ltd,BRAND,West Ryan,Florida,3.41
SEL00497,Allen-Mitchell,DISTRIBUTOR,Evansside,Alaska,4.53
SEL00498,Dodson Ltd,BRAND,Johnsonland,North Dakota,2.72
SEL00499,Roman Inc,BRAND,Thomasmouth,Kansas,4.5
SEL00500,Murphy-Gould,MARKETPLACE,Baileymouth,Wyoming,4.12
SEL00501,Estrada LLC,MARKETPLACE,Tinaburgh,Minnesota,2.52
SEL00502,Sutton-Harmon,DISTRIBUTOR,Port Brittanytown,Hawaii,4.96
SEL00503,White-Grant,BRAND,Lake Jonathanmouth,Wisconsin,3.22
SEL00504,Martin Group,MARKETPLACE,East Erinshire,West Virginia,2.63
SEL00505,Taylor-Morales,BRAND,Vaughnshire,Michigan,4.23
SEL00506,"Peterson, Kim and Johnson",DISTRIBUTOR,West Melissafort,Montana,4.69
SEL00507,Wilson-Scott,DISTRIBUTOR,North Sharon,Kentucky,4.2
SEL00508,"Jackson, Paul and Lopez",MARKETPLACE,Smithchester,Texas,3.44
SEL00509,"Freeman, Neal and Richmond",DISTRIBUTOR,Margaretside,Georgia,4.64
SEL00510,Gomez-Massey,BRAND,West Robert,Oregon,4.92
SEL00511,Jackson Ltd,DISTRIBUTOR,Brittanyfort,Oklahoma,2.83
SEL00512,"Morrow, Roberts and Crawford",BRAND,Munozside,New York,4.53
SEL00513,"Williams, Meyer and King",MARKETPLACE,Heidiburgh,Massachusetts,4.57
SEL00514,Singh-Jarvis,DISTRIBUTOR,Denisefort,Maine,3.6
SEL00515,Flores-Cohen,BRAND,New Nathaniel,Oregon,3.31
SEL00516,Ross-Valdez,MARKETPLACE,Ericstad,Idaho,4.27
SEL00517,"Brown, Clark and Kelly",BRAND,Port Johnathan,Maine,4.82
SEL00518,"Johnson, Wells and Brock",DISTRIBUTOR,Hillmouth,Connecticut,4.83
SEL00519,Whitehead-Washington,MARKETPLACE,Singhstad,Maryland,3.06
SEL00520,"Smith, Black and Galvan",DISTRIBUTOR,Corytown,Virginia,4.06
SEL00521,"Vance, Barber and Alexander",DISTRIBUTOR,West Carlosland,Maryland,4.29
SEL00522,Pacheco-Bradley,DISTRIBUTOR,New Casey,Mississippi,2.78
SEL00523,King-Cross,MARKETPLACE,Port Brian,Vermont,3.41
SEL00524,Hill Group,DISTRIBUTOR,Lake Charlesport,Oklahoma,4.65
SEL00525,Mejia-Reid,BRAND,North Maryport,Washington,4.06
SEL00526,Ryan-Williams,BRAND,South Christophermouth,Colorado,4.57
SEL00527,Mcdaniel-Kelly,BRAND,Hoffmanbury,Connecticut,2.75
SEL00528,Padilla PLC,MARKETPLACE,Moraview,Hawaii,3.78
SEL00529,Taylor Ltd,DISTRIBUTOR,Crystalhaven,Hawaii,2.55
SEL00530,"Hays, Gallagher and Price",DISTRIBUTOR,Lake Andrewmouth,Wyoming,3.39
SEL00531,"Knight, Cannon and Colon",DISTRIBUTOR,Lake Andrewville,Georgia,2.69
SEL00532,"Dominguez, Brown and Parker",MARKETPLACE,Rodriguezview,Colorado,3.26
SEL00533,Parks Inc,MARKETPLACE,South Brittany,South Dakota,2.87
SEL00534,Fisher and Sons,DISTRIBUTOR,New Anthonymouth,Kansas,3.53
SEL00535,Duarte-Ramirez,BRAND,Woodstown,Utah,3.15
SEL00536,"Rodriguez, Brown and Kerr",BRAND,Hardyland,California,4.55
SEL00537,"Griffith, Mclean and Peters",MARKETPLACE,Port Priscillaport,Colorado,3.62
SEL00538,Garcia-Myers,DISTRIBUTOR,Lake Jessica,Ohio,4.38
SEL00539,Le-Bailey,BRAND,East Zacharyberg,Alaska,4.72
SEL00540,"Norris, Carroll and Johnston",BRAND,Angelashire,Oregon,4.5
SEL00541,Gilbert-Hawkins,MARKETPLACE,New Kaylaside,Wyoming,4.52
SEL00542,"Martinez, Kim and Barrera",DISTRIBUTOR,Lake Shawn,North Dakota,2.95
SEL00543,Carr-Larson,MARKETPLACE,Loriton,Massachusetts,3.22
SEL00544,"Steele, Santos and Owens",DISTRIBUTOR,Brownmouth,Colorado,4.64
SEL00545,Hill Inc,DISTRIBUTOR,South Tanyafurt,Kansas,4.0
SEL00546,Cox-Davis,BRAND,Carolport,Georgia,3.17
SEL00547,"Mcintosh, Hart and Munoz",DISTRIBUTOR,North Robin,Connecticut,3.34
SEL00548,Lee-Williams,MARKETPLACE,Angelaberg,Oregon,4.77
SEL00549,Lozano Inc,MARKETPLACE,North Jessica,Idaho,2.69
SEL00550,Lewis and Sons,DISTRIBUTOR,New Andrew,Nevada,4.61
SEL00551,May Group,MARKETPLACE,North Heidi,Alabama,4.56
SEL00552,"Ramirez, Flowers and Thomas",MARKETPLACE,West Maryville,Georgia,4.96
SEL00553,Martin-Martin,MARKETPLACE,West Christopher,Missouri,4.51
SEL00554,Spencer Ltd,DISTRIBUTOR,Staceyville,North Dakota,2.58
SEL00555,"Martin, Cross and Alvarez",BRAND,Christianville,Utah,2.88
SEL00556,"Carroll, Simmons and Gonzalez",BRAND,West Katie,West Virginia,4.86
SEL00557,Murphy-Oliver,DISTRIBUTOR,Cruzview,Wisconsin,3.72
SEL00558,"Carrillo, Palmer and Taylor",BRAND,Kerrfurt,California,3.91
SEL00559,"Reid, Mason and Gentry",BRAND,East Vincent,New Jersey,3.86
SEL00560,Dodson Group,BRAND,Kylestad,Indiana,4.97
SEL00561,Guerrero-Brown,DISTRIBUTOR,Lake Destiny,Oregon,4.69
SEL00562,Yang Ltd,MARKETPLACE,Port Kellyfurt,Michigan,4.42
SEL00563,"Johnson, Crane and Brown",BRAND,New Jenniferport,New York,2.93
SEL00564,Gamble-Travis,BRAND,Terranceburgh,Kansas,3.13
SEL00565,Hanson LLC,MARKETPLACE,Taylormouth,Oregon,2.54
SEL00566,Munoz-Williams,MARKETPLACE,South Ashleyshire,Nevada,4.13
SEL00567,"Flynn, Flowers and Snyder",DISTRIBUTOR,Hoview,Nevada,2.7
SEL00568,Gutierrez LLC,DISTRIBUTOR,Clarkfurt,New Mexico,4.89
SEL00569,Wagner-Gutierrez,BRAND,North Jennaland,Illinois,4.61
SEL00570,Ware Ltd,DISTRIBUTOR,Henryburgh,Illinois,4.27
SEL00571,Hernandez LLC,MARKETPLACE,East Thomasville,Louisiana,3.23
SEL00572,Cruz PLC,MARKETPLACE,East Brianbury,Delaware,4.12
SEL00573,Gray-Miller,MARKETPLACE,Johnsonfort,Colorado,4.13
SEL00574,"Noble, Valenzuela and Guzman",BRAND,New Stephanie,Louisiana,3.88
SEL00575,"Rivers, Patterson and Johnson",DISTRIBUTOR,South Haileymouth,Pennsylvania,3.47
SEL00576,Hanna-Torres,MARKETPLACE,South Lisaberg,New Hampshire,4.04
SEL00577,Keller-Taylor,DISTRIBUTOR,East Nancyhaven,Wisconsin,3.12
SEL00578,"Johnson, Nelson and Eaton",DISTRIBUTOR,South Jillian,Michigan,4.31
SEL00579,Bernard Ltd,DISTRIBUTOR,East Philliptown,Washington,4.04
SEL00580,Harris and Sons,MARKETPLACE,Lynnfort,Oregon,2.58
SEL00581,Berger Inc,MARKETPLACE,Reynoldsmouth,South Dakota,3.68
SEL00582,"Castillo, Gibbs and James",BRAND,Lake Juanchester,Michigan,2.76
SEL00583,Castillo-Mitchell,MARKETPLACE,Murrayshire,Florida,3.84
SEL00584,Pineda-Campbell,MARKETPLACE,Lake Robertborough,New York,3.91
SEL00585,Reynolds-Cline,MARKETPLACE,New Thomas,Oklahoma,4.42
SEL00586,"Rodriguez, Gaines and Hill",DISTRIBUTOR,Christinechester,Oregon,2.92
SEL00587,Hill Ltd,DISTRIBUTOR,Port Tara,Mississippi,2.53
SEL00588,Santos Group,BRAND,Port Luke,Virginia,3.48
SEL00589,Ross PLC,DISTRIBUTOR,Hectormouth,Idaho,3.55
SEL00590,"Hendrix, Thompson and Stokes",MARKETPLACE,West Joseph,Kentucky,3.56
SEL00591,"Flores, Hernandez and Dixon",DISTRIBUTOR,Madisonbury,Iowa,4.19
SEL00592,Baker-Rivera,BRAND,Lake Calebchester,Minnesota,2.54
SEL00593,"Christian, Daniels and Small",DISTRIBUTOR,West Margaretfort,Washington,3.08
SEL00594,"Moore, Miller and Gilbert",DISTRIBUTOR,Matthewfort,Texas,4.07
SEL00595,Orozco-Goodman,MARKETPLACE,Evanville,Vermont,3.72
SEL00596,Mays Inc,BRAND,Kingtown,Arkansas,4.24
SEL00597,White-Bird,BRAND,Sanchezside,Missouri,3.88
SEL00598,Rowe Ltd,BRAND,Yoderside,Florida,4.82
SEL00599,Vance-Henry,BRAND,Christineburgh,Pennsylvania,3.5
SEL00600,Acosta-Shea,DISTRIBUTOR,Michellebury,Oklahoma,3.34
SEL00601,"Hughes, Delacruz and Ramos",DISTRIBUTOR,New Amber,Missouri,3.67
SEL00602,Hill-Thomas,BRAND,Lake Markfort,North Carolina,3.96
SEL00603,Cannon and Sons,BRAND,West Robert,New Hampshire,4.99
SEL00604,"Lopez, Russell and Copeland",BRAND,Lake Jacqueline,Nebraska,3.33
SEL00605,"Brown, Johnston and Lyons",MARKETPLACE,Amandaburgh,South Carolina,3.37
SEL00606,Zavala and Sons,BRAND,East Kristie,South Carolina,3.98
SEL00607,"Parker, Macdonald and Guzman",BRAND,East Michael,Hawaii,4.04
SEL00608,"Jackson, Brady and Gentry",MARKETPLACE,New Sheila,North Carolina,4.66
SEL00609,Doyle-Hamilton,DISTRIBUTOR,North Brianfurt,Montana,4.09
SEL00610,Petty Inc,MARKETPLACE,West Karafurt,Missouri,3.21
SEL00611,Keith-Johnson,MARKETPLACE,Lake Michael,Oregon,4.51
SEL00612,Harris-Moore,DISTRIBUTOR,Nicolechester,New York,4.54
SEL00613,Morrison-Dennis,MARKETPLACE,Port Mistyborough,Tennessee,3.19
SEL00614,"Berger, Yang and Jordan",BRAND,Lake Brittanyville,Nevada,2.89
SEL00615,Burns LLC,MARKETPLACE,Kennethview,Colorado,3.52
SEL00616,Jones-Skinner,MARKETPLACE,Lake Kristinehaven,Utah,4.19
SEL00617,"Washington, Anderson and Carter",BRAND,Williamston,Arizona,4.76
SEL00618,Freeman Inc,BRAND,Stevenborough,Alaska,4.03
SEL00619,"Davenport, Dunn and Moss",DISTRIBUTOR,Port Kristinchester,Wyoming,2.5
SEL00620,Bernard PLC,MARKETPLACE,North Theresaland,Oklahoma,4.95
SEL00621,Velazquez-Carter,DISTRIBUTOR,Port Aaronbury,Kentucky,3.07
SEL00622,"Silva, Ramsey and Lee",MARKETPLACE,Devinport,Colorado,2.69
SEL00623,Nelson-Taylor,DISTRIBUTOR,Brandonberg,Pennsylvania,3.17
SEL00624,"Leon, Reid and Zimmerman",MARKETPLACE,New Katherine,North Carolina,2.73
SEL00625,Parker-Travis,MARKETPLACE,Smithborough,Connecticut,4.98
SEL00626,Reed-Bradford,MARKETPLACE,West Christopher,Louisiana,3.21
SEL00627,"Cohen, Morris and Dorsey",DISTRIBUTOR,Emmastad,Oklahoma,3.9
SEL00628,Brown PLC,DISTRIBUTOR,Port Frank,South Carolina,4.46
SEL00629,Russell and Sons,MARKETPLACE,North John,Rhode Island,3.98
SEL00630,"Fernandez, Carlson and Hill",MARKETPLACE,South Robertfort,Rhode Island,4.13
SEL00631,Landry-Weiss,BRAND,Arthurshire,Florida,3.5
SEL00632,Nolan LLC,DISTRIBUTOR,Anthonyton,Michigan,4.53
SEL00633,Ruiz PLC,DISTRIBUTOR,Michaelview,Utah,3.97
SEL00634,Sosa-Bell,BRAND,Hunterfort,Tennessee,4.73
SEL00635,Becker and Sons,BRAND,Lake Kentstad,Alabama,4.49
SEL00636,Williams-Ortega,BRAND,Hartmantown,Michigan,3.12
SEL00637,Cohen-Lopez,BRAND,Craigshire,Tennessee,4.37
SEL00638,Nash-Ramos,MARKETPLACE,Rogerport,Indiana,4.63
SEL00639,Smith-Chapman,DISTRIBUTOR,North Douglasmouth,Nevada,3.05
SEL00640,Browning and Sons,DISTRIBUTOR,Davidside,Colorado,3.28
SEL00641,Whitaker Ltd,MARKETPLACE,Charlesbury,Texas,2.97
SEL00642,"Taylor, Conner and White",MARKETPLACE,Port Patrick,Connecticut,2.69
SEL00643,Baird-Lewis,DISTRIBUTOR,North Vanessaview,Texas,4.9
SEL00644,Lee-Tapia,MARKETPLACE,North Rhondashire,Wyoming,3.21
SEL00645,Jackson-Washington,BRAND,West Hannah,South Dakota,3.88
SEL00646,"James, Peters and Torres",BRAND,Ayalaview,New Hampshire,3.04
SEL00647,Brown-Gonzales,DISTRIBUTOR,Lopezshire,Texas,3.77
SEL00648,Rogers Ltd,DISTRIBUTOR,South Stephanie,South Dakota,3.38
SEL00649,"Carroll, Sanders and Cole",MARKETPLACE,Hernandezton,Connecticut,3.1
SEL00650,Browning-Gonzalez,MARKETPLACE,North Virginiaport,New York,4.92
SEL00651,Quinn-Kemp,DISTRIBUTOR,Carlsonville,Ohio,4.02
SEL00652,Allen Inc,DISTRIBUTOR,West Jaime,Connecticut,4.06
SEL00653,Carson-Morton,DISTRIBUTOR,Moyerland,Connecticut,4.16
SEL00654,"Padilla, Mcmillan and Parker",BRAND,Ginaburgh,North Dakota,4.53
SEL00655,"Hoover, Rodriguez and Rosales",BRAND,Lake Michael,South Dakota,4.44
SEL00656,"Clements, Bates and Garcia",MARKETPLACE,Port Michelefort,Utah,3.13
SEL00657,Harper LLC,BRAND,Scottburgh,Wisconsin,2.76
SEL00658,"Hicks, Rodriguez and Reynolds",DISTRIBUTOR,Emilyland,Rhode Island,4.47
SEL00659,Scott-Wilkins,BRAND,Robinsonview,New York,4.4
SEL00660,"Stephens, Wolfe and Campbell",BRAND,Moorebury,Georgia,4.8
SEL00661,Clark LLC,DISTRIBUTOR,Anthonyberg,South Carolina,4.47
SEL00662,"Williams, Singh and Martinez",MARKETPLACE,Marshstad,Kansas,4.14
SEL00663,Barajas-Costa,BRAND,Lake Sarah,Texas,3.0
SEL00664,"Davis, Montgomery and Hamilton",MARKETPLACE,North Ginaland,New Jersey,4.94
SEL00665,"Jones, Escobar and Martinez",DISTRIBUTOR,Singhhaven,Louisiana,3.98
SEL00666,Garcia LLC,MARKETPLACE,Port Jasonfort,New Hampshire,3.2
SEL00667,"Cooper, Evans and Sims",DISTRIBUTOR,Hannahtown,North Dakota,2.77
SEL00668,King-Barton,MARKETPLACE,South James,New Jersey,3.34
SEL00669,"Johnston, Roberts and Sloan",MARKETPLACE,Perrystad,Idaho,3.54
SEL00670,Schmitt-Humphrey,MARKETPLACE,North Jerryville,Maryland,4.3
SEL00671,Walker-Williamson,MARKETPLACE,Williamsborough,Wyoming,4.95
SEL00672,Adams Ltd,DISTRIBUTOR,Combston,Louisiana,4.69
SEL00673,Hart PLC,MARKETPLACE,Williamsmouth,Colorado,3.07
SEL00674,Smith-Barajas,BRAND,Blackland,Michigan,4.15
SEL00675,"Cantrell, Hernandez and Carroll",DISTRIBUTOR,South George,Alaska,4.1
SEL00676,"Morton, Russo and Hill",BRAND,Collinsstad,Virginia,3.26
SEL00677,Tucker-Taylor,DISTRIBUTOR,Port Philipton,Vermont,3.3
SEL00678,Salazar and Sons,BRAND,Jefferyland,Minnesota,3.31
SEL00679,Torres-Jordan,BRAND,Simmonsville,Nebraska,4.63
SEL00680,"Gallegos, Garcia and Harper",MARKETPLACE,West Jesus,Massachusetts,3.73
SEL00681,Knight Group,MARKETPLACE,Carpenterberg,Oklahoma,4.3
SEL00682,Andrews and Sons,MARKETPLACE,North Melissaton,Tennessee,3.87
SEL00683,Guzman LLC,DISTRIBUTOR,South Ernest,Indiana,2.7
SEL00684,Hendricks LLC,BRAND,Lake Tinaville,Arizona,2.93
SEL00685,Wilkerson Inc,MARKETPLACE,Piercefort,Georgia,4.72
SEL00686,Dixon Group,DISTRIBUTOR,Johnland,North Carolina,3.58
SEL00687,Wilson-Martinez,DISTRIBUTOR,East Travisland,New Jersey,4.89
SEL00688,"Mcclure, Valenzuela and Hill",DISTRIBUTOR,West Rebeccabury,California,4.33
SEL00689,"Garcia, Sanchez and Brandt",DISTRIBUTOR,East Douglas,New Jersey,4.05
SEL00690,Ritter-Burnett,DISTRIBUTOR,Changport,Delaware,4.22
SEL00691,Mendoza Group,DISTRIBUTOR,Lake Matthewshire,Nebraska,2.84
SEL00692,"Davenport, Schmidt and Mccoy",MARKETPLACE,Dianefurt,New Jersey,3.72
SEL00693,Lopez-Reyes,DISTRIBUTOR,South Philipbury,Utah,3.76
SEL00694,Baker Ltd,MARKETPLACE,Lake Keith,Texas,4.9
SEL00695,"Mejia, Wright and Warren",MARKETPLACE,New Anthonyfort,Wisconsin,4.96
SEL00696,"Turner, Spence and Davis",MARKETPLACE,Stevenside,Colorado,4.34
SEL00697,"Washington, Goodman and Scott",DISTRIBUTOR,Kimland,Massachusetts,4.32
SEL00698,"Cox, Cox and Newman",DISTRIBUTOR,Contreraschester,California,3.01
SEL00699,"Calderon, Davidson and Bonilla",DISTRIBUTOR,Kyleshire,Texas,2.53
SEL00700,"Peters, Stafford and Ochoa",MARKETPLACE,South Matthewshire,California,4.71
SEL00701,"Martinez, Proctor and Wilcox",DISTRIBUTOR,Graveschester,Kentucky,4.11
SEL00702,Mendoza and Sons,MARKETPLACE,North Maria,Montana,3.41
SEL00703,Tran-Kennedy,MARKETPLACE,Lake Patricia,Wyoming,2.9
SEL00704,King-Tucker,MARKETPLACE,Brittanyshire,Indiana,3.31
SEL00705,"Chapman, Lester and Watts",DISTRIBUTOR,Fischerbury,Oklahoma,3.02
SEL00706,Wood-Wallace,DISTRIBUTOR,Brendaville,Iowa,3.12
SEL00707,"Myers, Myers and Porter",BRAND,South Jonathanshire,North Carolina,2.83
SEL00708,Henson-Thomas,DISTRIBUTOR,Sandersfort,West Virginia,4.55
SEL00709,Caldwell-Jones,DISTRIBUTOR,Sheltonstad,Pennsylvania,3.69
SEL00710,"Ramsey, Butler and Pace",MARKETPLACE,Christinestad,Mississippi,4.34
SEL00711,Gonzalez-Hodges,MARKETPLACE,New Christopherton,Oklahoma,4.39
SEL00712,"Carson, Williams and Mahoney",DISTRIBUTOR,Pruittchester,Alabama,3.28
SEL00713,Gomez and Sons,MARKETPLACE,New Nicholas,Kentucky,2.67
SEL00714,"Bauer, Stewart and Porter",BRAND,West Louisstad,Vermont,3.35
SEL00715,Garrett-Powell,DISTRIBUTOR,Port Dustinland,Maine,4.92
SEL00716,"Butler, White and Navarro",BRAND,New Roy,Alabama,2.55
SEL00717,James-Wolfe,BRAND,West Brittany,Alaska,4.47
SEL00718,"Powell, Montoya and Barron",MARKETPLACE,Amandastad,Minnesota,3.83
SEL00719,Ruiz-Barrett,DISTRIBUTOR,Stephenfort,Ohio,3.73
SEL00720,Johnson Ltd,DISTRIBUTOR,New April,New Mexico,3.59
SEL00721,Lopez-Hall,BRAND,Beasleyview,South Dakota,3.63
SEL00722,Espinoza Ltd,BRAND,Hallport,Arizona,3.04
SEL00723,Brennan-Mccarty,BRAND,New Jimmyfurt,Tennessee,3.12
SEL00724,Herrera and Sons,BRAND,Port Jasonside,Ohio,3.58
SEL00725,Howell Group,MARKETPLACE,Danielchester,Alabama,2.62
SEL00726,Flores and Sons,MARKETPLACE,West Rachelburgh,Maine,4.25
SEL00727,Brewer-Young,BRAND,Amandatown,Virginia,4.07
SEL00728,Austin Ltd,DISTRIBUTOR,Johnnyfort,Arkansas,2.67
SEL00729,Barnes Inc,MARKETPLACE,Rogersbury,California,3.6
SEL00730,Hebert PLC,BRAND,Lake Brittany,Delaware,4.23
SEL00731,Smith-Lambert,BRAND,North Jacquelinetown,Connecticut,3.83
SEL00732,Chan Ltd,DISTRIBUTOR,North Marcusland,New Jersey,4.83
SEL00733,"Kane, Best and Miller",MARKETPLACE,Christopherside,Tennessee,4.59
SEL00734,Harrell-Martinez,BRAND,North Janeview,Tennessee,3.13
SEL00735,Williams Group,BRAND,Lake Christine,Texas,3.92
SEL00736,Sanders PLC,BRAND,South Amandaberg,Wisconsin,3.79
SEL00737,Porter Group,BRAND,New Erica,Rhode Island,4.39
SEL00738,"Patterson, Johnson and Mckinney",MARKETPLACE,Rogerview,Montana,3.95
SEL00739,"Ortiz, Salazar and Weeks",BRAND,Sarahberg,Nebraska,3.22
SEL00740,"Mason, Peterson and Williams",BRAND,Katherinemouth,New Mexico,4.56
SEL00741,Bryant Ltd,DISTRIBUTOR,Porterburgh,Maryland,4.9
SEL00742,Hull LLC,MARKETPLACE,Hernandezhaven,Vermont,4.17
SEL00743,Nelson PLC,BRAND,West Chelsea,New Hampshire,4.57
SEL00744,Morgan Ltd,MARKETPLACE,Johnsonchester,Oregon,3.05
SEL00745,Salazar-Quinn,MARKETPLACE,Port Stephenmouth,Alabama,3.63
SEL00746,"Martin, Pitts and Farrell",MARKETPLACE,South Meredith,Maryland,4.98
SEL00747,Martin-Garza,BRAND,Lorimouth,New Jersey,3.4
SEL00748,Sanders-Barnes,BRAND,Robertsport,Idaho,3.57
SEL00749,Roy PLC,MARKETPLACE,Williamsshire,Nevada,4.03
SEL00750,"Jimenez, Murray and Lopez",MARKETPLACE,New John,Wyoming,3.86
SEL00751,"Wheeler, Sweeney and Vasquez",DISTRIBUTOR,Kathrynborough,Massachusetts,4.93
SEL00752,"Gibson, Gilbert and Miller",MARKETPLACE,Joshuafort,Michigan,3.92
SEL00753,Cox-Miranda,DISTRIBUTOR,North Thomastown,New York,4.64
SEL00754,"Estes, Austin and Silva",BRAND,North Deanna,New Mexico,3.5
SEL00755,"Garcia, Mclean and Walker",DISTRIBUTOR,New Barbara,Florida,4.82
SEL00756,Juarez Ltd,DISTRIBUTOR,West Derrickmouth,Alabama,4.95
SEL00757,Kennedy Inc,DISTRIBUTOR,Lake Robertfurt,Massachusetts,3.79
SEL00758,"Dougherty, Jackson and Bryant",DISTRIBUTOR,North Abigailtown,Kentucky,2.58
SEL00759,Hardy and Sons,BRAND,Sanchezmouth,Maine,3.72
SEL00760,Gonzalez Ltd,DISTRIBUTOR,West Laurenberg,Oklahoma,3.66
SEL00761,"Smith, Olson and Williamson",DISTRIBUTOR,North Karen,West Virginia,4.87
SEL00762,Jackson Inc,MARKETPLACE,South Stephenfort,Ohio,4.94
SEL00763,Craig-Lyons,DISTRIBUTOR,Lake Williamchester,Missouri,4.26
SEL00764,"Smith, Wells and Morgan",BRAND,Jesseview,Rhode Island,3.5
SEL00765,Smith and Sons,BRAND,Beckberg,West Virginia,4.06
SEL00766,Ballard Ltd,DISTRIBUTOR,Sandraton,Missouri,4.58
SEL00767,Burns Ltd,DISTRIBUTOR,East Barry,Massachusetts,4.78
SEL00768,"Brown, Nicholson and Caldwell",BRAND,Christinetown,Alaska,3.48
SEL00769,Williamson-Arellano,DISTRIBUTOR,Lake Robin,Louisiana,3.14
SEL00770,Crawford-Price,MARKETPLACE,North Sethport,Wyoming,3.72
SEL00771,Holt-Wood,MARKETPLACE,Tamaraside,Montana,4.68
SEL00772,Johnson-Poole,DISTRIBUTOR,Johnsonton,Iowa,4.7
SEL00773,Kim and Sons,MARKETPLACE,East Lindaton,Indiana,4.44
SEL00774,Parker-Johnston,DISTRIBUTOR,Lake Sarah,Michigan,4.36
SEL00775,Lawrence Inc,BRAND,Lake Justin,Alaska,3.46
SEL00776,"Smith, Hoffman and Graham",MARKETPLACE,Stephenshire,Nevada,3.98
SEL00777,"Conrad, Thompson and Wallace",BRAND,Jessicaburgh,South Carolina,3.5
SEL00778,Sellers and Sons,MARKETPLACE,Sanchezburgh,Indiana,3.25
SEL00779,Perez LLC,BRAND,Richardshire,Kansas,4.8
SEL00780,Adams-Jordan,MARKETPLACE,Anneland,Alaska,4.31
SEL00781,Garza Group,BRAND,Sarahtown,Indiana,4.85
SEL00782,"Williams, Ortiz and Williams",BRAND,Dicksonburgh,Alabama,2.99
SEL00783,Woods PLC,MARKETPLACE,East Calvinport,Pennsylvania,4.58
SEL00784,"Winters, Fischer and Choi",BRAND,Port Steven,New Hampshire,3.61
SEL00785,Gardner-Edwards,DISTRIBUTOR,South Veronica,Texas,4.49
SEL00786,Green-Hernandez,DISTRIBUTOR,Dennisshire,Rhode Island,2.79
SEL00787,Peters-Ellison,DISTRIBUTOR,West Christopherside,New Jersey,4.72
SEL00788,Anderson Inc,MARKETPLACE,Davidhaven,Minnesota,4.74
SEL00789,Howell-Ball,MARKETPLACE,Murillomouth,Oregon,3.13
SEL00790,Brown-Henderson,DISTRIBUTOR,South Omarshire,Alabama,3.46
SEL00791,Murray-Harvey,DISTRIBUTOR,West Michaelview,Oklahoma,4.6
SEL00792,Rodriguez Group,DISTRIBUTOR,Joannaside,Arizona,3.54
SEL00793,"Guerrero, Williams and Salazar",MARKETPLACE,South Kaitlin,Wisconsin,3.95
SEL00794,Shannon and Sons,BRAND,Port Robertton,Mississippi,2.97
SEL00795,Chavez and Sons,BRAND,North Christopher,North Carolina,3.42
SEL00796,Beard-Armstrong,BRAND,New Kimberly,New Mexico,3.8
SEL00797,"Nguyen, Sharp and Hutchinson",DISTRIBUTOR,North Michael,Indiana,2.98
SEL00798,Herrera-Arellano,BRAND,East John,Rhode Island,4.05
SEL00799,"Bullock, Anderson and Adkins",MARKETPLACE,Adammouth,Illinois,4.57
SEL00800,"Lopez, Daniels and Day",MARKETPLACE,North James,New Hampshire,2.93
SEL00801,Thompson-Reyes,MARKETPLACE,Amandabury,West Virginia,4.32
SEL00802,"Baker, Roberson and Green",DISTRIBUTOR,Lake Carla,Wisconsin,4.01
SEL00803,"Casey, Hernandez and Francis",BRAND,Anthonybury,Pennsylvania,4.79
SEL00804,Hammond-Hernandez,MARKETPLACE,Shawfurt,Georgia,2.78
SEL00805,Higgins-Taylor,MARKETPLACE,Lake Robert,South Carolina,4.41
SEL00806,"Guerrero, Snyder and Ortega",BRAND,Brittanyland,Indiana,4.36
SEL00807,Estes-Sims,DISTRIBUTOR,East Mary,Connecticut,4.13
SEL00808,Rosario Inc,MARKETPLACE,West Davidton,Michigan,4.85
SEL00809,Johnston-Atkins,MARKETPLACE,New Linda,Arizona,2.88
SEL00810,Moore Inc,BRAND,Smallburgh,New York,3.63
SEL00811,Robinson and Sons,MARKETPLACE,Smithtown,Michigan,3.31
SEL00812,"Weaver, Wright and Wheeler",DISTRIBUTOR,Lake Michelle,Arizona,2.82
SEL00813,"Gonzalez, Lloyd and Barnes",MARKETPLACE,East Samuel,Arizona,3.34
SEL00814,Allen-Romero,DISTRIBUTOR,Dakotafurt,Missouri,4.9
SEL00815,Hamilton-Shea,BRAND,North Clinton,Tennessee,4.78
SEL00816,Arnold PLC,DISTRIBUTOR,Rachelton,Minnesota,3.81
SEL00817,Price LLC,DISTRIBUTOR,Tonyside,Idaho,2.73
SEL00818,Vaughn PLC,DISTRIBUTOR,Kristinchester,Oregon,3.61
SEL00819,"Aguilar, Barton and Sutton",DISTRIBUTOR,Port Kenneth,Washington,3.95
SEL00820,Castillo LLC,BRAND,West Laurenfort,Maine,4.04
SEL00821,"Wright, Bailey and Sanchez",BRAND,Port Gregorybury,North Carolina,4.96
SEL00822,Garcia-Kramer,MARKETPLACE,Port Richard,Oregon,2.75
SEL00823,"West, Wright and Pollard",MARKETPLACE,Blackwellburgh,North Carolina,2.56
SEL00824,Schmidt-Gibson,BRAND,Karenshire,Kentucky,4.78
SEL00825,"Spencer, Sanchez and Mitchell",MARKETPLACE,Lake Tracy,Tennessee,3.44
SEL00826,Sheppard-Osborn,BRAND,Ballfurt,Alabama,3.63
SEL00827,"Bailey, Hicks and Johnson",BRAND,Roybury,Tennessee,4.91
SEL00828,"Wilson, Gomez and Moore",BRAND,Nicholasborough,Georgia,4.05
SEL00829,"Ibarra, Jenkins and Smith",DISTRIBUTOR,Josechester,Massachusetts,2.56
SEL00830,"Hicks, Thompson and Thomas",DISTRIBUTOR,New Jamesberg,Delaware,4.61
SEL00831,"Hawkins, Garcia and Sims",DISTRIBUTOR,North Wayneport,Louisiana,2.68
SEL00832,Braun and Sons,MARKETPLACE,Lake Leahfurt,Hawaii,3.61
SEL00833,"Singleton, Middleton and Lewis",MARKETPLACE,East Susanbury,Pennsylvania,3.48
SEL00834,Williams LLC,DISTRIBUTOR,Jerryport,Iowa,4.58
SEL00835,Baldwin Ltd,MARKETPLACE,Schwartzmouth,Alabama,2.66
SEL00836,Wilson-Webb,MARKETPLACE,Reyeshaven,South Dakota,3.45
SEL00837,Walker and Sons,MARKETPLACE,South Rebeccaside,Mississippi,4.23
SEL00838,Robinson-Patterson,BRAND,Marioland,Alaska,3.17
SEL00839,Martinez-Stokes,MARKETPLACE,Andradeburgh,North Dakota,4.71
SEL00840,Williams PLC,DISTRIBUTOR,Parkerbury,Washington,4.47
SEL00841,Scott Ltd,DISTRIBUTOR,Lake Lisa,Utah,3.28
SEL00842,"Hendrix, Lopez and Fuller",MARKETPLACE,Lake Elijahside,New Mexico,4.87
SEL00843,Zimmerman-Brady,DISTRIBUTOR,Mannstad,Maryland,3.29
SEL00844,Simon-Fields,MARKETPLACE,Kristenport,Arizona,2.97
SEL00845,Douglas Ltd,MARKETPLACE,North Matthewview,Illinois,2.73
SEL00846,Glover-Roberts,DISTRIBUTOR,Calebmouth,Illinois,4.74
SEL00847,Moore-Lucas,MARKETPLACE,Robinsonmouth,Hawaii,4.69
SEL00848,Hill-Hays,MARKETPLACE,Timothytown,North Carolina,4.5
SEL00849,Smith-Padilla,BRAND,Wilkinsonstad,South Carolina,3.21
SEL00850,Kemp-Richardson,MARKETPLACE,Thompsonshire,Nebraska,4.12
SEL00851,Clark-Maxwell,MARKETPLACE,Vasquezfort,Kentucky,4.47
SEL00852,Parks and Sons,BRAND,New Andreaport,South Dakota,4.75
SEL00853,"Hunt, Lang and Newton",MARKETPLACE,Jonbury,Rhode Island,4.7
SEL00854,"Roman, Stewart and Kirk",MARKETPLACE,Suzannetown,Montana,2.75
SEL00855,Hudson-Padilla,BRAND,East Heatherburgh,Idaho,4.64
SEL00856,Russo and Sons,MARKETPLACE,South Mary,Kentucky,3.08
SEL00857,Christensen Ltd,BRAND,Lake Catherineside,New Hampshire,2.57
SEL00858,"Kelly, Morris and King",DISTRIBUTOR,Charlesview,Utah,3.85
SEL00859,Howell LLC,DISTRIBUTOR,Williamsfort,Texas,3.54
SEL00860,"Thornton, Huff and Morrison",DISTRIBUTOR,East Rhondaton,California,3.35
SEL00861,Rodriguez-Martin,BRAND,South Kenneth,Indiana,4.63
SEL00862,Martinez and Sons,BRAND,East Karastad,Alaska,4.87
SEL00863,Gutierrez-Winters,MARKETPLACE,Kellychester,Alabama,3.79
SEL00864,Glenn-Reid,DISTRIBUTOR,Johnsonberg,Alaska,3.8
SEL00865,Ellison LLC,MARKETPLACE,East Karen,New Jersey,4.75
SEL00866,Blake-Thompson,DISTRIBUTOR,Lake Samanthamouth,South Dakota,4.7
SEL00867,Delgado-Bailey,MARKETPLACE,Jacquelineburgh,Virginia,3.65
SEL00868,Moreno LLC,MARKETPLACE,East Johnathanbury,Pennsylvania,4.29
SEL00869,"Velasquez, Jones and Jones",MARKETPLACE,West Spencer,Arizona,2.52
SEL00870,Mcfarland Group,DISTRIBUTOR,North Jared,Tennessee,4.44
SEL00871,"Parks, Myers and Garcia",MARKETPLACE,New Julie,South Carolina,4.75
SEL00872,Ward Inc,BRAND,North Matthew,Connecticut,3.53
SEL00873,Williams LLC,DISTRIBUTOR,Pamelachester,Washington,3.69
SEL00874,Diaz LLC,BRAND,East Melissa,Hawaii,3.36
SEL00875,Christian-Sellers,DISTRIBUTOR,Port Michelleburgh,Vermont,3.08
SEL00876,Powell Ltd,BRAND,Gomezberg,South Dakota,4.17
SEL00877,"Crosby, Reyes and Herman",BRAND,East Anthony,Minnesota,2.66
SEL00878,Jones-Alexander,BRAND,Port Kevinchester,Ohio,3.9
SEL00879,"Berg, Cruz and Diaz",DISTRIBUTOR,South Edwardmouth,California,3.91
SEL00880,Bell and Sons,BRAND,Harringtonland,Iowa,2.7
SEL00881,Brock PLC,MARKETPLACE,New Justin,Mississippi,3.0
SEL00882,"Torres, Ross and Fowler",DISTRIBUTOR,Angelafort,Idaho,4.81
SEL00883,"Booth, Duarte and Castaneda",DISTRIBUTOR,Erichaven,New Mexico,2.5
SEL00884,"Obrien, Romero and Bell",MARKETPLACE,Sonyaland,South Carolina,2.63
SEL00885,"Pearson, Bray and Allen",MARKETPLACE,New Elizabethton,Florida,3.81
SEL00886,Montgomery-Chavez,BRAND,North Thomas,Michigan,3.94
SEL00887,"Frank, Gibson and Pennington",MARKETPLACE,Gabrielaland,West Virginia,3.04
SEL00888,Smith PLC,BRAND,Hillburgh,West Virginia,2.85
SEL00889,"Taylor, Thomas and Stephens",MARKETPLACE,North Lindsaystad,Alabama,4.45
SEL00890,James-Holt,MARKETPLACE,New Bryanmouth,Washington,4.21
SEL00891,Allison-George,BRAND,North Cynthia,Washington,4.36
SEL00892,Arroyo Ltd,MARKETPLACE,Thomasbury,Idaho,3.74
SEL00893,Bush and Sons,MARKETPLACE,East Kylemouth,Idaho,3.11
SEL00894,Larson-Juarez,BRAND,Hawkinsborough,Utah,4.73
SEL00895,Bautista-White,BRAND,Ericbury,Arizona,4.75
SEL00896,"Key, Lewis and Harrington",BRAND,Port Brendaport,Montana,3.07
SEL00897,Stone and Sons,MARKETPLACE,West Jamesfort,Arkansas,4.57
SEL00898,"Hernandez, Bender and Ruiz",DISTRIBUTOR,Lake Yvette,Minnesota,3.92
SEL00899,"Garrett, Hansen and Sullivan",BRAND,South Christopherburgh,Wyoming,4.47
SEL00900,"Stevenson, Reed and Hernandez",MARKETPLACE,Reynoldsville,California,3.29
SEL00901,"Jacobson, Fernandez and Bennett",DISTRIBUTOR,Port Jasonmouth,Virginia,3.28
SEL00902,Day-Montoya,MARKETPLACE,West Stevenbury,North Carolina,3.77
SEL00903,"Frank, Sanchez and Robinson",MARKETPLACE,Gonzalezport,Connecticut,2.61
SEL00904,Sanders Inc,DISTRIBUTOR,West Tanya,Louisiana,3.38
SEL00905,"Atkinson, Clark and Gates",DISTRIBUTOR,Tylerfurt,Arizona,3.65
SEL00906,"Jackson, Page and Smith",BRAND,New Ashleystad,Delaware,3.65
SEL00907,"Mitchell, Romero and Raymond",BRAND,Keithmouth,Pennsylvania,4.12
SEL00908,Fowler LLC,BRAND,Port Randyberg,Minnesota,3.65
SEL00909,"Mora, Fischer and Gonzales",DISTRIBUTOR,East Amy,Vermont,2.88
SEL00910,Cline-West,BRAND,North Jasmineborough,North Dakota,3.78
SEL00911,"Garcia, Robertson and Moses",DISTRIBUTOR,Johnhaven,Colorado,4.61
SEL00912,"Hall, Barrett and Morales",BRAND,Georgeside,North Carolina,2.55
SEL00913,Cook PLC,MARKETPLACE,Caseshire,Georgia,3.82
SEL00914,"Martinez, Hill and Caldwell",MARKETPLACE,Lake Harold,Connecticut,3.82
SEL00915,"Taylor, Snyder and Long",BRAND,Howardberg,Alabama,2.91
SEL00916,Whitaker Ltd,DISTRIBUTOR,Emilyton,Montana,4.35
SEL00917,"Soto, Clark and Rice",BRAND,North Gordon,Kentucky,2.88
SEL00918,"Holmes, Greene and Murphy",MARKETPLACE,Port Brianton,West Virginia,4.0
SEL00919,Powell-Walker,DISTRIBUTOR,West Matthew,Alabama,4.48
SEL00920,Vega Inc,MARKETPLACE,East Christopherport,Georgia,3.7
SEL00921,Porter-Rubio,MARKETPLACE,West Josefurt,Michigan,4.18
SEL00922,"Martin, Jensen and Schneider",BRAND,Lake Tracyland,Delaware,3.93
SEL00923,"Petersen, Huerta and Simmons",BRAND,Justinland,Missouri,3.03
SEL00924,"Cruz, Bullock and Norton",MARKETPLACE,Port Curtis,Arkansas,2.58
SEL00925,Hughes-Lawrence,BRAND,New Willie,Hawaii,4.09
SEL00926,Peterson Inc,BRAND,Lake Annette,Pennsylvania,3.93
SEL00927,"Gilbert, Mullins and Brown",BRAND,Port Dawnview,Wyoming,3.42
SEL00928,Rice-Greene,DISTRIBUTOR,Lake Dorothytown,Colorado,4.51
SEL00929,"Patterson, Tucker and Aguilar",DISTRIBUTOR,Castillobury,Delaware,4.35
SEL00930,Willis Group,BRAND,Lake Donnaborough,New Mexico,4.89
SEL00931,Briggs Group,DISTRIBUTOR,Jessicaburgh,Rhode Island,2.98
SEL00932,Martin LLC,MARKETPLACE,East Markstad,Alaska,3.0
SEL00933,Matthews PLC,DISTRIBUTOR,East Mary,Oregon,4.77
SEL00934,Smith and Sons,BRAND,Aaronburgh,Ohio,3.57
SEL00935,"Medina, Gray and Watkins",MARKETPLACE,New Lauraton,Illinois,4.89
SEL00936,"Bowen, Reid and Bernard",DISTRIBUTOR,Port Joshua,South Carolina,2.61
SEL00937,"Brown, Bruce and Sullivan",MARKETPLACE,Jennifermouth,Iowa,4.97
SEL00938,"Weber, Hanson and Snyder",BRAND,Jacobfort,California,3.59
SEL00939,"Torres, Vazquez and Ford",BRAND,Wayneberg,Mississippi,4.36
SEL00940,"Patel, Gill and Campbell",BRAND,West Mary,Nebraska,3.27
SEL00941,Mccarthy-Powell,BRAND,Port Kristen,Illinois,4.61
SEL00942,Robinson Inc,BRAND,Kellyside,Nebraska,4.13
SEL00943,Macdonald-Dawson,BRAND,North Alexanderstad,Pennsylvania,4.05
SEL00944,Levy-Blackburn,MARKETPLACE,Thomasside,Massachusetts,2.57
SEL00945,Hernandez and Sons,BRAND,Francisborough,Indiana,3.86
SEL00946,Tyler-Simmons,BRAND,New Kevinberg,California,5.0
SEL00947,Marquez PLC,MARKETPLACE,Port Bruce,Maine,2.54
SEL00948,"Sweeney, Kidd and Tanner",DISTRIBUTOR,Gomeztown,Virginia,3.16
SEL00949,"Myers, Chang and Gray",DISTRIBUTOR,New Johnfort,Rhode Island,4.56
SEL00950,Meyer-Harris,DISTRIBUTOR,South Nicholasstad,Arizona,4.53
SEL00951,"Moore, Wells and Jones",BRAND,North Billy,Iowa,4.14
SEL00952,Stanley-Taylor,MARKETPLACE,Toddstad,Rhode Island,4.51
SEL00953,Hays PLC,MARKETPLACE,West Sheilastad,California,4.81
SEL00954,Dixon-Hansen,MARKETPLACE,New Laurafurt,Nebraska,3.29
SEL00955,Jones Inc,BRAND,Johnfort,New York,4.77
SEL00956,"Murphy, Hamilton and Andrews",BRAND,West Hannah,South Dakota,4.86
SEL00957,Ortiz-Randall,DISTRIBUTOR,Phillipsbury,South Carolina,4.12
SEL00958,Sanders-Davenport,DISTRIBUTOR,South Brittany,Maine,2.57
SEL00959,Kelly Group,DISTRIBUTOR,Matthewtown,New Mexico,3.95
SEL00960,Martin PLC,DISTRIBUTOR,New Jessica,Wisconsin,4.37
SEL00961,"Romero, Bruce and Harrison",DISTRIBUTOR,New Elizabethstad,Kentucky,4.32
SEL00962,"Thompson, Gonzalez and Garcia",MARKETPLACE,Jonathanborough,Mississippi,3.41
SEL00963,Norris-Walters,DISTRIBUTOR,Phillipsland,Arkansas,3.3
SEL00964,Kemp and Sons,BRAND,Port Jenniferside,Michigan,2.97
SEL00965,"Harris, Rice and Garcia",DISTRIBUTOR,West Annastad,Hawaii,4.58
SEL00966,Williams-Lewis,DISTRIBUTOR,Chloeshire,Arkansas,2.95
SEL00967,Collins and Sons,MARKETPLACE,North Keithberg,Mississippi,2.7
SEL00968,"Knight, Black and Collins",DISTRIBUTOR,North Matthewfurt,Missouri,4.3
SEL00969,Brandt-Cruz,DISTRIBUTOR,Port Andrewside,Maine,2.6
SEL00970,Miller PLC,MARKETPLACE,Tammyborough,Alaska,2.64
SEL00971,Avila-Lamb,DISTRIBUTOR,Baileyshire,Wyoming,4.69
SEL00972,Long and Sons,BRAND,Mitchellburgh,Florida,3.73
SEL00973,"Day, Robinson and Beard",DISTRIBUTOR,Reginaldland,Connecticut,2.71
SEL00974,"Murphy, Bowers and Lee",MARKETPLACE,Haleyville,Indiana,4.33
SEL00975,"Lee, Benitez and Weeks",BRAND,Johnsonfurt,Montana,4.17
SEL00976,Burke LLC,DISTRIBUTOR,Lake Veronicatown,New Hampshire,4.12
SEL00977,Bernard-Lopez,BRAND,New Brianborough,Virginia,3.55
SEL00978,"King, Rodriguez and Harvey",MARKETPLACE,Ashleychester,Iowa,3.36
SEL00979,Riley-Williams,BRAND,Juanville,Ohio,4.12
SEL00980,Harris-Hart,BRAND,Port Crystalview,Maine,4.59
SEL00981,"Bradford, Todd and Brown",DISTRIBUTOR,Lake Kevin,Colorado,4.2
SEL00982,Taylor and Sons,DISTRIBUTOR,Smithport,Florida,3.76
SEL00983,"Berry, Hale and Green",DISTRIBUTOR,South Derrickfort,Idaho,2.64
SEL00984,Kelley-Baker,BRAND,South Matthewville,Massachusetts,4.36
SEL00985,"Spencer, Jones and Martinez",DISTRIBUTOR,Stephenport,South Dakota,4.78
SEL00986,Murphy-Maynard,DISTRIBUTOR,New Douglas,North Carolina,4.37
SEL00987,Nichols-Robertson,BRAND,Garyfurt,Minnesota,4.4
SEL00988,Pope Ltd,DISTRIBUTOR,Donaldville,Hawaii,4.31
SEL00989,"Nguyen, Maldonado and Finley",BRAND,Munozhaven,Colorado,4.27
SEL00990,Johnson Ltd,MARKETPLACE,West April,Washington,4.66
SEL00991,Guerrero-Rich,BRAND,Angelashire,Pennsylvania,4.12
SEL00992,Price and Sons,BRAND,Port Jasonbury,Missouri,2.71
SEL00993,"Fox, Smith and Mejia",MARKETPLACE,Rachelfort,Georgia,4.91
SEL00994,Hughes and Sons,MARKETPLACE,Josetown,Vermont,4.68
SEL00995,Ortiz-Landry,DISTRIBUTOR,Shannonbury,New Jersey,4.71
SEL00996,"Lopez, Williams and Robertson",MARKETPLACE,Port Elizabeth,Montana,4.56
SEL00997,Jefferson Group,BRAND,North Sara,North Dakota,4.19
SEL00998,Mcbride-Johnson,MARKETPLACE,South Timothy,Delaware,2.92
SEL00999,"Wilkins, Wells and Green",BRAND,Edwardsberg,West Virginia,3.69
SEL01000,"Maldonado, Jimenez and Ramirez",MARKETPLACE,Morganmouth,Alaska,3.57
SEL01001,"Dorsey, Jones and Andrews",MARKETPLACE,Port Lisaborough,South Carolina,2.81
SEL01002,Smith and Sons,BRAND,Port Tiffanyfurt,West Virginia,3.42
SEL01003,Gonzalez and Sons,BRAND,New Melissaburgh,Hawaii,2.56
SEL01004,"Williamson, Salinas and Spencer",MARKETPLACE,Billmouth,West Virginia,3.09
SEL01005,"Walker, Jones and Travis",BRAND,North Joseph,Texas,3.2
SEL01006,"Hernandez, Singh and Reyes",DISTRIBUTOR,Churchmouth,Ohio,2.62
SEL01007,Bowers Ltd,DISTRIBUTOR,Knighthaven,Colorado,3.52
SEL01008,"Schmidt, Johnson and Harrell",BRAND,Rossfort,Alaska,3.27
SEL01009,Thompson-Gallagher,DISTRIBUTOR,South Cynthia,Indiana,3.12
SEL01010,Washington Ltd,MARKETPLACE,West Nathanielmouth,Hawaii,2.71
SEL01011,Clay LLC,MARKETPLACE,West Adam,South Carolina,2.5
SEL01012,Schneider-Lopez,BRAND,Jimenezberg,Arizona,4.66
SEL01013,Santos PLC,MARKETPLACE,Ramirezburgh,Georgia,3.7
SEL01014,"Martinez, Wilson and Caldwell",DISTRIBUTOR,Dustinbury,Utah,3.07
SEL01015,Gonzalez-Hester,MARKETPLACE,Davidtown,North Carolina,4.96
SEL01016,Davis-Liu,MARKETPLACE,Lake Mackenzieport,Texas,4.3
SEL01017,Marsh-Nixon,DISTRIBUTOR,Robertsmouth,Missouri,2.7
SEL01018,Hernandez-Wagner,MARKETPLACE,Manuelview,California,3.02
SEL01019,"Cohen, Gordon and Richards",DISTRIBUTOR,West Kyle,South Dakota,4.59
SEL01020,Nguyen Inc,DISTRIBUTOR,Lauraville,Kentucky,3.74
SEL01021,"Payne, Smith and Schmidt",BRAND,Fisherport,New Jersey,4.71
SEL01022,"Thomas, Riggs and Santiago",DISTRIBUTOR,West Garytown,Florida,4.79
SEL01023,"Miller, Gonzalez and Hubbard",BRAND,New Marcuston,Alaska,3.35
SEL01024,Pratt Inc,MARKETPLACE,New Ellenfurt,Nevada,3.49
SEL01025,Anderson-Cannon,BRAND,New Clintonfurt,Wisconsin,3.78
SEL01026,"Jennings, Young and West",BRAND,Johnsmouth,New Mexico,2.93
SEL01027,Murray LLC,DISTRIBUTOR,West Joseph,Ohio,4.74
SEL01028,Morris-Taylor,BRAND,Lake Laurie,Florida,4.94
SEL01029,Chang-Thomas,DISTRIBUTOR,New Desiree,Ohio,3.53
SEL01030,"Miller, Wiggins and Miranda",BRAND,Butlerfort,Utah,4.88
SEL01031,"Rodriguez, Espinoza and Pitts",MARKETPLACE,Lake Billy,Connecticut,4.14
SEL01032,Wheeler-Gentry,BRAND,Port Robert,Washington,3.7
SEL01033,"Hill, Elliott and Brown",MARKETPLACE,North Kellyberg,Nevada,3.55
SEL01034,Kelly-Carter,DISTRIBUTOR,Schultztown,South Carolina,4.17
SEL01035,"Maynard, Carson and Flores",BRAND,Lake Tiffany,South Carolina,3.49
SEL01036,Webster-Sweeney,MARKETPLACE,South Mariaberg,California,4.55
SEL01037,Williamson Group,BRAND,Petermouth,New Mexico,3.07
SEL01038,Wilcox LLC,BRAND,Port Jason,Missouri,4.36
SEL01039,Brooks-Barnes,BRAND,West Seanburgh,New Jersey,3.88
SEL01040,Nielsen-Garcia,MARKETPLACE,New Nicholas,Virginia,4.45
SEL01041,Jones-Williams,BRAND,East Maryborough,Kentucky,3.06
SEL01042,Clements-Martin,MARKETPLACE,New David,Utah,2.73
SEL01043,Jones Inc,DISTRIBUTOR,Port Davidfurt,Vermont,4.12
SEL01044,Mosley-Fitzgerald,DISTRIBUTOR,East Natasha,Maine,4.64
SEL01045,"Barrett, Price and Martinez",BRAND,Port Brandimouth,Louisiana,4.33
SEL01046,Bailey and Sons,MARKETPLACE,Port Stacy,South Carolina,4.28
SEL01047,"Guzman, Watson and Singh",MARKETPLACE,Nicoleside,Indiana,4.08
SEL01048,"Simmons, Salas and Vaughan",DISTRIBUTOR,New David,Kansas,3.07
SEL01049,Scott Inc,DISTRIBUTOR,North Stephen,New Jersey,3.26
SEL01050,"Villarreal, Lee and Gonzalez",BRAND,Hughesmouth,Maryland,3.56
SEL01051,Faulkner PLC,BRAND,Michaelberg,Alabama,2.64
SEL01052,Frank-Clark,BRAND,East Peter,North Dakota,3.95
SEL01053,Phillips-Taylor,MARKETPLACE,Schmidtville,Louisiana,3.2
SEL01054,Heath-Jackson,MARKETPLACE,Hutchinsontown,Mississippi,4.47
SEL01055,"Austin, Moreno and Fox",BRAND,Williamshaven,South Dakota,3.72
SEL01056,Zhang PLC,DISTRIBUTOR,West Jose,New Mexico,3.21
SEL01057,"Kelly, Meyer and Bass",DISTRIBUTOR,Atkinsburgh,Illinois,2.78
SEL01058,"Robertson, Martin and Barber",BRAND,South Molly,North Dakota,3.47
SEL01059,Jones Ltd,DISTRIBUTOR,Johnstad,Illinois,4.62
SEL01060,Cox-Andersen,MARKETPLACE,East Danielshire,New York,3.25
SEL01061,Pierce Ltd,DISTRIBUTOR,South Lauren,Alaska,2.87
SEL01062,Branch-Reese,MARKETPLACE,Lawsonmouth,Utah,2.94
SEL01063,Christian Group,BRAND,New Crystal,Missouri,3.56
SEL01064,Hartman Inc,MARKETPLACE,Brianaburgh,New Hampshire,4.16
SEL01065,Flowers Inc,MARKETPLACE,South Andrewville,Hawaii,4.59
SEL01066,Cook-Alvarez,DISTRIBUTOR,Baileyborough,Maryland,3.22
SEL01067,"Cameron, Moran and Oconnell",BRAND,North Anthony,Louisiana,4.54
SEL01068,Conley and Sons,BRAND,New Jason,Wyoming,3.7
SEL01069,Carter-Williams,DISTRIBUTOR,North Alec,Michigan,4.31
SEL01070,Caldwell Group,BRAND,East Thomas,Florida,3.09
SEL01071,"Clark, Glass and Day",BRAND,South Christine,Wyoming,4.03
SEL01072,"Smith, Taylor and Bush",MARKETPLACE,Andersonfurt,Alaska,2.81
SEL01073,Cline-Porter,MARKETPLACE,North Charlesmouth,New Mexico,3.33
SEL01074,"Gray, Smith and Allen",BRAND,North Andrewview,Connecticut,4.91
SEL01075,Thompson Group,MARKETPLACE,Lake Loganville,Wisconsin,4.19
SEL01076,"May, Chang and Robertson",BRAND,West Pamelaborough,Idaho,4.88
SEL01077,Ross Group,DISTRIBUTOR,North Tracyville,Wyoming,4.35
SEL01078,Smith PLC,DISTRIBUTOR,Jessicaberg,Florida,2.76
SEL01079,Davila-Wang,BRAND,Port Dennis,Arkansas,2.53
SEL01080,"Galloway, Duncan and Roy",MARKETPLACE,Chelseachester,California,4.68
SEL01081,"Roberts, Hill and Reeves",MARKETPLACE,East Alyssa,Colorado,3.81
SEL01082,"Barnes, Rodriguez and Barnes",BRAND,Lake Barry,Texas,4.97
SEL01083,"Shepard, Nicholson and Powell",MARKETPLACE,Deborahmouth,New York,2.69
SEL01084,Rodriguez Ltd,DISTRIBUTOR,Stewartmouth,New Hampshire,2.94
SEL01085,Nguyen PLC,BRAND,Bowersport,New Hampshire,3.97
SEL01086,"Kent, Brown and Boone",MARKETPLACE,New Nicholas,Oregon,3.46
SEL01087,Clark-Farrell,MARKETPLACE,Williamstown,Alaska,3.04
SEL01088,Guerrero-Strickland,MARKETPLACE,Omarshire,Alaska,3.8
SEL01089,Brown LLC,BRAND,West Michellehaven,Michigan,3.39
SEL01090,"Robinson, Davis and Williams",MARKETPLACE,South Patrickhaven,Georgia,3.69
SEL01091,Dean-Drake,DISTRIBUTOR,Chanland,Minnesota,4.57
SEL01092,Calderon-Lawson,MARKETPLACE,Port Luis,Maryland,4.99
SEL01093,Martinez and Sons,BRAND,Barbarastad,Delaware,4.25
SEL01094,Martinez-Hernandez,DISTRIBUTOR,North James,North Dakota,3.33
SEL01095,"Robinson, Rios and Bullock",MARKETPLACE,Andersonside,Virginia,3.24
SEL01096,"Frey, Johnson and Newton",MARKETPLACE,New Erica,Oklahoma,4.43
SEL01097,Mitchell LLC,BRAND,West Jacob,Florida,4.83
SEL01098,Horn and Sons,MARKETPLACE,Peggyview,Mississippi,3.77
SEL01099,"Davis, Hall and Gomez",DISTRIBUTOR,West Susanborough,Arkansas,3.42
SEL01100,Arias-Carter,DISTRIBUTOR,East Anthonyberg,Louisiana,2.92
SEL01101,Green PLC,BRAND,Mccallbury,Idaho,3.41
SEL01102,Allen LLC,MARKETPLACE,Knoxview,Virginia,3.1
SEL01103,Hamilton PLC,MARKETPLACE,Garrettmouth,Arizona,2.52
SEL01104,"Lewis, Rodriguez and Anderson",DISTRIBUTOR,Whitemouth,Arizona,3.95
SEL01105,Brown-Holmes,BRAND,Greenchester,Florida,3.92
SEL01106,Combs PLC,DISTRIBUTOR,West Danielport,Wyoming,4.43
SEL01107,"Marks, Gonzales and Navarro",DISTRIBUTOR,Berrybury,Mississippi,3.57
SEL01108,Chen-Freeman,DISTRIBUTOR,Larryfort,North Carolina,4.15
SEL01109,Singh Group,MARKETPLACE,North Melissa,Mississippi,2.9
SEL01110,Phillips LLC,BRAND,East Connor,South Carolina,2.73
SEL01111,Herrera-Copeland,DISTRIBUTOR,Whiteville,Oklahoma,4.54
SEL01112,Vasquez-Huff,BRAND,North Christystad,Montana,3.27
SEL01113,"Andrews, Fletcher and Lee",DISTRIBUTOR,Ericborough,Ohio,3.87
SEL01114,Johnson-Edwards,MARKETPLACE,Hunterhaven,Iowa,3.93
SEL01115,Ellis Ltd,MARKETPLACE,East Julie,Tennessee,3.06
SEL01116,"Villanueva, Li and Johnson",DISTRIBUTOR,Jeremyhaven,South Carolina,4.23
SEL01117,Cruz Inc,DISTRIBUTOR,North Anthonyhaven,Nebraska,4.71
SEL01118,Kennedy Ltd,MARKETPLACE,Christinabury,Hawaii,3.98
SEL01119,Thomas Ltd,MARKETPLACE,East Carlshire,West Virginia,3.09
SEL01120,Ramsey-Chen,MARKETPLACE,West Brandontown,New Hampshire,4.79
SEL01121,Gray-Gutierrez,DISTRIBUTOR,Martinfurt,Utah,4.43
SEL01122,Miller-Jordan,DISTRIBUTOR,Paulchester,North Carolina,3.85
SEL01123,"Long, Williams and Brown",BRAND,Samanthaton,Wyoming,3.19
SEL01124,"Lewis, Tyler and Dean",BRAND,Rodriguezhaven,Alabama,4.4
SEL01125,"Rice, Gonzalez and Fleming",MARKETPLACE,Nashport,Virginia,3.45
SEL01126,Stone LLC,DISTRIBUTOR,Nicholasfort,Virginia,3.11
SEL01127,Carter Ltd,MARKETPLACE,Christineton,Hawaii,4.68
SEL01128,Sandoval-Wells,BRAND,West Darrell,Delaware,2.72
SEL01129,"Walker, Todd and Peters",MARKETPLACE,Lake Robert,Alabama,3.74
SEL01130,"Marsh, Potts and Roy",MARKETPLACE,Davisville,Minnesota,2.99
SEL01131,Henson LLC,BRAND,Sloanbury,Hawaii,3.71
SEL01132,Davis-Massey,MARKETPLACE,Casetown,Iowa,3.47
SEL01133,Pitts PLC,BRAND,Michaelberg,Connecticut,3.54
SEL01134,"Ortiz, Leonard and Macias",BRAND,Jameschester,Delaware,3.02
SEL01135,Cox-Ramos,DISTRIBUTOR,Jessicatown,Ohio,4.42
SEL01136,"Jenkins, Aguilar and Morrison",MARKETPLACE,Mcconnelltown,Washington,3.52
SEL01137,Morris-Perez,MARKETPLACE,Bendertown,Hawaii,4.98
SEL01138,"Briggs, Dyer and Massey",MARKETPLACE,North Nataliemouth,South Dakota,4.13
SEL01139,"Ryan, Hensley and Mccullough",DISTRIBUTOR,Zacharyberg,Florida,4.94
SEL01140,"Harmon, Grant and Bond",MARKETPLACE,New Anthony,Nevada,3.71
SEL01141,Reyes and Sons,DISTRIBUTOR,Port Charles,Vermont,4.25
SEL01142,"Hamilton, Quinn and Clay",DISTRIBUTOR,Kimberlybury,Maine,3.49
SEL01143,Berg-Reid,DISTRIBUTOR,Dunnberg,New Jersey,4.25
SEL01144,"Thompson, Mcdowell and Schultz",DISTRIBUTOR,Adrianaland,New Jersey,2.81
SEL01145,Noble LLC,BRAND,Katherineborough,Wyoming,2.86
SEL01146,Payne Group,DISTRIBUTOR,Lake Nancy,Colorado,4.16
SEL01147,Robinson-Williams,BRAND,Toniview,New Hampshire,4.75
SEL01148,"Mcdonald, Pearson and Thomas",BRAND,South Tinaport,Utah,4.67
SEL01149,"Cannon, Taylor and Ruiz",DISTRIBUTOR,Rioschester,Utah,4.91
SEL01150,Johnston Inc,DISTRIBUTOR,South Cheryl,Washington,4.88
SEL01151,"Manning, Roberts and Vazquez",BRAND,Whitehaven,Alaska,4.47
SEL01152,Sanchez PLC,MARKETPLACE,North Kevinchester,Arkansas,3.12
SEL01153,Booker-Rojas,DISTRIBUTOR,Tracyview,Oregon,2.88
SEL01154,Hamilton-Juarez,MARKETPLACE,South Mark,New York,4.18
SEL01155,"Griffith, Stone and Harvey",MARKETPLACE,Kleinfurt,Maine,4.42
SEL01156,Powers-Parker,DISTRIBUTOR,Calvinfurt,Florida,3.5
SEL01157,Bush-Miller,MARKETPLACE,Port Paulafurt,Montana,3.79
SEL01158,Drake and Sons,DISTRIBUTOR,East Brianland,Ohio,4.83
SEL01159,"Norman, Farmer and Becker",DISTRIBUTOR,Port Connie,Kansas,4.14
SEL01160,Fitzpatrick LLC,DISTRIBUTOR,Ortizhaven,Maryland,2.88
SEL01161,"Howard, Smith and Sanchez",DISTRIBUTOR,West Miranda,Utah,2.56
SEL01162,Coleman-Bright,DISTRIBUTOR,Lake Gary,Connecticut,4.02
SEL01163,Baker-Mcdonald,MARKETPLACE,North Laura,Alabama,3.19
SEL01164,"Hampton, Mccarty and Hernandez",BRAND,Butlerchester,California,3.49
SEL01165,Ryan Group,MARKETPLACE,Amandaburgh,South Carolina,3.27
SEL01166,Welch PLC,MARKETPLACE,Katherineshire,Oklahoma,2.78
SEL01167,Donovan LLC,DISTRIBUTOR,Leeport,Utah,2.71
SEL01168,Stewart-Ball,BRAND,New Evelyn,South Dakota,4.25
SEL01169,"Henry, Kennedy and Sandoval",BRAND,Royfort,Oklahoma,4.58
SEL01170,"Pierce, Webb and Rivas",DISTRIBUTOR,Travismouth,Washington,3.46
SEL01171,Nichols LLC,MARKETPLACE,East Robert,Michigan,3.89
SEL01172,Hurst and Sons,MARKETPLACE,Holmesland,Massachusetts,4.34
SEL01173,"Morton, Valdez and Hernandez",MARKETPLACE,Matthewburgh,Rhode Island,4.35
SEL01174,Alvarez Inc,MARKETPLACE,Lake Harry,Tennessee,2.92
SEL01175,Stewart-Gomez,DISTRIBUTOR,Williamstad,Oregon,4.8
SEL01176,Smith Group,DISTRIBUTOR,South Evan,West Virginia,3.84
SEL01177,Parker PLC,BRAND,Justinbury,Kentucky,4.46
SEL01178,Hanson-Williams,DISTRIBUTOR,West Margaret,Maryland,2.99
SEL01179,"Davis, Lane and Briggs",MARKETPLACE,North Carlos,Connecticut,4.55
SEL01180,Shaw PLC,DISTRIBUTOR,West Sarahland,Idaho,4.92
SEL01181,"Mitchell, Brady and Brock",BRAND,Donfurt,Nevada,4.87
SEL01182,"Miller, Mcfarland and Molina",BRAND,Port Briantown,Arkansas,4.01
SEL01183,Jones PLC,MARKETPLACE,Anthonychester,Hawaii,4.75
SEL01184,"Blake, Schmidt and Shaw",MARKETPLACE,Howardberg,Alaska,4.62
SEL01185,Miller Inc,MARKETPLACE,Alanfurt,Arizona,4.83
SEL01186,"Moore, Jones and Lee",MARKETPLACE,North Justin,Nevada,3.74
SEL01187,Romero LLC,DISTRIBUTOR,East Stephaniefurt,Colorado,4.14
SEL01188,Daniels-Miles,BRAND,Lake Marissabury,Rhode Island,2.96
SEL01189,Potter-Williams,DISTRIBUTOR,Portermouth,Nebraska,4.31
SEL01190,Foster-Grant,DISTRIBUTOR,New Josephburgh,California,4.57
SEL01191,Forbes PLC,MARKETPLACE,East William,Oklahoma,2.69
SEL01192,Campos PLC,MARKETPLACE,Seanhaven,South Dakota,4.57
SEL01193,Robinson-Nelson,DISTRIBUTOR,Newmanhaven,Pennsylvania,3.92
SEL01194,Robinson PLC,MARKETPLACE,North Danielleshire,Virginia,3.22
SEL01195,"Mitchell, Mckee and Lee",BRAND,Jenniferbury,Nebraska,3.15
SEL01196,"Mccoy, Young and Norris",MARKETPLACE,Michaelton,Connecticut,3.89
SEL01197,"Mcmillan, Knight and Jackson",BRAND,Rhondahaven,Maine,4.31
SEL01198,Jensen Ltd,MARKETPLACE,West Alexanderhaven,Ohio,3.96
SEL01199,Thompson-Sosa,MARKETPLACE,Jasonfort,Oregon,4.86
SEL01200,"Chan, Cooper and Frey",BRAND,Jesusfort,Colorado,3.88
SEL01201,Erickson-Stark,DISTRIBUTOR,Kimberlyville,Connecticut,4.03
SEL01202,Martinez LLC,MARKETPLACE,Kelseyberg,Connecticut,3.31
SEL01203,"Gonzalez, Guzman and Brock",MARKETPLACE,South Carla,Idaho,4.91
SEL01204,"Castaneda, Scott and Jordan",BRAND,Lake Garyland,Hawaii,3.55
SEL01205,"Espinoza, Watts and Munoz",DISTRIBUTOR,Lake Nancyside,Illinois,4.67
SEL01206,"Newman, Rivera and Wagner",BRAND,Jordanhaven,Wisconsin,3.83
SEL01207,"Mitchell, Farmer and Burke",MARKETPLACE,South Brendachester,South Dakota,3.99
SEL01208,Jones Inc,MARKETPLACE,Lake Timothy,Massachusetts,3.59
SEL01209,Melendez Ltd,MARKETPLACE,Sheltonshire,Colorado,2.81
SEL01210,"Middleton, Kramer and Johnson",MARKETPLACE,New Amandashire,Nevada,4.82
SEL01211,Rivera-Hill,BRAND,New Michelle,Arizona,3.62
SEL01212,King Ltd,BRAND,South Jonathanland,New Mexico,4.25
SEL01213,Phillips-Davis,BRAND,Danielhaven,Missouri,2.75
SEL01214,"Parker, Hughes and Brown",MARKETPLACE,Lake Erica,Maine,3.02
SEL01215,"Marshall, Castro and Oconnor",MARKETPLACE,Lake Jamie,Mississippi,3.11
SEL01216,"Davis, Hatfield and Gutierrez",MARKETPLACE,Normanchester,Wyoming,3.84
SEL01217,Carter and Sons,MARKETPLACE,South Tyler,Connecticut,4.61
SEL01218,Nelson-Munoz,DISTRIBUTOR,Port Michaelbury,Minnesota,2.79
SEL01219,Mata Group,BRAND,West Christineside,Indiana,3.06
SEL01220,"Long, Rivera and Olson",MARKETPLACE,Lake Timothyside,Wyoming,3.9
SEL01221,Yates PLC,BRAND,Lake Richard,Michigan,2.91
SEL01222,"Cross, Marquez and Swanson",MARKETPLACE,Andrewborough,Texas,4.98
SEL01223,Day-Lynch,BRAND,North Catherinebury,Washington,4.95
SEL01224,Rodriguez-Smith,DISTRIBUTOR,South Diana,Wisconsin,4.9
SEL01225,Bell Ltd,DISTRIBUTOR,Butlerbury,Florida,3.36
SEL01226,Short-Jefferson,BRAND,Millerview,Nebraska,4.9
SEL01227,Rodriguez Ltd,MARKETPLACE,Teresachester,Idaho,3.37
SEL01228,Ramirez-Bush,BRAND,Port Ashleychester,Iowa,4.83
SEL01229,Gomez Ltd,BRAND,Griffithville,Delaware,3.76
SEL01230,Butler-Walters,DISTRIBUTOR,Johnstonborough,New York,2.99
SEL01231,"Phillips, Price and Galvan",DISTRIBUTOR,Kaylaburgh,Wyoming,2.56
SEL01232,Jones-Davis,DISTRIBUTOR,East Danielleview,Washington,3.95
SEL01233,Hodge and Sons,MARKETPLACE,Welchtown,New Mexico,3.99
SEL01234,Kelly-Padilla,MARKETPLACE,East Thomasfort,Wisconsin,4.28
SEL01235,Blankenship-Parker,BRAND,Joshuaburgh,Vermont,4.95
SEL01236,"Walton, Holmes and Gonzalez",BRAND,Lake Samanthaborough,Delaware,2.56
SEL01237,Day-Gates,DISTRIBUTOR,Vazquezfort,Missouri,4.71
SEL01238,Johnson PLC,DISTRIBUTOR,Port Amyburgh,New Hampshire,2.98
SEL01239,"Johnson, Lane and Price",BRAND,Katelynside,Nevada,3.38
SEL01240,Rivas Inc,BRAND,Davidside,Texas,4.67
SEL01241,"Vance, Lambert and Marshall",BRAND,Port Michelle,Montana,4.87
SEL01242,Riley-Roberson,BRAND,West Monica,Alabama,3.62
SEL01243,Castro-Rogers,BRAND,Aguilarfort,Michigan,2.5
SEL01244,Schultz-Padilla,BRAND,West Michael,California,3.11
SEL01245,"Mann, Perez and Brown",MARKETPLACE,Port Nancy,Vermont,4.12
SEL01246,Ingram and Sons,DISTRIBUTOR,Johnathanstad,Connecticut,4.91
SEL01247,Yang Inc,MARKETPLACE,New Williamstad,Alaska,4.76
SEL01248,"Lloyd, Green and Stevens",DISTRIBUTOR,Isabellaview,Kansas,4.3
SEL01249,Diaz Group,DISTRIBUTOR,Nancytown,Arizona,4.61
SEL01250,Alexander and Sons,MARKETPLACE,North Melinda,Pennsylvania,4.44
SEL01251,"Kennedy, Porter and Lopez",BRAND,Saraborough,Virginia,3.64
SEL01252,Rivers-Young,DISTRIBUTOR,Lake Angel,Colorado,3.28
SEL01253,"Hernandez, Tapia and Hughes",DISTRIBUTOR,New Lynn,Ohio,3.12
SEL01254,Johnson PLC,BRAND,Juantown,New Mexico,4.09
SEL01255,Gray Group,MARKETPLACE,Lake Davidchester,Maryland,2.55
SEL01256,"Reid, Webb and Lopez",BRAND,Monicachester,Colorado,2.71
SEL01257,Smith Ltd,DISTRIBUTOR,East Nathan,Mississippi,4.5
SEL01258,"Lawson, Goodman and Williamson",MARKETPLACE,Jeffreyton,New Jersey,4.27
SEL01259,Olson LLC,BRAND,Adamston,North Dakota,5.0
SEL01260,"Smith, Johnson and Wright",BRAND,North Marytown,Maryland,4.81
SEL01261,"Freeman, Stephens and Tanner",BRAND,Cuevasmouth,Delaware,3.59
SEL01262,"Schneider, Stewart and Newman",BRAND,West Lukefurt,Minnesota,3.81
SEL01263,"Guerra, Oconnell and Harrington",MARKETPLACE,Wolfeport,South Dakota,4.74
SEL01264,Gutierrez LLC,MARKETPLACE,Terrellview,South Dakota,3.54
SEL01265,Warren Ltd,MARKETPLACE,Jessicaport,Rhode Island,3.63
SEL01266,Johnson PLC,MARKETPLACE,East Brucefurt,Virginia,3.12
SEL01267,Patel LLC,MARKETPLACE,Lake Tylermouth,Connecticut,2.72
SEL01268,Smith-Simpson,DISTRIBUTOR,North Ashley,Illinois,2.72
SEL01269,Flores-Dennis,DISTRIBUTOR,Novakburgh,Montana,4.28
SEL01270,"Johnson, Green and Gonzales",DISTRIBUTOR,Ortegatown,Connecticut,4.25
SEL01271,"Wright, Barrett and Silva",BRAND,Leefort,Minnesota,4.39
SEL01272,Hardin PLC,DISTRIBUTOR,Lake Victoriabury,South Carolina,2.57
SEL01273,Alexander Ltd,MARKETPLACE,Martinchester,Montana,2.79
SEL01274,Rose PLC,MARKETPLACE,West Williamville,New York,2.7
SEL01275,Powell-Cox,BRAND,North Michael,New Mexico,2.73
SEL01276,"David, Walters and Wheeler",DISTRIBUTOR,Pageberg,Kansas,3.69
SEL01277,"Sanchez, Rodriguez and Mann",DISTRIBUTOR,New Gregory,Idaho,2.54
SEL01278,Rivera-Washington,MARKETPLACE,Lake Ryanport,Michigan,4.26
SEL01279,Hart LLC,BRAND,Eatonberg,New Mexico,4.12
SEL01280,Wells-Ortega,BRAND,Moralesport,Arkansas,4.86
SEL01281,Carter-Stewart,MARKETPLACE,Meganville,Massachusetts,4.44
SEL01282,"Stephens, Owens and Mendez",MARKETPLACE,Coopertown,Michigan,4.47
SEL01283,"Johnson, Herrera and Roach",MARKETPLACE,Lake Katherine,Missouri,3.45
SEL01284,Gray-Cole,BRAND,North Robertmouth,Washington,3.98
SEL01285,Palmer-Mason,BRAND,Allenview,New Hampshire,2.98
SEL01286,"Bridges, Marshall and Morse",BRAND,Lake Jeanmouth,Delaware,2.69
SEL01287,Porter and Sons,DISTRIBUTOR,Holmeston,Nebraska,3.46
SEL01288,"Thomas, Turner and Hickman",MARKETPLACE,North Adammouth,Michigan,2.56
SEL01289,"Adams, Allison and Bryant",MARKETPLACE,North Hectorbury,Vermont,3.73
SEL01290,Martin LLC,BRAND,Zacharyberg,Illinois,3.68
SEL01291,"Wood, King and Nelson",BRAND,South Blake,Arizona,4.18
SEL01292,Hopkins Group,MARKETPLACE,North Cameronfurt,Delaware,4.79
SEL01293,"Moore, Wright and Rogers",DISTRIBUTOR,Mckinneymouth,West Virginia,3.05
SEL01294,"Maldonado, Smith and Martinez",BRAND,Smithborough,Tennessee,2.87
SEL01295,Rojas LLC,DISTRIBUTOR,Kathleenland,Kansas,4.35
SEL01296,Fritz Group,BRAND,Michelleshire,California,4.4
SEL01297,"Fuller, Paul and Aguirre",BRAND,South Joy,Missouri,4.4
SEL01298,Nunez Inc,DISTRIBUTOR,Leonardfurt,Illinois,3.93
SEL01299,Nicholson-Martin,BRAND,Ericberg,Idaho,3.71
SEL01300,"Norton, Smith and Carter",BRAND,Port John,North Carolina,4.03
SEL01301,Sanchez-Smith,DISTRIBUTOR,Beckton,Delaware,2.69
SEL01302,Mccoy and Sons,MARKETPLACE,Rebekahhaven,Colorado,4.97
SEL01303,Hampton-Burke,DISTRIBUTOR,Vasquezmouth,Idaho,4.92
SEL01304,Krueger-Watson,BRAND,Shannonshire,Nebraska,2.83
SEL01305,Williams PLC,DISTRIBUTOR,New Sierraside,Maine,2.62
SEL01306,"Perez, Mooney and Lam",BRAND,Lake Gabrielville,Missouri,3.66
SEL01307,Davis Group,DISTRIBUTOR,Theresashire,Alaska,4.29
SEL01308,Mclaughlin Ltd,MARKETPLACE,South Andrew,Connecticut,4.62
SEL01309,"Preston, Mcneil and Hart",MARKETPLACE,North Krystalhaven,West Virginia,2.8
SEL01310,"Alexander, Lee and Wolf",BRAND,North Heather,Mississippi,4.15
SEL01311,"Sweeney, Johnson and Brown",DISTRIBUTOR,North Rebecca,Wyoming,3.53
SEL01312,Jackson and Sons,BRAND,Boylemouth,Idaho,2.56
SEL01313,"Hernandez, Hodges and Farmer",MARKETPLACE,North William,New Mexico,2.56
SEL01314,Contreras-Harris,BRAND,Amandaside,Alabama,3.16
SEL01315,Harris-Bauer,MARKETPLACE,Davenportfort,New York,3.63
SEL01316,Bailey-Mitchell,BRAND,Smithtown,Iowa,4.68
SEL01317,"Cochran, Arnold and Stevens",DISTRIBUTOR,Ericafurt,North Dakota,3.39
SEL01318,Oliver-Ramirez,BRAND,West Norman,Idaho,2.77
SEL01319,Pollard Ltd,DISTRIBUTOR,Lake Gina,Virginia,3.73
SEL01320,Fernandez-Smith,BRAND,Timothyhaven,Iowa,4.48
SEL01321,Ross PLC,DISTRIBUTOR,Tiffanyfort,Oklahoma,4.39
SEL01322,Weaver LLC,DISTRIBUTOR,Alexisview,West Virginia,4.54
SEL01323,Flores-Rosales,DISTRIBUTOR,Davieshaven,Connecticut,3.85
SEL01324,Booker-Page,MARKETPLACE,West Suzanne,Missouri,4.93
SEL01325,Harvey-Guzman,BRAND,Lake Dwayne,Kentucky,4.22
SEL01326,"Dunn, Cruz and Perry",MARKETPLACE,Brendaton,Minnesota,4.36
SEL01327,"Jones, Simpson and Horn",BRAND,Adamsview,West Virginia,3.93
SEL01328,Myers-Barnes,BRAND,Davidton,Oregon,4.61
SEL01329,"Wheeler, Rhodes and Manning",BRAND,East Andrea,Delaware,2.69
SEL01330,"Smith, Hamilton and Simon",BRAND,Jonathanside,Kentucky,3.02
SEL01331,"Evans, Weaver and Mclaughlin",MARKETPLACE,Matthewbury,South Carolina,3.86
SEL01332,"Anderson, Marquez and Nelson",BRAND,North Spencer,Tennessee,2.99
SEL01333,Herrera-Mcdonald,DISTRIBUTOR,North Ryanberg,Texas,2.57
SEL01334,Allen Inc,BRAND,Robinsonhaven,Arizona,4.12
SEL01335,Mack-Young,BRAND,Bakerberg,Oklahoma,4.33
SEL01336,Young-Smith,DISTRIBUTOR,Port Danastad,Connecticut,4.58
SEL01337,"Howard, Perry and Carson",BRAND,South Caitlin,Hawaii,4.06
SEL01338,Weiss Group,DISTRIBUTOR,New Katherineton,Michigan,4.55
SEL01339,"Dunn, Moore and Fisher",DISTRIBUTOR,Murraymouth,Minnesota,3.8
SEL01340,Contreras PLC,DISTRIBUTOR,Port Robertville,Montana,4.82
SEL01341,Holmes-Rodriguez,DISTRIBUTOR,Lake Michaelshire,Nebraska,4.11
SEL01342,"Robinson, Santiago and Nichols",BRAND,East Alan,Massachusetts,4.79
SEL01343,"Smith, Long and Davidson",MARKETPLACE,Myersfurt,North Dakota,3.24
SEL01344,"Young, Andersen and Reed",DISTRIBUTOR,Melissaport,Maine,4.11
SEL01345,Wood-Lawrence,MARKETPLACE,Wheelerville,Utah,4.58
SEL01346,"Carroll, Li and Bryant",DISTRIBUTOR,East Jesse,Nebraska,4.25
SEL01347,Valencia-Knight,MARKETPLACE,Alexanderstad,Kentucky,3.39
SEL01348,"Wells, Huang and Rogers",BRAND,Randallport,Kansas,2.94
SEL01349,"Miller, Rogers and Spence",DISTRIBUTOR,Schneidershire,Rhode Island,3.82
SEL01350,Bailey-Chapman,DISTRIBUTOR,Bowersland,Hawaii,4.87
SEL01351,Booth PLC,DISTRIBUTOR,East Davidhaven,Connecticut,4.54
SEL01352,Martin-Perkins,BRAND,Christopherfurt,Alaska,4.92
SEL01353,Robinson Group,MARKETPLACE,Jeremymouth,Idaho,4.23
SEL01354,Wilkins and Sons,MARKETPLACE,New Rubenhaven,Rhode Island,4.7
SEL01355,Hester-Swanson,BRAND,North Jennifer,Indiana,3.56
SEL01356,Figueroa-Griffin,MARKETPLACE,Brucechester,Tennessee,4.73
SEL01357,"Alexander, Gutierrez and Le",DISTRIBUTOR,Petersonburgh,New Jersey,3.19
SEL01358,Ross-Sullivan,BRAND,North Jennifermouth,Wyoming,2.94
SEL01359,"Garrett, Wilkerson and Rivera",DISTRIBUTOR,Lake Thomasburgh,New Hampshire,3.64
SEL01360,Larson and Sons,DISTRIBUTOR,Kimton,Kansas,3.99
SEL01361,Duncan-Dominguez,DISTRIBUTOR,Port Gabriella,Idaho,3.53
SEL01362,"Ward, Spears and Wallace",MARKETPLACE,Port Hannah,New Jersey,4.14
SEL01363,Sims PLC,DISTRIBUTOR,Christinaton,Wisconsin,3.6
SEL01364,"Padilla, Allen and Young",DISTRIBUTOR,Lake Samuel,Missouri,4.84
SEL01365,"Lopez, Davis and Johnson",DISTRIBUTOR,North Charlesfurt,South Dakota,3.49
SEL01366,Edwards Group,BRAND,Shannonshire,North Carolina,3.92
SEL01367,Lewis LLC,BRAND,South Stacy,West Virginia,4.29
SEL01368,Wright-Hernandez,DISTRIBUTOR,Port Ginaton,Arkansas,3.36
SEL01369,"Hardy, Norman and Roberts",BRAND,Leeburgh,South Carolina,3.7
SEL01370,Howell-Johnston,MARKETPLACE,Brownshire,Delaware,3.44
SEL01371,"Myers, Jennings and Gibson",DISTRIBUTOR,Scottborough,Connecticut,4.41
SEL01372,"Henry, Thomas and Moore",BRAND,Amandahaven,Indiana,3.25
SEL01373,Butler-Miller,MARKETPLACE,Andersonmouth,North Dakota,4.13
SEL01374,Martin Group,MARKETPLACE,North Matthew,Vermont,2.74
SEL01375,Stewart-Kelly,MARKETPLACE,Franklinberg,Florida,4.58
SEL01376,Long Group,BRAND,Port Michael,Tennessee,3.47
SEL01377,"Bailey, Spencer and Hogan",MARKETPLACE,Susanborough,South Carolina,3.81
SEL01378,Johnson-Castro,MARKETPLACE,West Nichole,Idaho,2.59
SEL01379,Tran-Ryan,BRAND,Dennisstad,North Dakota,4.37
SEL01380,"Colon, Crawford and Fuller",DISTRIBUTOR,Craigland,Arkansas,2.95
SEL01381,"Snyder, Perez and Hill",MARKETPLACE,North Matthewborough,Maryland,2.9
SEL01382,"Guerrero, Cannon and Williams",BRAND,Lake Harold,Kansas,4.26
SEL01383,Smith-Lane,MARKETPLACE,East Traceybury,Ohio,3.74
SEL01384,Roberts-Simmons,BRAND,Payneland,Alabama,3.87
SEL01385,Long Inc,DISTRIBUTOR,South Matthewhaven,Hawaii,4.62
SEL01386,"Stewart, Townsend and Harris",BRAND,Stantonland,North Carolina,2.95
SEL01387,Davis-Schmitt,BRAND,South Jocelynmouth,Ohio,3.38
SEL01388,Wilson LLC,MARKETPLACE,Port Nicholas,Georgia,3.25
SEL01389,Livingston Ltd,BRAND,Port Mary,New Mexico,2.87
SEL01390,"Cooper, Castillo and Harmon",BRAND,Petersonshire,North Carolina,4.0
SEL01391,Knight Ltd,BRAND,Kristinabury,Maine,4.96
SEL01392,"Wong, Stewart and Hansen",DISTRIBUTOR,East Matthew,Wyoming,3.51
SEL01393,Murray-Arroyo,MARKETPLACE,West Randy,Wyoming,4.41
SEL01394,Meza Group,DISTRIBUTOR,Monicashire,Connecticut,3.24
SEL01395,"Tran, Long and Reyes",BRAND,East Tanner,Virginia,3.92
SEL01396,"Wallace, Scott and Mercado",DISTRIBUTOR,North Tracyfort,Florida,4.55
SEL01397,Garcia-Woods,BRAND,West Anthony,Mississippi,2.62
SEL01398,Johnson-Villegas,MARKETPLACE,North Nathanielchester,Ohio,4.43
SEL01399,Russell-Marshall,DISTRIBUTOR,North Felicia,Pennsylvania,3.36
SEL01400,"Nunez, Gibbs and Johnson",DISTRIBUTOR,Brooksbury,Rhode Island,4.2
SEL01401,Buck PLC,MARKETPLACE,Charlesmouth,New Hampshire,3.62
SEL01402,Gill PLC,BRAND,Oliverberg,South Dakota,3.34
SEL01403,Jordan-Phillips,BRAND,Lake Scott,Alaska,4.22
SEL01404,Guzman-Phillips,MARKETPLACE,East Ryanfurt,Kansas,2.55
SEL01405,"Kelly, Smith and Johnson",DISTRIBUTOR,Samanthaland,Maryland,2.55
SEL01406,Thompson LLC,DISTRIBUTOR,Lake Juliechester,New Mexico,4.24
SEL01407,Quinn Ltd,MARKETPLACE,East Garybury,Louisiana,2.88
SEL01408,"Saunders, Hicks and Mills",BRAND,Port Jeremiahborough,South Carolina,3.73
SEL01409,Delgado Group,DISTRIBUTOR,Frazierborough,Arkansas,4.71
SEL01410,Cohen-Carroll,MARKETPLACE,North Jonathanview,Alabama,4.95
SEL01411,Gonzalez and Sons,DISTRIBUTOR,Lake Janetstad,New York,2.64
SEL01412,Boyd Group,DISTRIBUTOR,Brownville,Indiana,4.98
SEL01413,"Ortiz, Graham and Hall",DISTRIBUTOR,East Donna,Arizona,4.32
SEL01414,Miller Inc,BRAND,Danielmouth,Montana,4.77
SEL01415,Cruz Group,MARKETPLACE,North Robert,Ohio,4.41
SEL01416,Gross-Ball,BRAND,Veronicamouth,Florida,4.59
SEL01417,Barnett-White,DISTRIBUTOR,South Williamside,New Hampshire,3.69
SEL01418,Rodgers-Martinez,BRAND,West Amanda,Oregon,3.65
SEL01419,"Hoffman, Price and Martinez",BRAND,North Richard,Kansas,3.12
SEL01420,Schneider Group,MARKETPLACE,West Ryan,New York,3.44
SEL01421,Matthews Inc,BRAND,Christophertown,Colorado,4.04
SEL01422,Johnson Inc,DISTRIBUTOR,New Barbara,Mississippi,2.87
SEL01423,Snow LLC,DISTRIBUTOR,Burtonbury,Idaho,4.64
SEL01424,Brown-Garcia,BRAND,Scottville,Louisiana,2.55
SEL01425,"Harris, Perez and Hamilton",DISTRIBUTOR,Hernandezton,Iowa,3.72
SEL01426,"Garza, Payne and Fisher",BRAND,Alyssashire,Hawaii,3.91
SEL01427,"Woods, Lopez and White",BRAND,Port Andrew,Alaska,2.82
SEL01428,"Shaffer, Velez and Miller",BRAND,Lake Juliaside,Massachusetts,3.13
SEL01429,Johnson Inc,MARKETPLACE,Port Edwardside,Wisconsin,4.2
SEL01430,"Dalton, Smith and Morris",MARKETPLACE,North Michealland,Michigan,3.01
SEL01431,"Hartman, James and Bonilla",MARKETPLACE,North Kristiburgh,Michigan,4.8
SEL01432,"Newman, Flores and Herrera",DISTRIBUTOR,East Coreyhaven,Kansas,4.4
SEL01433,"Taylor, Johnson and Yang",MARKETPLACE,North Alan,Mississippi,4.51
SEL01434,"Russell, Williams and Proctor",BRAND,Austinton,Tennessee,4.32
SEL01435,Fuller-Douglas,BRAND,New Amandamouth,Iowa,4.62
SEL01436,"Parker, Jennings and Khan",MARKETPLACE,Anthonymouth,Maine,2.51
SEL01437,"Hammond, Lutz and Williams",BRAND,New Edwardview,Arizona,3.08
SEL01438,Nguyen-Goodman,BRAND,West Chaseshire,South Dakota,4.84
SEL01439,"James, Perez and Robertson",DISTRIBUTOR,Hodgesside,North Dakota,2.79
SEL01440,"Schneider, Anderson and Holmes",MARKETPLACE,Santanaview,Massachusetts,2.81
SEL01441,Cunningham and Sons,MARKETPLACE,New Ronald,Virginia,2.7
SEL01442,"Johnson, Bailey and Smith",BRAND,New Kevin,Arizona,3.4
SEL01443,"Jackson, Webb and Diaz",DISTRIBUTOR,North Johnberg,North Carolina,4.03
SEL01444,"Franklin, Walsh and Smith",DISTRIBUTOR,North Jorge,Delaware,3.17
SEL01445,"Fuller, Adkins and Myers",MARKETPLACE,Port Matthew,Missouri,4.91
SEL01446,Rios Inc,MARKETPLACE,South Victoriaville,Ohio,4.04
SEL01447,"Harper, Jones and Vaughn",BRAND,Nathanstad,Georgia,3.85
SEL01448,Johnson-Andersen,BRAND,New Joshuashire,Alabama,4.02
SEL01449,Jackson Group,BRAND,Meganmouth,Delaware,2.63
SEL01450,Horton-Edwards,DISTRIBUTOR,West Lisa,Minnesota,4.91
SEL01451,Fernandez-Chapman,MARKETPLACE,Petersonmouth,Pennsylvania,4.38
SEL01452,Hunt-Curtis,MARKETPLACE,North Ryanbury,Minnesota,4.07
SEL01453,Fleming-Osborne,DISTRIBUTOR,Blackburnberg,Nevada,4.79
SEL01454,Hart Ltd,BRAND,West Tyler,Alabama,4.09
SEL01455,Wiley-Hill,MARKETPLACE,Rhondaberg,North Carolina,3.99
SEL01456,Campbell-Roberts,BRAND,Andersonbury,Louisiana,4.42
SEL01457,Wilson Inc,BRAND,West Christinashire,South Carolina,4.09
SEL01458,Marshall-Jackson,MARKETPLACE,Lake Roychester,Rhode Island,4.14
SEL01459,Mills LLC,MARKETPLACE,Jenningsview,Wisconsin,3.68
SEL01460,"Hall, Evans and Martinez",MARKETPLACE,East Donna,Oregon,4.11
SEL01461,"Dillon, Manning and Dunlap",BRAND,Whiteheadshire,Alabama,2.79
SEL01462,Faulkner Ltd,MARKETPLACE,Kyleview,Massachusetts,3.2
SEL01463,"Bailey, Ray and Braun",DISTRIBUTOR,Santiagoborough,Delaware,3.09
SEL01464,Hernandez PLC,BRAND,Brenttown,Louisiana,4.95
SEL01465,Burgess Group,MARKETPLACE,North Natalie,Ohio,4.8
SEL01466,Oconnell Ltd,DISTRIBUTOR,Lake Seanborough,Pennsylvania,4.76
SEL01467,Blackwell-Poole,BRAND,Jeromemouth,Mississippi,4.83
SEL01468,"Solis, Flowers and Lopez",BRAND,Port Tonyamouth,Oklahoma,3.72
SEL01469,Young-Hughes,DISTRIBUTOR,Johnsonland,Nevada,3.25
SEL01470,Juarez-Davis,BRAND,Matthewsmouth,Kansas,2.69
SEL01471,Kelley Group,BRAND,Murphystad,Kansas,4.05
SEL01472,Carlson-Robinson,DISTRIBUTOR,West Charles,Texas,3.32
SEL01473,"Elliott, Anderson and Hughes",BRAND,Brittanyton,New Hampshire,4.48
SEL01474,Pennington-Guzman,MARKETPLACE,Shermanfort,Illinois,3.06
SEL01475,Payne PLC,DISTRIBUTOR,Lake Claudia,Oklahoma,4.42
SEL01476,"Hernandez, Cervantes and Garcia",MARKETPLACE,Lake Cynthiaview,North Carolina,4.49
SEL01477,"Wade, James and Holt",DISTRIBUTOR,South Kathrynberg,Mississippi,4.29
SEL01478,"Anderson, Roberts and Moore",BRAND,North Denisefurt,Michigan,3.98
SEL01479,Pacheco-Fernandez,MARKETPLACE,Nguyenburgh,Arizona,2.61
SEL01480,"Delacruz, Lewis and Welch",DISTRIBUTOR,Lake Eric,Virginia,3.53
SEL01481,Russell-Rice,BRAND,West Christopherside,Tennessee,4.38
SEL01482,Davidson Inc,DISTRIBUTOR,West Phillip,Indiana,2.92
SEL01483,Price Group,MARKETPLACE,South Benjamin,New Jersey,4.63
SEL01484,Sawyer LLC,MARKETPLACE,Lake Omar,Alabama,2.58
SEL01485,Morris LLC,DISTRIBUTOR,Wardton,Hawaii,3.23
SEL01486,"Moore, Thomas and Jackson",MARKETPLACE,New Brendaland,Connecticut,4.0
SEL01487,Lee Inc,DISTRIBUTOR,Aprilfurt,Iowa,3.89
SEL01488,Morton Inc,BRAND,Adamview,Maine,4.85
SEL01489,"Davis, Green and Edwards",MARKETPLACE,Kathybury,Connecticut,4.26
SEL01490,Brown-Moore,DISTRIBUTOR,South Lisaville,California,4.13
SEL01491,Dominguez-Hampton,DISTRIBUTOR,East Timothyton,South Dakota,2.95
SEL01492,Becker LLC,DISTRIBUTOR,West Eugeneland,Nebraska,4.81
SEL01493,Williams-Baker,BRAND,Mariatown,New York,3.16
SEL01494,Roberts LLC,DISTRIBUTOR,South Christopher,Rhode Island,2.53
SEL01495,Mills-Blevins,DISTRIBUTOR,Port Daniel,Wisconsin,4.27
SEL01496,"Wade, Roberts and Lee",DISTRIBUTOR,North Kim,Florida,4.48
SEL01497,Turner-Campbell,MARKETPLACE,Lake Christopherbury,Illinois,4.86
SEL01498,Coleman-Murphy,BRAND,North Jose,Montana,3.9
SEL01499,Flowers Group,MARKETPLACE,North Richard,Texas,3.52
SEL01500,"Hernandez, Brown and Gonzalez",BRAND,East Briannafurt,Georgia,4.5
SEL01501,Mitchell-Wallace,BRAND,North Craig,Indiana,2.72
SEL01502,Wilson-Fleming,MARKETPLACE,East Kathleenbury,Maryland,4.59
SEL01503,Gilbert-Sandoval,BRAND,Lake Thomas,Rhode Island,3.65
SEL01504,"Hamilton, Allen and Hernandez",MARKETPLACE,Meganhaven,Montana,4.09
SEL01505,Wilson LLC,DISTRIBUTOR,Shelbyberg,Maine,3.48
SEL01506,Reese-Archer,BRAND,Patelside,Kentucky,3.67
SEL01507,Gutierrez and Sons,DISTRIBUTOR,East Blake,Minnesota,4.97
SEL01508,"Huff, Hall and Carter",DISTRIBUTOR,East Jeffrey,New Jersey,4.09
SEL01509,Collins-Gibbs,DISTRIBUTOR,Lake Jonathan,Nebraska,3.5
SEL01510,Guerrero Group,MARKETPLACE,Amandamouth,Rhode Island,3.17
SEL01511,Romero LLC,BRAND,Rachelland,New Mexico,2.73
SEL01512,Solis-Brown,BRAND,New Brianton,Oklahoma,3.15
SEL01513,Diaz-Shelton,MARKETPLACE,East Michaelshire,Oregon,4.95
SEL01514,Cook-Davis,MARKETPLACE,New Samanthachester,California,3.34
SEL01515,Olson-Walsh,DISTRIBUTOR,New Catherineview,Illinois,4.26
SEL01516,Young-Duncan,DISTRIBUTOR,Parsonsmouth,Arizona,3.88
SEL01517,Collier and Sons,MARKETPLACE,Nancyburgh,Texas,2.63
SEL01518,"Foster, Morales and Rogers",BRAND,Masonborough,Ohio,3.6
SEL01519,Martin Group,BRAND,North Danielle,Montana,4.49
SEL01520,Butler-Bauer,BRAND,Lake Elizabeth,North Carolina,2.68
SEL01521,Bailey and Sons,BRAND,Lake Richard,Wisconsin,3.15
SEL01522,Gardner-Shields,MARKETPLACE,Gillespieshire,North Dakota,4.28
SEL01523,Frazier-Robinson,DISTRIBUTOR,Johnsonview,Virginia,4.7
SEL01524,"Richards, Gray and Webster",MARKETPLACE,Robertsport,Iowa,2.75
SEL01525,Cox Ltd,DISTRIBUTOR,Williamland,Nebraska,4.38
SEL01526,Baker-Miller,DISTRIBUTOR,East Joseph,Wyoming,4.76
SEL01527,"Liu, Thompson and Leonard",DISTRIBUTOR,Buckmouth,Nevada,3.59
SEL01528,Dillon LLC,MARKETPLACE,West Douglas,Texas,4.74
SEL01529,Jimenez LLC,BRAND,Mariatown,North Carolina,3.17
SEL01530,Ortega Inc,BRAND,Haysport,Wyoming,4.38
SEL01531,"Scott, Alvarez and Campos",DISTRIBUTOR,New Vanessa,Ohio,2.75
SEL01532,Coleman and Sons,MARKETPLACE,Carolmouth,Alabama,3.0
SEL01533,Brown-Rodriguez,DISTRIBUTOR,West Jacobchester,Alabama,4.65
SEL01534,Wilson Inc,DISTRIBUTOR,Adamsborough,New Mexico,3.39
SEL01535,"Rodriguez, Bond and Gray",MARKETPLACE,East Lauramouth,Oklahoma,2.68
SEL01536,Mccullough and Sons,DISTRIBUTOR,North Amanda,New Jersey,4.79
SEL01537,Garrett-Wallace,DISTRIBUTOR,Deanfurt,Michigan,3.28
SEL01538,Daniels LLC,MARKETPLACE,Jonesbury,Georgia,4.53
SEL01539,Jones-Hill,DISTRIBUTOR,Brandonport,Kansas,3.12
SEL01540,Martin Group,MARKETPLACE,Lopezchester,North Dakota,3.62
SEL01541,Glover Group,DISTRIBUTOR,Brownport,Florida,3.13
SEL01542,Carter Inc,MARKETPLACE,Derekchester,Ohio,3.5
SEL01543,Brown-Pearson,MARKETPLACE,South Brandonchester,Oklahoma,2.61
SEL01544,Landry Ltd,MARKETPLACE,Nathanside,Montana,2.62
SEL01545,"Jones, Moore and Ellis",BRAND,Kellyport,California,2.54
SEL01546,Combs LLC,BRAND,Lake Sarah,Alaska,3.14
SEL01547,Stephens-Phillips,MARKETPLACE,New Brittany,Oregon,3.04
SEL01548,Brown and Sons,MARKETPLACE,Snyderland,Minnesota,4.83
SEL01549,"Dyer, Pierce and Kennedy",MARKETPLACE,South Susan,Maine,3.72
SEL01550,"Spencer, Cox and Terry",BRAND,East Jaclyn,Arkansas,3.66
SEL01551,Baxter-Anderson,BRAND,Lake Alicia,New York,4.39
SEL01552,Herman LLC,DISTRIBUTOR,Madisonland,Tennessee,2.98
SEL01553,Miller-Burns,BRAND,New Jean,New York,3.6
SEL01554,Williams and Sons,DISTRIBUTOR,West Garyborough,New Mexico,2.66
SEL01555,Villarreal PLC,DISTRIBUTOR,North James,Florida,3.53
SEL01556,Murray-Smith,BRAND,South Deniseshire,Minnesota,4.72
SEL01557,"Mosley, Watkins and Jackson",MARKETPLACE,Gardnerside,Georgia,3.15
SEL01558,Castro LLC,DISTRIBUTOR,Rayborough,Utah,4.26
SEL01559,Gonzalez-Howell,MARKETPLACE,Sanchezside,Mississippi,3.78
SEL01560,Brown-Humphrey,BRAND,Burchland,North Dakota,3.49
SEL01561,"Herring, Morris and Wilson",BRAND,Port Kellychester,Iowa,4.16
SEL01562,Goodman-Williams,MARKETPLACE,Williamton,Louisiana,4.4
SEL01563,Garcia Ltd,DISTRIBUTOR,East Paigebury,Iowa,3.94
SEL01564,"Snyder, Acosta and Roberts",MARKETPLACE,Newmanmouth,Idaho,3.14
SEL01565,Thomas Inc,DISTRIBUTOR,East Robertport,Iowa,3.06
SEL01566,Anderson Ltd,DISTRIBUTOR,Hernandezmouth,New Hampshire,3.62
SEL01567,"Shaw, Fisher and Cooper",MARKETPLACE,North Jessica,Alabama,4.45
SEL01568,"Davis, Stafford and Serrano",BRAND,New Stacey,Nevada,4.06
SEL01569,Frost Ltd,DISTRIBUTOR,Lake Richardfurt,New Mexico,3.44
SEL01570,Perez PLC,MARKETPLACE,Maynardmouth,Nevada,4.95
SEL01571,"Reynolds, Jones and Carroll",MARKETPLACE,North Andrewport,Connecticut,2.69
SEL01572,Leach-Miller,DISTRIBUTOR,Nicoleborough,Louisiana,3.16
SEL01573,Scott-Rodriguez,DISTRIBUTOR,Markland,Montana,3.05
SEL01574,"Hernandez, White and Yang",DISTRIBUTOR,North Brittanyburgh,Tennessee,4.02
SEL01575,Hall-Hawkins,BRAND,Port Theresa,Idaho,4.34
SEL01576,King-Carter,DISTRIBUTOR,North Nancymouth,Alaska,2.83
SEL01577,Ryan-Parker,BRAND,Darlenebury,Maine,4.55
SEL01578,Roberts PLC,BRAND,North James,Missouri,4.06
SEL01579,Barron-Pitts,BRAND,Williamsland,North Carolina,4.47
SEL01580,"Graves, Chandler and Lee",DISTRIBUTOR,Chelseaside,New Hampshire,2.75
SEL01581,"Richard, Hicks and Patel",MARKETPLACE,East Tyrone,Missouri,3.11
SEL01582,Jones-Stokes,BRAND,Annview,Montana,3.01
SEL01583,"Guerrero, Moore and Clements",DISTRIBUTOR,Aaronport,Vermont,4.74
SEL01584,"Patterson, Bell and Stevens",MARKETPLACE,South Sarahstad,Wisconsin,3.81
SEL01585,"Tyler, Pugh and Dennis",BRAND,New Matthewfort,New York,3.18
SEL01586,"Moore, Hayes and Ramsey",BRAND,Raymondhaven,Kansas,3.29
SEL01587,"Woods, Johnson and Conrad",DISTRIBUTOR,Gaymouth,Mississippi,2.99
SEL01588,Ware-Stone,BRAND,Cherryfort,Washington,2.81
SEL01589,"Davis, Alexander and Gonzalez",BRAND,Nataliebury,Kansas,3.07
SEL01590,"Perkins, Carr and Wong",DISTRIBUTOR,Carolchester,Hawaii,2.85
SEL01591,"Hall, Mcbride and Dominguez",BRAND,Dudleyside,Georgia,3.84
SEL01592,Lee-Robbins,DISTRIBUTOR,Christineburgh,Washington,3.38
SEL01593,Mcgee-Hayes,MARKETPLACE,Beckfort,Ohio,2.61
SEL01594,Garcia-Howard,DISTRIBUTOR,South Rhonda,Indiana,2.89
SEL01595,"Phillips, Young and Gaines",BRAND,Mcmillanport,Montana,2.82
SEL01596,Gonzalez Inc,DISTRIBUTOR,Masonshire,Iowa,4.92
SEL01597,Watkins Group,MARKETPLACE,New Jacobbury,Alaska,4.54
SEL01598,Peters-Melton,BRAND,Lake William,Maryland,4.48
SEL01599,"Foster, Thomas and Ward",DISTRIBUTOR,East Krystal,Pennsylvania,3.12
SEL01600,Garcia LLC,MARKETPLACE,Virginialand,Texas,2.97
SEL01601,James Ltd,DISTRIBUTOR,Johnfurt,Kentucky,2.65
SEL01602,Stevens Inc,MARKETPLACE,Leeland,North Carolina,3.25
SEL01603,Russell and Sons,DISTRIBUTOR,Port Marcmouth,Wisconsin,2.58
SEL01604,Harris Ltd,DISTRIBUTOR,Brewerburgh,Nebraska,4.84
SEL01605,Barnes PLC,DISTRIBUTOR,East Sarah,Massachusetts,4.1
SEL01606,Johnson-Cain,DISTRIBUTOR,Hickmanview,North Carolina,3.91
SEL01607,"Long, Murray and Evans",DISTRIBUTOR,Tammychester,Vermont,2.52
SEL01608,Vega PLC,BRAND,New Christopher,Nevada,2.69
SEL01609,Johnson and Sons,BRAND,Jefferystad,Arkansas,4.6
SEL01610,Fisher-Long,DISTRIBUTOR,Lake Richard,New Hampshire,3.66
SEL01611,"Kidd, Gregory and Lewis",DISTRIBUTOR,North Ashleyfort,Mississippi,3.19
SEL01612,"Hunt, Vasquez and Brown",MARKETPLACE,New Gary,North Carolina,2.77
SEL01613,White-Caldwell,BRAND,South Sandrahaven,Montana,2.66
SEL01614,"Smith, Hill and Sanchez",MARKETPLACE,South Joseph,Delaware,4.54
SEL01615,Quinn-Smith,BRAND,North Jonathan,Georgia,4.04
SEL01616,Logan Ltd,MARKETPLACE,Rachelmouth,Montana,4.92
SEL01617,Hawkins Inc,DISTRIBUTOR,Natashaburgh,Florida,4.3
SEL01618,Jackson and Sons,BRAND,Lake Courtneyburgh,Kentucky,2.96
SEL01619,"Graham, Shaw and Vega",BRAND,South Carlosborough,Alabama,3.28
SEL01620,"Knight, Gregory and King",MARKETPLACE,North Lawrence,Arizona,4.75
SEL01621,Parker and Sons,MARKETPLACE,South Christinamouth,Colorado,4.37
SEL01622,Graham Inc,DISTRIBUTOR,West Christian,Kansas,3.22
SEL01623,Watkins-Sims,DISTRIBUTOR,Lake Nicholeville,Nevada,4.56
SEL01624,Brown-Sullivan,DISTRIBUTOR,Michaelburgh,Maryland,4.31
SEL01625,Jones-Alvarez,BRAND,Cynthialand,Minnesota,3.82
SEL01626,Wise LLC,BRAND,Robertmouth,Wyoming,3.82
SEL01627,Hill-Black,DISTRIBUTOR,Port Dylanport,Nevada,3.01
SEL01628,Davis-Vasquez,BRAND,Calebhaven,Arizona,3.16
SEL01629,"Garrett, Dalton and Rodriguez",BRAND,New Andrealand,Nevada,4.23
SEL01630,Lindsey PLC,MARKETPLACE,Penaburgh,Arizona,4.53
SEL01631,Washington-Tran,BRAND,Kimbury,Ohio,3.24
SEL01632,Jones-Esparza,DISTRIBUTOR,Lake Shawn,Virginia,3.55
SEL01633,"Cantrell, Hernandez and Kaufman",BRAND,Keithfurt,Wisconsin,4.53
SEL01634,Zamora PLC,BRAND,Patriciaside,New Hampshire,4.38
SEL01635,Jensen-Williams,BRAND,Chavezfurt,Michigan,2.56
SEL01636,Vance PLC,BRAND,North William,Kentucky,3.15
SEL01637,"Williams, Barnes and Meyer",MARKETPLACE,Port Stephen,New Mexico,3.87
SEL01638,Molina-Howe,MARKETPLACE,Smithchester,California,4.26
SEL01639,Adams Group,MARKETPLACE,North Vincent,Iowa,4.39
SEL01640,"Guzman, Rogers and Cox",BRAND,North Elizabethbury,Illinois,4.25
SEL01641,Bowers-Coffey,MARKETPLACE,West Stephaniestad,Utah,4.78
SEL01642,Gomez Group,DISTRIBUTOR,West Angelaton,Rhode Island,3.75
SEL01643,Davis PLC,MARKETPLACE,Griffinchester,Massachusetts,2.91
SEL01644,Lutz and Sons,MARKETPLACE,New Gregoryton,Washington,4.32
SEL01645,"Walters, Wilson and Singleton",DISTRIBUTOR,Lake Richardville,Connecticut,4.98
SEL01646,Larsen-Mitchell,MARKETPLACE,New Katherine,Maine,4.06
SEL01647,Fernandez PLC,BRAND,South Adrianton,Illinois,2.56
SEL01648,Anderson and Sons,MARKETPLACE,Haleyburgh,Alabama,3.44
SEL01649,"Johnson, Williams and Hawkins",BRAND,North Krystalmouth,Alabama,3.32
SEL01650,Stewart Group,BRAND,Lawrenceland,Nevada,3.58
SEL01651,"Erickson, Underwood and Long",MARKETPLACE,Courtneyborough,Texas,4.14
SEL01652,Torres PLC,DISTRIBUTOR,Carolynside,Kansas,3.21
SEL01653,"Gonzalez, Flores and Ramirez",BRAND,Nguyenview,Hawaii,2.65
SEL01654,Thompson-Walker,DISTRIBUTOR,Jackland,Delaware,3.49
SEL01655,Dunn-Williams,MARKETPLACE,North Cristina,Wyoming,3.6
SEL01656,"Hensley, Valdez and Lewis",MARKETPLACE,Lake Briana,Alaska,4.44
SEL01657,Lucas and Sons,BRAND,Kristintown,Wisconsin,3.55
SEL01658,Conley-Chambers,MARKETPLACE,South Wendyland,Alabama,3.87
SEL01659,"Brown, Cook and Johnson",BRAND,South Kathrynburgh,Connecticut,4.44
SEL01660,Hammond-Martinez,DISTRIBUTOR,New Richardside,Wisconsin,3.83
SEL01661,"Fitzgerald, Hansen and Waller",MARKETPLACE,Steelechester,Illinois,2.96
SEL01662,Franco PLC,BRAND,South Tiffanyburgh,Missouri,3.4
SEL01663,"Booth, Foster and Russo",MARKETPLACE,Bethland,Delaware,4.87
SEL01664,Parker-Pearson,DISTRIBUTOR,Turnerberg,North Carolina,3.66
SEL01665,"Hernandez, Moreno and Mckinney",BRAND,Martinland,Tennessee,4.67
SEL01666,Brown-Wilson,MARKETPLACE,East Garrettville,Virginia,4.48
SEL01667,Phillips Ltd,MARKETPLACE,New Anthony,Mississippi,4.76
SEL01668,Gordon-Weaver,DISTRIBUTOR,Taylorton,Maine,2.83
SEL01669,Fernandez Inc,MARKETPLACE,Douglasberg,Vermont,2.85
SEL01670,Mcdaniel Group,MARKETPLACE,Taylorfurt,Louisiana,4.59
SEL01671,Fisher PLC,DISTRIBUTOR,West Michaelview,Texas,4.99
SEL01672,Hill LLC,BRAND,South Shannon,Arkansas,4.86
SEL01673,Brown LLC,BRAND,New Bradberg,Arizona,4.47
SEL01674,Miller and Sons,MARKETPLACE,Nguyenbury,Indiana,3.86
SEL01675,"Cantu, Benson and Leonard",DISTRIBUTOR,South Lisatown,New York,2.71
SEL01676,"Duran, Barnes and Lopez",MARKETPLACE,Silvachester,Kentucky,3.48
SEL01677,Wilson-Scott,BRAND,Meyerhaven,Mississippi,3.76
SEL01678,"Erickson, Alexander and Miller",DISTRIBUTOR,West Brett,New York,4.68
SEL01679,"Butler, Ruiz and Saunders",DISTRIBUTOR,Port Angelica,Colorado,2.62
SEL01680,Ballard Inc,DISTRIBUTOR,Jenniferstad,Oklahoma,3.79
SEL01681,"Walker, Hayes and Gomez",BRAND,Brewershire,Oklahoma,4.95
SEL01682,Martinez-Barr,DISTRIBUTOR,Port Janice,Oklahoma,3.8
SEL01683,"Walters, Huber and Adams",DISTRIBUTOR,Lake Adammouth,Connecticut,3.23
SEL01684,"Roberts, Tyler and Morales",BRAND,North Jennifer,Hawaii,4.81
SEL01685,Jones-Taylor,MARKETPLACE,Sheriburgh,Georgia,3.47
SEL01686,"Nelson, Duncan and Kelly",MARKETPLACE,Brandontown,Illinois,3.79
SEL01687,Marshall Ltd,MARKETPLACE,South Robertmouth,Ohio,4.26
SEL01688,Williams-Lopez,MARKETPLACE,West Davidtown,Pennsylvania,3.63
SEL01689,Shepard Inc,BRAND,West Erinburgh,Nevada,4.86
SEL01690,Sparks Inc,DISTRIBUTOR,East Leonard,Ohio,2.58
SEL01691,Schmidt and Sons,BRAND,Lake Mary,Idaho,3.9
SEL01692,Welch-Mcgrath,MARKETPLACE,Starkhaven,Missouri,4.83
SEL01693,Williams Group,MARKETPLACE,Collinsview,Hawaii,2.92
SEL01694,Mitchell-Thornton,MARKETPLACE,Thompsonburgh,Pennsylvania,3.78
SEL01695,Russell-Johnson,BRAND,Kelleymouth,Washington,3.34
SEL01696,Gonzalez-Cruz,MARKETPLACE,Millerport,Ohio,2.66
SEL01697,"Jenkins, Hull and Reyes",DISTRIBUTOR,South Juanbury,Oklahoma,4.4
SEL01698,Goodwin Ltd,MARKETPLACE,Dawnhaven,Nevada,3.93
SEL01699,Brown Inc,BRAND,West Tracey,Oklahoma,4.42
SEL01700,Alexander and Sons,BRAND,Port Tracy,Georgia,2.96
SEL01701,"David, Mitchell and Kelly",BRAND,Gutierreztown,Connecticut,3.98
SEL01702,Gilbert Group,BRAND,Lake Marc,Virginia,4.21
SEL01703,Macias PLC,MARKETPLACE,Sloantown,Kansas,3.41
SEL01704,Chen LLC,MARKETPLACE,East Mistyborough,Pennsylvania,3.85
SEL01705,Hughes-Thornton,MARKETPLACE,Donaldmouth,Pennsylvania,3.75
SEL01706,Oliver-Andrews,BRAND,Sarahstad,New York,4.28
SEL01707,"Larson, Kelley and Bell",MARKETPLACE,West Williamside,Indiana,4.36
SEL01708,Green Inc,MARKETPLACE,Susanton,Utah,2.91
SEL01709,Williamson and Sons,DISTRIBUTOR,Brianbury,Kansas,3.13
SEL01710,Burke and Sons,MARKETPLACE,Cainburgh,Arizona,4.71
SEL01711,"Lee, Cross and Peterson",DISTRIBUTOR,Wesleyton,Alaska,4.62
SEL01712,"Brooks, Taylor and Garcia",BRAND,East Brentland,New Hampshire,3.31
SEL01713,"Smith, Moon and Rodriguez",BRAND,East Aliciafurt,Vermont,4.51
SEL01714,"Jacobs, Buchanan and Byrd",DISTRIBUTOR,New Josephberg,Missouri,2.98
SEL01715,Gonzalez Ltd,MARKETPLACE,Ruizhaven,Louisiana,4.07
SEL01716,"Figueroa, Hayes and Berger",MARKETPLACE,South Melissahaven,Kentucky,3.36
SEL01717,Martin Ltd,BRAND,West Todd,New Mexico,3.47
SEL01718,"Woods, Carter and Ramirez",MARKETPLACE,South Jasonshire,Wisconsin,2.68
SEL01719,Robinson-Sullivan,DISTRIBUTOR,East Francesberg,Maine,3.06
SEL01720,"Curtis, Chambers and Velasquez",DISTRIBUTOR,South Chelsea,Wisconsin,4.62
SEL01721,Roberts-Gonzalez,DISTRIBUTOR,Lindamouth,Michigan,3.48
SEL01722,Bradford Ltd,DISTRIBUTOR,Melvinstad,Montana,4.22
SEL01723,"Le, Walters and Hernandez",BRAND,East Richardmouth,Utah,4.43
SEL01724,Watkins Inc,MARKETPLACE,Gregoryton,West Virginia,4.96
SEL01725,Dudley Ltd,DISTRIBUTOR,Savageland,Iowa,2.74
SEL01726,Wilson-Davis,BRAND,East Laurenhaven,Rhode Island,4.5
SEL01727,Maynard PLC,MARKETPLACE,Medinaside,Georgia,4.78
SEL01728,Horne-Alvarado,DISTRIBUTOR,Aguilarborough,New Hampshire,4.78
SEL01729,"Pope, Richards and Mccarthy",BRAND,Hurstmouth,Mississippi,4.17
SEL01730,Jones Inc,MARKETPLACE,Kevinland,North Carolina,4.82
SEL01731,"Mcdonald, Collins and Carter",DISTRIBUTOR,Millermouth,Maine,4.68
SEL01732,Green-May,MARKETPLACE,Larsonbury,Indiana,4.66
SEL01733,Proctor Ltd,BRAND,Lake Jenniferborough,North Dakota,2.86
SEL01734,"Walton, Chavez and Bowers",BRAND,South Sarah,Missouri,3.85
SEL01735,Huff-Thomas,MARKETPLACE,Jamesside,Alaska,2.8
SEL01736,"Williams, Carter and Dominguez",MARKETPLACE,New Ericville,Idaho,2.83
SEL01737,Munoz-Turner,DISTRIBUTOR,Lake William,Utah,3.02
SEL01738,Mueller Inc,DISTRIBUTOR,Kimberlymouth,New Jersey,4.68
SEL01739,Pineda Ltd,BRAND,East Stephaniefort,Oregon,4.36
SEL01740,Gill-Bryant,MARKETPLACE,New Karaburgh,Oklahoma,2.58
SEL01741,"Goodwin, Brooks and Jones",DISTRIBUTOR,Tashashire,Oregon,3.76
SEL01742,Carpenter-Macias,DISTRIBUTOR,West Maria,Delaware,3.97
SEL01743,Hill-Johnson,DISTRIBUTOR,South Samuel,West Virginia,4.48
SEL01744,"Petersen, Bennett and Williams",MARKETPLACE,North Steven,Colorado,4.49
SEL01745,Kent LLC,DISTRIBUTOR,Katieborough,Arizona,4.99
SEL01746,Lynn-Taylor,MARKETPLACE,New David,Maryland,3.67
SEL01747,Mills-Flores,MARKETPLACE,Shortborough,California,2.9
SEL01748,Davis PLC,BRAND,Port Melissa,Texas,3.53
SEL01749,Martinez-Howell,MARKETPLACE,Zimmermanstad,Oklahoma,3.15
SEL01750,"Brown, Cooper and Davis",DISTRIBUTOR,West Michelle,Minnesota,3.08
SEL01751,"Nguyen, Miranda and Mills",DISTRIBUTOR,Ericchester,New York,2.8
SEL01752,Roberts Ltd,MARKETPLACE,South Michelle,Hawaii,3.67
SEL01753,Pierce-Wilson,DISTRIBUTOR,South Austin,Arkansas,2.59
SEL01754,"Reed, Howard and Hill",MARKETPLACE,Emmahaven,Idaho,3.74
SEL01755,"Olson, Hunt and Nielsen",MARKETPLACE,Michaelberg,Vermont,3.98
SEL01756,Rodriguez-Mcgee,BRAND,North Hectorburgh,Minnesota,3.36
SEL01757,"Vargas, Dominguez and Brown",DISTRIBUTOR,New Sabrina,Delaware,2.79
SEL01758,Bowman-Sullivan,DISTRIBUTOR,Rossview,Louisiana,3.73
SEL01759,Russell-Schmidt,DISTRIBUTOR,East Joseph,Massachusetts,3.23
SEL01760,Wilson LLC,BRAND,Trujillomouth,Illinois,2.98
SEL01761,Harris-Bell,DISTRIBUTOR,Floresmouth,Illinois,3.73
SEL01762,Bush LLC,BRAND,Barbaramouth,Ohio,3.27
SEL01763,Carter and Sons,BRAND,Harrisfort,Tennessee,2.94
SEL01764,Williams Ltd,MARKETPLACE,New Amandafurt,Vermont,3.72
SEL01765,Thomas Inc,MARKETPLACE,Jamesborough,Delaware,4.97
SEL01766,"Barajas, Moore and Richardson",DISTRIBUTOR,Kaylaview,Iowa,4.58
SEL01767,Oconnell and Sons,MARKETPLACE,Harrisonberg,Tennessee,3.38
SEL01768,"Cox, Rogers and Jackson",MARKETPLACE,South Debbieton,Oregon,3.34
SEL01769,Pena-Evans,MARKETPLACE,Torresport,Alabama,3.62
SEL01770,Johnson LLC,BRAND,Brownport,Vermont,4.3
SEL01771,Craig LLC,MARKETPLACE,East Justin,Nevada,4.52
SEL01772,Morales-Dixon,MARKETPLACE,Melissaborough,Pennsylvania,4.98
SEL01773,Faulkner-Johnson,DISTRIBUTOR,Doriston,Oklahoma,2.53
SEL01774,"Ferrell, Sparks and Rodriguez",BRAND,New Ashley,Alabama,3.31
SEL01775,Lucas Inc,BRAND,South David,Vermont,4.74
SEL01776,Baldwin-Garcia,BRAND,Briannaside,Washington,2.88
SEL01777,Murphy PLC,DISTRIBUTOR,East Danielton,New York,3.67
SEL01778,Friedman LLC,MARKETPLACE,Arroyoview,Arizona,4.03
SEL01779,"Burke, Blackwell and Taylor",BRAND,Fishertown,Indiana,2.86
SEL01780,"Harris, Short and Stanley",DISTRIBUTOR,Port Ricardomouth,Maryland,2.51
SEL01781,"Thompson, Smith and Erickson",BRAND,East Edwardton,Rhode Island,4.22
SEL01782,Swanson-Smith,DISTRIBUTOR,New Andreaton,Louisiana,3.85
SEL01783,"Hoover, Smith and Ramsey",MARKETPLACE,Dustinview,Washington,4.43
SEL01784,Wagner Ltd,MARKETPLACE,East Courtneyview,Nebraska,4.97
SEL01785,Bell-Mitchell,MARKETPLACE,East Joshua,South Carolina,4.86
SEL01786,Santos PLC,DISTRIBUTOR,Andersonborough,Florida,4.71
SEL01787,"Smith, Sanders and Smith",DISTRIBUTOR,New Sandra,Oregon,2.74
SEL01788,"Hanson, Walsh and Wilson",DISTRIBUTOR,Vanessaberg,Tennessee,4.49
SEL01789,Williams-Gutierrez,DISTRIBUTOR,Darrenfurt,South Dakota,3.67
SEL01790,"Lin, Bennett and Mejia",BRAND,Port Jasonberg,California,3.17
SEL01791,Watson-Estrada,MARKETPLACE,Hollyton,Mississippi,4.8
SEL01792,"Reyes, Thompson and Daniel",MARKETPLACE,Vasquezhaven,Hawaii,2.84
SEL01793,Liu-Hale,DISTRIBUTOR,North Amy,Hawaii,2.68
SEL01794,Bryan-Marks,DISTRIBUTOR,Danielside,Hawaii,3.01
SEL01795,Mckinney-Bell,MARKETPLACE,Turnerfort,Massachusetts,4.52
SEL01796,Fox-Bryant,DISTRIBUTOR,Evansfurt,Hawaii,4.41
SEL01797,Whitaker LLC,BRAND,Tylerside,Connecticut,4.56
SEL01798,Boyd-Buchanan,MARKETPLACE,New Zachary,Georgia,3.1
SEL01799,Anderson-Escobar,DISTRIBUTOR,Pamelahaven,Michigan,2.92
SEL01800,Bishop-Pace,BRAND,West Lindsey,Nevada,4.16
SEL01801,Hill Group,MARKETPLACE,Shannonland,Nevada,3.1
SEL01802,Barnes and Sons,MARKETPLACE,Cruzburgh,Washington,4.34
SEL01803,Frazier LLC,DISTRIBUTOR,North Jacqueline,Rhode Island,3.89
SEL01804,"Hoffman, Kennedy and Brown",DISTRIBUTOR,East Alexander,Wyoming,3.92
SEL01805,"Lopez, Harrison and West",DISTRIBUTOR,Vasquezstad,Arizona,4.19
SEL01806,"Sanchez, Smith and Garcia",DISTRIBUTOR,Lake Vincent,Utah,3.95
SEL01807,George-Johnson,MARKETPLACE,South Michael,Maryland,3.5
SEL01808,Mckay LLC,MARKETPLACE,Duaneside,Louisiana,4.84
SEL01809,Wilcox-Lutz,MARKETPLACE,Port David,South Carolina,4.16
SEL01810,"Davis, Warren and Brown",DISTRIBUTOR,South Kimberlyland,California,3.65
SEL01811,Brady-Garner,MARKETPLACE,New Kim,Rhode Island,4.26
SEL01812,Hill-Rich,MARKETPLACE,New Amyland,Kentucky,4.14
SEL01813,Williams and Sons,BRAND,Martinezchester,Nevada,4.9
SEL01814,Cochran-Mcdonald,DISTRIBUTOR,Spencebury,Ohio,4.72
SEL01815,King-Sanchez,DISTRIBUTOR,Normaland,New Hampshire,4.86
SEL01816,Taylor Ltd,MARKETPLACE,Bradleyfort,Alaska,3.64
SEL01817,Williams-Martinez,BRAND,Davishaven,Vermont,4.37
SEL01818,Melton-Patton,MARKETPLACE,Mirandashire,Idaho,3.79
SEL01819,"Campos, Middleton and Hopkins",DISTRIBUTOR,Jacksonstad,Alaska,4.77
SEL01820,Branch-Turner,DISTRIBUTOR,New Harold,Nevada,4.88
SEL01821,Long Inc,DISTRIBUTOR,North Jacob,Wisconsin,4.87
SEL01822,Miller LLC,MARKETPLACE,West Steven,Maine,3.26
SEL01823,Powell-Anderson,DISTRIBUTOR,New Ryan,Oklahoma,3.51
SEL01824,"Johnson, Walker and Nash",MARKETPLACE,Fisherport,Texas,3.87
SEL01825,Brewer PLC,BRAND,West Jessica,Indiana,2.64
SEL01826,"Silva, Jones and Hudson",DISTRIBUTOR,Danielberg,South Dakota,2.77
SEL01827,Butler-Flores,DISTRIBUTOR,South Sharon,Ohio,4.72
SEL01828,Casey Ltd,MARKETPLACE,Conniefort,Oklahoma,4.17
SEL01829,Collins Inc,MARKETPLACE,Douglasshire,North Carolina,4.88
SEL01830,Craig and Sons,DISTRIBUTOR,Stonemouth,Tennessee,3.59
SEL01831,Weiss and Sons,MARKETPLACE,North Margaretland,South Carolina,3.31
SEL01832,"Green, Galvan and Ward",BRAND,Port Melissaburgh,Tennessee,3.21
SEL01833,"Wright, Sosa and Reyes",MARKETPLACE,Michaelville,Utah,3.7
SEL01834,Nolan-Martin,DISTRIBUTOR,South Juanstad,Nevada,5.0
SEL01835,Morgan-Hopkins,BRAND,North Charlesville,Alabama,2.72
SEL01836,Johnson PLC,BRAND,Port Staceymouth,Oklahoma,4.2
SEL01837,"Wade, Thomas and Barrett",BRAND,Smithtown,Oregon,4.36
SEL01838,Brown PLC,DISTRIBUTOR,West Stephanie,West Virginia,4.9
SEL01839,"Cross, Wagner and Cole",DISTRIBUTOR,Millerville,Kansas,3.03
SEL01840,Conrad LLC,MARKETPLACE,Lisahaven,Arkansas,4.6
SEL01841,Moore-Brewer,MARKETPLACE,New Michael,New Jersey,3.32
SEL01842,"Moran, Smith and Weber",MARKETPLACE,North Alexandra,Virginia,4.9
SEL01843,Perez-Davenport,MARKETPLACE,Jasonton,West Virginia,3.3
SEL01844,Harvey Group,BRAND,Lake Steven,Delaware,4.02
SEL01845,Gray-Henderson,BRAND,Ortizview,Montana,3.42
SEL01846,"Stone, Dodson and Dorsey",MARKETPLACE,Port Tyler,South Dakota,3.06
SEL01847,Mayo-Curtis,DISTRIBUTOR,West Thomasmouth,Massachusetts,4.94
SEL01848,Oconnell Ltd,MARKETPLACE,East Dariusfurt,Indiana,3.11
SEL01849,Lynch-Matthews,DISTRIBUTOR,Lake Sheliastad,Alaska,3.26
SEL01850,"Moran, Johnson and Haney",MARKETPLACE,Eugeneborough,Michigan,4.65
SEL01851,Higgins-Mcdonald,DISTRIBUTOR,Jonathanland,Rhode Island,4.47
SEL01852,Reyes-Johnson,DISTRIBUTOR,West Brian,Kentucky,4.21
SEL01853,Bailey Inc,BRAND,Lake Aprilview,Oregon,4.78
SEL01854,Madden-Trevino,BRAND,New Arthur,Kentucky,4.03
SEL01855,"Phillips, Daniels and Brown",MARKETPLACE,New Marissa,Delaware,3.87
SEL01856,"Pratt, Fischer and Elliott",BRAND,Nathanielville,Nebraska,2.58
SEL01857,Zavala LLC,BRAND,East John,Tennessee,3.3
SEL01858,Joseph-Price,MARKETPLACE,South Rachelville,Pennsylvania,4.24
SEL01859,Ferguson Ltd,BRAND,North Tanyachester,Kansas,3.03
SEL01860,Short-Meadows,MARKETPLACE,Ricefurt,Florida,4.4
SEL01861,Herman-White,DISTRIBUTOR,New Dakota,New Hampshire,3.87
SEL01862,Russell PLC,BRAND,Lake Melvin,Wisconsin,2.51
SEL01863,Fitzpatrick and Sons,BRAND,Tonyville,Vermont,2.62
SEL01864,Cooke-Hamilton,MARKETPLACE,New Danielberg,North Dakota,4.08
SEL01865,"Martin, Cervantes and Mora",DISTRIBUTOR,New Michael,South Dakota,2.68
SEL01866,Arroyo-Thompson,DISTRIBUTOR,Kurtton,North Carolina,4.54
SEL01867,"Gould, Eaton and Soto",BRAND,Jacobborough,Arizona,2.74
SEL01868,Cameron PLC,DISTRIBUTOR,Port Chris,Indiana,3.23
SEL01869,Stone Ltd,MARKETPLACE,Suttonfort,Indiana,2.63
SEL01870,Evans-Robinson,MARKETPLACE,Aprilbury,Idaho,4.38
SEL01871,Welch LLC,MARKETPLACE,Cartermouth,Indiana,4.78
SEL01872,"Brown, Nelson and Mendoza",MARKETPLACE,North Thomasstad,New Jersey,4.65
SEL01873,Green and Sons,DISTRIBUTOR,West Michellefort,Montana,4.01
SEL01874,Hoover PLC,BRAND,East Adam,North Dakota,2.68
SEL01875,Smith Inc,MARKETPLACE,Brownport,Maryland,2.82
SEL01876,"Braun, Ballard and Nelson",DISTRIBUTOR,North Lindsay,New Hampshire,3.85
SEL01877,Powell-Key,BRAND,Jerryborough,Kentucky,3.77
SEL01878,"Harris, Smith and Garza",DISTRIBUTOR,North Krystalstad,Wyoming,2.9
SEL01879,Flynn-Malone,BRAND,North Shellyfort,California,3.93
SEL01880,"Hayes, Crosby and Wallace",BRAND,Sandrahaven,Tennessee,2.94
SEL01881,Mcdaniel Ltd,MARKETPLACE,North Tracieport,Oklahoma,3.48
SEL01882,Livingston Inc,BRAND,South Ryan,Illinois,4.72
SEL01883,Hughes and Sons,DISTRIBUTOR,Michaelport,Wyoming,4.41
SEL01884,Gonzalez Group,BRAND,Lake Linda,Arizona,2.57
SEL01885,Schmitt Inc,DISTRIBUTOR,Sabrinaton,Nevada,3.22
SEL01886,"Norman, Hudson and Miles",BRAND,East Meganville,Florida,2.52
SEL01887,Rodriguez-Bennett,BRAND,Port Kristen,Maine,4.69
SEL01888,Flynn-Alexander,BRAND,Port Lori,Iowa,3.37
SEL01889,Jackson and Sons,DISTRIBUTOR,North Dennis,Missouri,4.26
SEL01890,Munoz-Ramirez,DISTRIBUTOR,North Stacyshire,Tennessee,4.33
SEL01891,Campbell-Ruiz,DISTRIBUTOR,Lake Maria,Nebraska,2.79
SEL01892,Herring-Gray,BRAND,Gailshire,Idaho,3.02
SEL01893,"Richard, Ashley and Taylor",BRAND,North Cynthiashire,Maine,4.97
SEL01894,"Woodward, Hernandez and Rogers",DISTRIBUTOR,West Edwardchester,Ohio,2.59
SEL01895,Jenkins-Norris,BRAND,West Elizabeth,Wyoming,4.09
SEL01896,Woods PLC,DISTRIBUTOR,South Daniel,Minnesota,4.36
SEL01897,Baxter LLC,MARKETPLACE,Castilloport,Oklahoma,2.5
SEL01898,"Anderson, Calhoun and Bailey",DISTRIBUTOR,North Carl,Michigan,4.7
SEL01899,Jenkins Group,DISTRIBUTOR,Nathanview,North Carolina,3.95
SEL01900,Clark and Sons,MARKETPLACE,Port Lisa,West Virginia,3.03
SEL01901,"Huang, Garcia and Hunter",BRAND,West Stevenfort,Alaska,4.16
SEL01902,Foster-Stone,BRAND,New Kristenmouth,Pennsylvania,3.89
SEL01903,Huynh Group,MARKETPLACE,New Taylorside,Kentucky,4.65
SEL01904,Jordan-Watson,BRAND,North Alanton,Minnesota,2.79
SEL01905,"Bates, Cardenas and Wong",DISTRIBUTOR,East Kristen,North Dakota,3.09
SEL01906,Peters-Arias,MARKETPLACE,South Jeanfort,North Dakota,3.4
SEL01907,"Butler, Mullins and Finley",DISTRIBUTOR,Josephchester,Montana,3.21
SEL01908,"Hurst, Ray and Vargas",MARKETPLACE,Port Sarabury,Kentucky,3.66
SEL01909,Jackson PLC,BRAND,Jenniferton,Wisconsin,3.82
SEL01910,Robbins Inc,BRAND,North Jacqueline,Hawaii,2.64
SEL01911,Reese Ltd,BRAND,Royport,Mississippi,4.13
SEL01912,Frank Group,MARKETPLACE,Weeksstad,Louisiana,3.43
SEL01913,Lewis-Barker,BRAND,Whitehaven,Montana,3.48
SEL01914,Wilson Inc,BRAND,Rachelbury,Pennsylvania,4.3
SEL01915,Nunez-Glass,DISTRIBUTOR,New Kathryn,Kentucky,4.04
SEL01916,"Salazar, Ortiz and Sherman",MARKETPLACE,Brownbury,Idaho,3.54
SEL01917,Hall-Cook,BRAND,South Kimberly,Minnesota,2.61
SEL01918,"Walker, Long and Stone",MARKETPLACE,New Ernestburgh,New York,3.23
SEL01919,"Lopez, Bennett and Ford",MARKETPLACE,Port John,Pennsylvania,3.26
SEL01920,"Price, Park and Thomas",DISTRIBUTOR,Bestville,Maine,3.64
SEL01921,Hahn LLC,DISTRIBUTOR,Grahamtown,Louisiana,4.35
SEL01922,Lutz Inc,MARKETPLACE,Rileybury,North Carolina,4.65
SEL01923,Hernandez Ltd,BRAND,North Anamouth,Oklahoma,4.5
SEL01924,Freeman PLC,MARKETPLACE,North Shirleychester,Vermont,3.61
SEL01925,Turner Ltd,BRAND,Jacquelinefurt,Nebraska,2.56
SEL01926,Vargas PLC,MARKETPLACE,Ruizhaven,Alabama,3.0
SEL01927,Kim-Zuniga,MARKETPLACE,Obrienview,Connecticut,4.18
SEL01928,Chavez Group,DISTRIBUTOR,West Michelefurt,Kentucky,4.14
SEL01929,Mendez Inc,MARKETPLACE,Summersport,Georgia,2.77
SEL01930,Nelson-Hernandez,BRAND,Harveystad,New Hampshire,2.9
SEL01931,Anderson-Smith,BRAND,Dylantown,Maine,3.76
SEL01932,Stanley-Ortiz,BRAND,Hullville,Louisiana,4.94
SEL01933,Duffy-Martin,MARKETPLACE,Santoston,New York,4.38
SEL01934,"Mckenzie, Gonzalez and West",MARKETPLACE,Alvarezborough,Montana,3.27
SEL01935,"Fletcher, Salazar and Garcia",BRAND,Samanthafurt,Wisconsin,4.6
SEL01936,"Mcdonald, Hayes and Gillespie",DISTRIBUTOR,Brownshire,Rhode Island,3.7
SEL01937,"Buchanan, Grimes and Lee",BRAND,Gomezburgh,North Carolina,4.25
SEL01938,Mitchell-Stewart,BRAND,Vaughanton,Michigan,2.84
SEL01939,"Schwartz, Tran and Duncan",MARKETPLACE,South Kristihaven,Rhode Island,4.94
SEL01940,"Lee, Kline and Cruz",BRAND,Lake Lindaport,Wisconsin,3.36
SEL01941,Weiss-Williams,MARKETPLACE,West Melanie,Vermont,3.12
SEL01942,"Wright, Chavez and Jackson",DISTRIBUTOR,Port Kathy,Kentucky,3.84
SEL01943,Scott-Moore,DISTRIBUTOR,Port Jacob,Michigan,3.63
SEL01944,Perez-Brandt,MARKETPLACE,New Jeff,California,3.84
SEL01945,Wright-Martin,BRAND,Perkinsfurt,Vermont,3.67
SEL01946,Thomas PLC,MARKETPLACE,East David,Oklahoma,3.4
SEL01947,Allen-Garrett,DISTRIBUTOR,Perezton,Alabama,3.23
SEL01948,Warren-Williams,MARKETPLACE,Jillchester,Idaho,3.73
SEL01949,"Vargas, Johnson and Jimenez",BRAND,Greenview,California,4.58
SEL01950,"Lane, Price and Brown",BRAND,West David,Maine,4.49
SEL01951,"Moran, Poole and Tucker",BRAND,Kevinport,Colorado,4.1
SEL01952,Rivera Group,MARKETPLACE,South Jocelyntown,Maine,3.51
SEL01953,"Peterson, Reese and George",MARKETPLACE,Lake Adrian,Washington,3.74
SEL01954,"Davis, Long and Sanders",BRAND,Joseside,Minnesota,3.99
SEL01955,Johnson LLC,DISTRIBUTOR,Thorntonchester,Arizona,3.74
SEL01956,Reid-Brady,DISTRIBUTOR,Dominicshire,Massachusetts,4.42
SEL01957,Woods PLC,DISTRIBUTOR,Lake Francisco,Arkansas,4.51
SEL01958,Martinez Inc,DISTRIBUTOR,Emilyside,North Dakota,3.22
SEL01959,Ramirez-Pruitt,BRAND,Michaelbury,New York,3.14
SEL01960,Tucker LLC,BRAND,Pettyview,Arkansas,3.43
SEL01961,"Foster, Young and Shields",MARKETPLACE,West Donnabury,Maine,2.8
SEL01962,Quinn-Webb,MARKETPLACE,New Lisachester,Wyoming,3.39
SEL01963,Bryant-Robbins,DISTRIBUTOR,Andrewbury,Nevada,4.12
SEL01964,Norris and Sons,DISTRIBUTOR,Lake Joseph,Alaska,3.6
SEL01965,"Jackson, Moreno and Hall",MARKETPLACE,North Debrastad,Maryland,3.94
SEL01966,Ball-Lopez,BRAND,South Maryland,Tennessee,3.03
SEL01967,Mitchell-Gentry,DISTRIBUTOR,New Karen,Montana,4.74
SEL01968,Scott-Carrillo,BRAND,Penahaven,Montana,2.94
SEL01969,"Greer, Sullivan and Martinez",BRAND,New Alison,Alabama,2.59
SEL01970,Clark PLC,MARKETPLACE,Johnhaven,Utah,4.64
SEL01971,Gonzalez-Logan,DISTRIBUTOR,Willisburgh,Oklahoma,3.66
SEL01972,Hardin-King,DISTRIBUTOR,Mollyborough,Maryland,4.97
SEL01973,"Curtis, Gonzalez and Evans",BRAND,Johnport,Iowa,3.88
SEL01974,"Thomas, Mitchell and Brennan",DISTRIBUTOR,Port Anneside,Minnesota,2.72
SEL01975,Brooks-Wolf,BRAND,Cooperville,Nebraska,4.01
SEL01976,Lewis Group,MARKETPLACE,New Veronicaside,Washington,2.57
SEL01977,Blackburn-Kennedy,DISTRIBUTOR,Crystalview,Wisconsin,4.3
SEL01978,Nelson PLC,MARKETPLACE,Lake Marcusfurt,North Dakota,2.76
SEL01979,Murphy-Garcia,BRAND,East Dustin,Rhode Island,2.86
SEL01980,"Moreno, King and Cannon",BRAND,East Teresa,Illinois,4.54
SEL01981,"Barnes, Paul and Smith",DISTRIBUTOR,Davidshire,North Dakota,4.05
SEL01982,Green-Miller,MARKETPLACE,Philipbury,Michigan,3.47
SEL01983,Allen-Turner,BRAND,West Mark,Hawaii,3.54
SEL01984,Kennedy LLC,DISTRIBUTOR,Davistown,New Jersey,4.37
SEL01985,Jones PLC,MARKETPLACE,Allenfort,New York,4.29
SEL01986,Williams-Ayala,DISTRIBUTOR,Lake Raymond,Minnesota,4.0
SEL01987,Clark Ltd,DISTRIBUTOR,Brownfurt,Massachusetts,3.04
SEL01988,"Miller, Jones and Wagner",DISTRIBUTOR,South Bonnieview,Massachusetts,3.23
SEL01989,Hardy-Solis,DISTRIBUTOR,Lake Tonyburgh,Ohio,4.01
SEL01990,Howard Ltd,DISTRIBUTOR,Victoriaville,Colorado,4.29
SEL01991,Brown-Schwartz,MARKETPLACE,Port Amanda,Pennsylvania,4.7
SEL01992,"Horton, Clark and Palmer",DISTRIBUTOR,Tammyside,Florida,2.51
SEL01993,Mitchell Ltd,DISTRIBUTOR,Josephside,Colorado,3.92
SEL01994,"Brown, Gonzalez and Williams",MARKETPLACE,New Steven,Delaware,4.12
SEL01995,"Johnson, Hernandez and Andersen",BRAND,West Steventown,Oregon,4.2
SEL01996,Boyd PLC,MARKETPLACE,Khanstad,California,4.56
SEL01997,Perez-Harrison,MARKETPLACE,East Paulstad,Missouri,4.85
SEL01998,Brown-Scott,BRAND,Marcustown,North Carolina,4.25
SEL01999,Suarez-Harrington,BRAND,Port Meganchester,South Carolina,4.74
SEL02000,Reeves LLC,MARKETPLACE,Riverafort,Iowa,3.0
SEL02001,Williams Ltd,DISTRIBUTOR,East Jennifer,Kentucky,3.31
SEL02002,Holland-Frank,DISTRIBUTOR,Lake Brittany,Indiana,4.98
SEL02003,"Phillips, Dunn and Russell",DISTRIBUTOR,Port Daniel,Maine,4.11
SEL02004,"Lucero, Webb and Patrick",MARKETPLACE,Carolineside,North Dakota,3.24
SEL02005,"Sanford, Ramirez and Jacobs",BRAND,Kathleenchester,Tennessee,4.0
SEL02006,Schneider-Johnson,DISTRIBUTOR,Elizabethshire,Vermont,3.49
SEL02007,Hernandez and Sons,MARKETPLACE,New Mollybury,Indiana,4.46
SEL02008,"Johnson, Weber and Barker",MARKETPLACE,Port Sarahside,Rhode Island,3.19
SEL02009,"Smith, Campos and Andrews",BRAND,Mckenziehaven,Nevada,4.94
SEL02010,"Romero, Horne and Anderson",BRAND,Lake Keithton,North Carolina,2.99
SEL02011,"Perkins, Ruiz and Ray",MARKETPLACE,New Jeffrey,North Carolina,3.68
SEL02012,Mueller-Murray,BRAND,Taylormouth,Washington,4.42
SEL02013,"Howell, Pena and Huynh",BRAND,South Shelia,Nevada,4.15
SEL02014,Nelson Group,DISTRIBUTOR,Herrerachester,Maine,4.56
SEL02015,"Stewart, Wright and Hernandez",MARKETPLACE,South Jill,New Jersey,4.36
SEL02016,"Rodriguez, Brennan and Blevins",MARKETPLACE,New Robertland,California,4.0
SEL02017,"Richard, Colon and Reed",BRAND,Gomezport,Nebraska,3.65
SEL02018,Hill Inc,MARKETPLACE,Tiffanychester,Minnesota,4.29
SEL02019,Johnson-Meza,MARKETPLACE,South Jeffreyburgh,Kansas,2.91
SEL02020,"Hernandez, Clarke and Jennings",MARKETPLACE,Christinefurt,Hawaii,4.25
SEL02021,"Oliver, Freeman and Ramos",MARKETPLACE,West Tyler,New Jersey,2.56
SEL02022,"Johnson, Robinson and Russell",MARKETPLACE,Cynthiashire,Rhode Island,3.66
SEL02023,Reid LLC,BRAND,West Michaelfort,Kentucky,3.18
SEL02024,Fischer and Sons,BRAND,Georgemouth,Missouri,4.6
SEL02025,"Howell, Erickson and Martin",DISTRIBUTOR,Ayalaport,Arkansas,2.85
SEL02026,Collins Ltd,BRAND,Port Dawnberg,Florida,3.9
SEL02027,"Butler, Morrow and Anderson",BRAND,Smithstad,Alabama,4.63
SEL02028,"Gray, Owens and Wolf",DISTRIBUTOR,Martinborough,New Mexico,2.87
SEL02029,Odonnell Ltd,BRAND,Brandyview,Washington,3.53
SEL02030,Cunningham LLC,BRAND,Lake Edward,Indiana,2.75
SEL02031,Colon-Nelson,DISTRIBUTOR,Jessicahaven,South Carolina,3.36
SEL02032,Williams Inc,DISTRIBUTOR,Lake Jimmy,West Virginia,4.99
SEL02033,Hill-Parks,BRAND,Stanleyberg,Oklahoma,4.15
SEL02034,Craig-Henderson,MARKETPLACE,Englishbury,New York,4.18
SEL02035,"Scott, Davis and Edwards",MARKETPLACE,Stewartberg,Kentucky,3.13
SEL02036,Thomas PLC,MARKETPLACE,Rojasfort,Louisiana,4.15
SEL02037,Gardner-Patterson,BRAND,Port Michellemouth,California,3.8
SEL02038,Harrison PLC,MARKETPLACE,East Adam,Maine,3.94
SEL02039,"Johnson, Smith and Martinez",BRAND,Port Jamie,Tennessee,3.91
SEL02040,Osborn Inc,DISTRIBUTOR,North Deborahburgh,New York,4.78
SEL02041,Young Inc,MARKETPLACE,Keithborough,Oklahoma,3.98
SEL02042,Young-Sanchez,DISTRIBUTOR,Westland,Ohio,2.6
SEL02043,"Wilson, Nichols and Thomas",MARKETPLACE,North Wendyburgh,Washington,3.78
SEL02044,"Burnett, Patton and Dunn",MARKETPLACE,North Joshua,New Jersey,4.72
SEL02045,Wilson Inc,BRAND,East Jeffreyfort,North Dakota,2.98
SEL02046,Jackson-Douglas,MARKETPLACE,New Brookeburgh,Virginia,3.81
SEL02047,"Dennis, Tran and Roy",BRAND,Lake Katelyn,California,3.73
SEL02048,"Tran, Meza and Thompson",MARKETPLACE,Bushmouth,Oregon,4.49
SEL02049,Gates and Sons,DISTRIBUTOR,Olsontown,Nevada,3.71
SEL02050,"Morris, Lee and Ford",MARKETPLACE,South Dawn,North Dakota,4.13
SEL02051,"Watts, Barron and Gray",BRAND,Phamshire,Massachusetts,3.72
SEL02052,Mora LLC,BRAND,Hamiltonfurt,North Dakota,4.59
SEL02053,Gomez and Sons,MARKETPLACE,North Joseland,Montana,4.51
SEL02054,Brown PLC,DISTRIBUTOR,Anitaland,Oklahoma,3.88
SEL02055,"Lloyd, Henderson and Roman",DISTRIBUTOR,Michaelstad,Nevada,3.49
SEL02056,Smith LLC,MARKETPLACE,Angelamouth,Colorado,3.08
SEL02057,Harris Ltd,MARKETPLACE,North Lisa,Texas,3.06
SEL02058,Conley Inc,MARKETPLACE,Dillonbury,Hawaii,3.3
SEL02059,"Orr, Smith and Ellis",BRAND,Muellerton,Virginia,2.88
SEL02060,Carey LLC,BRAND,New James,Missouri,3.55
SEL02061,"Ross, Martinez and Wilkins",MARKETPLACE,Andrewborough,Nevada,4.88
SEL02062,Palmer-Garcia,MARKETPLACE,North Ann,Wyoming,4.41
SEL02063,Crosby-Martinez,MARKETPLACE,Torrestown,Georgia,3.14
SEL02064,Taylor LLC,DISTRIBUTOR,West Garrettport,Maine,4.54
SEL02065,Peterson-Campbell,DISTRIBUTOR,Port Brendaville,Maine,2.98
SEL02066,Blair-Evans,DISTRIBUTOR,Port Jacquelinemouth,Massachusetts,2.79
SEL02067,Burns LLC,DISTRIBUTOR,Port Nicolefurt,Wyoming,2.99
SEL02068,Patterson-Harris,DISTRIBUTOR,Port Jamesmouth,Texas,4.51
SEL02069,Richards and Sons,BRAND,West Shelly,Utah,3.2
SEL02070,Chapman-Sanders,DISTRIBUTOR,Frankbury,Nebraska,3.25
SEL02071,Warren Ltd,BRAND,East Hannah,Maryland,4.48
SEL02072,Santos-Edwards,BRAND,South Debra,New Hampshire,4.27
SEL02073,"Lozano, Russell and Silva",DISTRIBUTOR,Grossstad,Oregon,3.29
SEL02074,Hansen-Cole,DISTRIBUTOR,Gregoryside,Indiana,3.15
SEL02075,"Walters, Gonzales and Anderson",BRAND,New Jeffrey,Kentucky,3.51
SEL02076,Kane Inc,BRAND,Jenniferchester,Utah,4.32
SEL02077,"Rhodes, Vasquez and Armstrong",DISTRIBUTOR,Millerburgh,North Dakota,3.24
SEL02078,Swanson-Good,MARKETPLACE,West Stephanie,Arizona,2.84
SEL02079,Michael Group,MARKETPLACE,Port Jodi,Nevada,3.46
SEL02080,Smith and Sons,BRAND,Brianhaven,Hawaii,4.95
SEL02081,Scott Group,DISTRIBUTOR,Lake Ashley,Arkansas,4.22
SEL02082,Graham-Trevino,BRAND,Kingborough,Hawaii,4.15
SEL02083,"West, Barker and Mueller",DISTRIBUTOR,Luceroshire,Kansas,4.15
SEL02084,Hoffman-Smith,MARKETPLACE,Michelletown,New York,4.32
SEL02085,Jenkins and Sons,DISTRIBUTOR,Susanland,Pennsylvania,4.39
SEL02086,Summers and Sons,DISTRIBUTOR,Matthewberg,Nebraska,4.78
SEL02087,Carney Group,MARKETPLACE,Faulknerhaven,Rhode Island,3.34
SEL02088,"Martin, Kramer and Bush",BRAND,New Adrianmouth,Georgia,3.47
SEL02089,"Hooper, Arias and Freeman",MARKETPLACE,South Josephtown,Arkansas,3.92
SEL02090,"Moore, Jones and Lloyd",DISTRIBUTOR,North Kristi,Montana,3.91
SEL02091,"Hicks, Flores and Lewis",MARKETPLACE,Nguyenton,Montana,3.3
SEL02092,Todd PLC,MARKETPLACE,South Mariah,New York,4.35
SEL02093,Cooper-Christensen,MARKETPLACE,West Maria,Wyoming,2.8
SEL02094,Bradley-Hill,DISTRIBUTOR,West Connie,North Dakota,3.54
SEL02095,Montgomery-Pruitt,BRAND,Jenniferbury,Arkansas,4.22
SEL02096,"Nguyen, Duarte and Robinson",MARKETPLACE,Allenbury,Massachusetts,4.87
SEL02097,Martinez-Hamilton,DISTRIBUTOR,New Stacymouth,Louisiana,2.94
SEL02098,Leon-Stokes,MARKETPLACE,Bonillaport,Louisiana,4.81
SEL02099,Morris-Santos,BRAND,West Stephanie,Alaska,3.07
SEL02100,"Washington, Short and Garcia",DISTRIBUTOR,Port Derekfort,Georgia,4.51
SEL02101,Moore and Sons,DISTRIBUTOR,Brownbury,Maryland,4.54
SEL02102,Cunningham-Gutierrez,MARKETPLACE,Sarafort,North Dakota,4.94
SEL02103,Hawkins and Sons,MARKETPLACE,Gardnerborough,Idaho,4.23
SEL02104,Johnson-Rodriguez,BRAND,Wanghaven,Nebraska,2.68
SEL02105,"Foster, Vang and Cooper",MARKETPLACE,Scottton,Tennessee,4.36
SEL02106,Bautista Inc,BRAND,West Markmouth,Maine,3.33
SEL02107,Vazquez LLC,BRAND,South William,Louisiana,2.88
SEL02108,Maxwell-Smith,BRAND,Christinehaven,Michigan,3.71
SEL02109,Boyer and Sons,MARKETPLACE,Randallburgh,Tennessee,2.65
SEL02110,"Walker, Carter and Schwartz",MARKETPLACE,Moralesshire,West Virginia,3.06
SEL02111,Atkins-Graham,MARKETPLACE,Watsonburgh,Delaware,4.64
SEL02112,"Wilson, Morris and Arnold",DISTRIBUTOR,New Mitchell,North Dakota,3.48
SEL02113,"Farmer, Guerra and Frost",BRAND,Ravenhaven,Virginia,2.61
SEL02114,"Garrett, Norman and Barajas",DISTRIBUTOR,Kingtown,Texas,4.28
SEL02115,"Lee, Morris and Wheeler",MARKETPLACE,South Anthonyfurt,Tennessee,4.5
SEL02116,"Chang, Williams and Cortez",BRAND,New Thomas,Rhode Island,3.99
SEL02117,Hernandez Ltd,DISTRIBUTOR,Wardburgh,Oklahoma,2.85
SEL02118,Hill-Dunn,DISTRIBUTOR,South Austin,Rhode Island,3.4
SEL02119,Jones-Dominguez,BRAND,East Beth,New York,4.27
SEL02120,Davis Ltd,DISTRIBUTOR,Mossfort,Rhode Island,2.64
SEL02121,Miller-Davies,MARKETPLACE,Port Wendystad,Virginia,3.06
SEL02122,Gordon-Charles,DISTRIBUTOR,Williamsland,Kansas,4.4
SEL02123,"Hernandez, Mitchell and Winters",BRAND,Atkinsland,Kansas,3.4
SEL02124,"Yoder, Williams and Taylor",BRAND,Jamesland,Idaho,3.2
SEL02125,White Ltd,MARKETPLACE,Georgemouth,Oregon,4.55
SEL02126,Frank-Fitzgerald,MARKETPLACE,Angelashire,Missouri,3.04
SEL02127,Adams-Peters,BRAND,South Marvinborough,Mississippi,3.04
SEL02128,"Nguyen, Thomas and Ortiz",BRAND,North Kimside,South Dakota,3.88
SEL02129,Travis-Yang,BRAND,Gibsonville,Alabama,2.81
SEL02130,"Robinson, Nelson and Smith",BRAND,East William,New Mexico,4.2
SEL02131,Ferrell-Patton,DISTRIBUTOR,Port Charles,North Carolina,3.3
SEL02132,"Riley, Harrell and Lynch",DISTRIBUTOR,East John,Rhode Island,3.08
SEL02133,Robinson-Cantu,MARKETPLACE,North Jesse,Illinois,2.72
SEL02134,Bell-Scott,DISTRIBUTOR,Port Joshua,North Dakota,4.74
SEL02135,"Fox, Hays and Woodard",BRAND,Sandraton,Alaska,3.12
SEL02136,Murray PLC,MARKETPLACE,East Brent,California,3.67
SEL02137,Chen-Cohen,MARKETPLACE,Elizabethborough,South Dakota,2.82
SEL02138,Brown-Petersen,MARKETPLACE,New Miranda,Texas,3.85
SEL02139,Humphrey Ltd,DISTRIBUTOR,East Christopher,Kansas,4.85
SEL02140,Jones-White,MARKETPLACE,Port Robertton,Texas,4.21
SEL02141,White Ltd,BRAND,Lake Eric,Nevada,4.99
SEL02142,"Mcpherson, Joyce and Harris",DISTRIBUTOR,Jacksonmouth,Oklahoma,2.88
SEL02143,"Johnston, Johnson and Clark",MARKETPLACE,Carolyntown,New York,3.65
SEL02144,"Erickson, Bush and Wright",MARKETPLACE,Callahanfurt,Wisconsin,3.85
SEL02145,Burnett-Thompson,MARKETPLACE,Lake Michael,South Carolina,4.0
SEL02146,Jimenez LLC,DISTRIBUTOR,New Michelle,Montana,3.64
SEL02147,Allen Inc,DISTRIBUTOR,Stevenberg,Oklahoma,4.46
SEL02148,Vaughn Inc,DISTRIBUTOR,Elizabethside,Florida,4.57
SEL02149,"Tate, Vincent and Bell",DISTRIBUTOR,Port Maria,Maine,3.52
SEL02150,Greer PLC,MARKETPLACE,Tinafurt,Nevada,4.85
SEL02151,Cox-Brown,BRAND,Christensenstad,New Hampshire,4.66
SEL02152,Garza Ltd,BRAND,New Holly,North Carolina,2.6
SEL02153,"White, Preston and Sanchez",BRAND,Stephanieton,California,3.91
SEL02154,"Johnson, Lara and Medina",BRAND,West David,Georgia,3.14
SEL02155,Pacheco-Jensen,BRAND,Richardchester,Wyoming,3.38
SEL02156,"Nichols, Lopez and Coleman",BRAND,East Bradleyshire,Georgia,4.75
SEL02157,Roberts LLC,DISTRIBUTOR,Flowerstown,South Dakota,4.98
SEL02158,Boyd Inc,BRAND,West Cody,Illinois,3.06
SEL02159,Wells-Adams,BRAND,Patelside,Kansas,2.87
SEL02160,"Weeks, Mercado and Saunders",MARKETPLACE,East Sharon,West Virginia,3.21
SEL02161,"Martinez, Martin and Houston",MARKETPLACE,Petersfurt,Illinois,3.77
SEL02162,Washington Inc,BRAND,Gutierrezburgh,Massachusetts,4.37
SEL02163,Johnston-Pearson,MARKETPLACE,Port Samantha,Maryland,4.11
SEL02164,Mccoy-Lopez,DISTRIBUTOR,South Patriciahaven,Wisconsin,3.97
SEL02165,Fry-Stewart,DISTRIBUTOR,South Kathryn,Minnesota,4.2
SEL02166,"Dominguez, Johnston and Blair",DISTRIBUTOR,New Kelly,Kansas,4.73
SEL02167,"Roberts, Ortega and Shepherd",MARKETPLACE,East Emily,New Jersey,3.94
SEL02168,"Miller, Welch and Richardson",MARKETPLACE,Estradaborough,New Hampshire,4.89
SEL02169,"Pugh, Wiley and Nash",MARKETPLACE,West Scottborough,Vermont,3.9
SEL02170,Snyder-Scott,MARKETPLACE,Carrburgh,New Hampshire,5.0
SEL02171,Klein Group,BRAND,New Michaelfort,Nebraska,4.27
SEL02172,Banks PLC,BRAND,Port Amandabury,Alabama,2.67
SEL02173,Gonzalez-Dennis,BRAND,Maryland,Alabama,3.48
SEL02174,Savage-Castillo,MARKETPLACE,Landryside,North Carolina,4.03
SEL02175,"Obrien, Stevens and Miller",MARKETPLACE,Andersenshire,New York,2.94
SEL02176,"Liu, Ford and Williams",MARKETPLACE,West Toddbury,Tennessee,3.57
SEL02177,"Lucas, Whitney and Melton",MARKETPLACE,Tammystad,Montana,4.06
SEL02178,"Kennedy, Perkins and Nguyen",BRAND,North Riley,Iowa,4.84
SEL02179,Martin-Young,BRAND,Port Ronnie,Alabama,3.31
SEL02180,"King, Harris and Wheeler",MARKETPLACE,East Katie,Colorado,3.55
SEL02181,"Reese, Wilson and Owen",MARKETPLACE,Barbaraborough,North Carolina,2.97
SEL02182,Bates-Davis,BRAND,Jonathanmouth,New York,3.9
SEL02183,"Hatfield, Frost and Palmer",MARKETPLACE,Lake Charles,Iowa,4.62
SEL02184,"Ramirez, Miller and Alexander",DISTRIBUTOR,Shepherdmouth,Colorado,4.94
SEL02185,Luna and Sons,BRAND,Ashleymouth,Oklahoma,4.09
SEL02186,Jones-Thompson,BRAND,New Judith,North Dakota,3.43
SEL02187,"Garcia, Bradley and Waters",MARKETPLACE,Anthonyshire,South Dakota,3.1
SEL02188,Rubio-Kim,DISTRIBUTOR,Liberg,Indiana,4.1
SEL02189,"Brown, Perez and Mcdonald",BRAND,North Michael,Florida,2.97
SEL02190,Martin Group,BRAND,South Christinaville,Rhode Island,3.16
SEL02191,"Morris, Harrison and Garrison",BRAND,Shellyburgh,Rhode Island,2.57
SEL02192,"Rice, Ward and Carpenter",MARKETPLACE,Jasminport,Arkansas,3.45
SEL02193,Davis-Perry,DISTRIBUTOR,Brownville,Washington,4.02
SEL02194,Walker-Byrd,MARKETPLACE,Orozcoland,Ohio,4.84
SEL02195,Brown PLC,DISTRIBUTOR,North Dillonton,Oklahoma,3.29
SEL02196,Johnson and Sons,BRAND,New Angelshire,Kansas,4.78
SEL02197,"Monroe, Kelly and Casey",DISTRIBUTOR,Lawrenceville,Virginia,2.88
SEL02198,Smith-Nelson,DISTRIBUTOR,North Abigail,New Mexico,3.67
SEL02199,Greer-Davis,MARKETPLACE,Tylerton,New Mexico,3.16
SEL02200,"Scott, Rubio and Warner",MARKETPLACE,North Alextown,Mississippi,3.77
SEL02201,"Russo, Rocha and Gaines",DISTRIBUTOR,New Marymouth,New York,3.38
SEL02202,Olson-Wood,MARKETPLACE,Elizabethbury,Mississippi,3.98
SEL02203,"Strickland, Hines and Mullins",DISTRIBUTOR,East Robert,North Dakota,3.02
SEL02204,Santos Group,DISTRIBUTOR,West William,Iowa,3.57
SEL02205,"Thompson, Riley and May",BRAND,Millerfort,Maine,4.04
SEL02206,"Carter, Pratt and Green",BRAND,East Faithview,Massachusetts,4.43
SEL02207,Allen-Cole,MARKETPLACE,Pamelaberg,West Virginia,2.6
SEL02208,Fitzgerald-Rice,DISTRIBUTOR,Everettfurt,New Hampshire,3.76
SEL02209,Turner LLC,BRAND,Katherinemouth,Iowa,2.67
SEL02210,"Buck, Cortez and Morris",BRAND,Davisfurt,Arkansas,2.98
SEL02211,Barnett Group,BRAND,Maryview,Florida,4.32
SEL02212,"Serrano, Price and Ford",DISTRIBUTOR,Jeffreyland,Nebraska,4.55
SEL02213,Anderson-Kelly,MARKETPLACE,Villafort,Wyoming,3.15
SEL02214,Singh-Russell,DISTRIBUTOR,North Jeffrey,New Mexico,4.52
SEL02215,"Davis, Lamb and Elliott",DISTRIBUTOR,East Chad,Iowa,4.95
SEL02216,"David, Norris and Johnson",DISTRIBUTOR,East Johnstad,Maine,4.47
SEL02217,"Jones, Perez and Manning",MARKETPLACE,New Claire,Indiana,2.84
SEL02218,"Brown, Norton and Strickland",MARKETPLACE,Port Whitneyland,Louisiana,3.99
SEL02219,"Warren, Banks and Knox",DISTRIBUTOR,Emilybury,Utah,3.01
SEL02220,Fernandez-Smith,MARKETPLACE,North Samuelburgh,New York,3.56
SEL02221,King-Powers,DISTRIBUTOR,East Jennifer,Kentucky,4.81
SEL02222,Williams-Butler,MARKETPLACE,Leeburgh,North Carolina,3.32
SEL02223,"Jones, Morton and Martin",DISTRIBUTOR,East Danielport,Tennessee,3.8
SEL02224,Delacruz-Webb,MARKETPLACE,South Jeffreyborough,Virginia,3.75
SEL02225,Fernandez-Perez,MARKETPLACE,Port Jesus,South Carolina,4.26
SEL02226,"Webb, Adams and Guzman",MARKETPLACE,Brianland,Oregon,2.52
SEL02227,Rangel Inc,MARKETPLACE,West Brian,Indiana,3.24
SEL02228,Hunt and Sons,BRAND,East Jennifer,New Hampshire,4.36
SEL02229,"Carroll, Jones and Anderson",DISTRIBUTOR,Jeffreychester,New Mexico,4.69
SEL02230,Lopez Group,BRAND,Port Tonyamouth,Oklahoma,4.72
SEL02231,Garcia-Bowman,BRAND,South Brittany,Montana,2.53
SEL02232,Hartman-Jackson,BRAND,Austinburgh,Vermont,4.76
SEL02233,Robinson-Yang,MARKETPLACE,West Jenniferview,Maine,2.63
SEL02234,Tanner-Buck,MARKETPLACE,Greenton,Colorado,4.61
SEL02235,Figueroa Inc,DISTRIBUTOR,Danielfurt,South Dakota,4.0
SEL02236,"Lee, Woods and Tucker",DISTRIBUTOR,West Shannon,New York,3.82
SEL02237,"Sims, Ramirez and Fritz",DISTRIBUTOR,South Matthew,Kentucky,4.36
SEL02238,Jacobs-Adams,DISTRIBUTOR,Robertport,Iowa,3.76
SEL02239,Copeland and Sons,DISTRIBUTOR,Howardberg,Virginia,3.77
SEL02240,Moore PLC,MARKETPLACE,Lindaton,Indiana,3.67
SEL02241,"Norman, Jones and Thomas",DISTRIBUTOR,Lake Ariel,Kentucky,4.62
SEL02242,Nelson-Patterson,BRAND,North Coleport,Alabama,3.44
SEL02243,Huber-Nicholson,BRAND,New Amyfort,Oregon,2.8
SEL02244,Anderson Ltd,MARKETPLACE,New Christopherland,Rhode Island,3.68
SEL02245,Merritt Ltd,BRAND,West Victoriaville,New York,3.48
SEL02246,"Sanchez, Boyd and Fernandez",BRAND,West Dorothy,Texas,3.12
SEL02247,Stewart-Gallagher,MARKETPLACE,New Gregory,Kentucky,4.61
SEL02248,Baker Inc,MARKETPLACE,New Pamela,Kansas,2.71
SEL02249,Myers PLC,MARKETPLACE,Barronmouth,North Carolina,4.94
SEL02250,"Daugherty, Smith and Hale",MARKETPLACE,Guzmantown,Kentucky,4.38
SEL02251,"Green, Green and Parker",MARKETPLACE,Austinberg,Kentucky,3.9
SEL02252,"Smith, Raymond and Larson",BRAND,Hudsonborough,Maryland,4.94
SEL02253,"Howell, Clark and Little",BRAND,Charlesport,Nebraska,4.43
SEL02254,"Matthews, Walters and Sanchez",BRAND,Port Dawnchester,West Virginia,3.21
SEL02255,Flores Group,MARKETPLACE,North Christopher,Indiana,3.79
SEL02256,"Ferguson, Warner and Hart",BRAND,Youngfurt,Virginia,4.27
SEL02257,Stevens-Haynes,BRAND,North Allenshire,North Carolina,4.92
SEL02258,Robles Group,MARKETPLACE,Bradleystad,Delaware,4.65
SEL02259,Kerr-Benitez,BRAND,Crawfordtown,Montana,3.38
SEL02260,Howard-Booth,DISTRIBUTOR,East Franciscoport,Missouri,3.51
SEL02261,Johnson-Ho,BRAND,East Joseburgh,Washington,2.65
SEL02262,Sexton-Carr,BRAND,West Deborahtown,California,4.14
SEL02263,Collins-Garcia,BRAND,Thompsonfurt,Montana,2.73
SEL02264,Wright-Stark,BRAND,Riverachester,Kentucky,2.61
SEL02265,Edwards and Sons,BRAND,Millsmouth,Michigan,4.09
SEL02266,"Chapman, Russell and Lopez",DISTRIBUTOR,Jacobberg,Nevada,3.22
SEL02267,Carter-Scott,DISTRIBUTOR,Lindaberg,Massachusetts,4.76
SEL02268,Crawford PLC,DISTRIBUTOR,Jenniferside,Minnesota,3.03
SEL02269,Coleman Group,MARKETPLACE,Shortbury,Rhode Island,2.69
SEL02270,Valenzuela Ltd,MARKETPLACE,Port Meghanborough,Alaska,3.66
SEL02271,"Ortega, Murphy and Turner",DISTRIBUTOR,Cynthiachester,North Dakota,2.73
SEL02272,"Gonzalez, Ho and Chase",DISTRIBUTOR,Tamaraton,Louisiana,4.03
SEL02273,Thornton-Harrison,MARKETPLACE,Davidborough,Iowa,4.77
SEL02274,"Hogan, Holden and Robbins",DISTRIBUTOR,West Melissaland,Louisiana,4.9
SEL02275,Murphy Group,DISTRIBUTOR,South Alyssa,Oklahoma,4.46
SEL02276,Jones-Curtis,BRAND,Nathanburgh,Montana,3.57
SEL02277,"Russell, Collins and Young",DISTRIBUTOR,Avilaport,Idaho,4.25
SEL02278,Flores-Weaver,DISTRIBUTOR,West Jonathan,Colorado,2.6
SEL02279,York-Garcia,DISTRIBUTOR,New Jennifer,West Virginia,2.98
SEL02280,Fletcher-Rasmussen,BRAND,North Thomas,Georgia,4.15
SEL02281,Kaufman-Ponce,DISTRIBUTOR,Karinaton,Oklahoma,3.57
SEL02282,Steele LLC,DISTRIBUTOR,Lake James,Louisiana,3.43
SEL02283,Hernandez Inc,BRAND,North Jenniferbury,North Carolina,4.06
SEL02284,"Johnson, King and Hernandez",MARKETPLACE,Sweeneyton,Arkansas,4.04
SEL02285,Webb Inc,DISTRIBUTOR,Reginachester,Massachusetts,4.87
SEL02286,"Jones, Mcconnell and Davis",DISTRIBUTOR,West Kyleburgh,Maine,4.02
SEL02287,Humphrey Ltd,DISTRIBUTOR,Beverlyhaven,Tennessee,3.45
SEL02288,"Moran, Lowery and Burton",MARKETPLACE,Edwardburgh,Colorado,3.79
SEL02289,Moran PLC,MARKETPLACE,West Tinaburgh,Colorado,4.17
SEL02290,Curtis Ltd,DISTRIBUTOR,Port Ashleyborough,California,2.54
SEL02291,Kramer-Collins,MARKETPLACE,Perezburgh,Maine,4.57
SEL02292,Rodriguez Group,MARKETPLACE,East Kenneth,Wyoming,2.73
SEL02293,Nguyen-Price,MARKETPLACE,Port Tamarahaven,Montana,3.04
SEL02294,Rios-Jones,BRAND,Erinhaven,Colorado,2.71
SEL02295,Fisher-Butler,DISTRIBUTOR,Craigville,Texas,4.04
SEL02296,Howell-Johnston,DISTRIBUTOR,East Kevin,Tennessee,2.83
SEL02297,Lee-Welch,MARKETPLACE,Vanessabury,Arkansas,4.4
SEL02298,"Thomas, Ford and Watts",DISTRIBUTOR,Markchester,Louisiana,3.78
SEL02299,"Ferguson, Becker and Ramirez",BRAND,Carlsonberg,Washington,3.68
SEL02300,Williams and Sons,BRAND,Aaronland,Florida,3.54
SEL02301,Jackson-Sims,BRAND,West Garyfurt,Kentucky,4.94
SEL02302,"Miller, Anderson and Williams",DISTRIBUTOR,Susanstad,Georgia,3.47
SEL02303,"Braun, Baldwin and Mathis",MARKETPLACE,New Mirandaview,Hawaii,3.5
SEL02304,Waller Group,MARKETPLACE,Lindseyborough,Wyoming,3.17
SEL02305,Carr-Hernandez,DISTRIBUTOR,Angelachester,West Virginia,3.81
SEL02306,Manning-Miller,MARKETPLACE,Holtborough,Virginia,3.76
SEL02307,Goodman Ltd,DISTRIBUTOR,Oliverport,Ohio,3.34
SEL02308,Garcia PLC,BRAND,East Eric,Kansas,3.17
SEL02309,Ward LLC,MARKETPLACE,South Johnside,Pennsylvania,2.95
SEL02310,"Watkins, Gutierrez and Anderson",BRAND,Bauerchester,Oklahoma,2.56
SEL02311,Snyder Group,MARKETPLACE,West Amberfurt,North Dakota,2.85
SEL02312,"Glass, Robinson and Franco",DISTRIBUTOR,Larsenmouth,South Carolina,4.71
SEL02313,Salinas-Wilson,DISTRIBUTOR,East Renee,Utah,4.24
SEL02314,Allen-Townsend,DISTRIBUTOR,Rodriguezland,Iowa,3.97
SEL02315,"Lyons, Rogers and Gordon",MARKETPLACE,Tammyton,Virginia,2.59
SEL02316,Peters PLC,BRAND,South Kaylee,Ohio,3.22
SEL02317,Wells-Hill,BRAND,Erikbury,Rhode Island,3.28
SEL02318,Mercer Group,MARKETPLACE,Karenfort,South Carolina,4.55
SEL02319,"Coffey, Mccann and Schneider",BRAND,New David,Idaho,3.04
SEL02320,Neal-Nolan,BRAND,West Adam,Missouri,3.17
SEL02321,Melendez-Stanley,BRAND,Simpsonview,Michigan,4.34
SEL02322,"Williams, Jimenez and Rose",DISTRIBUTOR,Lake Tiffany,Virginia,3.84
SEL02323,Brown PLC,DISTRIBUTOR,Kirbyfurt,Wyoming,3.88
SEL02324,"Campos, Brown and Strong",BRAND,Jameston,Idaho,3.6
SEL02325,Briggs-Smith,BRAND,Roseside,Maryland,3.22
SEL02326,Hale Inc,MARKETPLACE,Sullivantown,South Carolina,2.51
SEL02327,"Gomez, Rhodes and Lee",MARKETPLACE,Christinemouth,Maine,3.01
SEL02328,Green Inc,BRAND,North Kristiborough,North Dakota,4.37
SEL02329,"Robinson, Hughes and Brown",MARKETPLACE,New Timothyhaven,Rhode Island,4.27
SEL02330,Osborne-Holt,MARKETPLACE,Erikberg,Texas,3.87
SEL02331,Willis-Miranda,MARKETPLACE,Timothyberg,New York,2.79
SEL02332,Carter PLC,MARKETPLACE,Allenton,Arizona,2.78
SEL02333,Kelley-Ayers,MARKETPLACE,Port Michaelborough,Arizona,4.61
SEL02334,Barker-Santos,BRAND,Jamesmouth,South Dakota,3.82
SEL02335,Wallace and Sons,MARKETPLACE,Bradyton,Maine,4.59
SEL02336,Mcclain LLC,MARKETPLACE,Robertfurt,Michigan,2.95
SEL02337,Lambert Inc,BRAND,Schultzport,Arkansas,3.56
SEL02338,Bush-Sims,BRAND,Lake Greg,Mississippi,4.44
SEL02339,Duffy Inc,DISTRIBUTOR,Petersenville,Wisconsin,4.49
SEL02340,Mendez-Madden,MARKETPLACE,Lake Alexander,Arkansas,4.68
SEL02341,Allen PLC,DISTRIBUTOR,Lake Miranda,South Dakota,4.84
SEL02342,Wilkins-Wilson,DISTRIBUTOR,Parkerhaven,New Hampshire,4.76
SEL02343,Johnson Ltd,MARKETPLACE,Josephshire,Illinois,4.3
SEL02344,Blankenship-Zimmerman,MARKETPLACE,Kempville,Utah,3.33
SEL02345,"Rose, Shaffer and Wright",DISTRIBUTOR,Aprilmouth,Kansas,4.14
SEL02346,Mcclain-Howard,MARKETPLACE,Port Jameschester,Alabama,4.25
SEL02347,"Robles, Carroll and Russell",MARKETPLACE,Michaelside,Kansas,3.89
SEL02348,Greer-Middleton,MARKETPLACE,West Debra,Alabama,2.51
SEL02349,"Turner, Johnson and Reed",MARKETPLACE,West Danielland,Rhode Island,4.46
SEL02350,Berry-Sanchez,BRAND,Gutierrezmouth,Massachusetts,3.02
SEL02351,Mitchell-Marks,BRAND,Meganfort,Kentucky,3.2
SEL02352,Jones-Cooper,MARKETPLACE,Rogerview,West Virginia,4.95
SEL02353,Dean-Miller,BRAND,Alexandraland,Delaware,4.05
SEL02354,Mitchell Group,MARKETPLACE,Tanyamouth,Pennsylvania,3.46
SEL02355,Baker-Wells,DISTRIBUTOR,Port Lisamouth,Maine,4.5
SEL02356,Lee-Lyons,BRAND,Port Sarahstad,New Hampshire,3.21
SEL02357,Baker LLC,DISTRIBUTOR,Bowenborough,Michigan,4.44
SEL02358,Wright-Scott,DISTRIBUTOR,Malonebury,Nebraska,3.35
SEL02359,Wells Inc,BRAND,South Hunterstad,Louisiana,4.32
SEL02360,"Blevins, Hahn and Doyle",MARKETPLACE,Michaelmouth,Arizona,3.39
SEL02361,Hansen-Chandler,MARKETPLACE,Garciaton,Alabama,3.91
SEL02362,Colon Inc,DISTRIBUTOR,Kellyfort,Idaho,3.46
SEL02363,Ortega-Miller,DISTRIBUTOR,New Danielhaven,Arizona,2.67
SEL02364,Cooper Group,DISTRIBUTOR,Mccarthyborough,Indiana,3.05
SEL02365,"Ruiz, Contreras and Jordan",BRAND,Lake Angela,Georgia,3.67
SEL02366,Allen-Smith,MARKETPLACE,North Deanna,Rhode Island,4.1
SEL02367,Cannon PLC,MARKETPLACE,Deannaborough,Connecticut,4.12
SEL02368,Edwards and Sons,DISTRIBUTOR,New Melissa,Wyoming,4.55
SEL02369,"Harris, Ibarra and Dunn",DISTRIBUTOR,West Mario,Delaware,4.46
SEL02370,"Stanley, Caldwell and Rodriguez",DISTRIBUTOR,East Karen,South Carolina,4.72
SEL02371,Blake-Gray,MARKETPLACE,Brownfort,Pennsylvania,4.33
SEL02372,Bird PLC,BRAND,Lake Brandonmouth,Alabama,3.92
SEL02373,Hunt and Sons,MARKETPLACE,Kimberlyborough,Kentucky,4.95
SEL02374,"Calhoun, Sanford and Allison",BRAND,New Theresaport,Oklahoma,4.92
SEL02375,"Vargas, Turner and Brown",DISTRIBUTOR,Port Michael,Indiana,4.83
SEL02376,"Harris, Boyer and Love",MARKETPLACE,Juanfurt,Oregon,3.65
SEL02377,"Martinez, Robertson and Williams",BRAND,Daviston,New Mexico,4.46
SEL02378,Anderson-Murphy,BRAND,Lawrenceburgh,Idaho,3.8
SEL02379,Maxwell-Brooks,MARKETPLACE,Port Williamside,Ohio,3.85
SEL02380,Nichols-Moss,MARKETPLACE,North Sarah,Alabama,3.7
SEL02381,"Morales, Wilkinson and Finley",BRAND,Staceyhaven,Iowa,3.08
SEL02382,Bender-Sanders,MARKETPLACE,South Kyle,Iowa,2.83
SEL02383,"Wells, Ramirez and Wood",DISTRIBUTOR,Lake Nicholasborough,California,4.49
SEL02384,"Ramos, Miller and Williams",BRAND,North Robertborough,Missouri,3.55
SEL02385,Arellano-Montoya,MARKETPLACE,Ortegafort,New York,3.2
SEL02386,Underwood-Powell,MARKETPLACE,New Justinmouth,Michigan,4.73
SEL02387,Fernandez-Wilson,MARKETPLACE,West Courtneyshire,New Hampshire,3.44
SEL02388,Thompson-Mclaughlin,BRAND,New Petershire,Wisconsin,4.55
SEL02389,Taylor-Kelly,MARKETPLACE,Gillespieport,Alabama,3.57
SEL02390,Schaefer and Sons,DISTRIBUTOR,East Travis,Hawaii,3.44
SEL02391,"Russell, Martinez and Rowland",BRAND,West Robert,Maryland,4.54
SEL02392,"Sandoval, Shaffer and Christensen",DISTRIBUTOR,Port Luisfurt,Illinois,3.41
SEL02393,"Jones, Coleman and Wilson",BRAND,New Katherine,Maryland,2.87
SEL02394,Price-Lewis,MARKETPLACE,Wrightbury,New Jersey,2.84
SEL02395,Henson-Bennett,DISTRIBUTOR,South Jonathan,Massachusetts,3.21
SEL02396,Taylor LLC,MARKETPLACE,Craigchester,Indiana,3.39
SEL02397,"Cox, Foley and Keller",DISTRIBUTOR,Schwartzbury,Mississippi,3.5
SEL02398,"Woods, Mcconnell and Henson",BRAND,Josephfort,Illinois,4.23
SEL02399,Cummings Ltd,MARKETPLACE,Davidport,Pennsylvania,3.29
SEL02400,Johnson LLC,BRAND,Stewartberg,Montana,2.72
SEL02401,Johnson-Garcia,MARKETPLACE,Parkstown,Oregon,4.91
SEL02402,"Rodriguez, Mcintosh and Newton",BRAND,Lake Allison,Massachusetts,3.79
SEL02403,"Stevens, Johnston and Young",BRAND,Christineburgh,Colorado,4.64
SEL02404,"Moore, Romero and Sanchez",BRAND,Ingramfurt,Michigan,4.88
SEL02405,"Campbell, Perez and Cunningham",DISTRIBUTOR,Dianahaven,Delaware,4.96
SEL02406,Reeves Inc,BRAND,Lake Kristentown,West Virginia,3.61
SEL02407,"Oconnor, Watkins and Winters",BRAND,East Jennachester,Connecticut,4.61
SEL02408,Crawford Group,MARKETPLACE,Beckystad,South Dakota,2.8
SEL02409,Knox-Cruz,BRAND,Stevensbury,Massachusetts,3.52
SEL02410,Moore and Sons,MARKETPLACE,West Jessicahaven,New Mexico,3.99
SEL02411,Gonzales and Sons,DISTRIBUTOR,New Sandra,Minnesota,3.63
SEL02412,Mcintosh and Sons,MARKETPLACE,Port Janicemouth,Montana,2.98
SEL02413,Mcdonald-Hunter,MARKETPLACE,Priceberg,Montana,4.18
SEL02414,Bates Ltd,MARKETPLACE,Taylorstad,California,3.47
SEL02415,"Clay, Hernandez and Johnson",DISTRIBUTOR,Ericaburgh,California,3.17
SEL02416,"Vance, Gentry and Martinez",BRAND,Bennettview,Pennsylvania,2.74
SEL02417,Daniels-Parsons,DISTRIBUTOR,Rachaelburgh,New Mexico,3.21
SEL02418,Lyons-Baldwin,MARKETPLACE,Danielland,Minnesota,3.32
SEL02419,Bartlett Group,MARKETPLACE,North Randy,Idaho,3.19
SEL02420,Boyd-Chandler,MARKETPLACE,Moralesville,Maine,4.06
SEL02421,"Perez, Williams and Gonzalez",BRAND,North Kentstad,Kentucky,3.84
SEL02422,"Rangel, Johnson and Ruiz",DISTRIBUTOR,South Heatherview,Mississippi,4.0
SEL02423,Horne-Jordan,DISTRIBUTOR,Brandonside,New York,3.4
SEL02424,Golden-Odom,BRAND,West Carrie,Utah,4.46
SEL02425,"Graham, Hogan and Long",BRAND,East Sarahview,California,3.67
SEL02426,Perez Inc,BRAND,Pittmanfurt,New Hampshire,2.58
SEL02427,Rogers-Vasquez,DISTRIBUTOR,Lake Tracytown,New Mexico,3.74
SEL02428,"Reese, Massey and Wilson",MARKETPLACE,Cochranhaven,California,2.81
SEL02429,Warren LLC,MARKETPLACE,North Lisa,New Jersey,4.44
SEL02430,Moore PLC,BRAND,North Linda,Indiana,2.57
SEL02431,Brown Inc,MARKETPLACE,Triciabury,Kansas,2.79
SEL02432,"Marshall, Huffman and Montgomery",MARKETPLACE,Christopherland,South Dakota,3.67
SEL02433,"Sandoval, Nash and Cooper",MARKETPLACE,Davidshire,Wyoming,3.01
SEL02434,Torres-Tucker,BRAND,Simpsonhaven,Hawaii,3.51
SEL02435,Greene and Sons,MARKETPLACE,Haroldchester,Tennessee,4.77
SEL02436,"Martinez, Baker and Johnson",BRAND,Jaredport,Pennsylvania,4.44
SEL02437,Parker-Vargas,MARKETPLACE,Blakeview,Mississippi,4.57
SEL02438,"Davis, Padilla and Hunter",BRAND,Granthaven,South Carolina,3.52
SEL02439,Cooper-Carson,DISTRIBUTOR,Adamtown,Vermont,4.24
SEL02440,"Rios, Morris and Owens",MARKETPLACE,Kimberlytown,Wisconsin,4.53
SEL02441,Hamilton and Sons,MARKETPLACE,Ellisonfurt,Texas,2.95
SEL02442,Crawford-Perez,MARKETPLACE,Johnsonchester,South Carolina,4.42
SEL02443,"Gonzales, Bishop and Brown",DISTRIBUTOR,Jamieberg,Montana,3.14
SEL02444,Martinez Group,MARKETPLACE,Jasminburgh,Colorado,4.05
SEL02445,"Martin, Woods and Coleman",BRAND,East Susanfurt,New Jersey,3.2
SEL02446,Lewis Group,DISTRIBUTOR,East Royburgh,New Mexico,2.61
SEL02447,Benitez-Bailey,BRAND,Katherineport,Texas,4.06
SEL02448,"Gill, Lopez and White",DISTRIBUTOR,Jensenland,Washington,3.97
SEL02449,Ibarra-Parker,BRAND,South Kenneth,West Virginia,4.22
SEL02450,"Parker, Contreras and Sullivan",MARKETPLACE,Westton,Hawaii,4.28
SEL02451,Watkins Inc,MARKETPLACE,Lake Luis,Illinois,2.67
SEL02452,"Brown, Ramirez and Trevino",BRAND,East Judithfort,Wisconsin,2.89
SEL02453,Adams-Smith,BRAND,South Kim,Wyoming,4.9
SEL02454,Palmer-Ryan,MARKETPLACE,Serranoborough,Alabama,3.93
SEL02455,"Wallace, Hardy and Gomez",DISTRIBUTOR,North Kimberly,Colorado,3.48
SEL02456,Matthews Ltd,MARKETPLACE,Ashleybury,Nebraska,3.11
SEL02457,Miller PLC,DISTRIBUTOR,Kellymouth,New York,2.57
SEL02458,Gilbert Group,MARKETPLACE,Jerryside,Louisiana,3.72
SEL02459,Casey Group,DISTRIBUTOR,Jamesland,Georgia,2.79
SEL02460,Conrad-Grant,DISTRIBUTOR,East Kenneth,Mississippi,2.88
SEL02461,"Cameron, Robinson and Marshall",MARKETPLACE,Wellsburgh,Hawaii,3.94
SEL02462,Keller Ltd,MARKETPLACE,North Sandramouth,Rhode Island,3.05
SEL02463,Gregory-Williams,DISTRIBUTOR,Everettburgh,South Carolina,3.69
SEL02464,Miller-Martin,DISTRIBUTOR,Webbside,Virginia,2.57
SEL02465,"Fox, Kim and Smith",DISTRIBUTOR,Baileybury,Alaska,4.03
SEL02466,"Lane, Bailey and Rojas",DISTRIBUTOR,Timothystad,North Dakota,4.33
SEL02467,Alexander PLC,MARKETPLACE,Williamtown,South Dakota,4.12
SEL02468,Smith Group,DISTRIBUTOR,Lake Manuel,Indiana,2.87
SEL02469,Anderson-Sharp,DISTRIBUTOR,Grahamland,Indiana,4.53
SEL02470,Gordon Group,BRAND,North Brianna,Virginia,4.63
SEL02471,"Holt, Holder and Brock",MARKETPLACE,Port Aaron,Ohio,3.37
SEL02472,Ortiz-Lopez,BRAND,North Andreaside,Massachusetts,4.45
SEL02473,Moore-Murphy,BRAND,Lucasberg,Kentucky,3.23
SEL02474,Green-Mejia,DISTRIBUTOR,South Albertton,Illinois,3.74
SEL02475,Tucker-Pope,DISTRIBUTOR,South Nicolechester,Hawaii,3.41
SEL02476,Guerrero-Clark,BRAND,Hartport,Wisconsin,4.19
SEL02477,Schwartz and Sons,BRAND,Taylorshire,Alabama,2.95
SEL02478,"Smith, Carson and Harris",DISTRIBUTOR,Port Jacob,New Hampshire,4.34
SEL02479,Graham Inc,BRAND,New Keith,Nevada,2.5
SEL02480,Sexton Inc,DISTRIBUTOR,South Danielle,Missouri,4.38
SEL02481,"Guzman, Wright and Cervantes",DISTRIBUTOR,Williamston,Nevada,4.06
SEL02482,Ortega PLC,DISTRIBUTOR,Connorstad,Vermont,3.28
SEL02483,Hunter LLC,MARKETPLACE,Port Michael,Connecticut,3.4
SEL02484,Jordan Group,MARKETPLACE,Kristinastad,South Dakota,4.14
SEL02485,Nichols-Sparks,DISTRIBUTOR,South Lynnbury,Oklahoma,2.76
SEL02486,Hess PLC,BRAND,Millerchester,Tennessee,2.57
SEL02487,Chandler Group,DISTRIBUTOR,Lake Brianfurt,Massachusetts,4.69
SEL02488,Smith Ltd,BRAND,Brownberg,Louisiana,3.36
SEL02489,Watkins Group,DISTRIBUTOR,East Brettshire,New York,3.11
SEL02490,"Bishop, Smith and Stein",BRAND,Cunninghammouth,Wyoming,3.39
SEL02491,"Lang, Hughes and Edwards",DISTRIBUTOR,Jenkinston,North Carolina,3.16
SEL02492,Stark-Young,BRAND,North Dustin,West Virginia,4.53
SEL02493,"Clark, Sutton and Armstrong",BRAND,New Paul,Idaho,2.82
SEL02494,Donovan-Gardner,BRAND,Michaelbury,Hawaii,4.64
SEL02495,Love PLC,MARKETPLACE,Jessicamouth,Delaware,4.69
SEL02496,Hendrix-Wood,BRAND,Tonyhaven,Maine,2.74
SEL02497,Burns-Grant,BRAND,South Charlene,Utah,2.94
SEL02498,Jackson Ltd,DISTRIBUTOR,Hartberg,Colorado,4.9
SEL02499,Martin-Olsen,DISTRIBUTOR,New Karen,Texas,4.1
SEL02500,Hunt-Owens,BRAND,Autumnville,South Carolina,3.22
SEL02501,Mitchell PLC,DISTRIBUTOR,Rachaelview,South Dakota,4.04
SEL02502,Phillips-Lambert,BRAND,Port Kennethview,Kentucky,3.67
SEL02503,Hughes Inc,BRAND,East Edward,Florida,2.88
SEL02504,Tran Group,MARKETPLACE,New Jameshaven,California,4.32
SEL02505,Rosario LLC,BRAND,Petersenborough,Connecticut,4.1
SEL02506,Curry Ltd,MARKETPLACE,Allisonborough,Florida,3.09
SEL02507,Petersen LLC,BRAND,Mcdonaldfurt,Utah,3.84
SEL02508,Dennis-Clark,MARKETPLACE,Port Christineburgh,West Virginia,2.7
SEL02509,"Lee, Parrish and Johnson",BRAND,Cynthiamouth,Iowa,3.16
SEL02510,Beasley Inc,DISTRIBUTOR,Loweshire,Indiana,4.91
SEL02511,Acevedo-Mccann,DISTRIBUTOR,Rebeccaport,Alabama,3.78
SEL02512,"Roman, Harrison and Cox",BRAND,Angelaberg,Rhode Island,4.17
SEL02513,Mckinney-Ramirez,BRAND,East Heidi,Alaska,2.54
SEL02514,"Buckley, Vincent and Harris",BRAND,Curryshire,Hawaii,4.0
SEL02515,"Keller, Perez and Estrada",DISTRIBUTOR,Lake Ryanbury,Pennsylvania,4.41
SEL02516,Mcintyre-Brown,BRAND,Aprilside,Connecticut,3.66
SEL02517,Taylor and Sons,MARKETPLACE,Mariaton,Vermont,4.21
SEL02518,"Tucker, Pittman and Crawford",DISTRIBUTOR,Goldentown,North Dakota,3.61
SEL02519,Brock-Smith,DISTRIBUTOR,Robinsonmouth,New Jersey,2.68
SEL02520,Powell and Sons,BRAND,Reyesport,West Virginia,3.58
SEL02521,Bennett-Bradshaw,DISTRIBUTOR,West Tiffany,Iowa,3.74
SEL02522,Elliott and Sons,MARKETPLACE,Port Pamelamouth,Illinois,3.11
SEL02523,Harmon and Sons,BRAND,South Reneeburgh,Indiana,2.97
SEL02524,Love-Page,BRAND,New Heidi,Oklahoma,4.16
SEL02525,"Gonzalez, Morse and Nguyen",DISTRIBUTOR,Lake Wanda,Massachusetts,4.09
SEL02526,"Garcia, Steele and Monroe",BRAND,Johnfurt,Rhode Island,3.76
SEL02527,Brewer-Mendoza,MARKETPLACE,Waltermouth,Arizona,4.78
SEL02528,"Cook, Baldwin and Hunter",DISTRIBUTOR,North Davestad,Minnesota,4.46
SEL02529,"Juarez, Hunter and Holland",MARKETPLACE,Deanchester,South Dakota,3.47
SEL02530,"Brooks, Brown and Larson",MARKETPLACE,Hatfieldbury,North Carolina,2.54
SEL02531,Walker and Sons,BRAND,Lisaside,Ohio,4.7
SEL02532,Mitchell Group,DISTRIBUTOR,North Timothy,Alabama,2.75
SEL02533,"Harris, Johnson and Roberts",MARKETPLACE,New Cynthia,Tennessee,3.07
SEL02534,Oliver PLC,DISTRIBUTOR,West Robert,Alabama,4.4
SEL02535,Gonzalez-Richard,BRAND,Bethmouth,West Virginia,3.57
SEL02536,Rodriguez and Sons,BRAND,South Brendabury,South Dakota,4.6
SEL02537,Newton Inc,DISTRIBUTOR,Brittanystad,Hawaii,3.32
SEL02538,"Ashley, George and Wilson",BRAND,Port Rebeccahaven,Georgia,4.55
SEL02539,Gonzalez PLC,MARKETPLACE,Lake Michelle,Virginia,3.67
SEL02540,Gibson Inc,DISTRIBUTOR,Lake Jamesberg,Iowa,3.81
SEL02541,Cobb LLC,DISTRIBUTOR,Rogershaven,Massachusetts,3.75
SEL02542,Rice Inc,MARKETPLACE,New Allison,Hawaii,4.01
SEL02543,Lawson and Sons,BRAND,East Shannonport,Tennessee,4.32
SEL02544,May-Kane,BRAND,South Nicole,Minnesota,4.62
SEL02545,Roach Ltd,DISTRIBUTOR,Barbaraview,Connecticut,5.0
SEL02546,"Barnes, Valdez and Finley",BRAND,South Michaelberg,Nebraska,4.03
SEL02547,Jones-Johnson,DISTRIBUTOR,Port Jessica,Colorado,2.55
SEL02548,Roman-Osborne,MARKETPLACE,North Sandrashire,Missouri,3.33
SEL02549,"Collins, Garcia and Hensley",DISTRIBUTOR,New Loriborough,Mississippi,3.63
SEL02550,Wilson and Sons,BRAND,Martinezbury,Wyoming,4.46
SEL02551,"Cannon, Murray and Marshall",DISTRIBUTOR,Monteshaven,Minnesota,4.46
SEL02552,Baldwin-Johnson,DISTRIBUTOR,Tammyport,Rhode Island,4.56
SEL02553,"Johnson, Hooper and Martinez",BRAND,Blanchardbury,Louisiana,4.15
SEL02554,Adams-Bowen,DISTRIBUTOR,Caseyland,Oklahoma,4.1
SEL02555,Williams-Sanchez,MARKETPLACE,Port Laura,North Dakota,2.62
SEL02556,"Pitts, Shepard and Bennett",MARKETPLACE,Lake Michelle,Idaho,4.12
SEL02557,Mcbride-Sullivan,MARKETPLACE,New Kellyborough,Idaho,2.91
SEL02558,"Ford, Price and Fuentes",BRAND,Lake Leonardfurt,New Hampshire,3.61
SEL02559,Caldwell-Tran,BRAND,East Jefferyfurt,Vermont,4.93
SEL02560,Wallace-Abbott,DISTRIBUTOR,Alexisview,Massachusetts,4.22
SEL02561,Lopez-Roberts,BRAND,Port Luis,Virginia,4.89
SEL02562,Bean-Day,DISTRIBUTOR,Spencerville,Rhode Island,2.84
SEL02563,Moon-Lester,BRAND,Davidfurt,Nebraska,2.83
SEL02564,Stevens-Gonzalez,MARKETPLACE,Richardsfurt,Alaska,2.7
SEL02565,Cantrell-Fisher,DISTRIBUTOR,North Joseph,Connecticut,4.86
SEL02566,Vasquez-Smith,DISTRIBUTOR,South Lawrencebury,Hawaii,4.0
SEL02567,"Warren, Roy and Nelson",DISTRIBUTOR,Ashleybury,Hawaii,3.72
SEL02568,Bradley-Carroll,DISTRIBUTOR,North Shannontown,North Carolina,4.59
SEL02569,Burton-Barber,MARKETPLACE,South David,Missouri,4.04
SEL02570,Ferguson-Garza,MARKETPLACE,Port Crystalhaven,Illinois,3.88
SEL02571,Davis LLC,DISTRIBUTOR,Lake Patrickberg,Idaho,4.98
SEL02572,"Frazier, Mcdonald and Garcia",MARKETPLACE,Hoodfurt,New Hampshire,4.84
SEL02573,Hansen Inc,DISTRIBUTOR,North Jennifer,New Hampshire,3.69
SEL02574,"Jones, Bennett and Clark",MARKETPLACE,West Justinport,West Virginia,4.25
SEL02575,Sandoval and Sons,DISTRIBUTOR,North Karen,New York,2.58
SEL02576,"Meyer, Rogers and Jackson",BRAND,East Andreahaven,Washington,4.77
SEL02577,"Kaiser, Haney and Mays",BRAND,Greenefurt,New Mexico,4.39
SEL02578,"Hansen, Collins and Graham",BRAND,Thomasstad,Alabama,4.27
SEL02579,George-Black,BRAND,South Tonya,Tennessee,3.21
SEL02580,Mckinney-Davis,MARKETPLACE,Tylerberg,Minnesota,4.76
SEL02581,Martin and Sons,DISTRIBUTOR,South Todd,Vermont,2.63
SEL02582,Martin-Sawyer,DISTRIBUTOR,Shepherdton,Ohio,2.86
SEL02583,Allen-Figueroa,BRAND,Lake Sarahville,Washington,3.85
SEL02584,Jones Group,MARKETPLACE,North Craig,Michigan,4.0
SEL02585,Davis-Davidson,BRAND,North Sandraside,North Carolina,2.89
SEL02586,"Thomas, Hall and Hall",MARKETPLACE,New Susan,Nevada,4.06
SEL02587,"Hodges, Anderson and Mccoy",BRAND,Mariaville,Minnesota,3.21
SEL02588,Turner-Hutchinson,DISTRIBUTOR,Port Ashleyberg,Oklahoma,3.4
SEL02589,Rogers-Walker,MARKETPLACE,Taylorview,Oregon,4.28
SEL02590,"Klein, Schwartz and Wallace",MARKETPLACE,Sherrymouth,South Carolina,4.9
SEL02591,"Hatfield, Sanchez and Anderson",DISTRIBUTOR,Barbaramouth,Ohio,4.68
SEL02592,Roman-Jackson,BRAND,West Christopher,Oklahoma,3.69
SEL02593,Patel-Williams,MARKETPLACE,North Stephanie,Tennessee,4.4
SEL02594,Glass-Sloan,BRAND,North Tinaland,Alaska,4.67
SEL02595,Spencer-Garcia,BRAND,North Stephen,Ohio,2.64
SEL02596,Anderson-Williams,DISTRIBUTOR,South Richardbury,Tennessee,2.89
SEL02597,Cross Group,DISTRIBUTOR,East Edwardberg,Texas,3.47
SEL02598,"Boyle, Simmons and Hayes",BRAND,South Catherine,Montana,3.0
SEL02599,"Trevino, Pearson and Michael",MARKETPLACE,North Cherylview,Iowa,4.12
SEL02600,Stewart and Sons,BRAND,North Joannemouth,Mississippi,4.82
SEL02601,Decker PLC,DISTRIBUTOR,New Mandy,Louisiana,3.73
SEL02602,King Inc,DISTRIBUTOR,Markfort,California,3.12
SEL02603,"Burke, Sanchez and Gordon",BRAND,New David,Illinois,2.9
SEL02604,Roberts-Taylor,DISTRIBUTOR,Newmanchester,Arkansas,4.28
SEL02605,Smith and Sons,BRAND,Webbmouth,Idaho,2.58
SEL02606,Smith-Thomas,MARKETPLACE,Lake Cynthia,Nebraska,3.89
SEL02607,"Rhodes, Santana and Smith",MARKETPLACE,South Teresa,Kentucky,4.32
SEL02608,"Moody, Holder and Shelton",BRAND,Carsonmouth,New Hampshire,3.72
SEL02609,Clay Inc,BRAND,Torresborough,Vermont,3.09
SEL02610,Jackson-Fitzgerald,MARKETPLACE,Thomasside,South Dakota,4.48
SEL02611,Macias Inc,DISTRIBUTOR,Matthewtown,Illinois,2.98
SEL02612,"Thompson, Winters and Richardson",DISTRIBUTOR,Sweeneyborough,Pennsylvania,3.39
SEL02613,"Carlson, Daniels and Taylor",MARKETPLACE,Jenniferstad,Missouri,4.1
SEL02614,"Lopez, Cross and Martin",DISTRIBUTOR,North Paul,Louisiana,4.69
SEL02615,Thomas-Alvarado,DISTRIBUTOR,Chasetown,Utah,3.06
SEL02616,"Johnson, Jenkins and Morris",BRAND,Jacobburgh,Colorado,3.89
SEL02617,Nunez Ltd,DISTRIBUTOR,Lake Mariachester,Delaware,4.32
SEL02618,"Garcia, Williams and Taylor",MARKETPLACE,Kevinside,Vermont,4.0
SEL02619,Ruiz Group,DISTRIBUTOR,Floreshaven,Illinois,4.81
SEL02620,Sanders-Murray,DISTRIBUTOR,Barryside,Hawaii,2.81
SEL02621,Chandler Group,DISTRIBUTOR,Port Curtismouth,Nebraska,4.19
SEL02622,Lewis-Copeland,DISTRIBUTOR,Changland,Louisiana,3.61
SEL02623,Harris-Jackson,DISTRIBUTOR,Martinezport,Nebraska,3.68
SEL02624,Johnson-Carney,DISTRIBUTOR,North Johnport,Wisconsin,4.92
SEL02625,"Campos, Mitchell and Koch",MARKETPLACE,Vasqueztown,Connecticut,3.71
SEL02626,"Berry, Newton and Rodriguez",BRAND,Douglasborough,Kentucky,3.5
SEL02627,"Costa, Gonzalez and Mosley",DISTRIBUTOR,Lake Dylan,Hawaii,2.81
SEL02628,"Shaffer, Cole and Jackson",BRAND,New Christopher,Arizona,3.6
SEL02629,"Herring, Galloway and Thornton",DISTRIBUTOR,Elizabethborough,New Mexico,3.92
SEL02630,White PLC,DISTRIBUTOR,West Amy,Massachusetts,3.32
SEL02631,"Jackson, Williams and Silva",DISTRIBUTOR,East Desireemouth,Nevada,3.82
SEL02632,"Davis, Ramirez and Cameron",DISTRIBUTOR,Davisburgh,Virginia,2.9
SEL02633,Conrad Ltd,MARKETPLACE,Stephaniehaven,Georgia,4.97
SEL02634,Flores Group,BRAND,Michaeltown,Missouri,2.85
SEL02635,Ingram-Hall,DISTRIBUTOR,Port Kristina,Pennsylvania,3.03
SEL02636,Wright-Mccarthy,DISTRIBUTOR,Toddbury,Texas,2.76
SEL02637,Rodriguez Group,DISTRIBUTOR,Perryview,Massachusetts,3.55
SEL02638,"Cunningham, Kim and Morales",BRAND,Yateston,Delaware,2.69
SEL02639,Thompson and Sons,DISTRIBUTOR,Port Jennifer,New Hampshire,4.02
SEL02640,"Wolfe, Boyd and Schwartz",MARKETPLACE,Johnsonport,Oregon,4.2
SEL02641,Garrett-Lawson,BRAND,West Laurafurt,Vermont,2.78
SEL02642,Williams-Friedman,MARKETPLACE,North Sandra,Oklahoma,4.52
SEL02643,Gentry-Evans,BRAND,Matthewmouth,New Hampshire,3.19
SEL02644,Vang and Sons,BRAND,Williamshaven,Oklahoma,3.55
SEL02645,Johnson-Long,DISTRIBUTOR,North Robertmouth,Maryland,3.8
SEL02646,"Duran, Williams and Wilson",MARKETPLACE,Port David,Wyoming,4.33
SEL02647,"Tran, Phillips and Brewer",DISTRIBUTOR,Fitzgeraldfurt,Pennsylvania,2.99
SEL02648,Hayes Ltd,DISTRIBUTOR,Jacobsport,Connecticut,3.45
SEL02649,"Reed, Garcia and Bell",BRAND,Vargasside,Arizona,4.14
SEL02650,"Harvey, Gross and Morse",BRAND,South Mary,Wyoming,3.63
SEL02651,"Oneill, Ward and White",MARKETPLACE,Port Philip,California,3.55
SEL02652,Walls PLC,BRAND,Port Paul,Wyoming,4.31
SEL02653,"Harrell, Clarke and Keller",BRAND,Jeremytown,Pennsylvania,5.0
SEL02654,Kerr Group,MARKETPLACE,Lake Nicole,Louisiana,3.32
SEL02655,"Clark, Anderson and Kim",MARKETPLACE,Lake Michael,Minnesota,4.36
SEL02656,Howell LLC,MARKETPLACE,Austinport,Ohio,3.77
SEL02657,"Davis, Houston and Mcdonald",DISTRIBUTOR,Lake Keith,West Virginia,3.21
SEL02658,Dean Group,BRAND,Bellfort,Iowa,2.68
SEL02659,Parker-Crawford,DISTRIBUTOR,East Timothy,Maryland,3.55
SEL02660,"Mitchell, Young and Watson",DISTRIBUTOR,Davidstad,Alabama,3.55
SEL02661,"Ramirez, Wright and Young",BRAND,Marquezville,Louisiana,3.74
SEL02662,"Porter, Ball and Davis",BRAND,South Danny,New Jersey,3.72
SEL02663,Aguilar-French,MARKETPLACE,Richardsonberg,Montana,3.62
SEL02664,"Bryant, Blackburn and Shelton",DISTRIBUTOR,Lake Wendyview,New York,4.96
SEL02665,"Luna, Edwards and Williams",MARKETPLACE,West John,Missouri,4.67
SEL02666,Short-King,BRAND,Stoneville,Virginia,3.43
SEL02667,Smith-Wagner,MARKETPLACE,New Ashleytown,Idaho,3.77
SEL02668,"Beck, Hardy and Hudson",BRAND,Port Anthony,Alabama,2.71
SEL02669,"Harper, Cook and Espinoza",BRAND,North Grace,Wyoming,4.58
SEL02670,"Mcbride, Hodges and Meadows",MARKETPLACE,Grantmouth,Maryland,2.91
SEL02671,Robertson PLC,DISTRIBUTOR,Allenmouth,New Hampshire,3.48
SEL02672,Moore-Choi,BRAND,Ryanville,Oregon,4.9
SEL02673,Simpson-Mills,MARKETPLACE,Lake Patrickchester,Idaho,3.75
SEL02674,"Wiley, Davis and Martinez",BRAND,Wrightfurt,Washington,4.58
SEL02675,Wilson and Sons,BRAND,North Gail,New Hampshire,4.87
SEL02676,"Rice, Frazier and White",BRAND,Port Rogerfort,Texas,2.62
SEL02677,Sanchez Inc,DISTRIBUTOR,Markshire,Washington,3.59
SEL02678,Campbell Inc,DISTRIBUTOR,Martinezfurt,Massachusetts,4.0
SEL02679,"Nichols, Potter and Hooper",MARKETPLACE,Justinville,South Dakota,3.4
SEL02680,Smith Inc,BRAND,Port Frank,Florida,3.73
SEL02681,Blankenship Ltd,BRAND,North Joshuatown,New Hampshire,4.28
SEL02682,"Hall, Lopez and Martinez",DISTRIBUTOR,Benitezfort,Utah,3.93
SEL02683,Johnson LLC,DISTRIBUTOR,Jackieburgh,Texas,3.06
SEL02684,"Gutierrez, Shaffer and Lee",BRAND,West Aaron,Pennsylvania,3.92
SEL02685,"Pace, Scott and Frey",MARKETPLACE,Buckleybury,Wyoming,4.42
SEL02686,"Thompson, Murphy and Price",DISTRIBUTOR,Lake Jason,Iowa,4.98
SEL02687,Miller-Stewart,BRAND,North Codystad,Wisconsin,5.0
SEL02688,Bailey-Wagner,DISTRIBUTOR,New Crystal,Colorado,2.76
SEL02689,Myers Inc,MARKETPLACE,New Katherineburgh,Pennsylvania,3.07
SEL02690,Evans PLC,MARKETPLACE,Brownfort,Oklahoma,4.59
SEL02691,"Ford, Rodriguez and Watson",BRAND,Port Feliciamouth,Wisconsin,4.21
SEL02692,Weber-Thompson,BRAND,Stephaniemouth,Hawaii,3.74
SEL02693,"Clark, Lopez and Fuentes",MARKETPLACE,Henryville,California,3.79
SEL02694,"Mitchell, Nicholson and Black",MARKETPLACE,East Robert,New York,4.32
SEL02695,"Willis, Myers and Hogan",DISTRIBUTOR,Cookside,Nevada,3.32
SEL02696,"Hughes, Wilcox and Flowers",MARKETPLACE,West Jessicaport,Alabama,2.91
SEL02697,Day Ltd,BRAND,East Alanland,Minnesota,2.69
SEL02698,Conley-Hall,MARKETPLACE,Lawrencehaven,Washington,4.4
SEL02699,Williams-Irwin,DISTRIBUTOR,New Kevin,Massachusetts,2.53
SEL02700,Bowman and Sons,BRAND,Mercertown,Connecticut,4.96
SEL02701,Harmon-Watson,BRAND,Amymouth,California,3.57
SEL02702,Cruz LLC,DISTRIBUTOR,Deleonbury,Pennsylvania,4.81
SEL02703,Cooper-Lawrence,DISTRIBUTOR,Elizabethland,Illinois,2.65
SEL02704,Pierce LLC,DISTRIBUTOR,West Michael,Wyoming,3.07
SEL02705,Smith-Li,DISTRIBUTOR,Amandamouth,South Dakota,4.83
SEL02706,Mullen and Sons,MARKETPLACE,Rogersmouth,Oregon,4.78
SEL02707,Martinez-Nunez,MARKETPLACE,Jennymouth,Maryland,2.71
SEL02708,Gibson LLC,BRAND,Jamesburgh,Louisiana,3.93
SEL02709,Young-Perez,BRAND,Scottville,Idaho,4.19
SEL02710,Lucas-Butler,BRAND,East Robertfort,North Dakota,4.69
SEL02711,"Lopez, Ford and Walker",MARKETPLACE,Karenmouth,Arizona,4.59
SEL02712,"Baxter, Cooper and Hines",DISTRIBUTOR,Johnsonland,Tennessee,4.09
SEL02713,Wilson LLC,DISTRIBUTOR,Baileyton,Virginia,4.25
SEL02714,Todd Inc,MARKETPLACE,Nguyenborough,Massachusetts,4.54
SEL02715,"Johnson, Brooks and Mann",MARKETPLACE,South Walterland,Massachusetts,4.51
SEL02716,"Cooper, Baird and Howard",DISTRIBUTOR,East Amyberg,Illinois,3.54
SEL02717,"Dougherty, Nelson and Hernandez",MARKETPLACE,Knoxside,West Virginia,3.15
SEL02718,Henderson and Sons,MARKETPLACE,Justinfort,Iowa,3.04
SEL02719,"Hunt, Bray and Roberts",DISTRIBUTOR,Ninafurt,Hawaii,4.95
SEL02720,Weaver-Burnett,DISTRIBUTOR,Andrewside,Oklahoma,3.4
SEL02721,Stanley PLC,DISTRIBUTOR,Phillipsland,Kentucky,3.47
SEL02722,Larsen-Miller,BRAND,South Jasonshire,Arizona,3.19
SEL02723,Cain-Smith,DISTRIBUTOR,Spencerview,Maryland,4.3
SEL02724,"Lam, Guerrero and Anderson",DISTRIBUTOR,West Donnaside,Virginia,4.43
SEL02725,Allen-Anderson,BRAND,New Jay,Alaska,4.55
SEL02726,May LLC,MARKETPLACE,Gordontown,California,2.89
SEL02727,Allen and Sons,DISTRIBUTOR,Mcguireton,Texas,4.36
SEL02728,Ramirez-Hahn,DISTRIBUTOR,Hughesmouth,California,2.64
SEL02729,"Baker, Gibbs and Franco",DISTRIBUTOR,East Jacob,Arkansas,3.55
SEL02730,Anderson Group,MARKETPLACE,New Victoriaside,Maryland,4.24
SEL02731,Martinez-Foster,DISTRIBUTOR,West Amberport,California,2.55
SEL02732,Wagner-Fisher,BRAND,Lake Staceyview,California,3.56
SEL02733,Riley LLC,BRAND,Lake Emilyside,Iowa,4.63
SEL02734,Campos-Garza,BRAND,New Shannon,Montana,3.71
SEL02735,"Buck, Kramer and Johnson",BRAND,Bernardview,Tennessee,2.66
SEL02736,"Lawson, Kelly and Harper",MARKETPLACE,Port Bobbyfurt,Washington,4.34
SEL02737,Smith Group,MARKETPLACE,East Amandafort,Texas,3.9
SEL02738,"Knight, Martin and Bell",BRAND,East Latasha,Montana,3.24
SEL02739,Deleon PLC,MARKETPLACE,South Joyce,Alaska,2.96
SEL02740,Edwards and Sons,MARKETPLACE,Lake Georgeburgh,Georgia,4.12
SEL02741,Sherman-Lopez,MARKETPLACE,New Timothy,Alabama,4.21
SEL02742,Adams Inc,DISTRIBUTOR,Lindseyhaven,Ohio,4.56
SEL02743,"Chavez, Guerrero and Baker",DISTRIBUTOR,East Sharonhaven,New Hampshire,4.28
SEL02744,Tucker and Sons,DISTRIBUTOR,Michelleland,Arizona,3.02
SEL02745,"Robinson, Garcia and Coleman",BRAND,South Jessica,Alabama,2.62
SEL02746,Bowen-Adams,BRAND,Davidchester,Alaska,3.78
SEL02747,Lloyd-Gibson,MARKETPLACE,East Joseph,Mississippi,3.57
SEL02748,"Turner, Gallegos and Gregory",BRAND,Lake Jennifer,Ohio,2.83
SEL02749,"Davis, Crawford and Hendrix",BRAND,Lake Laurenbury,Connecticut,4.33
SEL02750,Smith-Alvarez,DISTRIBUTOR,Lake Keithland,Tennessee,4.14
SEL02751,Curtis-Patel,BRAND,Lake Scott,Illinois,4.83
SEL02752,"Hunter, Aguirre and Williams",BRAND,Smithport,California,3.03
SEL02753,Smith Group,DISTRIBUTOR,Smithburgh,Louisiana,2.91
SEL02754,Coffey PLC,DISTRIBUTOR,Port Shaneville,South Dakota,2.53
SEL02755,Williams Group,MARKETPLACE,Jamesmouth,Vermont,4.25
SEL02756,Rodriguez-Shaffer,DISTRIBUTOR,Aaronton,Minnesota,3.25
SEL02757,Wilson-Robinson,MARKETPLACE,East Sydneyport,Indiana,4.19
SEL02758,"Martinez, Myers and Allen",MARKETPLACE,West Marioview,California,4.93
SEL02759,Williams Inc,BRAND,West Becky,Connecticut,3.32
SEL02760,"Mcgrath, James and Stevens",BRAND,Port Michelle,Montana,2.55
SEL02761,Thomas and Sons,DISTRIBUTOR,Amandaburgh,Alabama,4.24
SEL02762,Hernandez-Wilson,BRAND,Taylorchester,Nebraska,3.01
SEL02763,Adkins-Higgins,DISTRIBUTOR,Lauramouth,Nebraska,2.68
SEL02764,"Gonzalez, Byrd and Manning",BRAND,Keithburgh,Montana,4.46
SEL02765,"Simpson, Martinez and Morris",DISTRIBUTOR,Brittanystad,Oregon,3.81
SEL02766,Collins Inc,DISTRIBUTOR,Veronicaside,Massachusetts,3.96
SEL02767,Nguyen-Thomas,BRAND,New Amymouth,Washington,2.69
SEL02768,Armstrong PLC,BRAND,West Crystal,Nebraska,4.62
SEL02769,Wilson Group,DISTRIBUTOR,Huffmanview,Hawaii,2.51
SEL02770,Davis LLC,DISTRIBUTOR,Foxside,Maine,4.24
SEL02771,Diaz PLC,BRAND,Lutztown,Georgia,3.41
SEL02772,"Howe, Harrison and Curtis",BRAND,West Susan,Minnesota,2.55
SEL02773,"Werner, Nichols and Gordon",BRAND,Jessicaport,Idaho,3.74
SEL02774,"Gregory, Mckee and Lynn",MARKETPLACE,Kevinfurt,Missouri,2.63
SEL02775,"West, Anderson and Morris",DISTRIBUTOR,North Madeline,New York,3.58
SEL02776,Bell Inc,DISTRIBUTOR,East Samuel,Hawaii,3.74
SEL02777,Terrell-Hammond,BRAND,New Sean,New Hampshire,3.76
SEL02778,"Kelly, Butler and Miller",MARKETPLACE,Port Billland,South Dakota,2.71
SEL02779,Nelson LLC,BRAND,Lake Patrickport,Texas,2.5
SEL02780,Douglas-Vega,MARKETPLACE,Bellmouth,Louisiana,3.49
SEL02781,Cox-Miles,BRAND,Sanchezhaven,New Mexico,4.64
SEL02782,Beck-Wallace,BRAND,Jillton,Wisconsin,3.11
SEL02783,Villegas LLC,MARKETPLACE,Pereztown,Illinois,2.84
SEL02784,"Dawson, Jones and Hartman",DISTRIBUTOR,Markhaven,Texas,4.55
SEL02785,George PLC,BRAND,Jimenezhaven,Nebraska,4.71
SEL02786,Bowers PLC,BRAND,Lake Adam,Oklahoma,3.46
SEL02787,Ramirez-Tanner,BRAND,South Evelyn,New Jersey,3.24
SEL02788,Collins Group,BRAND,New Ann,Hawaii,2.77
SEL02789,"Lambert, Smith and Spencer",MARKETPLACE,Rodriguezside,Tennessee,3.61
SEL02790,Flores-Keller,MARKETPLACE,North Edward,Rhode Island,3.29
SEL02791,Burns-Simmons,MARKETPLACE,West Matthewside,Vermont,2.55
SEL02792,Rogers and Sons,BRAND,East Sheilastad,California,4.24
SEL02793,Mahoney-Lawrence,MARKETPLACE,New Melissashire,Arkansas,4.34
SEL02794,Dyer Group,MARKETPLACE,Melissashire,Wisconsin,3.1
SEL02795,Jones-Gonzales,MARKETPLACE,Lake Kristine,Arizona,2.83
SEL02796,Williams Inc,BRAND,Gonzalesview,Connecticut,3.42
SEL02797,Strong-Brown,MARKETPLACE,North Carlosport,Wyoming,2.8
SEL02798,"Smith, Garcia and Thomas",MARKETPLACE,Holmesshire,Colorado,3.55
SEL02799,Brown-Steele,MARKETPLACE,West Michaelchester,Rhode Island,4.03
SEL02800,Cross-Hendricks,DISTRIBUTOR,North Chadville,Tennessee,4.1
SEL02801,Andrews-Kelley,BRAND,Jameshaven,Tennessee,4.73
SEL02802,Nguyen PLC,BRAND,Ramirezbury,Ohio,4.09
SEL02803,"Wood, Washington and Pena",BRAND,Davidside,South Dakota,3.25
SEL02804,"Padilla, Flores and Foster",DISTRIBUTOR,Lake Lucasberg,Arkansas,4.08
SEL02805,"Miller, Paul and Phillips",BRAND,Steeleville,Iowa,4.01
SEL02806,Wilkinson Inc,DISTRIBUTOR,North Robertborough,New York,4.16
SEL02807,Sims-Sullivan,MARKETPLACE,Carsonstad,Tennessee,3.84
SEL02808,"Gonzales, Richardson and Harris",MARKETPLACE,Lake Jessicastad,Georgia,4.46
SEL02809,Riley-Barnes,BRAND,Frazierport,Connecticut,3.48
SEL02810,Wilson PLC,DISTRIBUTOR,New Michael,Alabama,2.57
SEL02811,Schneider Inc,MARKETPLACE,Aaronland,California,2.54
SEL02812,Ramos-Martin,MARKETPLACE,Williamsontown,Oregon,4.94
SEL02813,"Pierce, Monroe and Davis",BRAND,Lake Stacyland,Texas,3.83
SEL02814,Wallace and Sons,DISTRIBUTOR,Alisonbury,Idaho,4.23
SEL02815,Marquez-Smith,MARKETPLACE,Harrisland,Ohio,3.8
SEL02816,Johnson Ltd,DISTRIBUTOR,Lake Davidton,Delaware,3.88
SEL02817,Joseph and Sons,DISTRIBUTOR,Lake Crystalmouth,Wisconsin,4.28
SEL02818,"Zamora, Wade and Wu",MARKETPLACE,Burkebury,West Virginia,2.91
SEL02819,Hunt-Carpenter,DISTRIBUTOR,New Kristinhaven,Texas,3.85
SEL02820,Johnson LLC,BRAND,North Gabrielbury,Maryland,4.82
SEL02821,"Jones, Welch and Schultz",BRAND,Randyside,Georgia,3.51
SEL02822,Morgan Ltd,MARKETPLACE,Nicholschester,Nebraska,4.09
SEL02823,Smith PLC,MARKETPLACE,Jasonfurt,Maryland,4.76
SEL02824,"Rasmussen, Johnson and Alexander",MARKETPLACE,Port Zacharyfort,Oregon,3.61
SEL02825,Brown-Travis,MARKETPLACE,Jamesland,Massachusetts,3.54
SEL02826,Howard-Andrews,DISTRIBUTOR,Patrickstad,Wisconsin,3.66
SEL02827,"Peterson, Johnson and Walker",BRAND,Henrychester,Wisconsin,3.75
SEL02828,"Phillips, Miller and Smith",MARKETPLACE,Williamburgh,Connecticut,4.98
SEL02829,"Delgado, Cohen and Griffin",MARKETPLACE,East Brett,Illinois,3.02
SEL02830,Walton PLC,DISTRIBUTOR,Lake Richardchester,Indiana,2.55
SEL02831,Lopez and Sons,BRAND,Virginiaville,Illinois,3.87
SEL02832,Logan-Howe,MARKETPLACE,North Jenniferside,Kansas,3.01
SEL02833,Jones-Booth,DISTRIBUTOR,North Susanfort,Iowa,4.38
SEL02834,"Smith, Miller and Sosa",DISTRIBUTOR,North Christineshire,Arizona,4.42
SEL02835,"Diaz, Sullivan and Ferrell",BRAND,Michaelhaven,Utah,3.72
SEL02836,Mcmahon PLC,MARKETPLACE,Lake Michelle,Nebraska,3.15
SEL02837,"Cole, Hensley and Griffith",DISTRIBUTOR,East Charles,Indiana,3.67
SEL02838,Perkins Ltd,BRAND,East Danny,Washington,4.65
SEL02839,Hernandez Inc,BRAND,Wrightstad,California,2.82
SEL02840,"Hebert, Ballard and Stafford",BRAND,Lake Debra,Minnesota,4.12
SEL02841,Evans-Brown,BRAND,Chavezbury,Rhode Island,3.41
SEL02842,Nolan PLC,MARKETPLACE,North Dianamouth,New Mexico,2.9
SEL02843,"Smith, Beard and Hood",DISTRIBUTOR,New Paulborough,Idaho,3.05
SEL02844,"Phillips, Hunt and Anderson",MARKETPLACE,Reyesfort,Missouri,2.99
SEL02845,King Group,MARKETPLACE,North Tyler,Arizona,3.83
SEL02846,White-Colon,BRAND,Payneton,South Carolina,4.9
SEL02847,"Jackson, Lee and Vang",MARKETPLACE,Clarencestad,Delaware,4.8
SEL02848,"Davenport, Campbell and Burke",MARKETPLACE,West Shawnview,Montana,4.22
SEL02849,"Shah, Carr and Johnson",BRAND,South Ana,Alabama,4.96
SEL02850,"Bauer, Nelson and Bright",DISTRIBUTOR,New Michael,Missouri,4.92
SEL02851,Lee Inc,MARKETPLACE,Stewartmouth,New Hampshire,4.65
SEL02852,Hill-Payne,MARKETPLACE,Port Michaelside,Wyoming,4.81
SEL02853,King and Sons,DISTRIBUTOR,South William,Indiana,3.23
SEL02854,Atkinson-Randolph,DISTRIBUTOR,Andersenview,Kansas,3.43
SEL02855,Walker-Barber,DISTRIBUTOR,Mccartyburgh,Arkansas,4.49
SEL02856,"Dominguez, Navarro and Clark",MARKETPLACE,Hillstad,Oregon,4.24
SEL02857,"Barker, Ali and Fitzpatrick",MARKETPLACE,Rojasside,Wisconsin,4.51
SEL02858,"Silva, Page and Green",MARKETPLACE,Richardsonville,Missouri,4.02
SEL02859,"Brewer, Davis and Nguyen",BRAND,Cardenasburgh,Illinois,3.49
SEL02860,Lee-Johnson,MARKETPLACE,Rochatown,Kansas,2.84
SEL02861,"Randall, Nunez and Robinson",MARKETPLACE,Brownshire,Iowa,3.93
SEL02862,Potter and Sons,DISTRIBUTOR,East Nicoleberg,New Hampshire,4.46
SEL02863,Graves and Sons,BRAND,Port George,Michigan,4.98
SEL02864,Brown PLC,DISTRIBUTOR,Port Josephbury,Arkansas,4.71
SEL02865,Buckley Group,DISTRIBUTOR,Lake Lisa,Alabama,3.52
SEL02866,"Fowler, Cochran and Torres",DISTRIBUTOR,Millerfurt,Michigan,4.23
SEL02867,Banks-Black,BRAND,Port Janetview,Nevada,4.29
SEL02868,Hunt Ltd,BRAND,West Juliaville,Minnesota,4.75
SEL02869,Jones-Ellis,MARKETPLACE,Valdezfort,Colorado,3.19
SEL02870,"Macias, Cunningham and Blanchard",MARKETPLACE,Lake Janetborough,Mississippi,3.43
SEL02871,Bowman and Sons,BRAND,West Billstad,Michigan,3.45
SEL02872,Berger-Garcia,BRAND,West Derek,Ohio,4.75
SEL02873,"Roberts, Little and Lopez",BRAND,Jessicamouth,Virginia,4.89
SEL02874,Jacobson-Lopez,DISTRIBUTOR,Lake Ralph,Rhode Island,4.03
SEL02875,Carlson-Phillips,DISTRIBUTOR,Hodgesport,Connecticut,4.9
SEL02876,"Ford, Sherman and Trujillo",DISTRIBUTOR,East Michael,North Dakota,4.82
SEL02877,"Ortega, King and Gonzalez",DISTRIBUTOR,South Joseph,Delaware,4.2
SEL02878,Moran-Singh,DISTRIBUTOR,Jonesfort,North Carolina,4.05
SEL02879,"Donaldson, Brown and Wheeler",DISTRIBUTOR,Jacksonstad,Mississippi,3.33
SEL02880,Grant-Rivera,DISTRIBUTOR,Jasmineport,New York,3.69
SEL02881,"Wagner, Harris and Williams",BRAND,Lake Annaville,Massachusetts,3.77
SEL02882,"Hernandez, Burton and Garcia",BRAND,Rangeltown,Michigan,3.72
SEL02883,Lopez-Campbell,BRAND,Ramosborough,Pennsylvania,2.54
SEL02884,"Black, Hernandez and Spencer",BRAND,Keithberg,Iowa,2.72
SEL02885,Krause-Edwards,MARKETPLACE,Jeffersonhaven,Illinois,3.68
SEL02886,Burns Ltd,BRAND,West Herbert,New Jersey,3.86
SEL02887,"Meyer, Castillo and Lopez",BRAND,Gonzalezview,Wyoming,2.74
SEL02888,Ellison Group,MARKETPLACE,Welchberg,Texas,3.75
SEL02889,Kim LLC,DISTRIBUTOR,New Andreamouth,Nebraska,2.86
SEL02890,Brown-Tate,MARKETPLACE,East Glennbury,Colorado,4.89
SEL02891,Jackson PLC,MARKETPLACE,Travisshire,Delaware,3.59
SEL02892,"Copeland, Holmes and Anderson",BRAND,East Lisa,Texas,4.13
SEL02893,"Gonzales, Rose and Porter",BRAND,Douglasview,Pennsylvania,4.77
SEL02894,Perry-Alexander,DISTRIBUTOR,North Jeanne,Vermont,4.49
SEL02895,"Cunningham, Powell and Martinez",MARKETPLACE,Longfurt,Nevada,2.85
SEL02896,Smith-Briggs,BRAND,Brownview,Missouri,3.24
SEL02897,"Berger, Flores and Long",MARKETPLACE,Antonioton,Oklahoma,2.69
SEL02898,Foster Ltd,DISTRIBUTOR,Ericburgh,Nevada,3.18
SEL02899,Hoffman-Lee,DISTRIBUTOR,West Madison,Arkansas,2.75
SEL02900,Graves-Ellis,DISTRIBUTOR,Browningchester,Rhode Island,3.89
SEL02901,Hoover-Massey,DISTRIBUTOR,Richardsonland,South Carolina,3.1
SEL02902,Elliott-Bennett,MARKETPLACE,Port Johnbury,North Carolina,2.64
SEL02903,"Dominguez, Hines and Davis",DISTRIBUTOR,Mcdonaldshire,Hawaii,2.91
SEL02904,"Blair, Petersen and Bradley",MARKETPLACE,Olsonstad,West Virginia,3.63
SEL02905,Mendez PLC,BRAND,Kellerberg,Montana,2.87
SEL02906,Stokes-Howard,BRAND,Brooksview,Nevada,2.86
SEL02907,"Bryant, Robinson and Murray",BRAND,Trevinoberg,New Hampshire,3.51
SEL02908,Lee PLC,MARKETPLACE,Courtneyberg,Minnesota,3.47
SEL02909,"Williams, Miranda and Gilbert",DISTRIBUTOR,Jacksonfort,California,4.28
SEL02910,Allen and Sons,BRAND,Lake Benjamin,New Mexico,2.81
SEL02911,"Tucker, Jackson and Keller",MARKETPLACE,Jeffreyport,North Carolina,2.6
SEL02912,"Frederick, Fields and Figueroa",DISTRIBUTOR,Singletonville,Wyoming,3.91
SEL02913,Maxwell PLC,MARKETPLACE,Shariborough,South Carolina,2.58
SEL02914,Jackson-Adams,DISTRIBUTOR,Port Robert,New Mexico,4.22
SEL02915,Reynolds-Carlson,DISTRIBUTOR,Oliviaton,Georgia,4.18
SEL02916,Stout LLC,DISTRIBUTOR,East Michaelfurt,Utah,4.65
SEL02917,"Carlson, Wilson and Gill",DISTRIBUTOR,Burtonmouth,Indiana,4.59
SEL02918,Bullock and Sons,BRAND,Toddbury,Georgia,3.88
SEL02919,Gallegos-Aguilar,DISTRIBUTOR,Angelicachester,Montana,4.85
SEL02920,Williams and Sons,DISTRIBUTOR,Johnnyview,Maryland,2.53
SEL02921,Kelley-Stephens,DISTRIBUTOR,South Ashleystad,Illinois,3.73
SEL02922,Patterson-Torres,DISTRIBUTOR,Adammouth,Montana,3.59
SEL02923,Frank and Sons,MARKETPLACE,Williston,Tennessee,4.4
SEL02924,Jones Group,MARKETPLACE,Taylorberg,Virginia,3.31
SEL02925,Adams Group,MARKETPLACE,Port Joan,Wyoming,4.18
SEL02926,Ward and Sons,MARKETPLACE,Dennishaven,Virginia,3.24
SEL02927,"Davidson, Wood and Mayer",DISTRIBUTOR,Port John,West Virginia,2.9
SEL02928,Parks Ltd,BRAND,Mariehaven,South Dakota,4.43
SEL02929,Hammond-Hanson,MARKETPLACE,New Amy,Nebraska,2.94
SEL02930,"Thomas, Fleming and Lopez",MARKETPLACE,East Carol,South Carolina,4.6
SEL02931,Anderson-Molina,MARKETPLACE,South Davidberg,Tennessee,4.02
SEL02932,"Diaz, Wolfe and Yang",MARKETPLACE,East Valerie,Idaho,4.7
SEL02933,"Fernandez, Jackson and Johnson",DISTRIBUTOR,Rosalesland,South Dakota,4.31
SEL02934,David-Dunn,MARKETPLACE,Jenkinsville,California,3.27
SEL02935,Harris LLC,MARKETPLACE,Gilbertville,Oklahoma,3.46
SEL02936,"Raymond, Galvan and Baker",MARKETPLACE,New Wendy,West Virginia,3.57
SEL02937,Wolfe Ltd,MARKETPLACE,Kristinton,Illinois,2.92
SEL02938,Lopez-Young,DISTRIBUTOR,New Beckychester,Rhode Island,3.05
SEL02939,Taylor Inc,BRAND,West Maurice,Washington,3.05
SEL02940,Johnson Group,BRAND,Lake Codyville,Minnesota,3.7
SEL02941,Simmons-Tate,DISTRIBUTOR,North Travis,Nebraska,2.97
SEL02942,"Brown, Russell and Hayes",MARKETPLACE,West Markfurt,New Hampshire,4.25
SEL02943,Nixon LLC,DISTRIBUTOR,South Julietown,Tennessee,3.84
SEL02944,Mccormick and Sons,BRAND,Territown,Iowa,2.72
SEL02945,Fox Ltd,DISTRIBUTOR,West Terrancemouth,New York,3.56
SEL02946,"Chung, Johnson and Dalton",MARKETPLACE,Cochranville,New York,4.73
SEL02947,Anderson-Johnson,BRAND,Erinburgh,Georgia,3.4
SEL02948,"Davis, Alexander and Davis",DISTRIBUTOR,Rodriguezville,Nebraska,4.35
SEL02949,West Group,MARKETPLACE,Lewisshire,Maryland,3.38
SEL02950,"Moses, Baird and Lewis",MARKETPLACE,Lake Robertfurt,California,4.89
SEL02951,Smith PLC,BRAND,Port Jessicaside,Hawaii,3.55
SEL02952,Turner PLC,DISTRIBUTOR,Rachelmouth,Kansas,4.32
SEL02953,Washington-Mclaughlin,DISTRIBUTOR,Jenniferborough,Kentucky,4.08
SEL02954,Garza LLC,DISTRIBUTOR,Markport,New Hampshire,3.82
SEL02955,Anderson PLC,MARKETPLACE,Port Michelleshire,Wyoming,2.85
SEL02956,Hill Ltd,MARKETPLACE,Lake Nicholas,New Hampshire,3.26
SEL02957,Crawford-Jackson,MARKETPLACE,Christopherburgh,Utah,3.28
SEL02958,Velazquez-Gonzalez,BRAND,Cindyshire,West Virginia,3.08
SEL02959,Jones and Sons,MARKETPLACE,East Joshua,Mississippi,4.08
SEL02960,Villa-Huff,DISTRIBUTOR,Peggyview,Montana,3.68
SEL02961,Shaw-Greene,BRAND,South Stephaniehaven,Kentucky,2.96
SEL02962,Hayes-Kelly,MARKETPLACE,New Scottbury,Missouri,4.01
SEL02963,Lewis-Steele,DISTRIBUTOR,South Larrytown,New York,3.06
SEL02964,"Green, Sloan and Roth",MARKETPLACE,New Cheryl,Washington,2.58
SEL02965,Smith Group,BRAND,Darrellport,Georgia,2.77
SEL02966,Rich and Sons,DISTRIBUTOR,South Jack,Wyoming,4.69
SEL02967,Reilly-Parks,DISTRIBUTOR,New Danielborough,Indiana,3.6
SEL02968,Douglas Group,MARKETPLACE,South Thomas,Minnesota,4.31
SEL02969,Rivera-Coffey,MARKETPLACE,Stephensview,Florida,4.36
SEL02970,Carpenter-Davis,DISTRIBUTOR,Lindabury,Wyoming,3.72
SEL02971,"Pittman, Conner and Erickson",MARKETPLACE,Grosston,Oklahoma,4.1
SEL02972,Torres Group,MARKETPLACE,North Catherine,Hawaii,4.99
SEL02973,"Nash, Young and Williams",MARKETPLACE,Benderchester,Alaska,2.67
SEL02974,"Spencer, Turner and Morris",MARKETPLACE,East Christinaberg,Connecticut,4.77
SEL02975,Pittman and Sons,BRAND,Port Jennifer,Texas,4.71
SEL02976,Wolf Ltd,DISTRIBUTOR,Davisport,Missouri,4.67
SEL02977,Soto Group,BRAND,West Victoriamouth,Michigan,4.44
SEL02978,Rollins-Vaughn,DISTRIBUTOR,New Anthony,New Hampshire,3.75
SEL02979,"Estes, Miranda and Guerrero",MARKETPLACE,Mejiafurt,Idaho,4.05
SEL02980,Knight-Aguirre,BRAND,Port Josephborough,Indiana,4.21
SEL02981,"Fields, Gonzalez and Parker",BRAND,West Rhondamouth,Alaska,4.77
SEL02982,Patel Ltd,MARKETPLACE,West Charles,New Hampshire,3.18
SEL02983,Edwards-Bowers,BRAND,Melissafort,Alaska,2.87
SEL02984,"Rich, Chapman and Ramsey",MARKETPLACE,Lopezton,Florida,4.91
SEL02985,Bryant Inc,DISTRIBUTOR,Port Cassidyside,Indiana,4.03
SEL02986,Alvarez-Joseph,MARKETPLACE,Schwartzside,Vermont,3.35
SEL02987,Phillips-Cole,BRAND,Nicholsburgh,Wyoming,3.16
SEL02988,"Johnson, Campbell and Trevino",MARKETPLACE,North Logan,Maryland,2.71
SEL02989,Pennington Inc,BRAND,Wolfeland,Wyoming,4.99
SEL02990,Miller-Goodwin,MARKETPLACE,Kaylaburgh,New York,4.0
SEL02991,Taylor LLC,DISTRIBUTOR,West Robert,Missouri,3.46
SEL02992,Pope-Miller,BRAND,Fitzgeraldhaven,Idaho,3.33
SEL02993,Clark-Roman,BRAND,East Nicoleshire,Florida,3.55
SEL02994,Jones and Sons,BRAND,Wyattmouth,Washington,4.62
SEL02995,"Powers, Rodgers and Ward",MARKETPLACE,West Ashleybury,Minnesota,3.29
SEL02996,Soto PLC,BRAND,Nicholaschester,Delaware,4.71
SEL02997,Sanchez-Bird,BRAND,Lake Daisy,Minnesota,4.13
SEL02998,Brown-Wilkerson,MARKETPLACE,Lake Meganhaven,Mississippi,3.32
SEL02999,Sims and Sons,MARKETPLACE,New Debra,New York,4.43
SEL03000,Lucas-Short,DISTRIBUTOR,South Lisa,Ohio,3.76
SEL03001,Mendez-Murillo,MARKETPLACE,Michellemouth,Montana,3.18
SEL03002,Bradley LLC,DISTRIBUTOR,Jeremyburgh,Kentucky,4.56
SEL03003,"Mitchell, Watson and Crawford",BRAND,Port Angelafort,Utah,4.76
SEL03004,"Brady, Jackson and Holmes",MARKETPLACE,Riceport,Ohio,3.33
SEL03005,Morrow LLC,MARKETPLACE,Theresaview,Iowa,4.07
SEL03006,"Webb, Parker and Johnson",MARKETPLACE,Robinsonberg,Delaware,2.74
SEL03007,Chapman-Bruce,DISTRIBUTOR,Smithside,Montana,3.83
SEL03008,Vaughn-Bishop,DISTRIBUTOR,South Valerieshire,Texas,4.44
SEL03009,"King, Molina and Blankenship",MARKETPLACE,Roblesport,Iowa,3.49
SEL03010,Briggs and Sons,MARKETPLACE,Lindseyfurt,Maryland,2.57
SEL03011,"Burns, Hartman and Taylor",DISTRIBUTOR,New Katherine,California,4.03
SEL03012,"Olson, Carpenter and Lam",BRAND,Bowersfort,South Dakota,3.57
SEL03013,"Hernandez, Jones and Todd",MARKETPLACE,West Matthew,Texas,3.82
SEL03014,Davis and Sons,DISTRIBUTOR,Teresabury,Delaware,4.06
SEL03015,"Chang, Freeman and Mclaughlin",MARKETPLACE,Perezhaven,Washington,3.13
SEL03016,"Shaw, Cooke and Bonilla",MARKETPLACE,East Roger,Rhode Island,2.59
SEL03017,"Lopez, Greene and Booth",BRAND,Markchester,Georgia,4.28
SEL03018,Archer-West,MARKETPLACE,Tinamouth,Rhode Island,4.03
SEL03019,"Richardson, Walters and Gilbert",MARKETPLACE,Paulbury,Delaware,4.78
SEL03020,Duffy-Downs,BRAND,Sallyfort,Alabama,3.67
SEL03021,Swanson and Sons,DISTRIBUTOR,North Maria,Kansas,4.29
SEL03022,"Hutchinson, Evans and Pratt",DISTRIBUTOR,Walkerchester,North Dakota,4.94
SEL03023,Miles Inc,DISTRIBUTOR,Rachelton,Louisiana,4.52
SEL03024,Williams and Sons,BRAND,Larsonfort,Wisconsin,3.89
SEL03025,"Miller, Taylor and Thomas",MARKETPLACE,New Cody,Kentucky,4.46
SEL03026,Brooks and Sons,MARKETPLACE,South Raymond,Vermont,3.51
SEL03027,"Wagner, Williams and Nichols",BRAND,Port Jimmyside,Maine,4.51
SEL03028,"Peterson, Richardson and Powell",MARKETPLACE,East Shaun,Arizona,2.78
SEL03029,"Baker, Johnson and Sanchez",MARKETPLACE,Johnview,Massachusetts,2.81
SEL03030,"Vasquez, Norris and Hurley",DISTRIBUTOR,Port Steven,Ohio,4.74
SEL03031,"Harding, Carson and Green",MARKETPLACE,East Miamouth,Maryland,4.0
SEL03032,"Davis, Daniels and Hernandez",BRAND,Villegasville,Minnesota,4.04
SEL03033,Manning PLC,BRAND,New Megan,Florida,3.07
SEL03034,Johnson LLC,DISTRIBUTOR,Codyview,Kansas,4.03
SEL03035,"Franco, Wilson and Galvan",BRAND,Lake Troy,Montana,3.83
SEL03036,Buckley PLC,DISTRIBUTOR,Paulburgh,Florida,3.42
SEL03037,Tucker-Garrett,MARKETPLACE,Nathanielbury,Hawaii,3.11
SEL03038,"Smith, Johnson and Scott",MARKETPLACE,New Carlymouth,New Mexico,3.85
SEL03039,Perkins and Sons,MARKETPLACE,Andersonville,Tennessee,2.85
SEL03040,"Davis, Burke and Wagner",BRAND,Allenstad,Hawaii,3.63
SEL03041,"Guzman, Ward and Parsons",DISTRIBUTOR,Lake James,Alabama,3.74
SEL03042,Stark-Smith,MARKETPLACE,Brianville,West Virginia,4.4
SEL03043,"Stone, Thompson and Giles",MARKETPLACE,Rodriguezhaven,Georgia,3.7
SEL03044,Watson-Morgan,DISTRIBUTOR,Parkermouth,Texas,4.35
SEL03045,"Hunt, Sparks and Sanchez",BRAND,West Rachel,Virginia,4.5
SEL03046,Wright and Sons,DISTRIBUTOR,North Tyler,California,4.96
SEL03047,Wang LLC,DISTRIBUTOR,East Eugene,North Carolina,4.52
SEL03048,White PLC,BRAND,Burnsland,Arkansas,3.35
SEL03049,"Ball, Russell and Solis",MARKETPLACE,Joshuabury,Texas,2.6
SEL03050,"Lang, Riddle and Eaton",MARKETPLACE,Angelamouth,Nevada,3.84
SEL03051,"Reeves, Ware and Owens",DISTRIBUTOR,West Michellemouth,Ohio,3.0
SEL03052,Wright-Myers,DISTRIBUTOR,New Willie,Nebraska,4.58
SEL03053,Saunders PLC,MARKETPLACE,Robertsmouth,Indiana,3.14
SEL03054,Moore Group,MARKETPLACE,Stantonchester,Massachusetts,3.93
SEL03055,Frank-Thomas,DISTRIBUTOR,North Robertshire,Arkansas,4.89
SEL03056,Mcbride-Mendoza,MARKETPLACE,West Lori,Maryland,4.18
SEL03057,"Flores, Sharp and Poole",BRAND,Kimberlymouth,Massachusetts,3.46
SEL03058,"Roberts, Daugherty and Osborne",MARKETPLACE,Alyssaport,Arizona,2.77
SEL03059,Nichols-Cooper,MARKETPLACE,South Brian,Minnesota,4.55
SEL03060,Richardson-Duran,DISTRIBUTOR,Gonzalezburgh,Delaware,4.35
SEL03061,Smith PLC,DISTRIBUTOR,South Tammychester,Arkansas,2.51
SEL03062,Bryan-Trevino,DISTRIBUTOR,Lake Margaretville,Washington,4.54
SEL03063,"Williams, Bush and Knight",BRAND,Lake Linda,Kansas,3.39
SEL03064,Adkins Ltd,BRAND,Edwardsshire,New Hampshire,4.38
SEL03065,Gilmore-Bryant,MARKETPLACE,Port Jason,North Carolina,4.58
SEL03066,"Johnson, Young and Proctor",MARKETPLACE,Delacruzfurt,Minnesota,3.88
SEL03067,Hughes PLC,DISTRIBUTOR,Brandonborough,West Virginia,2.89
SEL03068,Barnes and Sons,MARKETPLACE,East Cherylchester,Pennsylvania,2.76
SEL03069,"Gallagher, Rush and Hebert",MARKETPLACE,Brendafurt,Alaska,4.9
SEL03070,Herrera Ltd,DISTRIBUTOR,Lopezville,Maryland,2.92
SEL03071,Smith-Dean,BRAND,Lake Crystalland,Montana,4.84
SEL03072,"Carter, Daniels and Bishop",MARKETPLACE,North Charles,Wisconsin,2.77
SEL03073,Martinez-Donovan,DISTRIBUTOR,Lake Rebecca,Alabama,2.5
SEL03074,Johnson-Morgan,BRAND,South Megan,Connecticut,4.53
SEL03075,Douglas and Sons,MARKETPLACE,Lake Christybury,Iowa,4.09
SEL03076,Edwards-Tanner,MARKETPLACE,Pettymouth,New Mexico,2.57
SEL03077,Lynch-Gutierrez,DISTRIBUTOR,Port Sandra,Florida,4.05
SEL03078,Wright-Martinez,DISTRIBUTOR,Jonathanborough,Alaska,3.07
SEL03079,"Garcia, Weber and Perkins",BRAND,West Jorge,Tennessee,3.28
SEL03080,"Smith, Palmer and Davis",BRAND,West Traceymouth,Maine,3.21
SEL03081,Munoz Group,MARKETPLACE,Vincentview,Kansas,4.54
SEL03082,"Zavala, Howe and Camacho",DISTRIBUTOR,New Denniston,Tennessee,4.37
SEL03083,Choi and Sons,BRAND,Kristinabury,Hawaii,3.17
SEL03084,"Bell, Moore and Hammond",BRAND,Mathisville,Colorado,2.94
SEL03085,Nolan Inc,DISTRIBUTOR,Lake Jamesville,Louisiana,3.34
SEL03086,"Harris, Jackson and Brown",DISTRIBUTOR,East Williamport,New Jersey,4.4
SEL03087,Scott PLC,MARKETPLACE,Kimberlyfurt,Massachusetts,2.87
SEL03088,James-Skinner,DISTRIBUTOR,East Richardview,Delaware,4.36
SEL03089,Fisher-Moore,DISTRIBUTOR,North Beth,Texas,2.8
SEL03090,"Steele, Fernandez and Singh",MARKETPLACE,Stricklandhaven,Alabama,3.08
SEL03091,Swanson PLC,MARKETPLACE,Danielborough,Minnesota,4.69
SEL03092,"Shepard, Stokes and Cantrell",MARKETPLACE,Lake Jasmintown,Ohio,3.25
SEL03093,"David, Chapman and Smith",BRAND,Allenland,Maine,2.92
SEL03094,Jones-Gonzalez,DISTRIBUTOR,Port Rachel,Oregon,3.18
SEL03095,Hughes Inc,BRAND,Stephentown,Nevada,4.48
SEL03096,Weaver-Mccarty,DISTRIBUTOR,Lake Hollyhaven,Colorado,3.52
SEL03097,"Lopez, Pennington and Walker",MARKETPLACE,Lisaport,Delaware,4.03
SEL03098,Lucas-Booker,BRAND,West Dustinshire,Alaska,2.84
SEL03099,Moore Ltd,BRAND,Lake Tamaraberg,Utah,3.45
SEL03100,"Wilkerson, Alexander and Clark",DISTRIBUTOR,Toniborough,Maine,3.03
SEL03101,"Sanchez, Lewis and Davis",BRAND,Lisachester,Nebraska,4.67
SEL03102,Morales and Sons,BRAND,Normanburgh,New Hampshire,3.46
SEL03103,"Lambert, Garrett and Kelly",DISTRIBUTOR,Maddenbury,Ohio,3.02
SEL03104,Brown-Castro,BRAND,Hesterbury,Wisconsin,4.42
SEL03105,Rivera PLC,MARKETPLACE,West Catherineview,New Mexico,3.74
SEL03106,Collins Ltd,BRAND,Laurachester,Virginia,2.62
SEL03107,Parsons Group,BRAND,Port Taraburgh,Utah,3.91
SEL03108,Underwood-Norris,BRAND,West Cynthiafurt,Mississippi,4.94
SEL03109,Aguilar Ltd,MARKETPLACE,Rodgerston,Florida,4.32
SEL03110,Lindsey Ltd,BRAND,Simshaven,North Carolina,4.14
SEL03111,Rodriguez-Webb,DISTRIBUTOR,Andersonbury,Connecticut,4.34
SEL03112,"Vaughan, Morris and Rodriguez",BRAND,Arnoldburgh,Florida,3.1
SEL03113,"Griffin, Taylor and Oconnor",BRAND,Shauntown,Minnesota,4.28
SEL03114,"Valdez, Hudson and Pugh",DISTRIBUTOR,West Tammyborough,Tennessee,3.52
SEL03115,"Carpenter, Mueller and Smith",BRAND,West Mallory,Louisiana,3.46
SEL03116,"Miller, Wright and Gomez",MARKETPLACE,Adamsbury,Indiana,3.24
SEL03117,Sparks-Simmons,BRAND,Jeffland,Wisconsin,4.68
SEL03118,Dennis-Beck,BRAND,Port Nicole,Tennessee,3.81
SEL03119,Weeks-Arnold,BRAND,Warnerchester,Minnesota,4.22
SEL03120,Savage PLC,BRAND,East Christinaport,Pennsylvania,3.36
SEL03121,"Brooks, Ford and Barnes",MARKETPLACE,Johnsonfurt,Montana,3.57
SEL03122,"Peck, Shea and Vaughn",BRAND,East Edwardview,Michigan,4.91
SEL03123,"Hayes, James and Hill",BRAND,New Kathrynburgh,Connecticut,3.07
SEL03124,Gonzalez-Nelson,MARKETPLACE,Jessicaville,North Dakota,3.28
SEL03125,Smith Ltd,BRAND,Dennisfurt,Florida,3.46
SEL03126,Johnston PLC,BRAND,Stephaniemouth,North Carolina,3.02
SEL03127,"James, Wagner and Lester",BRAND,Leeland,Indiana,4.5
SEL03128,"Jacobs, Dalton and Christensen",BRAND,Howardmouth,West Virginia,2.76
SEL03129,Davis and Sons,MARKETPLACE,Katherineview,Iowa,4.51
SEL03130,"Torres, Ramos and Martin",DISTRIBUTOR,Laurabury,Virginia,2.64
SEL03131,"Henry, Caldwell and Reynolds",DISTRIBUTOR,West Bryanland,Wyoming,4.45
SEL03132,Berg-Brown,DISTRIBUTOR,Jonesmouth,Maine,3.73
SEL03133,"Taylor, Hanson and Stokes",MARKETPLACE,West Alyssa,Connecticut,2.56
SEL03134,Cantu-Friedman,BRAND,Elizabethstad,Iowa,3.59
SEL03135,Robinson-Webster,DISTRIBUTOR,Jennamouth,Alabama,3.85
SEL03136,Stein-Woods,BRAND,Sharonmouth,Nevada,4.18
SEL03137,Nicholson PLC,DISTRIBUTOR,Stephanieburgh,Utah,4.13
SEL03138,Tran Inc,DISTRIBUTOR,Port Wesleyside,Hawaii,3.09
SEL03139,Ford-Ramsey,MARKETPLACE,Port Danielle,New Jersey,4.06
SEL03140,Garcia LLC,DISTRIBUTOR,Davidmouth,Oklahoma,3.72
SEL03141,"Mitchell, Stevenson and Harris",BRAND,East Robin,Texas,2.77
SEL03142,"Smith, Warner and Grant",BRAND,Lake Ryan,Connecticut,4.83
SEL03143,"Grant, Neal and Cannon",MARKETPLACE,Williamsmouth,Massachusetts,4.76
SEL03144,Hahn Inc,MARKETPLACE,Brandyville,Florida,3.5
SEL03145,Zuniga PLC,DISTRIBUTOR,Hollowayfort,New Mexico,4.28
SEL03146,"Thompson, Taylor and Wilson",BRAND,New Susan,Hawaii,4.63
SEL03147,"Page, Perez and Hart",MARKETPLACE,Joeburgh,Arkansas,3.85
SEL03148,Haynes LLC,MARKETPLACE,Adamsview,Oregon,3.8
SEL03149,"Bishop, Brown and Cook",DISTRIBUTOR,Port James,Vermont,4.25
SEL03150,Becker-Clark,BRAND,Chanville,Mississippi,3.46
SEL03151,Martinez LLC,MARKETPLACE,West Diane,Louisiana,3.16
SEL03152,"Paul, Williams and Hogan",DISTRIBUTOR,East Richard,New Jersey,3.59
SEL03153,Munoz PLC,DISTRIBUTOR,New Jennifershire,Mississippi,3.66
SEL03154,Patel Ltd,BRAND,North Jonathanport,Arizona,4.77
SEL03155,Stewart-Holden,MARKETPLACE,Lake Sean,Iowa,3.37
SEL03156,"Cook, Jacobs and Bailey",BRAND,North Markport,Washington,3.29
SEL03157,Garcia-Wong,MARKETPLACE,Port Jackie,Vermont,3.22
SEL03158,"Miller, Shaw and Adams",MARKETPLACE,New Courtney,Iowa,3.82
SEL03159,Brown LLC,MARKETPLACE,New Michaelhaven,Delaware,4.27
SEL03160,Koch Group,MARKETPLACE,Brendaville,Mississippi,3.27
SEL03161,Welch PLC,BRAND,Lake Gabrielfort,Utah,4.04
SEL03162,"Mueller, Wright and Clark",MARKETPLACE,Kingbury,Arkansas,3.87
SEL03163,"Cohen, Osborne and Nixon",DISTRIBUTOR,Danielsville,Arizona,3.69
SEL03164,Reynolds-Cain,DISTRIBUTOR,Valenciaside,North Carolina,3.62
SEL03165,Wilkerson Ltd,MARKETPLACE,Marshalltown,Missouri,4.56
SEL03166,"Davis, Ellis and Walsh",DISTRIBUTOR,New Michaelbury,Colorado,2.7
SEL03167,"Livingston, Jenkins and Sweeney",MARKETPLACE,Port Lisaside,Oregon,4.67
SEL03168,Peck-Ryan,MARKETPLACE,Chavezport,Delaware,3.37
SEL03169,Baird-Sharp,BRAND,Wellsfort,South Dakota,4.46
SEL03170,Williams Group,BRAND,Melissaside,Kentucky,4.91
SEL03171,Vance Ltd,BRAND,West David,Rhode Island,3.15
SEL03172,"Norton, Williams and Thomas",BRAND,Port Shannon,North Carolina,2.93
SEL03173,Hernandez-Thomas,DISTRIBUTOR,Lake Justinbury,Iowa,4.21
SEL03174,Stark Inc,MARKETPLACE,West Steven,North Carolina,3.86
SEL03175,Thompson PLC,DISTRIBUTOR,South Courtneyburgh,New Jersey,2.99
SEL03176,"Norman, Dean and Stewart",BRAND,West Kellyhaven,Michigan,2.77
SEL03177,Brown Inc,DISTRIBUTOR,Williamburgh,Arkansas,2.96
SEL03178,Mckinney-Davis,MARKETPLACE,Port Jack,Illinois,3.91
SEL03179,"Carter, Vazquez and Alexander",DISTRIBUTOR,West Rachel,Alabama,4.79
SEL03180,Klein-Bell,DISTRIBUTOR,South Jaredview,Arkansas,4.01
SEL03181,Marshall and Sons,MARKETPLACE,New Josephhaven,Minnesota,3.1
SEL03182,Mullen-Hardy,MARKETPLACE,East Taylorville,California,2.83
SEL03183,Reyes-Obrien,MARKETPLACE,Zacharyport,New Jersey,3.21
SEL03184,"Anderson, Waller and Scott",DISTRIBUTOR,South Anthonystad,South Carolina,3.39
SEL03185,"Cox, Chan and Woods",MARKETPLACE,Longchester,Mississippi,3.56
SEL03186,Garcia-Wallace,DISTRIBUTOR,Daughertyfort,Iowa,2.59
SEL03187,"Harris, Jones and Hensley",DISTRIBUTOR,Fernandezmouth,New Jersey,2.59
SEL03188,Sullivan Inc,MARKETPLACE,Marychester,Arkansas,3.24
SEL03189,Lowe Group,DISTRIBUTOR,Lake Joseph,Arizona,4.92
SEL03190,Gonzalez LLC,BRAND,Wrighttown,Arkansas,4.44
SEL03191,"Barnes, Church and Nelson",MARKETPLACE,Rodriguezfort,Maryland,3.85
SEL03192,"Harrison, Ortiz and Lowery",DISTRIBUTOR,Cruzshire,North Carolina,3.5
SEL03193,Woods-Ferrell,BRAND,Marcusfort,Alaska,3.89
SEL03194,"Harrison, Nunez and Green",BRAND,Port Matthewfort,Georgia,3.87
SEL03195,Walker-Roberts,MARKETPLACE,Mooremouth,Washington,3.8
SEL03196,Hoffman-Hartman,MARKETPLACE,Jonathanberg,Vermont,4.28
SEL03197,"Santiago, Huff and Lawrence",MARKETPLACE,Kennethburgh,Mississippi,4.38
SEL03198,Cain Ltd,BRAND,Emilyside,Nebraska,4.06
SEL03199,Livingston-Cook,DISTRIBUTOR,South Sheila,Tennessee,2.62
SEL03200,Boyd-Garcia,DISTRIBUTOR,New Kellyshire,Minnesota,4.8
SEL03201,Young-Freeman,BRAND,Shellyfort,Wisconsin,2.67
SEL03202,Vega-Martin,DISTRIBUTOR,Joannastad,Missouri,3.08
SEL03203,Diaz-Mercado,MARKETPLACE,Julieburgh,New Hampshire,2.71
SEL03204,Moody-Wolf,MARKETPLACE,West Kennethmouth,Alaska,2.83
SEL03205,"Wilson, Cross and Gray",MARKETPLACE,North Ruthtown,Vermont,2.98
SEL03206,Black Ltd,MARKETPLACE,Newmanmouth,Connecticut,3.1
SEL03207,Hunt LLC,BRAND,Scottside,Rhode Island,2.65
SEL03208,"Collins, Gibson and Melendez",DISTRIBUTOR,Christophermouth,Alaska,4.29
SEL03209,"Lang, Collier and Murphy",DISTRIBUTOR,Andersonmouth,Ohio,2.75
SEL03210,Townsend Inc,DISTRIBUTOR,North Valerie,Florida,2.9
SEL03211,Watson-Burgess,MARKETPLACE,New Casey,Idaho,3.37
SEL03212,Keller-Huber,BRAND,New Lisa,Delaware,2.86
SEL03213,"Montgomery, Webster and Smith",MARKETPLACE,Williamsshire,Louisiana,3.69
SEL03214,"Scott, Brown and Jones",BRAND,East Ashley,South Dakota,4.99
SEL03215,Patrick-Walker,MARKETPLACE,North Jamesburgh,New Jersey,4.87
SEL03216,Rangel Group,BRAND,Cisnerosport,Montana,2.56
SEL03217,"English, Benitez and Oliver",DISTRIBUTOR,Lake Christine,South Dakota,4.21
SEL03218,Pruitt-Kennedy,MARKETPLACE,New Susan,Vermont,4.78
SEL03219,French Ltd,DISTRIBUTOR,East Joyceside,Arizona,4.76
SEL03220,Hall-Poole,DISTRIBUTOR,North Charlestown,Delaware,3.23
SEL03221,Richardson-Tyler,DISTRIBUTOR,South Tamara,Oklahoma,2.77
SEL03222,Smith Ltd,MARKETPLACE,Hintonland,Alaska,3.76
SEL03223,"Spencer, Huerta and Evans",DISTRIBUTOR,Kevinbury,Massachusetts,3.73
SEL03224,Hood and Sons,BRAND,Williamfurt,New York,3.01
SEL03225,"Moody, Rivers and Hawkins",MARKETPLACE,Valeriestad,Florida,3.72
SEL03226,Green PLC,DISTRIBUTOR,Williamshaven,Ohio,4.3
SEL03227,Murray PLC,DISTRIBUTOR,Loriport,Nebraska,4.5
SEL03228,"Simpson, Parker and Alvarado",BRAND,Cameronbury,Texas,4.08
SEL03229,"Lowe, Schmidt and Bell",MARKETPLACE,Port Keith,Oregon,2.82
SEL03230,"Suarez, Hughes and Clark",MARKETPLACE,Johnsonhaven,Virginia,3.38
SEL03231,Grant PLC,MARKETPLACE,Carlbury,Georgia,4.43
SEL03232,"Fletcher, Smith and White",DISTRIBUTOR,South Toddmouth,Connecticut,4.96
SEL03233,Fields Inc,MARKETPLACE,Bartlettfort,Maryland,4.45
SEL03234,"Collins, Burnett and Blackburn",DISTRIBUTOR,Lorifort,Massachusetts,4.76
SEL03235,Clements LLC,BRAND,Timothyburgh,Missouri,3.54
SEL03236,Webb and Sons,BRAND,South Jesus,Idaho,3.94
SEL03237,"Hart, Montgomery and Brown",DISTRIBUTOR,North Christine,North Carolina,3.22
SEL03238,Williams-Gomez,MARKETPLACE,West Jacqueline,Nevada,4.7
SEL03239,Mckay Ltd,DISTRIBUTOR,Mayohaven,New Mexico,3.48
SEL03240,"Delgado, Wood and Mills",MARKETPLACE,Lisaberg,North Carolina,4.0
SEL03241,Jones-Mcdonald,DISTRIBUTOR,Perezside,Minnesota,4.46
SEL03242,Jackson-David,MARKETPLACE,Wilsonland,Maine,3.81
SEL03243,Branch-Johnson,BRAND,East Rachelberg,Utah,4.76
SEL03244,"Johnson, Bryant and Green",DISTRIBUTOR,Potterville,Rhode Island,2.98
SEL03245,Gonzalez-Rich,MARKETPLACE,Davidbury,Georgia,3.74
SEL03246,Castillo PLC,DISTRIBUTOR,East Marymouth,North Dakota,3.04
SEL03247,Holder Inc,BRAND,Port Melissaport,Oklahoma,3.38
SEL03248,"Ramirez, Lewis and Miller",DISTRIBUTOR,Johnville,Idaho,3.25
SEL03249,Sanford Ltd,MARKETPLACE,Lake Teresashire,Vermont,4.81
SEL03250,Soto Inc,DISTRIBUTOR,Floresmouth,Kentucky,3.1
SEL03251,Green-Blair,DISTRIBUTOR,Davidchester,Oklahoma,3.16
SEL03252,Wilkerson-Jones,MARKETPLACE,Douglasmouth,South Carolina,3.98
SEL03253,Stewart-Lam,DISTRIBUTOR,Jamesbury,Vermont,3.7
SEL03254,"Perry, Salazar and Montgomery",MARKETPLACE,Port Susan,Washington,3.93
SEL03255,White Group,DISTRIBUTOR,South Timothy,Ohio,4.51
SEL03256,Harper-Fisher,MARKETPLACE,West Lisaland,Vermont,3.74
SEL03257,"Ortiz, Case and Hall",BRAND,Lynnland,Hawaii,2.77
SEL03258,"Olson, Gomez and Brown",DISTRIBUTOR,Emilyland,New Mexico,4.13
SEL03259,"Gordon, Davis and Fernandez",BRAND,Smithfurt,Indiana,4.66
SEL03260,Brown-Lambert,MARKETPLACE,Sandrachester,Arkansas,4.49
SEL03261,Patel-Smith,DISTRIBUTOR,New Lauramouth,Maine,3.67
SEL03262,"Thompson, Johnson and Shaw",DISTRIBUTOR,North Jasminebury,New Hampshire,2.65
SEL03263,Neal-Brown,BRAND,West Betty,Montana,2.62
SEL03264,Armstrong PLC,DISTRIBUTOR,South Gracemouth,New Mexico,4.45
SEL03265,Holt Ltd,MARKETPLACE,South Kathryn,Rhode Island,3.48
SEL03266,Davis LLC,DISTRIBUTOR,South Christophermouth,South Carolina,4.27
SEL03267,Bell-Moore,DISTRIBUTOR,Patrickfurt,Delaware,3.2
SEL03268,Anderson-Mercado,BRAND,Butlerview,Washington,3.16
SEL03269,"Rodriguez, Flores and Phillips",MARKETPLACE,North Meghan,Montana,4.42
SEL03270,Lee-Weaver,DISTRIBUTOR,East Tracyshire,Oklahoma,3.56
SEL03271,Harris LLC,MARKETPLACE,South Sheila,Delaware,2.68
SEL03272,Estrada-Harris,DISTRIBUTOR,Lake Nathanland,West Virginia,3.4
SEL03273,"Reyes, Garcia and Harris",DISTRIBUTOR,Danahaven,New Jersey,3.75
SEL03274,Boyd PLC,BRAND,Russellhaven,North Carolina,3.65
SEL03275,Watson and Sons,MARKETPLACE,East James,Tennessee,2.86
SEL03276,King Ltd,BRAND,West Traciefurt,Kansas,3.69
SEL03277,Hernandez Group,MARKETPLACE,Dickersonberg,Connecticut,3.01
SEL03278,"Buchanan, Gonzalez and Watson",DISTRIBUTOR,Jacobmouth,Maryland,3.82
SEL03279,Church PLC,BRAND,Christopherland,Mississippi,3.45
SEL03280,"Lopez, Flores and Peck",MARKETPLACE,Wendyland,Missouri,4.14
SEL03281,Moore Inc,BRAND,Santiagofort,Mississippi,3.91
SEL03282,Rodriguez-Brown,DISTRIBUTOR,Nicholasmouth,South Dakota,3.61
SEL03283,Stewart-Phillips,DISTRIBUTOR,Andradeside,Alaska,3.39
SEL03284,"Spears, Nichols and Scott",BRAND,New Michael,New Mexico,4.01
SEL03285,Johnson Group,DISTRIBUTOR,North Matthewmouth,Illinois,3.66
SEL03286,Goodwin-Rodriguez,DISTRIBUTOR,Gonzalezmouth,New Mexico,3.98
SEL03287,Brown-Brennan,DISTRIBUTOR,Thompsonshire,New Mexico,4.77
SEL03288,Manning-Guerrero,DISTRIBUTOR,South Jesusland,Arkansas,3.82
SEL03289,"Mccormick, Mcdonald and Sanders",MARKETPLACE,North Lisamouth,Illinois,2.81
SEL03290,Castillo and Sons,BRAND,Michaelland,Delaware,4.17
SEL03291,"Landry, Campbell and Miller",DISTRIBUTOR,Randolphmouth,Oklahoma,2.56
SEL03292,"Robinson, Woods and Ballard",DISTRIBUTOR,West Yvonnehaven,Florida,2.72
SEL03293,"Reed, Dean and Jones",MARKETPLACE,Roberttown,New Mexico,4.43
SEL03294,Calderon Group,BRAND,Calebfort,Alabama,3.23
SEL03295,Robbins PLC,BRAND,East Jacquelineside,South Dakota,3.33
SEL03296,"Walker, Price and Daniels",DISTRIBUTOR,Wilsonborough,Pennsylvania,4.26
SEL03297,"Harris, Campbell and Jordan",BRAND,Wallaceville,Tennessee,2.67
SEL03298,"Hammond, Boyd and Smith",DISTRIBUTOR,Danielside,Maine,3.03
SEL03299,Flores-Williams,MARKETPLACE,Mcdanielview,Idaho,3.06
SEL03300,Smith Inc,DISTRIBUTOR,New Claudiashire,Wyoming,2.8
SEL03301,Barrera-Richardson,MARKETPLACE,Sherylborough,North Carolina,4.65
SEL03302,Kim-Miller,BRAND,Port Johnchester,New York,3.38
SEL03303,Ferguson-Stanton,MARKETPLACE,East Joshuaview,Mississippi,4.34
SEL03304,Ruiz Group,BRAND,Jerrytown,Arkansas,2.55
SEL03305,Freeman and Sons,DISTRIBUTOR,Jennifermouth,New Mexico,3.05
SEL03306,"Young, Wilson and Riley",BRAND,Shelleyfort,Rhode Island,2.92
SEL03307,Jones-Leonard,DISTRIBUTOR,Lake Sandrabury,Pennsylvania,3.94
SEL03308,Calderon-Olson,MARKETPLACE,Rodriguezstad,Delaware,3.28
SEL03309,"Cox, Terrell and Harris",DISTRIBUTOR,Colebury,Arkansas,4.28
SEL03310,Hunt PLC,BRAND,Shawnside,Massachusetts,3.47
SEL03311,Spears LLC,MARKETPLACE,New Katelyn,Michigan,4.93
SEL03312,Rios-Ortiz,BRAND,Lake Greggmouth,New Mexico,3.1
SEL03313,Harrison LLC,DISTRIBUTOR,Laurieview,Nebraska,4.26
SEL03314,Davis-Torres,BRAND,North Kelly,Louisiana,3.64
SEL03315,Carter-Davis,DISTRIBUTOR,Brownstad,Arkansas,4.36
SEL03316,Chung-Dominguez,MARKETPLACE,West Thomas,Arkansas,2.63
SEL03317,Mckenzie PLC,BRAND,South Danielle,Georgia,3.11
SEL03318,Deleon Ltd,DISTRIBUTOR,Lake Cherylport,New York,4.21
SEL03319,"Clark, Phillips and Brown",DISTRIBUTOR,Lawrencemouth,Arizona,2.76
SEL03320,Washington-Bonilla,BRAND,Jamesland,Illinois,3.61
SEL03321,Farley-Huff,BRAND,East Christopher,Wyoming,4.81
SEL03322,Church-Brooks,DISTRIBUTOR,Lake Gabrielborough,Mississippi,3.95
SEL03323,Morton Inc,BRAND,West Teresa,Nebraska,3.33
SEL03324,"Tucker, Randall and Cooper",DISTRIBUTOR,South John,Vermont,3.87
SEL03325,Estrada-Wilson,DISTRIBUTOR,East Morgan,South Carolina,4.82
SEL03326,Haas-Randolph,MARKETPLACE,Stevensborough,Virginia,3.97
SEL03327,Garrett Ltd,MARKETPLACE,Stanleytown,West Virginia,3.41
SEL03328,"Morse, Kirk and Walker",BRAND,Reedberg,New York,3.69
SEL03329,"Miller, Mcgrath and Hopkins",MARKETPLACE,East Ariana,Indiana,4.21
SEL03330,Mills-Krause,MARKETPLACE,Kruegerview,Maryland,4.84
SEL03331,Woods Ltd,BRAND,Sotoside,Alabama,4.38
SEL03332,"Ali, Christensen and Boyd",MARKETPLACE,North Michael,West Virginia,4.66
SEL03333,"Sullivan, Pope and Williams",DISTRIBUTOR,Gonzalezmouth,Massachusetts,3.56
SEL03334,Cook Group,DISTRIBUTOR,New Annabury,Vermont,4.16
SEL03335,"Rodriguez, Kirby and Fuller",BRAND,Juliechester,South Dakota,4.48
SEL03336,Giles and Sons,MARKETPLACE,North Maria,Nebraska,2.69
SEL03337,Rhodes-Wright,BRAND,Jameschester,Florida,3.19
SEL03338,Wilson Group,MARKETPLACE,Sanchezville,North Carolina,4.57
SEL03339,Boyd LLC,MARKETPLACE,Port Belinda,South Carolina,2.87
SEL03340,Mccall-Howard,BRAND,Lewisfurt,Wisconsin,3.8
SEL03341,"Gonzalez, Cooper and Moody",BRAND,South Davidville,Kansas,2.56
SEL03342,"Ellis, Smith and Mcpherson",BRAND,Thomashaven,Idaho,2.77
SEL03343,Snyder-Wells,BRAND,Ericaport,Arkansas,3.08
SEL03344,"Hart, Martin and Herrera",MARKETPLACE,South Veronica,Virginia,3.89
SEL03345,"Koch, Scott and Bentley",BRAND,South Andre,Connecticut,2.73
SEL03346,"Davis, Ray and Simpson",MARKETPLACE,Port Katrina,Kansas,3.24
SEL03347,Clark-Richardson,MARKETPLACE,Jonathanland,Tennessee,2.79
SEL03348,"Thomas, Pratt and Pitts",MARKETPLACE,Foxville,Texas,2.94
SEL03349,Meza Ltd,BRAND,West Sabrinafort,North Dakota,4.32
SEL03350,Mejia LLC,BRAND,Bridgesland,Tennessee,3.66
SEL03351,"Foster, Sanchez and Lewis",MARKETPLACE,Bishopmouth,Louisiana,2.59
SEL03352,"Horne, Price and Lindsey",DISTRIBUTOR,South Jocelynberg,South Carolina,4.57
SEL03353,Smith-Preston,DISTRIBUTOR,Patrickport,Maine,4.51
SEL03354,Cooper Inc,BRAND,South Feliciahaven,Rhode Island,2.67
SEL03355,Cooper-Russell,BRAND,Joanneborough,Ohio,4.0
SEL03356,Williams-Williams,BRAND,Erinberg,New Jersey,3.64
SEL03357,Jackson-Rush,BRAND,Christopherview,Mississippi,3.99
SEL03358,George-Gutierrez,DISTRIBUTOR,South Michele,Florida,2.87
SEL03359,"Hernandez, Benson and Williams",MARKETPLACE,North Annetteshire,North Dakota,4.96
SEL03360,"Reyes, Barrett and Duran",BRAND,Dannyton,Pennsylvania,4.46
SEL03361,Morales Inc,BRAND,North Monicaville,Hawaii,2.75
SEL03362,Schultz-Mcdaniel,MARKETPLACE,Robinsonport,Pennsylvania,4.67
SEL03363,Rodriguez Ltd,DISTRIBUTOR,Henryhaven,West Virginia,2.8
SEL03364,Saunders-Davis,BRAND,Josephtown,South Dakota,3.42
SEL03365,Weber LLC,MARKETPLACE,Keithborough,South Carolina,2.73
SEL03366,Gomez-Wilson,DISTRIBUTOR,New Austinmouth,New York,3.4
SEL03367,Fuentes-King,BRAND,East Davidview,Maryland,2.93
SEL03368,Aguirre-Williams,BRAND,Larrytown,South Dakota,4.81
SEL03369,Guzman PLC,DISTRIBUTOR,East Jeffreyfurt,Pennsylvania,3.28
SEL03370,Anderson-Hughes,BRAND,Lake Summer,North Carolina,3.56
SEL03371,Ho Ltd,DISTRIBUTOR,Veronicaland,New York,3.2
SEL03372,"Hoffman, Gibson and Smith",DISTRIBUTOR,Whiteland,New Jersey,4.56
SEL03373,Ortiz Group,MARKETPLACE,Davidborough,Maryland,2.59
SEL03374,"Schwartz, Kim and Ellis",MARKETPLACE,New Austin,West Virginia,4.22
SEL03375,"Sanchez, Patel and Bryan",MARKETPLACE,Port Karenmouth,Iowa,4.53
SEL03376,Miller Group,DISTRIBUTOR,North Donna,South Dakota,4.24
SEL03377,Wade-Castillo,MARKETPLACE,South Laurenland,Colorado,3.4
SEL03378,Thompson-Barnes,BRAND,West Catherineburgh,North Dakota,2.67
SEL03379,Ruiz LLC,DISTRIBUTOR,Gomezstad,Vermont,4.7
SEL03380,"Tucker, Reilly and Bailey",MARKETPLACE,Knightport,Indiana,2.51
SEL03381,Montgomery-Palmer,DISTRIBUTOR,Waltersville,Illinois,4.96
SEL03382,Smith Inc,DISTRIBUTOR,Lake Zachary,Tennessee,3.0
SEL03383,"Huber, Washington and Neal",MARKETPLACE,New Julianstad,Missouri,4.54
SEL03384,Conley Inc,DISTRIBUTOR,Mackview,Idaho,3.16
SEL03385,Fisher-Lin,MARKETPLACE,Hernandeztown,Illinois,4.84
SEL03386,"Lewis, Perkins and Butler",BRAND,East Kelly,Wyoming,3.09
SEL03387,Moore Inc,BRAND,New Kimberlyland,Delaware,2.82
SEL03388,"Sheppard, Thornton and West",BRAND,Blanchardland,Oklahoma,4.03
SEL03389,Lin-Johnson,MARKETPLACE,Lake Rebecca,Florida,2.99
SEL03390,"Hernandez, Brown and Ward",DISTRIBUTOR,Martintown,Nevada,2.78
SEL03391,"Lambert, Evans and Savage",BRAND,Sarahfort,Washington,3.23
SEL03392,Reyes-Clark,BRAND,North Brianbury,New Mexico,2.94
SEL03393,Flores-Cole,BRAND,Smithhaven,California,3.38
SEL03394,Hicks Group,BRAND,South Tamara,Ohio,3.99
SEL03395,Rich and Sons,MARKETPLACE,Suzannebury,California,3.23
SEL03396,"Smith, Mueller and Long",BRAND,Kimberlyburgh,Vermont,3.52
SEL03397,Schultz Group,MARKETPLACE,Schmidtview,Oklahoma,3.77
SEL03398,Donovan-Edwards,DISTRIBUTOR,Port Bethanyberg,Arkansas,4.12
SEL03399,Barnes-Smith,DISTRIBUTOR,New Anthony,New Jersey,3.88
SEL03400,Underwood Group,DISTRIBUTOR,New Julietown,Tennessee,4.74
SEL03401,Morris Inc,BRAND,New Lori,Maryland,4.36
SEL03402,"Ellis, Lewis and Bruce",DISTRIBUTOR,Kristinberg,West Virginia,4.09
SEL03403,Winters-Duffy,DISTRIBUTOR,East Rebecca,Utah,4.77
SEL03404,"Porter, Steele and Stewart",MARKETPLACE,New Jennifer,Illinois,2.87
SEL03405,Monroe LLC,DISTRIBUTOR,Sanfordchester,Alabama,4.59
SEL03406,"Jones, Sosa and Fernandez",MARKETPLACE,Garrettside,Iowa,4.24
SEL03407,"Parsons, Hamilton and Miller",DISTRIBUTOR,Kaylaborough,Hawaii,2.52
SEL03408,"Steele, Patterson and Jones",MARKETPLACE,East Robert,Illinois,4.88
SEL03409,Morris-Morton,MARKETPLACE,East Kristi,Arkansas,2.7
SEL03410,Boyle Inc,BRAND,East Joyborough,Nevada,3.48
SEL03411,"Mcbride, Flynn and Lopez",DISTRIBUTOR,South Michael,Iowa,2.52
SEL03412,Smith Ltd,DISTRIBUTOR,Norrisborough,New York,4.25
SEL03413,Hamilton-Pearson,DISTRIBUTOR,Stevensville,New Mexico,4.65
SEL03414,"Zavala, Rojas and Rivera",BRAND,Lake Christopher,Washington,3.03
SEL03415,Smith-Rush,MARKETPLACE,West Christopherchester,West Virginia,4.63
SEL03416,Pope and Sons,DISTRIBUTOR,North Philipstad,Maine,3.92
SEL03417,Hawkins Group,MARKETPLACE,Lake Maria,Hawaii,4.49
SEL03418,Weaver LLC,MARKETPLACE,West Veronicahaven,Nebraska,3.1
SEL03419,Hall-Elliott,DISTRIBUTOR,Wilsontown,Idaho,3.11
SEL03420,Ellis-Goodman,MARKETPLACE,Rogerbury,Hawaii,2.65
SEL03421,"Green, Rogers and Brown",DISTRIBUTOR,East Jocelyn,Rhode Island,4.86
SEL03422,"Richardson, Maldonado and Benson",MARKETPLACE,West Isabella,New Jersey,4.22
SEL03423,Martinez Ltd,MARKETPLACE,Hendersonview,Missouri,2.86
SEL03424,Roth-Berry,MARKETPLACE,Macdonaldhaven,Virginia,4.86
SEL03425,"Cline, Castro and Smith",BRAND,Danielton,Arkansas,3.42
SEL03426,Baker-Mccoy,DISTRIBUTOR,Pageborough,Montana,3.6
SEL03427,"Salazar, Mckinney and Smith",DISTRIBUTOR,West Josestad,Ohio,4.21
SEL03428,Gibson Ltd,BRAND,North Meghanmouth,Indiana,4.79
SEL03429,"Medina, Todd and Brock",MARKETPLACE,North Leslie,Colorado,3.93
SEL03430,Knight LLC,BRAND,New Nathan,Pennsylvania,3.19
SEL03431,Mora-Jones,DISTRIBUTOR,Gibsonborough,Arkansas,4.48
SEL03432,Johnson Inc,DISTRIBUTOR,Gonzaleztown,Ohio,3.18
SEL03433,White and Sons,DISTRIBUTOR,West Cody,Mississippi,4.07
SEL03434,"Nunez, Hodge and Henderson",BRAND,Elizabethhaven,Wisconsin,2.86
SEL03435,Day Group,MARKETPLACE,Port Rodney,Connecticut,4.84
SEL03436,Bradley Ltd,MARKETPLACE,Port Danside,Utah,3.52
SEL03437,"King, Hernandez and Scott",BRAND,West Kristy,New Jersey,4.21
SEL03438,Parrish Group,DISTRIBUTOR,Lake Nicole,Florida,4.88
SEL03439,"Soto, Coleman and Chambers",MARKETPLACE,North Markville,North Carolina,3.69
SEL03440,Adams PLC,BRAND,South Marcusside,Mississippi,2.88
SEL03441,Nielsen-Dougherty,DISTRIBUTOR,Weeksstad,Maine,3.65
SEL03442,Johnson PLC,MARKETPLACE,Torreshaven,South Dakota,4.76
SEL03443,Oneill-Taylor,DISTRIBUTOR,Port Todd,Kentucky,4.39
SEL03444,"Cruz, Levine and Burton",DISTRIBUTOR,North Elizabeth,Arkansas,2.65
SEL03445,Ramsey-Wilson,DISTRIBUTOR,Johnsonton,Vermont,4.7
SEL03446,Barker LLC,DISTRIBUTOR,New Shane,Missouri,4.83
SEL03447,Bell PLC,MARKETPLACE,West Alison,Indiana,3.95
SEL03448,Smith Inc,DISTRIBUTOR,Williamsview,Illinois,3.08
SEL03449,Peterson-Ward,BRAND,Kellyton,North Carolina,2.62
SEL03450,Jimenez LLC,DISTRIBUTOR,Knightview,Wyoming,4.0
SEL03451,"Nicholson, Norman and Ortiz",MARKETPLACE,South Darren,Louisiana,2.84
SEL03452,Bryan-Bennett,MARKETPLACE,Davidmouth,Nebraska,3.03
SEL03453,Wagner Inc,BRAND,Hayleyborough,California,2.88
SEL03454,"Aguirre, Gardner and Brown",DISTRIBUTOR,Kelleychester,California,4.59
SEL03455,York-Lowery,MARKETPLACE,Brandonbury,Kansas,2.57
SEL03456,"Baker, Wright and Martin",DISTRIBUTOR,East Anthony,Pennsylvania,4.84
SEL03457,Martinez Inc,BRAND,Mitchellstad,Michigan,3.63
SEL03458,Mosley-Kerr,DISTRIBUTOR,Josephtown,Iowa,2.81
SEL03459,Murray-Wolfe,MARKETPLACE,Parkershire,Hawaii,3.14
SEL03460,Vasquez LLC,DISTRIBUTOR,East Amanda,Virginia,3.04
SEL03461,"Hawkins, Lewis and Miller",DISTRIBUTOR,South Susan,Wyoming,3.83
SEL03462,Golden LLC,MARKETPLACE,Kristafort,Indiana,4.66
SEL03463,Berg-Chan,BRAND,Manuelborough,Montana,4.15
SEL03464,Reyes-Perkins,MARKETPLACE,Port Christopherville,Rhode Island,4.55
SEL03465,"Meyer, Taylor and Edwards",DISTRIBUTOR,Chenberg,Florida,3.74
SEL03466,"Dixon, Owens and Sanders",DISTRIBUTOR,Kingview,Oklahoma,2.7
SEL03467,Schultz-Harris,DISTRIBUTOR,Gillton,South Dakota,4.54
SEL03468,"Newman, Holloway and Elliott",DISTRIBUTOR,Lake Kevin,New Mexico,2.54
SEL03469,Rivas-Robinson,BRAND,Marytown,North Carolina,2.67
SEL03470,Harris PLC,MARKETPLACE,West Joseph,Minnesota,3.85
SEL03471,"Herrera, Henson and Navarro",BRAND,Frederickstad,Illinois,2.65
SEL03472,"Smith, George and Santiago",MARKETPLACE,Grantfort,Oklahoma,3.25
SEL03473,Cabrera Group,DISTRIBUTOR,New Jason,New York,4.61
SEL03474,Russell Ltd,BRAND,New Vanessachester,Hawaii,3.12
SEL03475,Webb-Taylor,MARKETPLACE,New Chadmouth,North Dakota,2.72
SEL03476,Brown-Rogers,BRAND,South Kyleborough,New Mexico,2.8
SEL03477,"Davis, Dunn and Coleman",DISTRIBUTOR,Lake Shelbyport,Missouri,4.97
SEL03478,Williams-Allen,BRAND,New Brandon,California,3.62
SEL03479,Steele Group,MARKETPLACE,Brownton,Pennsylvania,2.54
SEL03480,Lee-Hampton,DISTRIBUTOR,East Natalie,Georgia,4.96
SEL03481,"Saunders, Miller and Brooks",MARKETPLACE,Evansborough,Indiana,4.49
SEL03482,"Jones, Black and Brown",MARKETPLACE,Kevinville,Arkansas,4.72
SEL03483,Miller Ltd,MARKETPLACE,New Angelachester,Alaska,3.07
SEL03484,"Wright, Shaw and Marquez",BRAND,Kruegerport,Hawaii,4.95
SEL03485,Chapman LLC,BRAND,Maryberg,Kentucky,4.55
SEL03486,"Vance, Tanner and Goodwin",MARKETPLACE,Acostastad,Pennsylvania,2.75
SEL03487,Lara and Sons,DISTRIBUTOR,New Christine,Maryland,3.61
SEL03488,Smith-Mcfarland,BRAND,Floresburgh,Indiana,4.93
SEL03489,"Garrett, Roman and Smith",MARKETPLACE,Jaredfurt,Tennessee,4.15
SEL03490,Lozano-Phillips,DISTRIBUTOR,Glennshire,Tennessee,3.0
SEL03491,"Ray, Bailey and Rodriguez",MARKETPLACE,Lake Ericaberg,Wyoming,3.77
SEL03492,Jackson LLC,MARKETPLACE,East Natalie,Washington,4.54
SEL03493,Hayes-Yu,MARKETPLACE,Travisview,Wyoming,4.27
SEL03494,Blair LLC,MARKETPLACE,Williamsonberg,West Virginia,3.84
SEL03495,Smith LLC,BRAND,Heathertown,Alabama,2.76
SEL03496,Duffy-Salazar,DISTRIBUTOR,Lake Mario,Alabama,3.06
SEL03497,Smith-Howard,DISTRIBUTOR,Anthonyport,Tennessee,3.46
SEL03498,"Soto, Jones and Kennedy",DISTRIBUTOR,West Alyssaside,South Dakota,2.76
SEL03499,Gillespie-Swanson,DISTRIBUTOR,West Jaredview,Illinois,3.76
SEL03500,Young-Price,BRAND,Port Johnshire,Nevada,2.86
SEL03501,"Adams, Green and Bailey",BRAND,New Ryanfort,Illinois,4.83
SEL03502,Reynolds Inc,DISTRIBUTOR,North Katie,Nevada,4.57
SEL03503,"Harris, Walsh and Walton",DISTRIBUTOR,Tommybury,Mississippi,3.34
SEL03504,"Johnson, Baird and Welch",DISTRIBUTOR,North Danielleberg,Michigan,3.69
SEL03505,Hansen LLC,DISTRIBUTOR,New Lee,Oklahoma,3.16
SEL03506,Barnett Group,MARKETPLACE,Port Katherineton,Virginia,3.11
SEL03507,"Brown, Ford and Cunningham",MARKETPLACE,Parksstad,Texas,4.77
SEL03508,Price-Hicks,BRAND,East Randyberg,Nevada,4.53
SEL03509,Strickland Ltd,DISTRIBUTOR,West Douglasfurt,New Jersey,3.25
SEL03510,Morgan-Johnston,BRAND,Dennisville,Rhode Island,4.04
SEL03511,Holloway Ltd,MARKETPLACE,Lake Mariebury,Maryland,3.43
SEL03512,Wolf Ltd,BRAND,West Cherylside,Alaska,4.96
SEL03513,Lee Ltd,DISTRIBUTOR,Sarahshire,Nevada,3.07
SEL03514,"Cummings, Landry and Davis",MARKETPLACE,Huntfurt,West Virginia,3.89
SEL03515,Brown-Collins,DISTRIBUTOR,Port Alexstad,New Jersey,3.27
SEL03516,Santiago LLC,MARKETPLACE,Herrerachester,Ohio,2.97
SEL03517,"Rivera, Nunez and Russell",DISTRIBUTOR,Christopherhaven,South Carolina,2.65
SEL03518,Gonzales-Clark,DISTRIBUTOR,Taylorfort,Kentucky,3.5
SEL03519,Bowers Ltd,MARKETPLACE,Pamelaview,North Dakota,3.91
SEL03520,Banks Ltd,MARKETPLACE,North Natasha,Florida,3.85
SEL03521,Wright-Pacheco,MARKETPLACE,Eileenborough,Kentucky,3.49
SEL03522,"Wilson, Singleton and Powers",MARKETPLACE,Amychester,Louisiana,4.43
SEL03523,Woodard-Lawson,DISTRIBUTOR,South Christy,Pennsylvania,2.79
SEL03524,Jennings-Rodriguez,BRAND,New Brianmouth,Mississippi,4.95
SEL03525,Shelton-Walker,DISTRIBUTOR,North Lawrencefort,Delaware,4.96
SEL03526,"Mclaughlin, Cuevas and Ford",MARKETPLACE,Karenmouth,Minnesota,4.57
SEL03527,Cunningham-Carter,DISTRIBUTOR,Lake Marisa,New Mexico,3.84
SEL03528,Williams-Rodriguez,MARKETPLACE,Bakerfurt,Alaska,3.98
SEL03529,Tucker Inc,MARKETPLACE,South Ryanberg,Washington,3.69
SEL03530,"Cameron, Harris and Thompson",MARKETPLACE,Sullivanfurt,Maryland,4.07
SEL03531,Hernandez and Sons,MARKETPLACE,Arnoldburgh,Maine,3.56
SEL03532,Ryan-Buck,MARKETPLACE,West Derek,Idaho,3.53
SEL03533,"Landry, Smith and Thomas",MARKETPLACE,Hughesshire,Wisconsin,2.97
SEL03534,Wilcox-Kelley,MARKETPLACE,Lake Susanland,Iowa,4.32
SEL03535,Koch-Young,BRAND,Port Miguelfort,Montana,3.76
SEL03536,Simpson-Navarro,DISTRIBUTOR,Lake Hector,Alaska,3.56
SEL03537,Harris LLC,BRAND,East Lisahaven,Rhode Island,4.89
SEL03538,Randolph-Thompson,DISTRIBUTOR,North Tamara,North Carolina,4.64
SEL03539,Bond-Obrien,BRAND,New Sarah,Oklahoma,3.02
SEL03540,"Saunders, Thomas and Burns",MARKETPLACE,Rhondafort,Arkansas,3.19
SEL03541,Mejia-Marsh,DISTRIBUTOR,Joseberg,Washington,3.38
SEL03542,Williams Inc,BRAND,Jessicamouth,Arkansas,4.85
SEL03543,"Burns, Marshall and Boyle",BRAND,Hamiltonchester,Alabama,3.44
SEL03544,Berry-Lynch,BRAND,Stricklandmouth,Kentucky,3.68
SEL03545,"Terrell, Le and Sawyer",DISTRIBUTOR,Christopherside,Arkansas,4.89
SEL03546,Martinez LLC,DISTRIBUTOR,Lake Michaelbury,Wyoming,4.72
SEL03547,Thompson-Huffman,BRAND,Port Jacquelineshire,Illinois,3.0
SEL03548,"Riley, Griffin and Hayes",BRAND,New Regina,West Virginia,4.84
SEL03549,"Anderson, Gutierrez and Nixon",MARKETPLACE,South Timothymouth,Maine,4.97
SEL03550,"Sexton, Perez and Stevens",DISTRIBUTOR,Greenburgh,Delaware,4.02
SEL03551,Mcclain and Sons,MARKETPLACE,Ruizland,Michigan,2.84
SEL03552,Smith Inc,DISTRIBUTOR,Lake Christinafurt,North Carolina,3.84
SEL03553,"Sullivan, Carroll and Griffith",BRAND,Tanyaland,New Hampshire,4.38
SEL03554,Wong-Morris,MARKETPLACE,Lake Emily,Alabama,3.76
SEL03555,"Ellis, Vaughn and Jackson",BRAND,Haasfort,Delaware,4.07
SEL03556,"Mcclure, Pierce and Roberts",MARKETPLACE,Michellechester,Alaska,2.89
SEL03557,"Haas, Hunt and Vincent",MARKETPLACE,West Annatown,New Hampshire,4.44
SEL03558,Torres LLC,MARKETPLACE,West Brenda,New Hampshire,2.79
SEL03559,"Adams, Powell and Tyler",BRAND,North Corey,Louisiana,3.0
SEL03560,Adkins PLC,MARKETPLACE,Christianview,Nevada,2.79
SEL03561,"Thomas, Edwards and Griffin",BRAND,North Andrewberg,New York,4.16
SEL03562,Griffith Ltd,DISTRIBUTOR,Collinsfurt,Maine,4.97
SEL03563,"Johnson, Colon and Cochran",BRAND,Tonyaside,Wyoming,4.83
SEL03564,"Walker, Garcia and Richardson",BRAND,South Christopherberg,Pennsylvania,3.8
SEL03565,"Zamora, Smith and Dixon",BRAND,West Katherine,Arizona,3.78
SEL03566,Jones and Sons,DISTRIBUTOR,Joannachester,Arizona,3.95
SEL03567,Rubio-Finley,DISTRIBUTOR,North Austinport,Wyoming,4.26
SEL03568,Reid LLC,MARKETPLACE,West Daniel,New Mexico,3.38
SEL03569,Solis PLC,BRAND,Port Michelle,Arkansas,2.61
SEL03570,Livingston-Ortiz,DISTRIBUTOR,Cynthiaton,Louisiana,3.83
SEL03571,Lee-Rangel,MARKETPLACE,Meyerberg,Alaska,3.52
SEL03572,"Lopez, Cantrell and Jackson",DISTRIBUTOR,Port Nicholas,Florida,3.09
SEL03573,"Garrett, Ponce and Walton",DISTRIBUTOR,Lake Lynn,Ohio,2.91
SEL03574,"Henderson, Perez and Dean",DISTRIBUTOR,Aliciaville,Oregon,3.85
SEL03575,Jones-Smith,BRAND,Wrightton,Oklahoma,3.23
SEL03576,Short-Sanchez,MARKETPLACE,Meganberg,Minnesota,4.65
SEL03577,Garcia-Rogers,BRAND,Royside,Minnesota,2.83
SEL03578,Sanchez Inc,MARKETPLACE,West Susanmouth,Georgia,3.27
SEL03579,"Villegas, James and Edwards",DISTRIBUTOR,Kayleeton,Louisiana,3.69
SEL03580,"Smith, Little and Perkins",BRAND,Brandonville,Oregon,4.84
SEL03581,Alexander-Bailey,MARKETPLACE,Johnsonhaven,Massachusetts,2.53
SEL03582,"Wang, Chandler and Peterson",DISTRIBUTOR,North Maryborough,West Virginia,3.49
SEL03583,Smith-Pace,DISTRIBUTOR,South Chad,Wyoming,4.84
SEL03584,Farmer-Rowland,MARKETPLACE,Davidshire,Wyoming,3.42
SEL03585,Chan and Sons,DISTRIBUTOR,Toddburgh,Montana,3.22
SEL03586,Decker-Maldonado,DISTRIBUTOR,North Edwardville,Mississippi,3.03
SEL03587,Cooper-Wilson,MARKETPLACE,Michaelbury,Alabama,4.19
SEL03588,Taylor PLC,BRAND,South Christopherborough,Nevada,2.78
SEL03589,"Mcgee, Blanchard and Smith",BRAND,Amandaport,Georgia,3.81
SEL03590,Hall-Mcdaniel,DISTRIBUTOR,Castillochester,Oregon,3.79
SEL03591,Holder LLC,MARKETPLACE,Port Reginaside,Wyoming,2.53
SEL03592,Norton PLC,DISTRIBUTOR,Lisaville,New Hampshire,3.61
SEL03593,Salinas PLC,MARKETPLACE,Port David,Arkansas,4.03
SEL03594,Lutz-Serrano,MARKETPLACE,Amandabury,Alaska,4.45
SEL03595,Walker Ltd,DISTRIBUTOR,Lake Tammy,Alabama,4.05
SEL03596,"Stone, Hartman and Williams",MARKETPLACE,Johnstad,Minnesota,2.88
SEL03597,Young Group,DISTRIBUTOR,West Jacquelinemouth,New Jersey,4.23
SEL03598,Dudley Ltd,DISTRIBUTOR,Shirleyshire,Alabama,4.14
SEL03599,Ball-Brown,DISTRIBUTOR,West Tammy,Montana,3.19
SEL03600,Obrien LLC,DISTRIBUTOR,South Amanda,New Mexico,3.52
SEL03601,Green Ltd,DISTRIBUTOR,East Brett,North Dakota,3.74
SEL03602,"Wilson, Silva and Cummings",BRAND,Port Brendaland,Wyoming,3.01
SEL03603,Nguyen-Schultz,DISTRIBUTOR,Adamsbury,Mississippi,2.7
SEL03604,"Garza, Avila and Duran",DISTRIBUTOR,West Felicia,Missouri,3.04
SEL03605,"Brown, Wu and Evans",BRAND,New Brent,California,3.65
SEL03606,Wood PLC,MARKETPLACE,North Sonyamouth,Hawaii,3.36
SEL03607,"Faulkner, Martinez and Montgomery",DISTRIBUTOR,North Sarah,West Virginia,2.98
SEL03608,"Cook, Burns and Rollins",MARKETPLACE,New Michael,Texas,3.2
SEL03609,Martinez-Griffin,MARKETPLACE,Kennethborough,Maine,4.79
SEL03610,Fisher-Jennings,DISTRIBUTOR,Kelleymouth,Illinois,3.19
SEL03611,"Reed, Rose and Le",BRAND,Ruthside,Wyoming,4.87
SEL03612,"Craig, Crawford and Montgomery",DISTRIBUTOR,Lake Caitlynborough,Missouri,3.74
SEL03613,"Stein, Adkins and Lee",MARKETPLACE,New Anthonymouth,Indiana,4.31
SEL03614,Turner LLC,BRAND,Collinmouth,Wisconsin,4.85
SEL03615,Turner-Murillo,MARKETPLACE,Lake Kristaborough,Indiana,3.38
SEL03616,Lewis-Cook,BRAND,New Katelyn,Colorado,2.98
SEL03617,Cox Group,DISTRIBUTOR,Charleschester,Michigan,3.52
SEL03618,"Hughes, Daniels and Sanchez",MARKETPLACE,Evansfurt,North Dakota,4.53
SEL03619,"Davis, Francis and Garrett",MARKETPLACE,Weisshaven,Arizona,3.31
SEL03620,Burns Group,DISTRIBUTOR,West Matthew,Delaware,2.87
SEL03621,"Jackson, Nguyen and Ho",DISTRIBUTOR,Port Benjaminborough,Michigan,4.47
SEL03622,Sosa-Rogers,DISTRIBUTOR,East Alexandria,Pennsylvania,4.92
SEL03623,"Cox, Guerra and Miller",DISTRIBUTOR,New Tiffany,Louisiana,4.58
SEL03624,"Tucker, Oconnor and Arnold",MARKETPLACE,Port Marthaberg,Massachusetts,3.72
SEL03625,"Sheppard, Williams and Hall",BRAND,New Joshuaburgh,New Jersey,4.88
SEL03626,"Rocha, Patel and Jones",MARKETPLACE,South Sarah,Wyoming,4.76
SEL03627,"Anderson, Hill and Thompson",BRAND,East Sharonmouth,New Jersey,2.85
SEL03628,"Johnson, Boone and Mendoza",MARKETPLACE,Karenstad,Oregon,3.51
SEL03629,"Mathews, Cline and Scott",MARKETPLACE,Rossberg,New Hampshire,2.79
SEL03630,Alexander-Rogers,MARKETPLACE,Riverafurt,Illinois,2.63
SEL03631,Smith PLC,MARKETPLACE,Colleentown,Delaware,3.5
SEL03632,Valdez-Martin,MARKETPLACE,West Brandyburgh,Maine,4.92
SEL03633,Simmons-Byrd,MARKETPLACE,Jessicaburgh,Washington,2.78
SEL03634,"Rowland, Campbell and Wolf",BRAND,Mathewschester,Texas,4.0
SEL03635,Klein-Martinez,MARKETPLACE,North Alexandrafurt,New York,3.05
SEL03636,Maldonado-Obrien,MARKETPLACE,West Carrie,Pennsylvania,4.61
SEL03637,Melendez-Morales,BRAND,North Markland,West Virginia,2.58
SEL03638,Vazquez-Ortiz,MARKETPLACE,East Jamiechester,Kansas,3.29
SEL03639,"Klein, Zimmerman and Smith",BRAND,Heatherville,Maryland,4.77
SEL03640,"Garcia, Powers and Foster",MARKETPLACE,Danielleland,Nebraska,3.53
SEL03641,Mitchell and Sons,BRAND,Lake Roberttown,Connecticut,3.19
SEL03642,Morris Ltd,DISTRIBUTOR,Leetown,Colorado,4.72
SEL03643,Murphy-Herrera,DISTRIBUTOR,Johnborough,Utah,2.59
SEL03644,"Green, Reynolds and Taylor",BRAND,Michellechester,New York,3.94
SEL03645,"Mendoza, Schneider and Jimenez",BRAND,Port Ronald,Missouri,4.22
SEL03646,Perez-Wilson,DISTRIBUTOR,Jonesview,Tennessee,2.55
SEL03647,Christensen-Ramos,DISTRIBUTOR,Colemanside,Texas,4.98
SEL03648,Norris PLC,DISTRIBUTOR,Carterbury,Arizona,3.79
SEL03649,Delacruz PLC,BRAND,Jesuschester,Kentucky,4.87
SEL03650,Kim and Sons,BRAND,Fieldsburgh,Louisiana,4.28
SEL03651,"Taylor, Alvarez and Bridges",MARKETPLACE,Elizabethmouth,Maryland,4.02
SEL03652,Kane-Mullen,DISTRIBUTOR,West Andrew,West Virginia,3.49
SEL03653,"Moore, Sanders and Cooke",BRAND,Amyport,Virginia,4.65
SEL03654,"Levine, Owens and Martin",BRAND,Martinberg,Connecticut,2.82
SEL03655,Brown Group,BRAND,Joeland,Nebraska,3.32
SEL03656,Carson-Wilkinson,MARKETPLACE,South Helen,Kentucky,2.87
SEL03657,Smith Ltd,BRAND,Jonberg,Arkansas,4.04
SEL03658,Walker Inc,MARKETPLACE,New Tammy,North Carolina,2.65
SEL03659,Gordon-Johnson,BRAND,Port Jamestown,Alabama,3.91
SEL03660,Cameron PLC,BRAND,North Nicoleland,Oklahoma,3.61
SEL03661,Miller-Edwards,BRAND,Silvastad,New Hampshire,2.74
SEL03662,Gomez and Sons,BRAND,East Billland,Washington,3.55
SEL03663,Bailey-Blanchard,MARKETPLACE,New Beverly,Florida,3.57
SEL03664,Lopez Inc,DISTRIBUTOR,Ronnieburgh,Louisiana,2.51
SEL03665,Huffman-Keller,DISTRIBUTOR,South Brianside,Washington,3.08
SEL03666,Miller-Watts,BRAND,East Michelle,Arizona,3.07
SEL03667,Fields-Abbott,MARKETPLACE,East Stephanie,Oregon,4.86
SEL03668,Mason-Johnson,MARKETPLACE,West Justinmouth,Oklahoma,3.4
SEL03669,Williams-Olsen,BRAND,Gibsonmouth,Alabama,4.32
SEL03670,"Scott, Robertson and Miller",DISTRIBUTOR,Schneiderfurt,South Dakota,4.13
SEL03671,Johnson-Atkinson,BRAND,Angelton,Minnesota,3.74
SEL03672,Peters Inc,MARKETPLACE,Munozborough,Oregon,4.0
SEL03673,"Oneal, Zimmerman and Rivera",BRAND,Port Staceytown,Indiana,4.28
SEL03674,Hernandez Ltd,BRAND,Tonyberg,Utah,3.83
SEL03675,"White, Meyer and Stewart",MARKETPLACE,North Mary,Indiana,4.39
SEL03676,Miller LLC,MARKETPLACE,Mackport,North Dakota,3.95
SEL03677,"Lawrence, Andrade and Hall",MARKETPLACE,Port Tyler,Iowa,2.59
SEL03678,"Collins, Sandoval and Young",MARKETPLACE,Fernandezport,Colorado,2.68
SEL03679,Jenkins-Clark,DISTRIBUTOR,Tinamouth,Alaska,4.66
SEL03680,"Jones, Hanson and Anderson",DISTRIBUTOR,Cooperfort,Missouri,3.46
SEL03681,"Edwards, Briggs and Davis",DISTRIBUTOR,Joannaland,Michigan,4.89
SEL03682,"Green, Sanders and Craig",MARKETPLACE,North Codyberg,Massachusetts,2.6
SEL03683,Rose Group,BRAND,North Joseph,Virginia,3.45
SEL03684,"Cameron, Washington and Mcclure",MARKETPLACE,Port William,Montana,4.33
SEL03685,"Schultz, Dean and Alvarez",DISTRIBUTOR,Espinozaview,Virginia,3.31
SEL03686,Johnson-Moore,DISTRIBUTOR,Sharonshire,Maine,3.51
SEL03687,"Chavez, Cook and Reyes",MARKETPLACE,Josephshire,Nevada,3.94
SEL03688,Bennett Group,MARKETPLACE,West Zacharyview,New York,3.98
SEL03689,Wilkins PLC,DISTRIBUTOR,South Taylor,Iowa,4.94
SEL03690,"Brown, Collins and Walsh",MARKETPLACE,Hicksfort,Oklahoma,2.86
SEL03691,"Dean, Allen and Barrera",BRAND,North Brendaside,Illinois,2.86
SEL03692,Burton-Byrd,BRAND,Briannaton,Washington,4.68
SEL03693,Noble-Beard,MARKETPLACE,East David,Hawaii,4.11
SEL03694,"Pacheco, Wright and Morgan",DISTRIBUTOR,Whitechester,New Jersey,4.7
SEL03695,Lee PLC,DISTRIBUTOR,Lake Johnland,Arizona,3.24
SEL03696,"Ellis, Acosta and Atkinson",MARKETPLACE,Galvanborough,Texas,4.16
SEL03697,Stevens-Vincent,DISTRIBUTOR,Josephborough,Nevada,2.53
SEL03698,Monroe-Mooney,BRAND,Jennifermouth,Indiana,3.57
SEL03699,Rasmussen-Jones,MARKETPLACE,Georgeport,New Mexico,4.54
SEL03700,Jackson Group,MARKETPLACE,West Juliehaven,Rhode Island,4.29
SEL03701,Pearson LLC,MARKETPLACE,Lake Donaldshire,Rhode Island,3.39
SEL03702,Crawford LLC,MARKETPLACE,East Ryan,Oklahoma,4.92
SEL03703,"Ortiz, Hansen and Dominguez",MARKETPLACE,Kristophershire,New York,4.77
SEL03704,"Bowers, Calhoun and Jones",BRAND,West Jesusview,Connecticut,3.33
SEL03705,"Brown, Hayes and Barber",BRAND,Parsonsside,Rhode Island,4.81
SEL03706,Freeman-Estrada,DISTRIBUTOR,South Heathertown,Kansas,3.71
SEL03707,Thompson-Beard,MARKETPLACE,Lauraburgh,Maine,2.84
SEL03708,Wilson LLC,MARKETPLACE,Laurachester,Alabama,3.4
SEL03709,Lee and Sons,BRAND,New Ronald,Florida,4.31
SEL03710,Martinez-Navarro,MARKETPLACE,Kristyport,California,2.99
SEL03711,"Mccarthy, Jenkins and Ford",BRAND,New Michael,Mississippi,4.2
SEL03712,Wright PLC,MARKETPLACE,Danamouth,Connecticut,4.15
SEL03713,"Hill, Anderson and Torres",BRAND,Colemantown,Hawaii,4.49
SEL03714,Mathis PLC,BRAND,Courtneyland,Massachusetts,3.95
SEL03715,Keller-Luna,BRAND,Loriport,Louisiana,4.34
SEL03716,"Pratt, Turner and Williams",MARKETPLACE,Jasonview,Utah,3.5
SEL03717,Kline and Sons,DISTRIBUTOR,Weissstad,Nebraska,2.81
SEL03718,"Fernandez, Zuniga and Williams",BRAND,North Keithfurt,South Carolina,4.36
SEL03719,Adkins-Perkins,MARKETPLACE,Amberburgh,New Mexico,3.25
SEL03720,Torres-Clark,DISTRIBUTOR,Huangburgh,California,4.52
SEL03721,Mack Inc,BRAND,New Michaeltown,California,3.31
SEL03722,Garcia-Brown,MARKETPLACE,Buckborough,Ohio,2.78
SEL03723,"Woods, Campos and Stanton",DISTRIBUTOR,East Annettehaven,Wisconsin,2.75
SEL03724,Richardson and Sons,MARKETPLACE,Port Erica,Ohio,2.57
SEL03725,Miller LLC,BRAND,South Douglas,Iowa,3.1
SEL03726,"Jackson, Douglas and Schaefer",BRAND,Barbarashire,South Dakota,3.86
SEL03727,Carr PLC,DISTRIBUTOR,South Garrett,Montana,3.48
SEL03728,Meyers Ltd,MARKETPLACE,Zacharymouth,Wyoming,3.24
SEL03729,Guzman-Martinez,DISTRIBUTOR,Port Darlene,Iowa,4.29
SEL03730,"Brown, Duncan and Patel",BRAND,Shortmouth,Illinois,4.86
SEL03731,Davis Inc,BRAND,Colleenstad,Missouri,2.91
SEL03732,Hernandez Inc,MARKETPLACE,New Christopherfurt,North Dakota,2.92
SEL03733,James-Meyer,DISTRIBUTOR,North Michelleburgh,Maryland,2.83
SEL03734,"Cole, Diaz and Castillo",DISTRIBUTOR,South Rick,Texas,4.5
SEL03735,"Phillips, Young and Kim",BRAND,Port Kim,Minnesota,3.97
SEL03736,Mercer-White,DISTRIBUTOR,New Robert,New York,3.41
SEL03737,"Wilson, Rocha and Cunningham",BRAND,Port Elizabethberg,Massachusetts,3.78
SEL03738,Martinez-Cunningham,DISTRIBUTOR,Port Elizabeth,Virginia,3.16
SEL03739,Pollard-Young,MARKETPLACE,Josephton,New Hampshire,2.64
SEL03740,Smith-Contreras,DISTRIBUTOR,Charlottefort,Nebraska,3.78
SEL03741,Payne-Nelson,DISTRIBUTOR,East Amymouth,Louisiana,4.92
SEL03742,Harris-Hess,MARKETPLACE,Erikastad,Tennessee,3.68
SEL03743,"Gonzalez, Andrews and Castro",MARKETPLACE,Sarahland,Delaware,4.94
SEL03744,Brown and Sons,BRAND,Lake Amandaburgh,Nevada,4.44
SEL03745,Brooks-Golden,BRAND,South Jill,Utah,3.92
SEL03746,Banks-Taylor,BRAND,New Brianburgh,Mississippi,2.52
SEL03747,Rivera-White,MARKETPLACE,New Tonyamouth,Iowa,3.33
SEL03748,"Brennan, Miller and Bray",MARKETPLACE,New Eric,Nebraska,4.87
SEL03749,"Russell, Bowen and Wilson",MARKETPLACE,Anthonytown,Wisconsin,2.67
SEL03750,Lee-Miles,BRAND,New Samuel,Arizona,4.75
SEL03751,"Schmidt, Bolton and Johnson",DISTRIBUTOR,East Donald,Washington,4.89
SEL03752,"Brown, Santos and Carpenter",DISTRIBUTOR,East Michaeltown,Oregon,4.62
SEL03753,"Clayton, Harris and Zamora",DISTRIBUTOR,West Stevenshire,Tennessee,3.17
SEL03754,James-Wilson,BRAND,West Angelamouth,Rhode Island,3.86
SEL03755,Logan-Duncan,BRAND,Bakertown,Alabama,3.18
SEL03756,Hughes Group,DISTRIBUTOR,Lake Amandaberg,Connecticut,3.1
SEL03757,Snyder-Carter,BRAND,South Stephaniefort,Oregon,4.76
SEL03758,"Singh, Bray and Ortiz",DISTRIBUTOR,North Karenland,Florida,3.79
SEL03759,Young Group,MARKETPLACE,South Mariahtown,Alaska,4.73
SEL03760,"Guerra, Campbell and Swanson",DISTRIBUTOR,Smithside,Illinois,4.33
SEL03761,"Coleman, Robertson and Williams",BRAND,Port Cheyenneland,North Dakota,2.68
SEL03762,Brown-Robinson,BRAND,Sharonmouth,Michigan,3.7
SEL03763,"Saunders, Brooks and Carr",DISTRIBUTOR,Jacobton,Massachusetts,3.62
SEL03764,Mason-Gallagher,BRAND,Port Randyton,South Carolina,4.45
SEL03765,"Edwards, Patterson and Fernandez",DISTRIBUTOR,North Tyler,Montana,3.38
SEL03766,"Valenzuela, Jenkins and Ellis",MARKETPLACE,Millsstad,North Carolina,3.86
SEL03767,"Yu, George and Johnson",BRAND,West Douglastown,West Virginia,3.19
SEL03768,"Odom, Williams and Knight",MARKETPLACE,North Lance,Minnesota,2.91
SEL03769,Cook Group,MARKETPLACE,Wilsonshire,Hawaii,2.6
SEL03770,"Smith, Floyd and Lewis",MARKETPLACE,Kingchester,Nevada,2.82
SEL03771,"Bowers, Chavez and Dickson",DISTRIBUTOR,Scottstad,Louisiana,4.49
SEL03772,Hill-Bradshaw,MARKETPLACE,Carlsonstad,Hawaii,4.7
SEL03773,Johnson-Murray,DISTRIBUTOR,Rodriguezbury,New Mexico,4.12
SEL03774,"Welch, Howe and Gross",DISTRIBUTOR,South Crystal,New York,3.46
SEL03775,"Bruce, Watson and Johnson",MARKETPLACE,Jimmystad,South Dakota,3.25
SEL03776,Miller LLC,DISTRIBUTOR,Hamptonmouth,Alabama,4.36
SEL03777,"James, Holland and Rodriguez",DISTRIBUTOR,Lake Michaelview,Kentucky,3.34
SEL03778,"Parsons, Adams and Maynard",DISTRIBUTOR,North Jessica,Delaware,2.7
SEL03779,Owens Group,BRAND,Scottchester,Pennsylvania,3.91
SEL03780,"Brown, Farmer and Whitaker",MARKETPLACE,Gonzalezmouth,Kansas,3.02
SEL03781,Martin-Davis,MARKETPLACE,Hubbardside,Michigan,3.3
SEL03782,Rodriguez PLC,DISTRIBUTOR,Michelehaven,Iowa,4.48
SEL03783,"Mckenzie, Warner and Sullivan",DISTRIBUTOR,Rothfurt,Michigan,4.26
SEL03784,Pearson and Sons,BRAND,Reyesside,Pennsylvania,3.88
SEL03785,Phelps-Deleon,MARKETPLACE,Lake Deborah,Vermont,2.65
SEL03786,Dixon-Brown,DISTRIBUTOR,New Duaneport,Indiana,3.67
SEL03787,Vasquez PLC,BRAND,Boydmouth,New Jersey,2.87
SEL03788,"Suarez, Moore and Lee",BRAND,East Rebecca,Oklahoma,3.53
SEL03789,Palmer Group,MARKETPLACE,Lesliemouth,Alabama,2.61
SEL03790,Evans-Alvarez,DISTRIBUTOR,East Jessicaside,Washington,4.08
SEL03791,"Jensen, Jackson and Vargas",BRAND,Brownshire,Alaska,4.55
SEL03792,Castaneda and Sons,MARKETPLACE,Castillochester,Illinois,4.46
SEL03793,Brown-Reyes,MARKETPLACE,North Kristen,Montana,3.71
SEL03794,"Knight, Daniels and James",MARKETPLACE,Jameshaven,Vermont,3.01
SEL03795,Cox-Henry,DISTRIBUTOR,Lambertview,North Dakota,4.79
SEL03796,"Munoz, Serrano and Weber",BRAND,North Sergio,Idaho,3.75
SEL03797,Hines Group,BRAND,New Ronald,New Mexico,2.51
SEL03798,Sparks Group,BRAND,Denniston,Massachusetts,3.8
SEL03799,"Benson, Gonzalez and Berry",BRAND,Christinachester,Wyoming,4.04
SEL03800,"Scott, Flores and Martinez",MARKETPLACE,Port Kristyborough,Connecticut,4.74
SEL03801,Campbell-White,DISTRIBUTOR,Lake Antonioborough,Ohio,4.82
SEL03802,Wright-Roberts,MARKETPLACE,North Danielland,Minnesota,4.42
SEL03803,"Bell, Wilson and Smith",BRAND,West Eric,New Jersey,4.59
SEL03804,Chen-Davis,MARKETPLACE,South Yolandaland,West Virginia,2.77
SEL03805,Moran Group,BRAND,North Julia,Delaware,4.05
SEL03806,"Coleman, Burton and Parks",DISTRIBUTOR,Rodriguezburgh,Illinois,3.63
SEL03807,"Johnson, Wright and Thomas",MARKETPLACE,Lake Lanceview,Vermont,4.99
SEL03808,"Singh, Anderson and Coleman",DISTRIBUTOR,Owensstad,Georgia,4.39
SEL03809,Bush-Smith,MARKETPLACE,South Wayne,Tennessee,2.64
SEL03810,"Alvarado, Tucker and Hamilton",MARKETPLACE,Dennisshire,Wisconsin,4.66
SEL03811,Moreno PLC,DISTRIBUTOR,Blackbury,Colorado,4.88
SEL03812,"Vaughn, Lopez and Garcia",MARKETPLACE,Gregport,Delaware,2.75
SEL03813,Downs Ltd,MARKETPLACE,Kristophershire,Illinois,3.91
SEL03814,Parrish-Knapp,MARKETPLACE,New Jonathan,West Virginia,4.83
SEL03815,"Thompson, Short and Gonzalez",DISTRIBUTOR,Robertshire,Louisiana,3.1
SEL03816,"Wilson, Cook and Wells",BRAND,Timothychester,Vermont,4.04
SEL03817,Garcia-Green,DISTRIBUTOR,Randolphside,Pennsylvania,4.19
SEL03818,Davis Inc,BRAND,New Lisa,Indiana,4.8
SEL03819,"Andrews, Nelson and Roberts",BRAND,Samuelville,Louisiana,3.91
SEL03820,Oliver-Rodriguez,MARKETPLACE,Ericview,Missouri,2.99
SEL03821,Jones-Sanchez,BRAND,East Amanda,New Jersey,4.51
SEL03822,James-Douglas,DISTRIBUTOR,Valenzuelamouth,North Dakota,3.56
SEL03823,"Elliott, White and Salas",MARKETPLACE,East Stephanie,Wisconsin,4.37
SEL03824,Newman Ltd,MARKETPLACE,New Bruceshire,Idaho,3.55
SEL03825,"Johnson, Hernandez and Russell",DISTRIBUTOR,West Matthewfurt,New Jersey,4.74
SEL03826,"Sosa, Lewis and Lewis",MARKETPLACE,East Danny,Louisiana,3.22
SEL03827,"Lopez, Dixon and Cline",BRAND,East Joshuashire,South Carolina,4.89
SEL03828,"Smith, Taylor and Jones",MARKETPLACE,Arellanoburgh,Rhode Island,4.0
SEL03829,King-Rhodes,MARKETPLACE,Port Karl,Hawaii,2.74
SEL03830,Nicholson-Williams,BRAND,Hamiltonchester,Missouri,3.91
SEL03831,Strong-Clayton,MARKETPLACE,Andersonfurt,Arizona,2.66
SEL03832,Bartlett-Wang,DISTRIBUTOR,Sarafurt,Illinois,3.26
SEL03833,"Olson, Andrews and Hunter",DISTRIBUTOR,North Janestad,Iowa,4.75
SEL03834,Velazquez PLC,DISTRIBUTOR,South Nicole,Vermont,4.5
SEL03835,"Bauer, Williams and Clark",MARKETPLACE,North Nicolehaven,West Virginia,4.29
SEL03836,"Oneill, Miller and Berg",MARKETPLACE,Wendystad,Vermont,2.84
SEL03837,Holloway-Wallace,BRAND,Ericmouth,Missouri,3.85
SEL03838,Jones Group,DISTRIBUTOR,New Vickieland,Arkansas,4.7
SEL03839,"Smith, Baker and Torres",BRAND,West Paul,New Jersey,3.28
SEL03840,Price Ltd,MARKETPLACE,Robertville,Maryland,4.27
SEL03841,Harris-Stevens,BRAND,Nicholasburgh,Oklahoma,2.5
SEL03842,Riggs-Williams,MARKETPLACE,Marioberg,West Virginia,4.36
SEL03843,"Munoz, Johnson and Black",MARKETPLACE,Lake Ralphburgh,Maryland,4.22
SEL03844,Swanson Ltd,DISTRIBUTOR,Ryanborough,Kansas,4.68
SEL03845,"Boyer, Sparks and Berger",MARKETPLACE,East Monica,Kansas,2.5
SEL03846,Carroll Group,DISTRIBUTOR,Kellyport,Washington,2.58
SEL03847,"Taylor, Bryant and Miles",DISTRIBUTOR,North Leslieburgh,Georgia,2.85
SEL03848,"Lopez, Joyce and Rodriguez",BRAND,Washingtonborough,Nebraska,4.34
SEL03849,"Jones, Mason and Mayer",MARKETPLACE,Daisyborough,Alaska,2.55
SEL03850,Rush and Sons,BRAND,East Danielmouth,Colorado,4.96
SEL03851,Oneal-Gonzales,DISTRIBUTOR,Krystalmouth,Nevada,2.91
SEL03852,"Graham, Smith and Dixon",BRAND,East Chadborough,South Carolina,2.94
SEL03853,"Stevens, Klein and Buck",DISTRIBUTOR,Brightmouth,Delaware,3.75
SEL03854,Ramos-George,DISTRIBUTOR,New Todd,Minnesota,2.9
SEL03855,"Brown, Cooper and Cowan",BRAND,Hintontown,New Jersey,3.47
SEL03856,Young PLC,DISTRIBUTOR,Longstad,Oregon,3.19
SEL03857,"Goodman, Thompson and Thompson",DISTRIBUTOR,Port Thomashaven,Connecticut,4.28
SEL03858,Miller Ltd,BRAND,Victoriachester,South Carolina,2.61
SEL03859,Smith-Ewing,MARKETPLACE,East Jonathanfurt,Maine,3.89
SEL03860,Robinson Ltd,BRAND,Port Deborahborough,Mississippi,4.09
SEL03861,Lamb and Sons,BRAND,Robinmouth,Oklahoma,4.67
SEL03862,"White, Pollard and Daniel",DISTRIBUTOR,East Greg,Maryland,4.47
SEL03863,Griffin PLC,DISTRIBUTOR,East Staceyborough,Maine,2.91
SEL03864,"Davis, Kennedy and Young",MARKETPLACE,West Vickie,Vermont,4.64
SEL03865,Wilson PLC,DISTRIBUTOR,Corytown,Washington,4.12
SEL03866,Lane LLC,DISTRIBUTOR,Kevinhaven,Iowa,3.34
SEL03867,"Burke, Robertson and Hill",MARKETPLACE,Jacksonview,Minnesota,4.0
SEL03868,Green and Sons,DISTRIBUTOR,Bergerborough,Florida,4.78
SEL03869,"Schneider, Barrett and Thompson",DISTRIBUTOR,Debraside,Alabama,4.38
SEL03870,Page-Caldwell,BRAND,Port Troytown,Arizona,2.52
SEL03871,Farmer-Smith,BRAND,Lake Donald,Connecticut,3.77
SEL03872,"Harris, Foley and Stewart",MARKETPLACE,Josefort,Pennsylvania,2.65
SEL03873,"Chapman, Romero and Wilson",BRAND,Robertschester,Nebraska,3.08
SEL03874,Brown Group,DISTRIBUTOR,South Kylefort,Kansas,2.61
SEL03875,Reid-Hawkins,DISTRIBUTOR,Stevenston,Massachusetts,2.95
SEL03876,Rios-Gentry,DISTRIBUTOR,North Tamarafort,Tennessee,3.82
SEL03877,"Hernandez, Trevino and Mason",MARKETPLACE,South Lorettashire,Arizona,3.07
SEL03878,Bates-Richmond,DISTRIBUTOR,Brianfort,Idaho,2.84
SEL03879,Peters-Hahn,DISTRIBUTOR,Vargasside,Wisconsin,3.72
SEL03880,Burton-Boyd,DISTRIBUTOR,Wardside,Montana,4.5
SEL03881,Reyes Inc,MARKETPLACE,Cookview,Delaware,4.21
SEL03882,"Scott, Morris and Leon",BRAND,Garciahaven,Maryland,3.78
SEL03883,Bailey-Williams,DISTRIBUTOR,Joemouth,Minnesota,4.16
SEL03884,"Spencer, Good and Randall",BRAND,Jeromestad,Illinois,3.96
SEL03885,Oneal Inc,BRAND,Allisonfort,South Dakota,4.4
SEL03886,Olsen-Key,DISTRIBUTOR,Elizabethbury,New York,4.63
SEL03887,"Castillo, Santiago and Vincent",MARKETPLACE,Nicolestad,Texas,3.12
SEL03888,"Larsen, Gonzales and Guerra",DISTRIBUTOR,Lake Kellybury,Minnesota,4.33
SEL03889,Moreno PLC,MARKETPLACE,Kendrashire,South Dakota,2.8
SEL03890,Simmons-Gonzalez,BRAND,Darrellton,New Hampshire,2.94
SEL03891,Sosa Group,BRAND,Amandaton,Rhode Island,2.58
SEL03892,Mooney Inc,DISTRIBUTOR,Carterborough,Hawaii,4.98
SEL03893,Torres-Wheeler,BRAND,Taylortown,Alabama,4.88
SEL03894,"Ward, Moore and Quinn",BRAND,Katherineburgh,Hawaii,2.72
SEL03895,"Murillo, Mccullough and Smith",MARKETPLACE,Brandiland,Kansas,4.94
SEL03896,Simmons-Dougherty,BRAND,East Stephentown,Missouri,2.92
SEL03897,"Mora, Thompson and Ryan",BRAND,East Blake,Georgia,4.13
SEL03898,Robinson PLC,BRAND,Nataliebury,North Dakota,3.27
SEL03899,Anderson-Jackson,MARKETPLACE,New Hannah,Washington,4.89
SEL03900,Mueller-Ramirez,BRAND,Williammouth,North Dakota,2.64
SEL03901,Schwartz PLC,MARKETPLACE,Lisafurt,Indiana,3.43
SEL03902,"House, Wells and Rodriguez",DISTRIBUTOR,Port Jon,Tennessee,3.5
SEL03903,"Hickman, Kelly and Holmes",MARKETPLACE,Carrilloside,Washington,4.37
SEL03904,"Harrington, Jackson and Hernandez",DISTRIBUTOR,West Vincent,New Mexico,3.77
SEL03905,Mcgee-Singh,BRAND,Port Barryshire,Pennsylvania,4.25
SEL03906,Dougherty-Williams,MARKETPLACE,Alejandroland,Arizona,4.68
SEL03907,"Holmes, Johnson and Sheppard",MARKETPLACE,Dianaborough,Connecticut,4.95
SEL03908,"Hernandez, Gibbs and Alvarado",DISTRIBUTOR,Rodriguezmouth,Nevada,4.51
SEL03909,Mueller and Sons,DISTRIBUTOR,Port Stephen,Oregon,3.9
SEL03910,"Smith, Gardner and Watson",BRAND,Lake Tyler,Maine,3.99
SEL03911,"Parker, Johnson and Zimmerman",DISTRIBUTOR,North Donaldfort,Nebraska,3.5
SEL03912,Jordan-Carter,MARKETPLACE,Huberton,West Virginia,4.83
SEL03913,Sanders-Barnes,BRAND,Donland,Alaska,3.11
SEL03914,"Harrison, Webb and Mcconnell",BRAND,South Lawrence,Montana,4.55
SEL03915,Russell and Sons,DISTRIBUTOR,Schroedertown,Maine,4.86
SEL03916,Aguilar Group,BRAND,North Evanside,Illinois,3.79
SEL03917,Johnson-Delacruz,DISTRIBUTOR,West Kristin,New Hampshire,2.7
SEL03918,Ashley and Sons,MARKETPLACE,New Reginafort,Massachusetts,2.68
SEL03919,Davis LLC,DISTRIBUTOR,Andrewchester,Minnesota,4.08
SEL03920,Miller-Jefferson,BRAND,Bryanborough,Mississippi,3.12
SEL03921,"Brown, Quinn and Rodriguez",MARKETPLACE,Danielside,Ohio,3.51
SEL03922,Sullivan PLC,MARKETPLACE,South George,North Carolina,3.47
SEL03923,Finley Ltd,DISTRIBUTOR,Lake Aaron,Montana,4.88
SEL03924,Gardner-Haynes,BRAND,Gregorychester,Texas,4.68
SEL03925,Clark-Martinez,DISTRIBUTOR,North Jillmouth,New York,4.15
SEL03926,Tran-Owens,DISTRIBUTOR,Bernardshire,West Virginia,3.85
SEL03927,"Branch, Hutchinson and Terrell",DISTRIBUTOR,Robertsonfurt,Vermont,4.06
SEL03928,Barrera-Davis,BRAND,New Kim,Kansas,2.75
SEL03929,"Sharp, Davis and Rodriguez",DISTRIBUTOR,East Ryan,Maryland,3.51
SEL03930,Anthony LLC,MARKETPLACE,Port Craig,Rhode Island,4.41
SEL03931,Welch-Clay,BRAND,Port Ryanfort,Washington,3.07
SEL03932,Tucker-White,BRAND,Rogerston,Connecticut,3.38
SEL03933,Gallagher-Scott,DISTRIBUTOR,Stokesville,Nevada,3.36
SEL03934,"Henry, Meadows and Berger",DISTRIBUTOR,Jonesland,Maryland,4.79
SEL03935,Jones-Odonnell,DISTRIBUTOR,Lake Jenniferton,Kansas,4.09
SEL03936,"Hernandez, Anderson and Graham",BRAND,Colemanport,Mississippi,4.63
SEL03937,"Lewis, Hanna and Greene",DISTRIBUTOR,Timothyborough,New Mexico,3.21
SEL03938,Mclaughlin-Hamilton,MARKETPLACE,Lisabury,Florida,3.61
SEL03939,"Carr, Houston and Horne",BRAND,Philipfurt,Massachusetts,3.25
SEL03940,Guerra LLC,MARKETPLACE,Sextontown,Montana,3.36
SEL03941,Berg-Foster,BRAND,Hernandezview,Nevada,4.55
SEL03942,"Peterson, Beck and James",MARKETPLACE,Foxburgh,Colorado,3.87
SEL03943,Gutierrez LLC,BRAND,East Jefferyland,Arizona,3.59
SEL03944,"Myers, Morton and Ward",DISTRIBUTOR,New Lauren,South Carolina,2.67
SEL03945,Gutierrez Group,DISTRIBUTOR,New Johnathanburgh,Nevada,4.36
SEL03946,Silva Inc,MARKETPLACE,Kathrynmouth,Colorado,3.55
SEL03947,"Gomez, Chang and Arias",DISTRIBUTOR,Davisside,Louisiana,3.27
SEL03948,Flores PLC,MARKETPLACE,South Karen,North Dakota,4.43
SEL03949,Mckenzie-Mckinney,BRAND,New Arthur,Washington,4.06
SEL03950,Patton Inc,BRAND,Evansside,Iowa,4.91
SEL03951,Jones-Andersen,DISTRIBUTOR,East Jennifer,Oklahoma,4.48
SEL03952,Kennedy-Allison,BRAND,Donland,Iowa,3.08
SEL03953,Nunez Group,DISTRIBUTOR,East Marcusbury,Indiana,4.21
SEL03954,Weeks LLC,BRAND,Port Jonville,Kansas,4.33
SEL03955,Espinoza-Rodgers,BRAND,Lake Erin,Arizona,3.22
SEL03956,Bell Inc,MARKETPLACE,Lewisburgh,Idaho,3.74
SEL03957,Berry Inc,BRAND,Winterschester,South Carolina,3.76
SEL03958,Haynes-Brown,DISTRIBUTOR,Antonioland,Washington,4.01
SEL03959,Dennis Ltd,BRAND,Warrenchester,Tennessee,4.64
SEL03960,Jimenez-Wagner,DISTRIBUTOR,Allenside,Kentucky,3.62
SEL03961,Erickson Group,BRAND,Charlesside,Georgia,4.29
SEL03962,Allen-Stewart,MARKETPLACE,Port Donald,Wyoming,3.04
SEL03963,"Wilkerson, Rivera and Parker",MARKETPLACE,Lake Vanessa,New Hampshire,4.68
SEL03964,Lewis-Rogers,BRAND,North Loganfurt,Hawaii,4.99
SEL03965,Mcgrath Ltd,MARKETPLACE,West Michaelport,South Carolina,4.23
SEL03966,Miranda-Stewart,MARKETPLACE,East Laurenmouth,New York,3.82
SEL03967,Rodriguez and Sons,DISTRIBUTOR,North Jeffery,Wyoming,4.97
SEL03968,Morris-Martinez,DISTRIBUTOR,Gailberg,Ohio,3.22
SEL03969,Davenport PLC,BRAND,Lake Jason,Iowa,3.15
SEL03970,"Scott, Bell and Day",MARKETPLACE,Tylerfurt,West Virginia,4.56
SEL03971,Jennings and Sons,DISTRIBUTOR,Heatherhaven,Washington,2.66
SEL03972,"Robinson, Fowler and Brown",DISTRIBUTOR,Williamburgh,Utah,3.49
SEL03973,Phillips-Small,BRAND,East Morganmouth,Connecticut,3.49
SEL03974,"Williams, Stewart and Hammond",BRAND,Cynthiamouth,Missouri,2.65
SEL03975,Gordon Ltd,DISTRIBUTOR,Lake Danielside,Tennessee,3.39
SEL03976,Reed-Schmidt,MARKETPLACE,Mooreville,Pennsylvania,2.72
SEL03977,Ellis LLC,DISTRIBUTOR,Anabury,Texas,4.16
SEL03978,Hall-Rodriguez,MARKETPLACE,Mitchellchester,Missouri,4.96
SEL03979,Miranda-Zuniga,DISTRIBUTOR,South Brian,Wyoming,4.62
SEL03980,Tate Group,DISTRIBUTOR,West Charleston,Kansas,4.41
SEL03981,Smith PLC,BRAND,Lozanotown,Georgia,2.54
SEL03982,Campbell PLC,BRAND,North Jared,Delaware,4.59
SEL03983,"Richardson, Harrison and Acosta",BRAND,Figueroaside,Maine,4.21
SEL03984,Flores-Smith,BRAND,Hannaland,Pennsylvania,3.99
SEL03985,Vincent Group,MARKETPLACE,South Vincent,Missouri,4.83
SEL03986,"Davis, Harrison and Johnson",MARKETPLACE,Nolanport,Rhode Island,4.83
SEL03987,Sanchez-Garcia,DISTRIBUTOR,Hendersonville,Washington,3.19
SEL03988,"Hall, Fisher and Mendez",DISTRIBUTOR,Port Shannon,Texas,4.26
SEL03989,"Hughes, Allen and Pruitt",DISTRIBUTOR,Michaelville,New Mexico,4.74
SEL03990,"Moore, Schmidt and Gutierrez",DISTRIBUTOR,Port Becky,Delaware,3.58
SEL03991,Henry-Richardson,BRAND,North Jasmine,Arkansas,4.42
SEL03992,Chavez Ltd,MARKETPLACE,South Ambermouth,New Jersey,4.92
SEL03993,"Kim, Thompson and Mcdaniel",BRAND,Hunterburgh,California,2.95
SEL03994,"Mckinney, Cannon and Williams",MARKETPLACE,North Robertfort,New Hampshire,4.41
SEL03995,Lam-Estrada,DISTRIBUTOR,Bryantport,Maryland,3.73
SEL03996,Webster-Curry,BRAND,North Tonya,Texas,3.29
SEL03997,"Sanchez, Poole and Johnson",DISTRIBUTOR,Lake Connie,Kentucky,4.78
SEL03998,Cole LLC,DISTRIBUTOR,Dukeland,Delaware,4.02
SEL03999,Thomas-Preston,BRAND,Cindychester,Mississippi,2.54
SEL04000,"Bolton, Gilbert and Haney",DISTRIBUTOR,Jacksonville,California,4.11
SEL04001,Ballard LLC,BRAND,East Amyland,Oklahoma,2.92
SEL04002,Reeves-Crawford,DISTRIBUTOR,South Kurtfurt,South Dakota,3.12
SEL04003,"Gomez, Morris and Hernandez",MARKETPLACE,Cantrellmouth,Minnesota,4.75
SEL04004,Rubio-Cardenas,DISTRIBUTOR,Christophertown,Rhode Island,3.15
SEL04005,Scott-Smith,DISTRIBUTOR,Johnsontown,Oregon,4.78
SEL04006,"Miller, Collins and Gibson",DISTRIBUTOR,Timothyton,Massachusetts,3.68
SEL04007,Mcdonald-Willis,DISTRIBUTOR,Kristenborough,South Carolina,4.62
SEL04008,"Wu, Gonzalez and Ramos",DISTRIBUTOR,North Anthony,Vermont,3.78
SEL04009,"Carpenter, Hernandez and Johnson",DISTRIBUTOR,Hayesville,Florida,4.63
SEL04010,"Potter, Scott and Roberts",DISTRIBUTOR,Tammyhaven,Montana,4.66
SEL04011,"Duarte, Hudson and Henry",MARKETPLACE,New Rebecca,Missouri,4.53
SEL04012,"Miller, Watkins and Taylor",BRAND,Amberland,Indiana,4.05
SEL04013,Davis-Howard,DISTRIBUTOR,South Raymond,New Jersey,3.27
SEL04014,May Ltd,MARKETPLACE,East Teresa,Massachusetts,4.75
SEL04015,"Morse, Allen and Townsend",BRAND,Lewisborough,Kentucky,4.86
SEL04016,"Morgan, Graham and Chapman",MARKETPLACE,North Williamhaven,Mississippi,4.06
SEL04017,"Carey, Douglas and Patton",MARKETPLACE,Mooreburgh,Alabama,4.16
SEL04018,Prince-Martin,DISTRIBUTOR,Lake Alice,Hawaii,3.31
SEL04019,"Boyd, Watson and Burke",DISTRIBUTOR,Victoriachester,New Mexico,4.63
SEL04020,Hopkins-Dunn,BRAND,Sharptown,Georgia,4.9
SEL04021,Jackson-Hunter,DISTRIBUTOR,Wareport,New Hampshire,4.4
SEL04022,Butler Ltd,DISTRIBUTOR,Lopezmouth,Hawaii,2.52
SEL04023,Richard-Hawkins,BRAND,Margaretburgh,Massachusetts,2.99
SEL04024,White-Davis,MARKETPLACE,East Jeffreyville,New Jersey,3.24
SEL04025,"Brown, Martin and Brown",MARKETPLACE,South Zachary,New Hampshire,4.08
SEL04026,"Mccullough, Jones and Hayden",DISTRIBUTOR,North Crystalville,Alabama,3.27
SEL04027,Burton Group,DISTRIBUTOR,North Jonathanland,Louisiana,4.83
SEL04028,"Day, Adams and Reese",DISTRIBUTOR,South Lori,California,3.32
SEL04029,Moore-Brown,DISTRIBUTOR,Jerryview,Indiana,4.26
SEL04030,Ortiz-Walker,BRAND,Kelleymouth,Arkansas,3.61
SEL04031,Lee-Frazier,DISTRIBUTOR,North Stephentown,Minnesota,3.86
SEL04032,"Montes, Becker and Prince",BRAND,West Christopher,Mississippi,4.43
SEL04033,Cunningham-Rush,BRAND,South Ryan,Kansas,4.49
SEL04034,"Padilla, Morgan and Miller",DISTRIBUTOR,East Chad,New Jersey,3.43
SEL04035,"Johnson, Sanders and Hardin",BRAND,East Timothyland,Washington,3.08
SEL04036,"Williams, Rivas and Graham",DISTRIBUTOR,New Stanleymouth,Delaware,4.6
SEL04037,Peters Inc,DISTRIBUTOR,Franklinborough,New Jersey,4.33
SEL04038,Dickerson-Davis,DISTRIBUTOR,West Laurenfurt,Hawaii,2.57
SEL04039,Lewis LLC,DISTRIBUTOR,Richburgh,Utah,3.86
SEL04040,Thompson-Lewis,BRAND,Williamschester,Maryland,3.83
SEL04041,Combs LLC,BRAND,Port Sara,Illinois,4.13
SEL04042,Diaz-Chapman,DISTRIBUTOR,South Vincentstad,North Dakota,2.94
SEL04043,Foster-Watson,DISTRIBUTOR,Charleshaven,Utah,2.94
SEL04044,Collins Group,BRAND,East Gregoryfort,Wyoming,2.54
SEL04045,Parker-King,BRAND,Melendezhaven,Idaho,2.7
SEL04046,Wilson-Walker,DISTRIBUTOR,North Jonathan,Kansas,3.92
SEL04047,Adams PLC,DISTRIBUTOR,Byrdborough,California,3.09
SEL04048,Weaver-Lara,BRAND,Christinamouth,Utah,3.44
SEL04049,Oliver-Mitchell,DISTRIBUTOR,North Cameronville,Nevada,3.41
SEL04050,"Hooper, Jenkins and Young",BRAND,New Deborah,Idaho,3.83
SEL04051,Mitchell-Reyes,MARKETPLACE,Fosterbury,Florida,3.97
SEL04052,Gonzalez-Schmidt,BRAND,New Frankhaven,Maine,2.71
SEL04053,"Sweeney, Davis and Boyle",MARKETPLACE,Lake Ashleyberg,Connecticut,3.92
SEL04054,Webb PLC,MARKETPLACE,New Derrick,South Dakota,4.45
SEL04055,Ramos-Wright,MARKETPLACE,South Annfort,New Jersey,3.82
SEL04056,Gregory-Mccoy,BRAND,New Garyberg,Maryland,3.26
SEL04057,"Morris, Mason and Harris",MARKETPLACE,New Belinda,Massachusetts,4.31
SEL04058,Walsh Ltd,MARKETPLACE,East Emilytown,Washington,2.67
SEL04059,"Gonzales, Jarvis and Smith",MARKETPLACE,East Alexandrahaven,Michigan,3.17
SEL04060,Willis PLC,BRAND,Brooksmouth,Washington,3.05
SEL04061,"Howard, Mclean and Hunt",MARKETPLACE,Port Robertburgh,Oklahoma,4.76
SEL04062,Rodriguez Group,MARKETPLACE,Rileymouth,Ohio,2.76
SEL04063,Nichols-Moran,BRAND,North Donna,Nebraska,2.99
SEL04064,"Gonzales, Garrett and Vaughn",BRAND,Andradefort,Florida,3.98
SEL04065,"Hartman, Foster and Mitchell",DISTRIBUTOR,New Josephport,Alabama,3.52
SEL04066,Burnett PLC,DISTRIBUTOR,North Vanessafort,Virginia,3.07
SEL04067,Reyes Ltd,DISTRIBUTOR,Lake Christina,Kansas,3.25
SEL04068,Sutton-Huffman,BRAND,Gilbertland,Florida,3.37
SEL04069,"Suarez, Conway and Lopez",DISTRIBUTOR,North Josephbury,South Carolina,4.06
SEL04070,Gay-Munoz,BRAND,Maxwellville,Montana,3.84
SEL04071,"Johnson, Smith and Cervantes",MARKETPLACE,East Yolanda,Maryland,3.11
SEL04072,Cannon-Lynn,MARKETPLACE,East William,Wyoming,4.6
SEL04073,"Yang, Chan and Galvan",BRAND,Solomonland,Colorado,2.57
SEL04074,Golden Ltd,BRAND,Foleyhaven,Louisiana,3.02
SEL04075,Potts Group,MARKETPLACE,Pamelaside,Maryland,3.29
SEL04076,"Jones, Kidd and Jordan",BRAND,Lake Jennifer,Oregon,4.32
SEL04077,"Frazier, Mcgrath and Larson",MARKETPLACE,Lisashire,Minnesota,4.94
SEL04078,"White, Mendez and Pena",BRAND,North Brettton,Oregon,3.26
SEL04079,Byrd Inc,DISTRIBUTOR,Janicestad,Vermont,4.44
SEL04080,Coleman Inc,MARKETPLACE,South John,Oklahoma,4.59
SEL04081,Coleman Inc,MARKETPLACE,Port Darlene,Alaska,3.67
SEL04082,Brown-Walker,DISTRIBUTOR,North Paul,Alabama,4.66
SEL04083,Zavala-Rivas,DISTRIBUTOR,Bennettborough,Arizona,3.77
SEL04084,Woodard-Kane,DISTRIBUTOR,Mitchelltown,Georgia,3.86
SEL04085,Collier-Williams,MARKETPLACE,East Monicatown,Nebraska,3.61
SEL04086,Schultz Ltd,MARKETPLACE,New Kyleside,Vermont,3.77
SEL04087,Thomas-Mendez,MARKETPLACE,Alexville,New Mexico,4.2
SEL04088,"Mcintosh, Bennett and Mooney",MARKETPLACE,Toddberg,Kansas,2.66
SEL04089,"Jones, Elliott and House",BRAND,Jenniferhaven,New York,3.78
SEL04090,Curtis and Sons,MARKETPLACE,West Donna,Hawaii,2.97
SEL04091,Ryan-Hernandez,BRAND,West Katherineborough,Mississippi,4.59
SEL04092,"Cruz, Logan and Arnold",BRAND,Danielburgh,Washington,3.01
SEL04093,"Hernandez, Baker and Neal",MARKETPLACE,Hayesshire,Nebraska,4.54
SEL04094,Park-Smith,BRAND,Port Dianachester,Georgia,3.89
SEL04095,Morrow Ltd,BRAND,Port Jeffery,Colorado,2.62
SEL04096,Washington Inc,DISTRIBUTOR,Cookmouth,North Dakota,4.77
SEL04097,Stout-Grimes,BRAND,Lake Williamburgh,Wisconsin,4.0
SEL04098,Nelson Inc,BRAND,Royport,Iowa,2.78
SEL04099,Ruiz Ltd,MARKETPLACE,East Tammy,Missouri,3.29
SEL04100,"Harvey, Lyons and Hogan",MARKETPLACE,West Robinfort,South Carolina,4.98
SEL04101,"Barker, Vega and Mcclure",MARKETPLACE,Johnsonfort,Illinois,2.66
SEL04102,"Rivas, Ramirez and Bell",DISTRIBUTOR,Spencerside,Delaware,4.21
SEL04103,"Shaw, Morgan and Patton",BRAND,South Christine,North Dakota,3.09
SEL04104,"Rivera, Stevens and Wood",BRAND,New Daletown,Indiana,3.47
SEL04105,Ramos Ltd,DISTRIBUTOR,Coxberg,Maryland,2.95
SEL04106,"Byrd, Lyons and Holt",DISTRIBUTOR,Jonesville,Maryland,4.07
SEL04107,Berg-Hudson,BRAND,Jasonside,Idaho,4.69
SEL04108,"Moore, Green and Davis",DISTRIBUTOR,Kirbyfort,California,3.17
SEL04109,Martin PLC,MARKETPLACE,Lake Maria,South Dakota,4.24
SEL04110,Goodman-Navarro,DISTRIBUTOR,Stephaniemouth,West Virginia,3.09
SEL04111,Rivera-Martinez,MARKETPLACE,Hartton,Rhode Island,2.94
SEL04112,"Holt, Smith and Webster",MARKETPLACE,Lake William,Nevada,3.81
SEL04113,Gibson and Sons,DISTRIBUTOR,Rodneyland,Arizona,4.67
SEL04114,Roth-Meza,DISTRIBUTOR,New Joe,West Virginia,3.71
SEL04115,Clark LLC,DISTRIBUTOR,North Tiffanyborough,North Dakota,3.58
SEL04116,Pacheco and Sons,BRAND,Port Mark,Virginia,4.15
SEL04117,"Nguyen, Torres and Randall",DISTRIBUTOR,East Alexis,New York,2.89
SEL04118,Leon Group,DISTRIBUTOR,Yorkport,Arkansas,3.42
SEL04119,Barker-Gardner,BRAND,Bondport,Florida,3.35
SEL04120,Rhodes-Colon,DISTRIBUTOR,New Gregory,New Hampshire,2.93
SEL04121,Mckinney and Sons,DISTRIBUTOR,Jacobsstad,New York,2.53
SEL04122,Day-Harrell,MARKETPLACE,Longmouth,Hawaii,2.91
SEL04123,"Reeves, Taylor and Stevens",DISTRIBUTOR,Annaside,Tennessee,3.07
SEL04124,Moore PLC,MARKETPLACE,Lake Ryanville,North Dakota,4.09
SEL04125,"Mcdonald, Avila and Johnson",BRAND,East Ronaldfort,Georgia,4.84
SEL04126,"White, Bailey and Kelley",DISTRIBUTOR,Mccoytown,Minnesota,4.06
SEL04127,Tyler Ltd,MARKETPLACE,Lake Davidtown,Virginia,2.76
SEL04128,Taylor-Walsh,DISTRIBUTOR,Port Mirandamouth,Mississippi,2.84
SEL04129,Hill Ltd,MARKETPLACE,Port Lauraborough,Massachusetts,3.71
SEL04130,"Johnson, Russell and Aguilar",MARKETPLACE,North Carrie,Indiana,3.08
SEL04131,Patel Group,BRAND,New Gracemouth,Indiana,4.13
SEL04132,Cordova-Avila,BRAND,Ortizmouth,Indiana,3.09
SEL04133,"Booth, Dodson and Bailey",MARKETPLACE,New Jamesberg,Nevada,2.91
SEL04134,Robinson Group,DISTRIBUTOR,Juanbury,New Hampshire,4.08
SEL04135,"Morales, Burns and Graham",DISTRIBUTOR,North Christopherfort,Texas,4.58
SEL04136,Molina and Sons,BRAND,Sethtown,South Carolina,2.78
SEL04137,Murphy and Sons,DISTRIBUTOR,South Brooke,New York,3.43
SEL04138,Singh Group,DISTRIBUTOR,East Jacquelineborough,Massachusetts,3.17
SEL04139,"Smith, Carlson and Jones",BRAND,Wayneshire,Indiana,3.9
SEL04140,"Warren, Khan and Johnson",DISTRIBUTOR,Lake Pamelaborough,New Hampshire,4.73
SEL04141,Holloway and Sons,MARKETPLACE,Reginastad,New York,4.48
SEL04142,Cook PLC,DISTRIBUTOR,Laurenmouth,Delaware,4.71
SEL04143,Anderson-Brown,DISTRIBUTOR,Zacharyton,Massachusetts,2.82
SEL04144,Zimmerman PLC,DISTRIBUTOR,North Frank,West Virginia,2.98
SEL04145,"Rodriguez, Odom and White",DISTRIBUTOR,Normafurt,New Mexico,3.0
SEL04146,"Smith, Burns and Marquez",MARKETPLACE,Port Davidberg,Wisconsin,3.94
SEL04147,Cortez Inc,BRAND,Theresashire,Minnesota,4.68
SEL04148,Alvarez-Benton,MARKETPLACE,North James,Delaware,2.73
SEL04149,Lam Group,BRAND,West Taylormouth,Nebraska,3.72
SEL04150,Mccarthy and Sons,BRAND,New Mckenzie,Wisconsin,4.12
SEL04151,Watson LLC,BRAND,Tarashire,Arizona,3.05
SEL04152,Short-Meyer,DISTRIBUTOR,New Brianna,Nebraska,4.79
SEL04153,Brock-Jones,BRAND,West Alexander,Illinois,2.69
SEL04154,"Simon, Burns and White",MARKETPLACE,Morrisonview,Indiana,3.3
SEL04155,Garcia-Wilson,DISTRIBUTOR,Shafferchester,New York,3.85
SEL04156,Schmidt PLC,BRAND,South Robert,Nebraska,3.54
SEL04157,"Blake, Richmond and Hicks",DISTRIBUTOR,Laraberg,New Hampshire,3.24
SEL04158,"Rice, Moyer and Johnson",MARKETPLACE,Townsendborough,Vermont,3.74
SEL04159,"Shelton, Farmer and Brooks",BRAND,South Keithhaven,Mississippi,4.57
SEL04160,Kim-Mckay,MARKETPLACE,East Jill,Alabama,4.63
SEL04161,Campbell-Martinez,MARKETPLACE,South Melissa,Hawaii,3.09
SEL04162,Smith-Stark,BRAND,Lake Hannah,Missouri,4.42
SEL04163,"Abbott, Thompson and Cortez",MARKETPLACE,Brennanville,Idaho,4.11
SEL04164,"Snyder, Potter and Hayes",MARKETPLACE,Coopermouth,Michigan,2.94
SEL04165,Jones PLC,MARKETPLACE,Karenport,Maryland,3.4
SEL04166,Brown-Hester,DISTRIBUTOR,Lisaberg,North Dakota,3.34
SEL04167,Crane-Garcia,BRAND,West Timothyview,Tennessee,4.2
SEL04168,Thompson PLC,DISTRIBUTOR,East Davidborough,Minnesota,3.31
SEL04169,Lopez PLC,MARKETPLACE,New Julie,Vermont,3.88
SEL04170,Rodriguez-Lam,DISTRIBUTOR,South Nancyside,Tennessee,3.07
SEL04171,Phillips LLC,DISTRIBUTOR,Lake Cristina,Mississippi,3.51
SEL04172,White and Sons,MARKETPLACE,Williammouth,Michigan,4.39
SEL04173,"Paul, Baker and Vazquez",BRAND,Mackhaven,Nebraska,3.15
SEL04174,"Sosa, Mckinney and White",BRAND,North Josephport,Kentucky,3.03
SEL04175,Cortez PLC,MARKETPLACE,Murrayburgh,Vermont,3.04
SEL04176,Parker Group,MARKETPLACE,West Cynthia,Wyoming,3.31
SEL04177,Smith PLC,DISTRIBUTOR,Smithmouth,Colorado,3.86
SEL04178,Santiago Group,DISTRIBUTOR,Michaelstad,Texas,4.24
SEL04179,"Miller, Moran and Hull",BRAND,Thompsonberg,North Dakota,3.22
SEL04180,Gonzalez and Sons,BRAND,Brooksfort,Alabama,2.64
SEL04181,"Harper, Mcdonald and Alexander",BRAND,Mosleyfort,West Virginia,3.99
SEL04182,Berg Ltd,DISTRIBUTOR,West Amandaland,New Mexico,3.32
SEL04183,Gardner-Rios,DISTRIBUTOR,New Keithfort,California,4.49
SEL04184,Smith-Jimenez,DISTRIBUTOR,Darylbury,Colorado,4.78
SEL04185,Turner and Sons,MARKETPLACE,Quinnfurt,West Virginia,4.03
SEL04186,Decker Group,BRAND,Kevinland,Montana,2.51
SEL04187,Kelley Group,DISTRIBUTOR,Lake Laurashire,Maryland,3.86
SEL04188,Tate Inc,MARKETPLACE,South James,West Virginia,2.55
SEL04189,"Hall, Tran and Vincent",BRAND,Douglasbury,Hawaii,4.48
SEL04190,Carter and Sons,MARKETPLACE,East Steven,Minnesota,3.24
SEL04191,Bonilla-Moore,MARKETPLACE,Leahfurt,Kentucky,4.73
SEL04192,Richardson PLC,MARKETPLACE,Tamarastad,Ohio,4.67
SEL04193,"Foster, Bullock and Long",BRAND,New Jamesberg,Indiana,3.89
SEL04194,Haynes PLC,MARKETPLACE,Christinamouth,Louisiana,3.84
SEL04195,Hughes Inc,MARKETPLACE,Port Brandy,Missouri,3.02
SEL04196,Harvey Group,DISTRIBUTOR,North Sonyahaven,Indiana,2.72
SEL04197,Mcbride LLC,BRAND,Meganmouth,Mississippi,3.45
SEL04198,Walton-Little,DISTRIBUTOR,Toddland,Indiana,3.36
SEL04199,Brown Group,BRAND,Scottchester,Alaska,4.32
SEL04200,"Garrison, Herring and Gomez",DISTRIBUTOR,New Monica,Utah,4.57
SEL04201,Howard-Lewis,DISTRIBUTOR,Lake Garyberg,Pennsylvania,3.78
SEL04202,Patrick Inc,MARKETPLACE,South Sheila,Texas,4.5
SEL04203,"Hughes, Strickland and Dougherty",MARKETPLACE,West Glen,Iowa,4.44
SEL04204,"Miller, Jenkins and Benson",DISTRIBUTOR,Rogersborough,Oregon,4.12
SEL04205,Harrell Group,BRAND,Lauraland,West Virginia,3.38
SEL04206,Hale-Avila,DISTRIBUTOR,Jodyberg,Iowa,3.05
SEL04207,Coleman Group,DISTRIBUTOR,New Ronald,Indiana,4.71
SEL04208,Vasquez and Sons,DISTRIBUTOR,West Charlesshire,Alaska,4.96
SEL04209,Smith PLC,DISTRIBUTOR,Taylorland,New Mexico,4.75
SEL04210,"Hill, Kaiser and Boyer",BRAND,Bellshire,Illinois,3.12
SEL04211,"Garcia, Payne and Jacobs",BRAND,New Benjaminfurt,Vermont,4.81
SEL04212,Rice-Ward,DISTRIBUTOR,Walkerfurt,Arizona,2.78
SEL04213,"Henderson, Collier and James",DISTRIBUTOR,East Patriciachester,Vermont,2.92
SEL04214,Parker Inc,MARKETPLACE,Jessicaburgh,Hawaii,2.83
SEL04215,Mcbride PLC,BRAND,Nicoleborough,Tennessee,3.5
SEL04216,Rodgers Ltd,MARKETPLACE,Thomasfort,Tennessee,3.28
SEL04217,Hall Group,MARKETPLACE,South Toddshire,Alabama,4.05
SEL04218,"Thomas, Lara and Le",DISTRIBUTOR,Port Christopher,Montana,3.91
SEL04219,"Nelson, Collins and Sosa",DISTRIBUTOR,Port Paulfort,Kentucky,3.72
SEL04220,Taylor-Gonzalez,DISTRIBUTOR,North Linda,Wyoming,2.87
SEL04221,Lewis-Giles,MARKETPLACE,New Cynthia,Wyoming,3.73
SEL04222,"Lucas, Vargas and Santiago",BRAND,New Sandra,Vermont,3.94
SEL04223,Hardy LLC,DISTRIBUTOR,Michaelfort,Arizona,2.95
SEL04224,Parker-Reyes,DISTRIBUTOR,Paulhaven,Alabama,4.46
SEL04225,Young-Rogers,DISTRIBUTOR,South Craigshire,Texas,4.65
SEL04226,"Smith, Sutton and Jones",DISTRIBUTOR,Port Angela,Missouri,3.71
SEL04227,Garrett-Gonzalez,MARKETPLACE,Catherineton,New York,4.89
SEL04228,Gomez LLC,BRAND,West Robertside,Arkansas,3.6
SEL04229,Wood-Ramos,DISTRIBUTOR,Lake Amandafort,Louisiana,4.03
SEL04230,Avila PLC,DISTRIBUTOR,West Sallymouth,Maine,3.41
SEL04231,Schwartz Ltd,DISTRIBUTOR,Hannahside,New Hampshire,2.71
SEL04232,"Tran, Arnold and Joseph",BRAND,West Timmouth,Vermont,3.06
SEL04233,"Wyatt, Smith and Ross",MARKETPLACE,West Sheilaland,Nevada,4.84
SEL04234,"Harris, Wong and Smith",BRAND,Rhodesfort,Wyoming,3.36
SEL04235,"Morgan, Murray and Gomez",MARKETPLACE,Ericaland,Tennessee,3.43
SEL04236,"Lee, Simmons and Reese",BRAND,Jamesstad,Utah,2.8
SEL04237,"Spencer, Bell and Steele",MARKETPLACE,Port Michaelbury,New Jersey,3.26
SEL04238,Smith-White,DISTRIBUTOR,Katelynville,West Virginia,4.13
SEL04239,Wilson-Campbell,MARKETPLACE,Dudleyshire,North Dakota,3.48
SEL04240,Murphy-Abbott,DISTRIBUTOR,Johnsonmouth,New Hampshire,2.94
SEL04241,"Bell, Oconnell and Thompson",BRAND,Thomasshire,California,4.17
SEL04242,Jarvis-Johnson,DISTRIBUTOR,Hallland,Colorado,4.26
SEL04243,Robinson-Short,BRAND,Lake Rhonda,North Dakota,3.04
SEL04244,"Harris, Brown and Mueller",DISTRIBUTOR,Lake Jennifershire,Illinois,2.54
SEL04245,"Miller, Fowler and Duncan",DISTRIBUTOR,South Kristinmouth,Colorado,4.37
SEL04246,Cole-Cohen,DISTRIBUTOR,Elizabethstad,Hawaii,2.55
SEL04247,"Simmons, Swanson and Burke",DISTRIBUTOR,Gailburgh,Georgia,2.55
SEL04248,Bryan-Harmon,DISTRIBUTOR,South Robinton,Kansas,3.99
SEL04249,"Kline, Cochran and Kelly",MARKETPLACE,Port Jeffrey,South Carolina,4.52
SEL04250,Wilson Ltd,MARKETPLACE,Port Jasmineview,Oregon,2.67
SEL04251,Harris-Wilson,BRAND,Maryville,Illinois,3.6
SEL04252,Cole-Sanchez,DISTRIBUTOR,Reyesfort,North Carolina,4.61
SEL04253,Hall-Barker,MARKETPLACE,Hernandezshire,Louisiana,4.64
SEL04254,Arellano PLC,MARKETPLACE,West Allison,Florida,3.44
SEL04255,Oneal-Camacho,MARKETPLACE,East Christopher,Utah,3.41
SEL04256,"Medina, Vargas and Moore",DISTRIBUTOR,Jermainebury,Indiana,3.8
SEL04257,Stevenson Inc,DISTRIBUTOR,Shortview,Iowa,3.94
SEL04258,Peterson LLC,DISTRIBUTOR,West Victoriamouth,Washington,4.25
SEL04259,Harris PLC,DISTRIBUTOR,Lake Kellyfurt,Delaware,4.65
SEL04260,Sandoval and Sons,DISTRIBUTOR,East Emmastad,Mississippi,4.24
SEL04261,Hicks Group,MARKETPLACE,New Brianfort,Hawaii,3.13
SEL04262,Schwartz PLC,BRAND,Salazarview,Arkansas,4.72
SEL04263,Clark LLC,DISTRIBUTOR,Joannport,New Jersey,2.53
SEL04264,Robertson-Brewer,BRAND,Port Heatherside,Wyoming,4.68
SEL04265,Brown-Morrison,BRAND,Michelleberg,Missouri,3.84
SEL04266,"Williams, Roberts and Gates",BRAND,Jordanborough,Arkansas,2.86
SEL04267,"Miles, Mason and Brown",DISTRIBUTOR,Nicolehaven,Hawaii,3.19
SEL04268,Ballard Group,BRAND,Danielview,Hawaii,2.72
SEL04269,"Christensen, Price and Tran",DISTRIBUTOR,Smithchester,Montana,3.79
SEL04270,"Roberts, Lyons and Cook",MARKETPLACE,Lake Amanda,Mississippi,3.96
SEL04271,"Ross, Bell and Pittman",MARKETPLACE,South Robert,Iowa,4.6
SEL04272,Finley-Davis,DISTRIBUTOR,Lake Katherine,South Dakota,2.58
SEL04273,"Myers, Lee and Williams",BRAND,Parsonsfort,Idaho,4.38
SEL04274,Johnson-Chavez,BRAND,Ritamouth,Mississippi,2.59
SEL04275,"Miller, Austin and Boyle",DISTRIBUTOR,Cobbfort,Vermont,2.58
SEL04276,"Miller, Huber and Diaz",MARKETPLACE,Jasonburgh,California,3.58
SEL04277,Atkins and Sons,DISTRIBUTOR,Sallyberg,Pennsylvania,3.96
SEL04278,"Rivera, Brady and Jones",MARKETPLACE,Loriland,Virginia,4.55
SEL04279,Carr Inc,BRAND,Marshallland,Massachusetts,2.58
SEL04280,Chandler Group,MARKETPLACE,Lake Calvinfurt,Arizona,4.17
SEL04281,"Moore, Martin and Ford",DISTRIBUTOR,Williamsontown,Delaware,4.56
SEL04282,Richards-Russo,MARKETPLACE,West Charlene,South Dakota,3.76
SEL04283,Anderson-Byrd,DISTRIBUTOR,Allenburgh,North Dakota,3.06
SEL04284,"Underwood, Campbell and Lyons",MARKETPLACE,Newmanmouth,Massachusetts,3.17
SEL04285,Miles Group,BRAND,South Michael,Arkansas,3.44
SEL04286,Khan Inc,DISTRIBUTOR,Port Bryan,Alabama,3.17
SEL04287,"Wiggins, Lin and Moon",MARKETPLACE,Parkerville,Kansas,3.07
SEL04288,Marshall Inc,MARKETPLACE,Lake Jonathan,New York,2.65
SEL04289,Brown Inc,MARKETPLACE,North Cynthia,Georgia,3.66
SEL04290,Mcgrath Group,DISTRIBUTOR,Michaelbury,Utah,3.48
SEL04291,Wright Inc,MARKETPLACE,Jeremyberg,Louisiana,4.83
SEL04292,Green-Campbell,DISTRIBUTOR,Nicoletown,New York,3.53
SEL04293,Carroll and Sons,BRAND,Carolbury,Alaska,4.91
SEL04294,Steele Inc,BRAND,Jonesborough,Kansas,3.51
SEL04295,"Butler, Villa and Mayer",BRAND,Lake Jasonport,Oklahoma,3.01
SEL04296,Malone and Sons,BRAND,New Jamesmouth,Massachusetts,3.32
SEL04297,Lowery-English,BRAND,Anthonybury,Kansas,3.32
SEL04298,"Rivera, Morris and Kelly",MARKETPLACE,Taylorport,Minnesota,2.78
SEL04299,"Turner, Villegas and Miller",DISTRIBUTOR,Matthewbury,Connecticut,4.3
SEL04300,"Gonzalez, Campos and Young",DISTRIBUTOR,Derrickville,Idaho,4.72
SEL04301,Wilson-Jennings,BRAND,Rollinsside,Maryland,3.34
SEL04302,Edwards-Ross,DISTRIBUTOR,New Angelafurt,Arkansas,2.68
SEL04303,Stein-Hahn,BRAND,Berryfurt,Arkansas,3.03
SEL04304,Graham Ltd,BRAND,Alanchester,California,4.8
SEL04305,Nichols-Harris,BRAND,Port Karen,Utah,3.42
SEL04306,Campbell Ltd,MARKETPLACE,Morganmouth,Washington,2.55
SEL04307,Lowe PLC,MARKETPLACE,Jessicatown,Illinois,3.03
SEL04308,"Miller, Spencer and Williams",BRAND,Smithton,Florida,3.49
SEL04309,Bennett and Sons,DISTRIBUTOR,Samanthaview,Delaware,4.51
SEL04310,"Jones, Brown and Anderson",BRAND,Port Robertchester,Utah,3.45
SEL04311,Beck-Lee,DISTRIBUTOR,North Patrickburgh,Indiana,3.58
SEL04312,"Spears, English and Deleon",MARKETPLACE,North Caitlin,Tennessee,3.48
SEL04313,Parks-Brown,BRAND,North Davidton,Oregon,4.96
SEL04314,"Collins, Newman and Nichols",DISTRIBUTOR,South Heather,Kentucky,4.51
SEL04315,Estrada-Edwards,DISTRIBUTOR,Reginaville,Maine,4.28
SEL04316,Wright-Barnett,DISTRIBUTOR,North Tracey,Mississippi,3.91
SEL04317,"Wolf, King and Gonzales",BRAND,New Jay,Nebraska,2.74
SEL04318,"Thompson, Rosario and Moore",MARKETPLACE,Shellyland,Arkansas,4.86
SEL04319,"Montoya, Krause and Simmons",DISTRIBUTOR,South Sean,Iowa,3.08
SEL04320,"Hawkins, Ross and Nguyen",DISTRIBUTOR,West Annaview,Illinois,2.65
SEL04321,"Prince, Cooper and Anderson",MARKETPLACE,New Felicia,Hawaii,3.62
SEL04322,Donovan-Henry,DISTRIBUTOR,South Vanessastad,Nevada,2.71
SEL04323,"Peters, Brewer and Benson",MARKETPLACE,Davidfort,New Hampshire,4.91
SEL04324,Burns-Duncan,BRAND,Carolstad,Georgia,4.31
SEL04325,"Brewer, Warren and Garcia",MARKETPLACE,Lake Kara,South Dakota,2.55
SEL04326,Burke Group,MARKETPLACE,East Kimton,New Jersey,3.68
SEL04327,"Day, Thomas and Walton",DISTRIBUTOR,Port Jason,Arizona,4.48
SEL04328,Hinton PLC,DISTRIBUTOR,Stephanieshire,Hawaii,4.5
SEL04329,Lee LLC,MARKETPLACE,Paulaberg,Delaware,4.18
SEL04330,"Kim, Yang and Hayes",MARKETPLACE,East Thomaston,South Carolina,2.78
SEL04331,Shaffer-Allen,DISTRIBUTOR,Greenchester,New Jersey,4.63
SEL04332,"Randall, Rivera and Hernandez",DISTRIBUTOR,Valerieberg,Vermont,3.68
SEL04333,Steele-Hall,DISTRIBUTOR,West Shaneberg,Connecticut,2.97
SEL04334,"Williams, Jackson and Martinez",DISTRIBUTOR,North Bradley,Minnesota,3.1
SEL04335,Bennett-Knight,BRAND,South Billymouth,Iowa,3.52
SEL04336,"Shaffer, Sanders and Marshall",MARKETPLACE,Lake Samanthamouth,Arkansas,2.54
SEL04337,"Elliott, Meyer and Smith",BRAND,Parrishville,Vermont,3.72
SEL04338,Torres Ltd,DISTRIBUTOR,New Derekside,Maine,3.26
SEL04339,Edwards-Miller,MARKETPLACE,Alyssaport,Oregon,2.77
SEL04340,Jackson-Coleman,MARKETPLACE,New Michaelberg,South Carolina,2.94
SEL04341,"Miller, Mathis and Brown",DISTRIBUTOR,Territown,Georgia,4.27
SEL04342,Peters Inc,DISTRIBUTOR,East Samuel,Pennsylvania,3.67
SEL04343,Martin PLC,DISTRIBUTOR,New Michael,Oklahoma,3.32
SEL04344,"Watson, Shepherd and Mora",DISTRIBUTOR,Lake Jacquelineburgh,New Hampshire,3.35
SEL04345,Jones PLC,DISTRIBUTOR,Wendyfurt,Wisconsin,4.91
SEL04346,Combs-Vargas,BRAND,Leestad,Montana,4.02
SEL04347,"House, Mason and Robbins",DISTRIBUTOR,East Norma,Virginia,4.91
SEL04348,Richardson-Baker,MARKETPLACE,Tracybury,Pennsylvania,2.62
SEL04349,"Wood, Walters and Adkins",BRAND,New Kevinville,Pennsylvania,2.76
SEL04350,"Brown, Schmidt and Stone",DISTRIBUTOR,Isaiahmouth,Hawaii,3.97
SEL04351,Krueger Inc,MARKETPLACE,North Sandy,Wisconsin,3.41
SEL04352,Nelson and Sons,MARKETPLACE,Quinnberg,Michigan,3.82
SEL04353,"Coffey, Kemp and Hawkins",BRAND,New Kristenton,California,3.34
SEL04354,Knight-Clark,MARKETPLACE,New Mary,Connecticut,3.07
SEL04355,"Hines, Christensen and Jones",MARKETPLACE,Jonathanbury,New York,3.05
SEL04356,Mendoza-Campbell,DISTRIBUTOR,South Danny,Ohio,3.95
SEL04357,"Lucas, Taylor and Cuevas",DISTRIBUTOR,Port Bianca,Kentucky,2.77
SEL04358,Jackson-Jackson,MARKETPLACE,Aguirreland,California,2.65
SEL04359,"Walters, Ford and Alexander",DISTRIBUTOR,Lake Kevin,Pennsylvania,3.58
SEL04360,Carter and Sons,DISTRIBUTOR,Richardton,Wyoming,3.47
SEL04361,"Adams, Robbins and Rosales",DISTRIBUTOR,North Sabrinamouth,Michigan,4.8
SEL04362,Nash LLC,BRAND,Keithland,Colorado,3.89
SEL04363,Lee-Allen,MARKETPLACE,New Katie,Maine,4.04
SEL04364,"Marks, Douglas and Scott",MARKETPLACE,Murrayborough,Georgia,4.47
SEL04365,Brooks Inc,MARKETPLACE,North Christopher,Alaska,4.32
SEL04366,Reed-Armstrong,BRAND,Port Debra,Louisiana,4.89
SEL04367,Sanders Inc,DISTRIBUTOR,Coryport,Texas,4.71
SEL04368,Woodard LLC,MARKETPLACE,South Henrymouth,Oregon,4.18
SEL04369,Patterson-Smith,DISTRIBUTOR,East Ronaldshire,Nebraska,3.52
SEL04370,"Johnson, Flores and Lawrence",BRAND,West Colin,Vermont,4.18
SEL04371,Huynh-Becker,DISTRIBUTOR,Noahfort,Texas,3.29
SEL04372,"Woods, Silva and Johnson",DISTRIBUTOR,Port Valerie,South Carolina,4.09
SEL04373,Morales LLC,DISTRIBUTOR,Vasquezville,New Hampshire,3.56
SEL04374,Alexander Ltd,MARKETPLACE,Suzannechester,New York,2.63
SEL04375,Perez-Griffith,MARKETPLACE,West Jacob,Illinois,2.61
SEL04376,Smith-Banks,MARKETPLACE,New Taylorberg,South Carolina,3.55
SEL04377,Kelly and Sons,BRAND,Ochoaview,Tennessee,4.27
SEL04378,Anderson-Gibson,MARKETPLACE,North Kennethhaven,Wyoming,2.7
SEL04379,"Allen, Kennedy and Henson",DISTRIBUTOR,West Shannon,Michigan,4.5
SEL04380,Rodriguez-Cordova,DISTRIBUTOR,Rosetown,Kansas,2.73
SEL04381,"Dixon, Mcgee and Boyd",BRAND,North Linda,New York,4.63
SEL04382,Terrell Inc,MARKETPLACE,Thomasview,Florida,4.62
SEL04383,"West, Hooper and Hunter",MARKETPLACE,East Natasha,Kansas,3.27
SEL04384,Martin-Ballard,DISTRIBUTOR,Lamfurt,South Carolina,3.7
SEL04385,Turner-Bishop,BRAND,West Kimberly,Washington,4.68
SEL04386,"Kemp, Mendoza and Mcclure",DISTRIBUTOR,New John,Maine,2.67
SEL04387,Davis-Hull,DISTRIBUTOR,Johnburgh,Louisiana,4.33
SEL04388,Maxwell-Bender,MARKETPLACE,Johnton,New Mexico,3.25
SEL04389,"Chavez, Thomas and Williams",BRAND,Brittanytown,Rhode Island,2.75
SEL04390,Russell-Fitzgerald,BRAND,South Juliahaven,Arizona,4.17
SEL04391,Smith-Moore,MARKETPLACE,Olsonburgh,Montana,3.8
SEL04392,Williams and Sons,BRAND,East Wendy,Alaska,4.92
SEL04393,Washington and Sons,DISTRIBUTOR,Gilesfurt,New Jersey,3.09
SEL04394,Cox LLC,MARKETPLACE,Whitneychester,Arizona,4.13
SEL04395,"Gutierrez, Mckinney and Woodard",MARKETPLACE,West Robert,Connecticut,3.78
SEL04396,Mendez Ltd,MARKETPLACE,East Laurashire,Colorado,4.11
SEL04397,White-Dixon,MARKETPLACE,Murphybury,West Virginia,2.57
SEL04398,Ramsey-Gomez,BRAND,East Karenview,New York,3.82
SEL04399,"Palmer, Moore and Saunders",MARKETPLACE,West Kennethfort,Iowa,3.09
SEL04400,"Smith, Livingston and Wilson",MARKETPLACE,Jillton,Michigan,3.59
SEL04401,Jackson-Duncan,MARKETPLACE,Jamesfurt,Minnesota,3.94
SEL04402,Perry Group,MARKETPLACE,South Allisonmouth,Alaska,3.26
SEL04403,Davenport-Jordan,MARKETPLACE,West Jessebury,Hawaii,4.92
SEL04404,Bailey and Sons,MARKETPLACE,Port Brett,Arizona,2.98
SEL04405,Hall Group,MARKETPLACE,Chapmanport,Illinois,3.13
SEL04406,Morales-Davis,BRAND,West Paul,Arkansas,3.12
SEL04407,"Booth, Martinez and Zavala",DISTRIBUTOR,Sherryport,Missouri,4.1
SEL04408,Mccoy-Carlson,BRAND,Angelmouth,North Dakota,4.27
SEL04409,"Valdez, Martin and Ward",DISTRIBUTOR,Amytown,Hawaii,4.67
SEL04410,"Bowen, Mclean and Lawrence",MARKETPLACE,East Juliefort,Nebraska,3.98
SEL04411,"Harvey, Powell and Martin",MARKETPLACE,South John,Nevada,4.33
SEL04412,"Townsend, Tate and Williams",MARKETPLACE,Williamsport,Alaska,4.26
SEL04413,Estes-Larson,MARKETPLACE,Tiffanyfurt,Vermont,3.23
SEL04414,Benson PLC,MARKETPLACE,Biancaport,Idaho,3.83
SEL04415,"Taylor, Evans and Watson",BRAND,New Darrell,California,4.37
SEL04416,Nichols-Barber,DISTRIBUTOR,Fitzgeraldfurt,Washington,2.53
SEL04417,Johnson-Prince,DISTRIBUTOR,West Josestad,Michigan,4.06
SEL04418,Lewis-Rios,DISTRIBUTOR,South Keithland,California,4.8
SEL04419,Olson-Bruce,DISTRIBUTOR,Bradyhaven,Delaware,3.05
SEL04420,Wright and Sons,MARKETPLACE,Lake Ashleyhaven,Montana,3.14
SEL04421,"Mccoy, Wright and Collins",MARKETPLACE,Johnsonchester,South Dakota,4.94
SEL04422,"Ellison, Bates and Cooper",MARKETPLACE,New Allisonfort,Maine,4.55
SEL04423,Grant Group,DISTRIBUTOR,Scottbury,Tennessee,4.41
SEL04424,Acosta-Smith,MARKETPLACE,Port Ryanstad,Oklahoma,3.37
SEL04425,"Rojas, White and Mora",DISTRIBUTOR,North Timothychester,Louisiana,4.98
SEL04426,"Hammond, Wilkinson and Cohen",BRAND,North Jason,Hawaii,2.88
SEL04427,Juarez-Lozano,DISTRIBUTOR,West Austinside,New Jersey,2.61
SEL04428,Buckley-Jackson,DISTRIBUTOR,Nguyenview,West Virginia,4.89
SEL04429,Owens Group,DISTRIBUTOR,Nelsonberg,Nebraska,4.27
SEL04430,Williams-Richard,MARKETPLACE,New Samuel,Missouri,4.81
SEL04431,Sampson LLC,DISTRIBUTOR,Manninghaven,Massachusetts,4.26
SEL04432,"Howell, Montgomery and Holland",DISTRIBUTOR,Thomasville,Michigan,3.58
SEL04433,"Nichols, Johnson and Livingston",BRAND,Lewisside,Mississippi,4.86
SEL04434,"Green, Peterson and Davis",BRAND,East Kellyland,Vermont,2.67
SEL04435,Gallagher-Smith,BRAND,Tuckerview,Wisconsin,3.85
SEL04436,Hansen-Bray,MARKETPLACE,Reedtown,Nebraska,3.28
SEL04437,"Mack, Kirby and Meyer",BRAND,New Vicki,Pennsylvania,2.72
SEL04438,Rice-Liu,BRAND,Port Joymouth,West Virginia,3.14
SEL04439,"Vega, Braun and Miranda",DISTRIBUTOR,Taylorbury,Oregon,3.2
SEL04440,"Mills, Kim and Reyes",DISTRIBUTOR,Port Brianbury,Kentucky,3.88
SEL04441,"Schroeder, Warren and Austin",MARKETPLACE,Cookberg,Mississippi,4.65
SEL04442,Harris-Mullins,DISTRIBUTOR,Thomasfort,Connecticut,3.74
SEL04443,Terrell and Sons,BRAND,East Damonmouth,Nebraska,3.11
SEL04444,King-Campbell,DISTRIBUTOR,Anitamouth,Missouri,3.43
SEL04445,Brewer and Sons,DISTRIBUTOR,Smithview,North Dakota,2.88
SEL04446,Webster LLC,MARKETPLACE,Fitzpatrickborough,New Jersey,4.71
SEL04447,Kent Ltd,DISTRIBUTOR,South Andreaside,New Jersey,2.86
SEL04448,"Porter, Maldonado and Taylor",DISTRIBUTOR,Port Nicolebury,Ohio,3.97
SEL04449,Rowe and Sons,DISTRIBUTOR,Port Ryanmouth,Nebraska,4.82
SEL04450,Taylor-Gray,DISTRIBUTOR,Lake Ronnie,Hawaii,4.22
SEL04451,"Jordan, Brown and Ayers",DISTRIBUTOR,Lake Elizabethfurt,Maine,2.85
SEL04452,Swanson-Meza,MARKETPLACE,Leebury,Maryland,4.87
SEL04453,Reilly Inc,BRAND,South Melissamouth,California,4.87
SEL04454,Dunn Group,BRAND,New Monicashire,Kansas,3.56
SEL04455,Brooks Group,DISTRIBUTOR,Port Laurenville,North Dakota,4.25
SEL04456,Wood-Hill,DISTRIBUTOR,Smithside,Massachusetts,3.9
SEL04457,"Henson, Webb and Rogers",MARKETPLACE,West Patriciamouth,California,4.43
SEL04458,"Ward, Robinson and Lee",BRAND,West Christopherport,Rhode Island,4.12
SEL04459,Miller-Wheeler,MARKETPLACE,East Erica,West Virginia,4.76
SEL04460,"Lee, James and Cole",MARKETPLACE,Port Pamela,New Hampshire,2.88
SEL04461,Castro Inc,DISTRIBUTOR,East Erin,Georgia,3.23
SEL04462,Sanders-Lindsey,DISTRIBUTOR,Schroederville,Minnesota,4.65
SEL04463,Reynolds-Miller,DISTRIBUTOR,Tarahaven,Nevada,4.72
SEL04464,Rosario-Shaffer,BRAND,New Gary,Tennessee,3.93
SEL04465,Garza Ltd,DISTRIBUTOR,Lake Katherineville,New Mexico,2.82
SEL04466,Merritt PLC,DISTRIBUTOR,Hallport,Hawaii,3.08
SEL04467,Henry-Fuentes,DISTRIBUTOR,Burtonfurt,Louisiana,3.51
SEL04468,Cooper-Brennan,DISTRIBUTOR,Lake Sandra,Utah,4.84
SEL04469,"Leonard, Rice and Horton",BRAND,East Christopher,Hawaii,2.79
SEL04470,"Dodson, Robinson and Maldonado",MARKETPLACE,Lake Breannashire,Idaho,4.38
SEL04471,"Preston, Campbell and Wall",DISTRIBUTOR,Chelseahaven,Tennessee,3.63
SEL04472,"Gibson, Barnes and Allen",DISTRIBUTOR,West Katherineview,Virginia,4.46
SEL04473,"Cruz, Williams and Holland",DISTRIBUTOR,Denisestad,Montana,3.57
SEL04474,"Wood, Thornton and Taylor",BRAND,Nathanfurt,Massachusetts,2.85
SEL04475,Edwards-Gregory,BRAND,Andersonview,Missouri,4.53
SEL04476,Johnson-Smith,BRAND,Daviston,New Hampshire,2.74
SEL04477,"Delgado, Sutton and Roth",BRAND,Lake Ryanside,New York,2.98
SEL04478,Brown-Mahoney,MARKETPLACE,Coxtown,Iowa,4.89
SEL04479,Ortiz-Barry,BRAND,Lesterbury,Rhode Island,3.76
SEL04480,Yates Group,BRAND,West Steven,Louisiana,3.78
SEL04481,Randall Inc,MARKETPLACE,East Vanessa,Wyoming,3.68
SEL04482,Spears-Rodriguez,DISTRIBUTOR,Shawborough,Wyoming,3.95
SEL04483,Moody-Meadows,DISTRIBUTOR,Munozborough,Oregon,3.41
SEL04484,"Sanchez, Murray and Hunter",DISTRIBUTOR,Bentleymouth,Vermont,4.01
SEL04485,Huffman-Osborne,DISTRIBUTOR,South John,Oklahoma,3.65
SEL04486,"Erickson, Johnson and Bryant",DISTRIBUTOR,Port Timothyland,Kentucky,3.15
SEL04487,Lloyd-Simpson,MARKETPLACE,Lake Michelleberg,California,3.73
SEL04488,Kline-Bruce,MARKETPLACE,North Heatherborough,Kentucky,3.87
SEL04489,Harris-Lloyd,MARKETPLACE,Oliverburgh,Hawaii,3.56
SEL04490,Henry-Cunningham,MARKETPLACE,North Latoyaton,West Virginia,3.18
SEL04491,Murray Ltd,BRAND,North Johnburgh,West Virginia,3.05
SEL04492,"Smith, Briggs and Rodriguez",BRAND,Lake Patrickview,Georgia,3.26
SEL04493,Miller-Oconnor,MARKETPLACE,West Nicholashaven,Alabama,2.84
SEL04494,Williams and Sons,DISTRIBUTOR,Davidchester,Montana,4.78
SEL04495,"Griffin, Adams and Robertson",MARKETPLACE,Lake Jill,Iowa,4.64
SEL04496,"Soto, Sanders and Reynolds",MARKETPLACE,Brandonview,Missouri,3.34
SEL04497,Gray Group,DISTRIBUTOR,Foxville,Oregon,3.29
SEL04498,"Freeman, Thomas and Townsend",MARKETPLACE,West Scott,South Dakota,3.51
SEL04499,Weeks-Edwards,DISTRIBUTOR,Lake Melissa,Indiana,2.59
SEL04500,Proctor-Sherman,DISTRIBUTOR,West Stephen,Minnesota,4.63
SEL04501,Owens and Sons,DISTRIBUTOR,Lorraineton,Hawaii,4.41
SEL04502,"Friedman, Rios and Wilson",BRAND,Lake Jessica,Virginia,4.78
SEL04503,Smith-Lindsey,BRAND,Allisonberg,Kansas,4.6
SEL04504,"Hill, Bryant and Singh",MARKETPLACE,North Robert,North Dakota,4.94
SEL04505,"Coleman, Jones and Johnson",MARKETPLACE,New Taylorfurt,Maine,3.53
SEL04506,Torres-Harrison,BRAND,Jeffreyhaven,Nebraska,3.53
SEL04507,Ewing Ltd,MARKETPLACE,South Jonathan,Indiana,4.33
SEL04508,"Martin, Murphy and Simon",MARKETPLACE,East Kristinmouth,Indiana,3.31
SEL04509,Williams-Marshall,BRAND,Allisonmouth,Virginia,4.18
SEL04510,Welch-Oliver,BRAND,East Bryanport,Maine,3.2
SEL04511,Griffin-Bishop,DISTRIBUTOR,Martintown,South Carolina,4.79
SEL04512,Johnson-Long,MARKETPLACE,Jessicafort,Maine,2.67
SEL04513,"Kim, Bruce and Hernandez",MARKETPLACE,Lake Jennifer,Hawaii,3.96
SEL04514,"Griffin, Watts and Simmons",BRAND,Kimberlyview,California,3.63
SEL04515,Tran Ltd,MARKETPLACE,Jenniferville,Florida,2.74
SEL04516,Jensen Ltd,MARKETPLACE,Callahanhaven,Arizona,4.84
SEL04517,Clark PLC,BRAND,North Dawnstad,California,3.76
SEL04518,Reed-Hensley,BRAND,Rogersbury,Wyoming,4.36
SEL04519,"Osborne, Jackson and Zamora",BRAND,Port Peterfort,New Mexico,3.35
SEL04520,"Wong, Barton and Richard",BRAND,Harrellport,Utah,3.94
SEL04521,Pierce-Peterson,DISTRIBUTOR,Kelseychester,Montana,3.51
SEL04522,Martin Ltd,BRAND,Lake Anthony,South Carolina,3.58
SEL04523,Dickerson PLC,DISTRIBUTOR,North Rachel,Oklahoma,4.65
SEL04524,Hernandez-Buck,BRAND,North Derek,South Carolina,3.28
SEL04525,Davis Inc,DISTRIBUTOR,East Shannonton,Oklahoma,3.04
SEL04526,"Hernandez, Nolan and Walker",DISTRIBUTOR,Chelseamouth,Pennsylvania,3.9
SEL04527,"Kelley, Higgins and Kelly",BRAND,New Crystalbury,California,3.96
SEL04528,"Edwards, Bryant and Matthews",BRAND,Hortonberg,California,4.24
SEL04529,Ortiz Group,BRAND,Christophermouth,Missouri,4.25
SEL04530,Gutierrez Group,BRAND,Wilsonchester,Michigan,2.62
SEL04531,Moody Group,DISTRIBUTOR,Reillybury,Indiana,3.02
SEL04532,"Anderson, Valdez and Thompson",MARKETPLACE,Jeremyfurt,New Mexico,4.4
SEL04533,Hernandez and Sons,BRAND,Timothyport,Vermont,3.91
SEL04534,Hansen-Steele,DISTRIBUTOR,Thomasville,South Dakota,3.02
SEL04535,Salazar-Hunter,MARKETPLACE,Gentryberg,California,4.94
SEL04536,Coleman-Mccarty,MARKETPLACE,West Jamie,Alaska,3.34
SEL04537,Parker-Vasquez,MARKETPLACE,South Alanmouth,North Dakota,4.87
SEL04538,Salas-White,MARKETPLACE,West Kristie,Maryland,4.65
SEL04539,Smith-Rivera,BRAND,Alanshire,Nevada,4.73
SEL04540,"Foster, Moore and Casey",BRAND,West Lisabury,Washington,4.12
SEL04541,Smith LLC,MARKETPLACE,Ryanfurt,Washington,4.24
SEL04542,"Gallagher, Adams and Wallace",BRAND,West Alexandrabury,Mississippi,4.51
SEL04543,"Francis, Kramer and Cooper",BRAND,West Robertton,Minnesota,4.76
SEL04544,"Brown, Aguirre and Chase",DISTRIBUTOR,Port Andreatown,Connecticut,4.07
SEL04545,Baker and Sons,MARKETPLACE,Faithton,Nevada,3.96
SEL04546,"Nelson, Nunez and Carey",DISTRIBUTOR,Jacksonton,Tennessee,4.21
SEL04547,"Garza, Rasmussen and Nelson",MARKETPLACE,Lake Debbiemouth,Maine,2.7
SEL04548,"Watkins, Simmons and Tucker",DISTRIBUTOR,Lake Rachael,Vermont,4.57
SEL04549,"Miller, Stewart and Elliott",MARKETPLACE,Markhaven,Ohio,4.36
SEL04550,Martinez-Bryan,DISTRIBUTOR,Port Paul,Nebraska,2.64
SEL04551,Newton and Sons,DISTRIBUTOR,West Elizabeth,Montana,4.78
SEL04552,Gallagher Inc,BRAND,South Amber,Wisconsin,3.53
SEL04553,"Avila, Anderson and Short",MARKETPLACE,North Amytown,Ohio,2.6
SEL04554,Allison-Bradley,DISTRIBUTOR,New Sandraside,Pennsylvania,4.76
SEL04555,Spencer Ltd,DISTRIBUTOR,North Jasonland,Kentucky,4.14
SEL04556,"Brewer, Sanders and Cordova",DISTRIBUTOR,Port Jacqueline,Louisiana,4.22
SEL04557,Chan-Brown,BRAND,Nicoleport,Wisconsin,3.35
SEL04558,"Cook, Foster and Blankenship",DISTRIBUTOR,South Susanbury,Tennessee,4.53
SEL04559,Simmons Inc,BRAND,Tranmouth,North Carolina,2.93
SEL04560,Reid-White,MARKETPLACE,East Christineville,Georgia,4.13
SEL04561,"Cooper, Howard and Mcbride",BRAND,East Andrew,Indiana,2.66
SEL04562,"Smith, Bennett and Watson",BRAND,Lake Donnaview,Georgia,3.96
SEL04563,Ryan Group,DISTRIBUTOR,North Natalieville,Tennessee,3.74
SEL04564,Garcia-Medina,MARKETPLACE,Port Kaylamouth,Wyoming,2.73
SEL04565,White Inc,DISTRIBUTOR,Ellenbury,Massachusetts,2.98
SEL04566,"Sanchez, Ellis and Fox",DISTRIBUTOR,Kimfort,Indiana,3.7
SEL04567,Miller Inc,MARKETPLACE,Whitemouth,Michigan,4.6
SEL04568,Myers-Kim,DISTRIBUTOR,Carlsonborough,Arkansas,3.01
SEL04569,"Hart, Reed and Schmidt",DISTRIBUTOR,Port Heatherburgh,Indiana,2.77
SEL04570,Jimenez PLC,MARKETPLACE,New Matthew,Minnesota,2.83
SEL04571,Reyes Ltd,DISTRIBUTOR,New Zacharyport,Michigan,3.86
SEL04572,Hardin-Vazquez,MARKETPLACE,Lake Veronica,Colorado,3.76
SEL04573,Page Group,DISTRIBUTOR,Cochranville,South Carolina,4.64
SEL04574,Stephens PLC,BRAND,Mcgeeville,New York,3.73
SEL04575,"Sandoval, Thomas and Walker",DISTRIBUTOR,Port Jeff,California,3.52
SEL04576,Gordon LLC,MARKETPLACE,Chaseside,Vermont,3.02
SEL04577,Rice-French,DISTRIBUTOR,Samanthahaven,Connecticut,3.12
SEL04578,Moon Inc,BRAND,Port Randall,North Dakota,3.57
SEL04579,Miller-Phillips,MARKETPLACE,New Jasonhaven,Tennessee,4.01
SEL04580,Freeman-George,MARKETPLACE,East Jason,Missouri,2.89
SEL04581,Smith PLC,BRAND,Seanland,Missouri,4.95
SEL04582,Wells-Fisher,DISTRIBUTOR,Derrickton,Washington,3.09
SEL04583,"Williams, Rosario and Pittman",DISTRIBUTOR,Andrewburgh,Montana,3.99
SEL04584,Clark-Edwards,DISTRIBUTOR,North Michellechester,Iowa,2.68
SEL04585,Gordon-Stanton,DISTRIBUTOR,Leahshire,Georgia,4.71
SEL04586,"Warner, Blackwell and Wilson",DISTRIBUTOR,South Mikeville,Washington,3.98
SEL04587,Mitchell Inc,MARKETPLACE,Mackfort,Oregon,3.73
SEL04588,"Davis, Thompson and Johnson",DISTRIBUTOR,Marissaland,California,2.55
SEL04589,Carr and Sons,MARKETPLACE,Christophermouth,Mississippi,4.03
SEL04590,Horton-Todd,DISTRIBUTOR,Fisherfort,Tennessee,3.52
SEL04591,"Medina, Jones and Hardin",MARKETPLACE,West Brandonborough,Delaware,3.95
SEL04592,"Harrington, Allen and Bird",DISTRIBUTOR,Maureenville,Mississippi,5.0
SEL04593,Barker-Snyder,BRAND,Keithbury,Florida,3.82
SEL04594,Gonzales-Young,DISTRIBUTOR,Lake Pamela,South Carolina,3.93
SEL04595,Myers PLC,MARKETPLACE,South Christophermouth,Texas,3.91
SEL04596,"Rodriguez, Strong and Smith",MARKETPLACE,Johnsonside,North Dakota,4.74
SEL04597,Walter and Sons,BRAND,Lisahaven,Arkansas,2.56
SEL04598,Baker Inc,DISTRIBUTOR,Williamsberg,Maryland,3.55
SEL04599,Spencer-Armstrong,BRAND,Lake Rita,Vermont,3.7
SEL04600,Terrell Ltd,DISTRIBUTOR,West Angel,Mississippi,4.84
SEL04601,Horn LLC,BRAND,Lake Tammyport,North Dakota,4.89
SEL04602,Jones-Morris,MARKETPLACE,South Patrick,Idaho,3.87
SEL04603,Lewis-Ross,DISTRIBUTOR,Wallaceton,Ohio,3.77
SEL04604,Morton LLC,BRAND,Lake Angela,Pennsylvania,2.81
SEL04605,Cruz Group,MARKETPLACE,North Christopherton,New York,3.64
SEL04606,Miller Ltd,MARKETPLACE,New Nicholas,Nebraska,2.69
SEL04607,Harmon-Jackson,DISTRIBUTOR,New Susanshire,Vermont,3.11
SEL04608,Lam and Sons,BRAND,Hawkinsfort,Ohio,4.62
SEL04609,"Parker, Moran and Carpenter",BRAND,South Rebecca,Ohio,4.26
SEL04610,Dominguez LLC,DISTRIBUTOR,North Tracychester,Alabama,4.22
SEL04611,"Hamilton, Spears and Townsend",DISTRIBUTOR,North Ericton,Illinois,2.66
SEL04612,Harris-Ross,BRAND,Ericberg,South Carolina,4.55
SEL04613,Clark Ltd,DISTRIBUTOR,North Christopher,Nevada,2.93
SEL04614,Castro Ltd,MARKETPLACE,Benjaminstad,New Hampshire,4.68
SEL04615,"Newton, Copeland and Mann",BRAND,Gardnerview,Kentucky,4.91
SEL04616,"Jones, Cooper and Smith",MARKETPLACE,North Andreaville,North Dakota,3.49
SEL04617,Brock-Patrick,DISTRIBUTOR,Cookberg,North Carolina,3.3
SEL04618,Wilson-Shaw,BRAND,Jamesborough,Rhode Island,3.89
SEL04619,Haynes Group,BRAND,Anthonychester,Michigan,4.02
SEL04620,Arnold-Bond,DISTRIBUTOR,Websterton,Delaware,4.36
SEL04621,"Smith, Eaton and Salinas",MARKETPLACE,Port Carolyn,Kansas,4.47
SEL04622,Norton-James,DISTRIBUTOR,South William,Missouri,3.9
SEL04623,Davis PLC,BRAND,Michaelbury,Louisiana,4.76
SEL04624,Wheeler Ltd,DISTRIBUTOR,Williamville,Colorado,4.77
SEL04625,Walsh-Williams,MARKETPLACE,Port Charles,Minnesota,3.37
SEL04626,"Raymond, Snyder and Hernandez",DISTRIBUTOR,North Kevinfort,Oklahoma,3.33
SEL04627,Hill Group,BRAND,Frosttown,Alabama,3.74
SEL04628,Lopez-Castro,MARKETPLACE,Mirandaburgh,California,4.45
SEL04629,Rivera Inc,DISTRIBUTOR,Barrettstad,Wisconsin,4.26
SEL04630,Norman Group,MARKETPLACE,New Carolyn,Illinois,4.55
SEL04631,Thompson Inc,BRAND,Maysstad,New Hampshire,3.09
SEL04632,Carroll Group,BRAND,Mccoyfurt,Alabama,4.1
SEL04633,Nelson Ltd,BRAND,Lake Brian,Oklahoma,3.31
SEL04634,"Carpenter, Peterson and Pennington",BRAND,New Robert,South Dakota,3.6
SEL04635,Pennington-Watson,BRAND,Port Omarhaven,Michigan,3.97
SEL04636,Patterson Inc,DISTRIBUTOR,North Cassandra,Tennessee,4.72
SEL04637,Ho Ltd,BRAND,Anthonyshire,Virginia,3.16
SEL04638,"Rodriguez, Martin and Cole",MARKETPLACE,Ryanton,Mississippi,3.38
SEL04639,"Delgado, Scott and Moore",DISTRIBUTOR,East Todd,New Hampshire,4.15
SEL04640,"Richardson, Banks and Lopez",DISTRIBUTOR,Millsview,Nebraska,4.86
SEL04641,"Myers, Cruz and Williams",BRAND,Port Heatherton,Hawaii,4.08
SEL04642,Gonzales-Stephenson,BRAND,Lake Kimberlyfort,New York,3.05
SEL04643,Brown PLC,DISTRIBUTOR,Port Ashley,Missouri,3.77
SEL04644,Baldwin LLC,BRAND,Lynnview,Illinois,4.41
SEL04645,Castro-Hernandez,BRAND,Port Jeromeville,Georgia,3.09
SEL04646,Lopez-Gill,BRAND,North Jessemouth,Nebraska,3.43
SEL04647,Moody-Tucker,BRAND,Browntown,Vermont,4.2
SEL04648,"Allen, Mullins and Smith",MARKETPLACE,Ericside,West Virginia,2.54
SEL04649,Marquez-Mack,BRAND,Courtneystad,West Virginia,2.89
SEL04650,Marquez-Owens,BRAND,Draketown,Oklahoma,4.0
SEL04651,Lopez-Johnson,DISTRIBUTOR,Robertsland,Alaska,4.31
SEL04652,Hayes PLC,DISTRIBUTOR,Morrisville,Texas,3.66
SEL04653,Carrillo-Riley,MARKETPLACE,West Christine,South Carolina,3.41
SEL04654,Ward-Adams,BRAND,East Jessicashire,South Dakota,4.95
SEL04655,Torres Group,DISTRIBUTOR,East Ashley,New Hampshire,4.57
SEL04656,Dunn Inc,MARKETPLACE,East Tony,Arkansas,4.05
SEL04657,Bell-Turner,MARKETPLACE,Reeseland,North Carolina,4.72
SEL04658,Leonard LLC,MARKETPLACE,Atkinsonstad,Massachusetts,3.21
SEL04659,"Delacruz, Malone and Curtis",DISTRIBUTOR,Lake Daniel,Vermont,4.59
SEL04660,"Green, Hartman and Bass",DISTRIBUTOR,Fordfort,Nebraska,3.73
SEL04661,Robinson Group,BRAND,Christineview,Arizona,3.96
SEL04662,Burnett LLC,BRAND,Markland,Louisiana,4.71
SEL04663,"King, Delgado and Brennan",DISTRIBUTOR,Rebeccaport,Connecticut,4.91
SEL04664,Colon-Smith,BRAND,Robertfurt,Illinois,3.29
SEL04665,Ross-Ryan,BRAND,North Paula,New Mexico,3.09
SEL04666,Ponce LLC,DISTRIBUTOR,Beverlybury,Maryland,4.16
SEL04667,Deleon-Kim,MARKETPLACE,Clarkburgh,Wisconsin,3.89
SEL04668,Henderson and Sons,BRAND,South Kirsten,Alaska,4.17
SEL04669,Moreno LLC,MARKETPLACE,Barberchester,Alaska,4.19
SEL04670,Weber LLC,DISTRIBUTOR,Williamsberg,Hawaii,4.98
SEL04671,"Allen, Park and Hamilton",BRAND,Port Donald,Rhode Island,4.5
SEL04672,Romero-Mooney,BRAND,Alyssamouth,Utah,3.43
SEL04673,"Carpenter, Leach and Nielsen",BRAND,Berryfort,California,2.52
SEL04674,"Mathis, Allen and Morgan",DISTRIBUTOR,North Michael,Minnesota,2.81
SEL04675,"Phillips, Schaefer and Cole",BRAND,North Rebecca,New York,4.69
SEL04676,Lewis-Adkins,MARKETPLACE,Ericaton,New Mexico,4.71
SEL04677,Bates-Rogers,DISTRIBUTOR,New Jeremybury,Maine,3.14
SEL04678,Lucas-Smith,MARKETPLACE,Wallacestad,Minnesota,3.85
SEL04679,Bryant Ltd,MARKETPLACE,West Tyler,Missouri,4.15
SEL04680,Burns PLC,BRAND,Reillyberg,Arkansas,2.8
SEL04681,Smith LLC,BRAND,North Diane,New York,4.73
SEL04682,Williams-Gilmore,MARKETPLACE,East Emilystad,Hawaii,3.66
SEL04683,Obrien and Sons,BRAND,Michaelmouth,Missouri,4.91
SEL04684,"Chung, Vargas and Mitchell",DISTRIBUTOR,Sabrinaport,Minnesota,4.13
SEL04685,Vaughn-Wood,MARKETPLACE,Lake Jeffreyview,North Carolina,4.29
SEL04686,Armstrong-Bell,MARKETPLACE,Danielburgh,Mississippi,4.53
SEL04687,"Farmer, Chen and Juarez",MARKETPLACE,Josephland,New Mexico,3.91
SEL04688,Taylor-Reynolds,BRAND,Yangton,Massachusetts,3.05
SEL04689,Moore-Santiago,MARKETPLACE,West Savannahburgh,California,3.18
SEL04690,"Ward, Harris and Pearson",MARKETPLACE,Lake Jeffrey,Ohio,3.64
SEL04691,"Garcia, Bush and Smith",BRAND,Bethfurt,Oklahoma,4.2
SEL04692,Walker-Page,BRAND,West Jessicabury,Virginia,3.88
SEL04693,"Bradley, Lamb and Rowe",BRAND,South Matthew,Louisiana,3.77
SEL04694,"Mccoy, Reese and Maxwell",MARKETPLACE,Terrellbury,Utah,3.91
SEL04695,Bright LLC,BRAND,Reedview,New Jersey,3.77
SEL04696,Meyer-Spencer,MARKETPLACE,New Maria,Florida,3.15
SEL04697,Ayala Group,MARKETPLACE,South Justin,Alabama,3.54
SEL04698,Marquez and Sons,MARKETPLACE,North Ashleyport,Illinois,3.78
SEL04699,Webb Group,BRAND,Valdezhaven,Ohio,4.2
SEL04700,Hood LLC,BRAND,Lake Tyronechester,Tennessee,3.31
SEL04701,Patton-Burns,BRAND,Chelseamouth,New York,2.57
SEL04702,Rogers-Steele,DISTRIBUTOR,Gonzalesstad,Vermont,4.53
SEL04703,"Costa, Sanchez and Cook",BRAND,Port Kendraberg,New York,4.59
SEL04704,Alexander-Brown,MARKETPLACE,Port Caroline,California,2.61
SEL04705,Mcdonald LLC,DISTRIBUTOR,Lake Samanthastad,New Hampshire,3.17
SEL04706,Hayden Inc,DISTRIBUTOR,Sethstad,Oregon,4.26
SEL04707,"Stewart, Todd and Robles",DISTRIBUTOR,Mayland,Florida,3.44
SEL04708,"Soto, Stewart and Ramsey",MARKETPLACE,Caseyborough,Minnesota,4.25
SEL04709,"Anderson, Castaneda and Riley",DISTRIBUTOR,Port Nicholas,Mississippi,3.72
SEL04710,"Marsh, Martinez and Wilson",BRAND,Charlesmouth,West Virginia,3.23
SEL04711,Jones Ltd,BRAND,West Jessica,New York,4.76
SEL04712,Gonzalez Ltd,DISTRIBUTOR,Samanthaport,Vermont,3.69
SEL04713,"Sanchez, Carrillo and Woods",BRAND,Pagebury,Maryland,2.58
SEL04714,Weaver Inc,BRAND,Smithburgh,Kansas,4.39
SEL04715,Davidson-Pierce,DISTRIBUTOR,Pamelaport,Missouri,4.42
SEL04716,"Johnson, Jones and Flores",DISTRIBUTOR,Stewartland,Rhode Island,3.32
SEL04717,"Peterson, Fox and White",BRAND,Jonfort,Illinois,2.68
SEL04718,Watkins-Harding,MARKETPLACE,Wangborough,Michigan,3.39
SEL04719,Fischer-Campbell,BRAND,West Andrew,Nebraska,3.7
SEL04720,Johnson-Ferguson,MARKETPLACE,Pedrofurt,Mississippi,4.89
SEL04721,Brady PLC,DISTRIBUTOR,Ashleyview,Oklahoma,4.01
SEL04722,Moreno-Hammond,MARKETPLACE,South Johnport,Delaware,2.71
SEL04723,Simon-Brown,BRAND,New Ericville,Montana,4.48
SEL04724,"Pham, Garza and Miller",MARKETPLACE,New Dennis,Virginia,4.53
SEL04725,"Horton, Anderson and Mcdonald",BRAND,New Carrie,Idaho,4.16
SEL04726,Cohen and Sons,DISTRIBUTOR,Port Brian,New York,3.32
SEL04727,Cole PLC,BRAND,Clarkhaven,Wisconsin,3.69
SEL04728,"Henderson, Davenport and Ramsey",BRAND,West Aaronside,South Dakota,4.79
SEL04729,James PLC,DISTRIBUTOR,Carolynville,Missouri,4.25
SEL04730,Payne Ltd,BRAND,Lake Robert,Florida,3.21
SEL04731,"Kirk, Davis and Hayes",BRAND,Lopezmouth,Ohio,4.88
SEL04732,Smith-Roberts,BRAND,South Nancy,Florida,4.12
SEL04733,King-Stuart,DISTRIBUTOR,North Kimberly,Maryland,4.36
SEL04734,"Moore, Myers and Lam",DISTRIBUTOR,Kimberlystad,Vermont,3.47
SEL04735,Evans-Ortega,BRAND,East Timothy,Kentucky,4.85
SEL04736,Smith and Sons,BRAND,North Allisonborough,Oklahoma,4.03
SEL04737,Torres LLC,MARKETPLACE,Millerview,Nevada,4.91
SEL04738,Mahoney-Riddle,BRAND,Rogersfort,Kansas,3.61
SEL04739,"Merritt, Armstrong and Barron",MARKETPLACE,Martinezfort,Tennessee,3.0
SEL04740,Choi-Jones,BRAND,Stacieview,Nebraska,2.68
SEL04741,Powell-Lloyd,MARKETPLACE,New Jenniferberg,Maryland,3.23
SEL04742,Miller-Benson,DISTRIBUTOR,North Stephanieborough,Georgia,4.41
SEL04743,Cox LLC,BRAND,Harrisbury,North Dakota,3.29
SEL04744,Castaneda Group,MARKETPLACE,Lake Patrick,Minnesota,2.55
SEL04745,Green-Wilson,DISTRIBUTOR,Ericksonton,West Virginia,3.69
SEL04746,Shepherd-Watson,MARKETPLACE,Webbmouth,Delaware,3.39
SEL04747,Allen-Matthews,DISTRIBUTOR,Wandaside,Missouri,4.59
SEL04748,Cabrera-Jordan,DISTRIBUTOR,Jasonburgh,Maryland,4.97
SEL04749,Benson-Alvarado,BRAND,Lake Bridgetchester,Nevada,3.92
SEL04750,Chase and Sons,MARKETPLACE,Hollyborough,Nevada,4.81
SEL04751,Wise-Phillips,MARKETPLACE,Douglasmouth,Montana,3.63
SEL04752,"Smith, Mercer and Fox",MARKETPLACE,Lake Rickshire,Wisconsin,2.75
SEL04753,Cordova-Fox,BRAND,Williamsville,Georgia,4.18
SEL04754,"Gilbert, Rodriguez and Obrien",MARKETPLACE,Nathanton,Alabama,4.12
SEL04755,Lewis-Henry,BRAND,North Amandamouth,Kansas,3.54
SEL04756,Hansen Inc,BRAND,Lake Karenborough,South Dakota,3.39
SEL04757,Torres-Boyer,BRAND,West Bridgetchester,Ohio,2.73
SEL04758,"Sanchez, Brown and Mayo",DISTRIBUTOR,Crystalshire,Minnesota,2.53
SEL04759,Lam-Jordan,DISTRIBUTOR,Shepardland,Ohio,4.96
SEL04760,Morton Inc,MARKETPLACE,Port Ronnie,Arkansas,4.14
SEL04761,Mays-Morgan,BRAND,North Keithhaven,Texas,3.75
SEL04762,"Walker, Lewis and Wong",DISTRIBUTOR,Alexisstad,Oregon,4.81
SEL04763,Sparks LLC,MARKETPLACE,Karenfurt,Virginia,3.28
SEL04764,"Goodman, Herrera and Gutierrez",MARKETPLACE,West Lindaside,Kansas,4.37
SEL04765,"Gomez, Becker and Reilly",MARKETPLACE,New Mary,Oregon,3.85
SEL04766,Mendez-Harris,DISTRIBUTOR,West Henry,Michigan,2.79
SEL04767,"Kaiser, Hayes and Mcdonald",BRAND,Lake Angelicafort,Maine,4.5
SEL04768,"Frost, Griffin and Bell",MARKETPLACE,New Jefferyport,Maryland,4.21
SEL04769,Mosley-Robinson,DISTRIBUTOR,Sarahberg,Idaho,4.5
SEL04770,Reynolds Group,DISTRIBUTOR,Keithport,South Dakota,3.49
SEL04771,Padilla Ltd,DISTRIBUTOR,Port Michelle,Maine,4.33
SEL04772,Brown-Anderson,BRAND,New Kyleview,North Carolina,2.71
SEL04773,Jordan Group,BRAND,Smithton,Texas,4.42
SEL04774,Goodwin-Butler,MARKETPLACE,Shepherdport,Colorado,3.04
SEL04775,Love and Sons,BRAND,Georgeland,Idaho,3.2
SEL04776,Anderson-Ward,MARKETPLACE,Jenniferchester,North Dakota,4.11
SEL04777,"Owens, Richardson and Wright",BRAND,Kennethshire,Mississippi,2.78
SEL04778,"Paul, Rose and Garcia",DISTRIBUTOR,Jamesview,California,3.59
SEL04779,Austin-Stevens,BRAND,Bradfordchester,Oregon,3.42
SEL04780,"Armstrong, Parsons and Gonzales",BRAND,Laraside,South Carolina,4.67
SEL04781,"Gomez, Stewart and Garcia",DISTRIBUTOR,Stephanieport,Nevada,2.56
SEL04782,Lewis LLC,DISTRIBUTOR,Lake Jeffrey,Minnesota,3.98
SEL04783,Mejia Ltd,BRAND,Port Lisa,New Jersey,3.27
SEL04784,Fields-Valentine,MARKETPLACE,Lindsayshire,Oklahoma,4.17
SEL04785,"Nguyen, Thomas and Love",BRAND,Lopezview,Illinois,4.32
SEL04786,Gibbs Inc,DISTRIBUTOR,Port Olivia,Delaware,3.65
SEL04787,"Ortiz, Howard and Carter",BRAND,Port Joshuaburgh,New Mexico,3.56
SEL04788,Russell and Sons,DISTRIBUTOR,Emmatown,Nevada,4.22
SEL04789,Wolfe-Morris,MARKETPLACE,West Lisa,Vermont,4.73
SEL04790,Davidson-Young,DISTRIBUTOR,Ernestton,Iowa,3.24
SEL04791,"Wall, Brewer and Peterson",MARKETPLACE,Beckville,Maine,2.84
SEL04792,Stuart-Hubbard,DISTRIBUTOR,New Amber,Mississippi,4.08
SEL04793,Gonzalez-Stevenson,BRAND,East Kimberlyburgh,Idaho,3.4
SEL04794,"Sullivan, Williamson and Sparks",MARKETPLACE,Sullivanberg,Kentucky,2.99
SEL04795,"Perez, Johnson and Green",DISTRIBUTOR,North Jay,Minnesota,4.66
SEL04796,Brown Inc,DISTRIBUTOR,Port Melinda,New Mexico,3.68
SEL04797,Bryant-Berger,MARKETPLACE,Sarahberg,Mississippi,3.49
SEL04798,"Brown, Coleman and Jones",DISTRIBUTOR,Port Yolandachester,Tennessee,4.63
SEL04799,"Williams, Williams and Ford",BRAND,Gordonbury,Nevada,3.68
SEL04800,"Smith, Johnson and Robinson",MARKETPLACE,Port Rileyfort,Michigan,3.6
SEL04801,Norton-Hardin,MARKETPLACE,Cabreraland,Oklahoma,3.27
SEL04802,"Henry, Koch and Wood",DISTRIBUTOR,Marcusmouth,Oklahoma,4.94
SEL04803,"Young, Flores and Woods",BRAND,Port Robertville,Florida,4.94
SEL04804,"Wright, Chandler and Chapman",BRAND,New Timothy,North Dakota,2.62
SEL04805,Hansen LLC,BRAND,East James,Kentucky,3.78
SEL04806,"Vasquez, Sanford and Thompson",MARKETPLACE,Floresport,Texas,4.52
SEL04807,Kemp and Sons,BRAND,Port Amy,Wisconsin,4.82
SEL04808,Torres Inc,DISTRIBUTOR,South Alexanderfort,Arizona,2.68
SEL04809,"Adams, Roberts and Williams",DISTRIBUTOR,North Jennifer,Virginia,4.62
SEL04810,Jones LLC,BRAND,Lake Veronicatown,West Virginia,3.71
SEL04811,Casey-Ruiz,BRAND,Powellfort,North Dakota,2.76
SEL04812,"Webb, Perry and David",DISTRIBUTOR,West Bridgetview,Virginia,4.28
SEL04813,"Valenzuela, Dougherty and Jensen",BRAND,South Vanessa,Maryland,2.75
SEL04814,Hernandez-Carey,MARKETPLACE,Lake Charleshaven,South Carolina,2.61
SEL04815,"Miller, Caldwell and Nguyen",MARKETPLACE,Savannahborough,Pennsylvania,3.2
SEL04816,"Gibson, Newman and Herrera",DISTRIBUTOR,New Tiffany,Indiana,3.85
SEL04817,Robinson-Lee,BRAND,Erinhaven,Pennsylvania,3.95
SEL04818,"Davis, Lutz and Cardenas",DISTRIBUTOR,Ashleyview,Colorado,4.87
SEL04819,Smith-Perez,DISTRIBUTOR,South Daniel,Connecticut,3.15
SEL04820,Delacruz-Goodwin,MARKETPLACE,Rachelmouth,Iowa,3.14
SEL04821,Nguyen Group,BRAND,Lewisstad,Wyoming,4.43
SEL04822,"Bennett, Cooper and Levy",BRAND,Cherylborough,Virginia,4.56
SEL04823,Woods Ltd,MARKETPLACE,Lake Joshua,Hawaii,3.78
SEL04824,Burke-Fernandez,MARKETPLACE,Garrettside,North Carolina,2.7
SEL04825,Allen-Bowman,MARKETPLACE,Juliestad,Louisiana,3.37
SEL04826,Wilson and Sons,MARKETPLACE,Ramosshire,Washington,3.93
SEL04827,"Rubio, Wright and Lewis",BRAND,Williamsside,Indiana,3.82
SEL04828,"Vasquez, Todd and Collins",BRAND,Port Maria,Hawaii,2.79
SEL04829,Miller PLC,BRAND,Keithfort,Montana,4.2
SEL04830,Davila Group,MARKETPLACE,Cabreramouth,South Dakota,4.24
SEL04831,Butler Inc,BRAND,Tonyaland,Tennessee,4.7
SEL04832,Fox-Gaines,DISTRIBUTOR,Justinstad,Missouri,3.67
SEL04833,Padilla-Barnes,MARKETPLACE,Beltranstad,Nevada,2.96
SEL04834,Perez Group,BRAND,West Nicoletown,Oregon,4.71
SEL04835,Collins Inc,MARKETPLACE,Katieview,Alaska,3.24
SEL04836,"Barker, Hanson and Pratt",DISTRIBUTOR,Audreyfurt,Minnesota,2.59
SEL04837,Ramsey-Lee,DISTRIBUTOR,North Juanland,Maine,4.68
SEL04838,"Greene, Kennedy and Allen",BRAND,Parkerbury,Delaware,3.55
SEL04839,Dillon LLC,BRAND,Wongshire,Georgia,4.17
SEL04840,"Green, Stone and Morales",BRAND,New Mary,Illinois,4.2
SEL04841,Miller PLC,BRAND,Dannyport,Alabama,4.96
SEL04842,Horton-Gonzalez,DISTRIBUTOR,Mccannport,South Carolina,3.45
SEL04843,Parrish-Hawkins,DISTRIBUTOR,South Zacharyland,Connecticut,4.55
SEL04844,Everett Ltd,MARKETPLACE,Bruceville,Nevada,2.82
SEL04845,Wilson Group,DISTRIBUTOR,North Destiny,Massachusetts,4.75
SEL04846,"Thomas, Ellis and Hansen",DISTRIBUTOR,Port Crystal,Montana,2.53
SEL04847,Vasquez Ltd,BRAND,New Shawn,Wisconsin,4.95
SEL04848,Espinoza-Hughes,DISTRIBUTOR,Port Donaldview,Massachusetts,2.73
SEL04849,Buchanan-Gibson,BRAND,Mosleychester,Iowa,2.97
SEL04850,"Scott, Shaw and Gutierrez",MARKETPLACE,North Dennisfort,New Mexico,4.02
SEL04851,Nunez PLC,DISTRIBUTOR,Ballardbury,Massachusetts,3.26
SEL04852,Alexander-Perez,MARKETPLACE,West Amandahaven,Mississippi,4.5
SEL04853,King Group,BRAND,Christopherview,North Carolina,2.51
SEL04854,Tucker-Cabrera,DISTRIBUTOR,Katherinetown,Nevada,4.83
SEL04855,Allen-Huff,DISTRIBUTOR,Juanview,South Dakota,4.12
SEL04856,Le-Le,MARKETPLACE,New Christophermouth,Pennsylvania,3.37
SEL04857,Hill Ltd,MARKETPLACE,Welchmouth,Alabama,3.07
SEL04858,"Flores, Cook and Rodriguez",MARKETPLACE,Port David,New Mexico,4.16
SEL04859,Clark-Harding,MARKETPLACE,Tapiaside,Florida,3.34
SEL04860,"Lucas, Mcdonald and Cooper",BRAND,South Patrickmouth,Mississippi,3.74
SEL04861,Fisher and Sons,BRAND,Lake Michael,Tennessee,3.21
SEL04862,Davis-Reynolds,BRAND,Paulbury,Mississippi,3.16
SEL04863,"Mejia, Carrillo and Jones",MARKETPLACE,East Anne,Arizona,4.96
SEL04864,"Young, Wu and Cook",MARKETPLACE,Tiffanyborough,Massachusetts,4.02
SEL04865,Thomas Group,MARKETPLACE,Port Kevinfurt,Ohio,2.67
SEL04866,"Hood, Simon and Butler",MARKETPLACE,Shortland,Montana,2.99
SEL04867,"Sexton, Johnson and Barrett",DISTRIBUTOR,Julieberg,Alabama,3.74
SEL04868,Bennett-Jones,MARKETPLACE,Carpenterfurt,Maine,3.45
SEL04869,"Mccann, Floyd and Evans",DISTRIBUTOR,East Wandatown,Arkansas,4.48
SEL04870,Smith-Guerrero,BRAND,Walkerview,Vermont,3.25
SEL04871,Fritz and Sons,BRAND,North Heather,New Mexico,4.91
SEL04872,Austin-Williams,DISTRIBUTOR,Lake Gregory,Georgia,3.08
SEL04873,"Chapman, Santos and Hudson",DISTRIBUTOR,Carlport,Missouri,4.02
SEL04874,Garrison LLC,DISTRIBUTOR,West Jamesview,California,4.14
SEL04875,Smith Ltd,MARKETPLACE,Youngville,Arkansas,4.61
SEL04876,Bailey Group,DISTRIBUTOR,Reevesfort,Rhode Island,2.76
SEL04877,Sanchez and Sons,BRAND,South Randyside,Indiana,3.81
SEL04878,Miller-Hutchinson,BRAND,Brendaland,Maine,3.06
SEL04879,Black and Sons,BRAND,Deborahtown,Washington,3.51
SEL04880,Thompson Inc,BRAND,East Kelseyshire,Washington,2.68
SEL04881,Davis and Sons,BRAND,Port Robert,New York,3.26
SEL04882,"Snyder, Morales and Cuevas",DISTRIBUTOR,West Kevin,Montana,4.42
SEL04883,"Fitzgerald, Gomez and Holland",MARKETPLACE,South Jesusview,Oregon,3.67
SEL04884,Haas-Riggs,DISTRIBUTOR,Grahamberg,Georgia,3.96
SEL04885,"Wong, Adkins and Strong",MARKETPLACE,Jasonberg,Connecticut,3.84
SEL04886,Simmons-Harrington,BRAND,Hamiltonview,Maine,2.84
SEL04887,"Walker, Brown and Nunez",MARKETPLACE,Bartonville,Hawaii,2.54
SEL04888,"Long, Huff and Manning",MARKETPLACE,West Angelaport,Alaska,2.95
SEL04889,"Howard, Bradley and Evans",BRAND,Port David,Idaho,4.58
SEL04890,"Webb, Davis and Hayes",DISTRIBUTOR,Lake Timothyview,Vermont,3.9
SEL04891,White-Morrison,BRAND,Cynthiaview,Wisconsin,4.92
SEL04892,Berger-Williams,MARKETPLACE,South Kathleentown,Vermont,4.25
SEL04893,Scott Group,DISTRIBUTOR,Sloanport,New York,3.73
SEL04894,Bradley Group,BRAND,Andrewland,Missouri,2.67
SEL04895,Carter-Moore,BRAND,South Courtneyhaven,Alaska,2.66
SEL04896,Larson PLC,MARKETPLACE,North Justin,Montana,3.32
SEL04897,Lane Inc,BRAND,Thomasshire,Indiana,3.38
SEL04898,Ellis-Thomas,DISTRIBUTOR,Donaldside,North Carolina,3.1
SEL04899,"Todd, Thomas and Welch",BRAND,East Barryberg,New Hampshire,3.25
SEL04900,Kennedy-Schwartz,DISTRIBUTOR,Danielland,Utah,4.44
SEL04901,Woodward-Cruz,DISTRIBUTOR,Sullivanburgh,South Carolina,2.54
SEL04902,Williams Inc,DISTRIBUTOR,West Matthewshire,Indiana,3.48
SEL04903,Mclaughlin Inc,BRAND,New Kristinhaven,Alaska,4.49
SEL04904,"Bass, Marquez and Hutchinson",DISTRIBUTOR,East Rickybury,Illinois,3.23
SEL04905,Garcia PLC,DISTRIBUTOR,North Mark,Colorado,2.8
SEL04906,Schmidt and Sons,DISTRIBUTOR,North Tammystad,Minnesota,3.85
SEL04907,Ellis-Torres,BRAND,Walterhaven,Nebraska,3.82
SEL04908,"Craig, Ramirez and Coleman",BRAND,East William,Wisconsin,4.01
SEL04909,Mccann PLC,BRAND,South Dennistown,Arkansas,3.58
SEL04910,Martinez-Perry,DISTRIBUTOR,South Arianaland,Wyoming,3.11
SEL04911,Humphrey and Sons,DISTRIBUTOR,Ashleymouth,Wyoming,3.52
SEL04912,Bass LLC,MARKETPLACE,New Brianna,Alabama,4.21
SEL04913,Mullins Inc,MARKETPLACE,Kathrynchester,Michigan,2.85
SEL04914,"Gill, Stevens and Paul",MARKETPLACE,Laurenstad,Alabama,4.53
SEL04915,Cox and Sons,DISTRIBUTOR,West Ericmouth,West Virginia,2.53
SEL04916,Cannon-Adams,DISTRIBUTOR,South Stephanie,Pennsylvania,4.76
SEL04917,Jones Ltd,DISTRIBUTOR,Marcusmouth,New York,4.34
SEL04918,"Jackson, Mueller and Robbins",MARKETPLACE,Isabelport,Hawaii,3.44
SEL04919,"Moore, Carrillo and Wright",DISTRIBUTOR,Poolemouth,Utah,3.69
SEL04920,Sharp-Jordan,BRAND,Davidsontown,Arizona,3.71
SEL04921,"Martin, Adams and Allen",DISTRIBUTOR,Hamptontown,Florida,3.61
SEL04922,"Norman, Smith and Preston",DISTRIBUTOR,South Christopherfurt,Tennessee,4.52
SEL04923,Hunt and Sons,DISTRIBUTOR,Hernandezview,Kansas,4.45
SEL04924,Mcdaniel-Young,DISTRIBUTOR,Cummingston,Florida,2.99
SEL04925,Mccall-Howard,BRAND,New Nicole,New Hampshire,4.8
SEL04926,"Johnson, Johnson and Marshall",MARKETPLACE,Lake Johntown,Minnesota,4.64
SEL04927,Haas Ltd,DISTRIBUTOR,Stephenstad,Louisiana,2.7
SEL04928,Hendrix PLC,DISTRIBUTOR,North Catherine,Alaska,3.69
SEL04929,Bryant-Thompson,DISTRIBUTOR,Carpentermouth,South Dakota,4.88
SEL04930,"Peterson, Wilson and Shepard",BRAND,Stevensburgh,Pennsylvania,4.32
SEL04931,"Smith, Foley and Williams",DISTRIBUTOR,Melaniebury,Connecticut,2.55
SEL04932,"Gardner, Buck and Wilson",DISTRIBUTOR,Lake Mandyhaven,California,3.15
SEL04933,Edwards Inc,BRAND,Angelaport,New Mexico,2.96
SEL04934,Watkins Inc,DISTRIBUTOR,North Kristinshire,Utah,4.1
SEL04935,Collins-Frey,DISTRIBUTOR,Howardmouth,Wyoming,2.85
SEL04936,Rivera Inc,DISTRIBUTOR,Paulbury,New Mexico,3.08
SEL04937,"Stevens, Mercado and Meza",DISTRIBUTOR,North Cody,Idaho,3.25
SEL04938,Porter-Ellis,BRAND,Port Jacob,Arizona,3.2
SEL04939,Stevenson-Walton,BRAND,New Lisafurt,Montana,2.55
SEL04940,"Burnett, Rios and Schmidt",MARKETPLACE,East Bryan,Tennessee,3.5
SEL04941,Lane Inc,BRAND,Port Christopherhaven,North Dakota,4.52
SEL04942,"Foster, Alexander and Thompson",BRAND,East Tiffanyfort,Alabama,4.8
SEL04943,"Rowe, Ward and Carson",MARKETPLACE,North Dakota,Nebraska,2.67
SEL04944,Copeland LLC,BRAND,South Stephaniechester,Virginia,3.09
SEL04945,Alexander-Peterson,MARKETPLACE,Medinaport,Pennsylvania,2.97
SEL04946,"Flores, Taylor and Powers",MARKETPLACE,Anthonyview,Ohio,3.26
SEL04947,Guzman Ltd,DISTRIBUTOR,Henryberg,North Carolina,2.67
SEL04948,Smith-Boyd,MARKETPLACE,Richardbury,Connecticut,4.26
SEL04949,Thomas-Smith,MARKETPLACE,West Ralph,Missouri,4.88
SEL04950,Simpson Ltd,MARKETPLACE,Juarezberg,Wisconsin,3.53
SEL04951,Rodriguez-Crawford,MARKETPLACE,East Douglas,Nebraska,4.68
SEL04952,"Young, Lambert and House",MARKETPLACE,Nicholefort,Idaho,4.97
SEL04953,Collins Group,BRAND,West Crystalburgh,Hawaii,4.31
SEL04954,"Reyes, Weber and Rodriguez",BRAND,Lauraland,Alabama,4.14
SEL04955,Hansen Inc,MARKETPLACE,Ortegahaven,Connecticut,3.36
SEL04956,"Duncan, Shaw and Mccarty",BRAND,Adamsland,New York,2.53
SEL04957,Pearson-Burton,BRAND,Port Caitlyn,Alaska,4.15
SEL04958,"Taylor, Vasquez and Guzman",BRAND,New John,Vermont,2.68
SEL04959,Campbell-Clark,MARKETPLACE,Rachelport,Nevada,3.71
SEL04960,Roy LLC,BRAND,Benjaminfurt,Virginia,2.96
SEL04961,Perry-Robinson,MARKETPLACE,East Stephanieton,New York,3.33
SEL04962,Miles LLC,DISTRIBUTOR,Hannahmouth,South Dakota,2.57
SEL04963,"Scott, Jensen and Miller",MARKETPLACE,Charleston,Illinois,2.76
SEL04964,Flores LLC,MARKETPLACE,Port Robert,Rhode Island,4.54
SEL04965,Davis Ltd,BRAND,North Peter,Alaska,4.98
SEL04966,"Howard, Small and Beck",MARKETPLACE,Angelafort,Tennessee,3.11
SEL04967,"Graham, Higgins and Mitchell",BRAND,Port Ashleytown,Alaska,4.4
SEL04968,Koch-Cowan,MARKETPLACE,East Jenniferhaven,Washington,4.03
SEL04969,"Goodman, Estrada and Smith",BRAND,Margaretfort,South Dakota,2.71
SEL04970,"Jenkins, Wright and Kidd",MARKETPLACE,Parkerport,Virginia,4.6
SEL04971,Stewart LLC,DISTRIBUTOR,North Rodney,South Dakota,4.53
SEL04972,"Cabrera, Collins and Smith",DISTRIBUTOR,Charleshaven,Wyoming,4.42
SEL04973,"Herrera, Baker and Chambers",MARKETPLACE,West Sandy,Nevada,3.22
SEL04974,Miller-Floyd,MARKETPLACE,North Danielberg,Oklahoma,3.45
SEL04975,Santana-Reed,DISTRIBUTOR,East Christinaport,North Carolina,3.64
SEL04976,Adams and Sons,MARKETPLACE,North Taylorbury,Pennsylvania,4.26
SEL04977,Mosley and Sons,DISTRIBUTOR,Earlhaven,Florida,4.33
SEL04978,Marsh-Williams,BRAND,Williamville,Idaho,4.09
SEL04979,Guzman-Henry,DISTRIBUTOR,East Michael,Pennsylvania,2.67
SEL04980,"Santiago, Mack and Romero",DISTRIBUTOR,Lindsayton,Indiana,4.81
SEL04981,"Booth, Knapp and Moore",DISTRIBUTOR,Kathrynview,Oklahoma,4.57
SEL04982,Smith-Wood,MARKETPLACE,West Williambury,Alaska,4.18
SEL04983,Lewis PLC,MARKETPLACE,Lake Amandaburgh,Minnesota,4.67
SEL04984,Adams Group,BRAND,Lake Lindsay,Hawaii,4.7
SEL04985,"Kramer, Doyle and Mendez",DISTRIBUTOR,Bellview,Wyoming,3.92
SEL04986,Lopez and Sons,MARKETPLACE,Reyeston,West Virginia,3.84
SEL04987,"Walker, Macias and Freeman",DISTRIBUTOR,Wrightmouth,Arkansas,2.75
SEL04988,Moore Inc,BRAND,Cassandramouth,Arkansas,4.14
SEL04989,Hernandez Ltd,MARKETPLACE,Carlsonfurt,Montana,2.59
SEL04990,Flores-Peterson,BRAND,Perezberg,Vermont,2.98
SEL04991,Ingram-Hill,BRAND,Port Erika,North Dakota,3.96
SEL04992,"Bradley, Smith and Gilbert",MARKETPLACE,Chandlershire,Alaska,2.96
SEL04993,"Martinez, Taylor and Clarke",MARKETPLACE,Ashleyberg,Oklahoma,3.15
SEL04994,Richards-Hines,DISTRIBUTOR,South Tinatown,Oregon,4.66
SEL04995,Sanchez Group,BRAND,Lindseyborough,Massachusetts,3.0
SEL04996,Schroeder-Santiago,MARKETPLACE,New Melissa,Arkansas,3.31
SEL04997,"Wright, Morris and Weeks",DISTRIBUTOR,Markburgh,New Mexico,4.6
SEL04998,Andrews-Fischer,MARKETPLACE,Deniseshire,Washington,3.06
SEL04999,"Yu, Alvarado and Moore",DISTRIBUTOR,West Rebeccatown,Kentucky,4.79
